customer_id,segment_id,segment_name
7590-VHVEG,3,"New, month-to-month, core internet"
5575-GNVDE,3,"New, month-to-month, core internet"
3668-QPYBK,3,"New, month-to-month, core internet"
7795-CFOCW,0,"Mid-life, month-to-month, core internet"
9237-HQITU,3,"New, month-to-month, core internet"
9305-CDSKC,3,"New, month-to-month, core internet"
1452-KIOVK,0,"Mid-life, month-to-month, core internet"
6713-OKOMC,3,"New, month-to-month, core internet"
7892-POOKP,3,"New, month-to-month, core internet"
6388-TABGU,0,"Mid-life, month-to-month, core internet"
9763-GRSKD,3,"New, month-to-month, core internet"
7469-LKBCI,1,"Mid-life, long contract, phone-only"
8091-TTVAX,2,"Loyal, long contract, bundled"
0280-XJGEX,2,"Loyal, long contract, bundled"
5129-JLPIS,3,"New, month-to-month, core internet"
3655-SNQYZ,2,"Loyal, long contract, bundled"
8191-XWSZG,1,"Mid-life, long contract, phone-only"
9959-WOFKT,2,"Loyal, long contract, bundled"
4190-MFLUW,0,"Mid-life, month-to-month, core internet"
4183-MYFRB,3,"New, month-to-month, core internet"
8779-QRDMV,3,"New, month-to-month, core internet"
1680-VDCWW,1,"Mid-life, long contract, phone-only"
1066-JKSGK,1,"Mid-life, long contract, phone-only"
3638-WEABW,2,"Loyal, long contract, bundled"
6322-HRPFA,0,"Mid-life, month-to-month, core internet"
6865-JZNKO,0,"Mid-life, month-to-month, core internet"
6467-CHFZW,3,"New, month-to-month, core internet"
8665-UTDHZ,3,"New, month-to-month, core internet"
5248-YGIJN,2,"Loyal, long contract, bundled"
8773-HHUOZ,3,"New, month-to-month, core internet"
3841-NFECX,2,"Loyal, long contract, bundled"
4929-XIHVW,0,"Mid-life, month-to-month, core internet"
6827-IEAUQ,2,"Loyal, long contract, bundled"
7310-EGVHZ,1,"Mid-life, long contract, phone-only"
3413-BMNZE,0,"Mid-life, month-to-month, core internet"
6234-RAAPL,2,"Loyal, long contract, bundled"
6047-YHPVI,3,"New, month-to-month, core internet"
6572-ADKRS,0,"Mid-life, month-to-month, core internet"
5380-WJKOV,3,"New, month-to-month, core internet"
8168-UQWWF,0,"Mid-life, month-to-month, core internet"
8865-TNMNX,3,"New, month-to-month, core internet"
9489-DEDVP,2,"Loyal, long contract, bundled"
9867-JCZSP,1,"Mid-life, long contract, phone-only"
4671-VJLCL,2,"Loyal, long contract, bundled"
4080-IIARD,3,"New, month-to-month, core internet"
3714-NTNFO,3,"New, month-to-month, core internet"
5948-UJZLF,3,"New, month-to-month, core internet"
7760-OYPDY,3,"New, month-to-month, core internet"
7639-LIAYI,2,"Loyal, long contract, bundled"
2954-PIBKO,2,"Loyal, long contract, bundled"
8012-SOUDQ,3,"New, month-to-month, core internet"
9420-LOJKX,0,"Mid-life, month-to-month, core internet"
6575-SUVOI,0,"Mid-life, month-to-month, core internet"
7495-OOKFY,0,"Mid-life, month-to-month, core internet"
4667-QONEA,2,"Loyal, long contract, bundled"
1658-BYGOY,3,"New, month-to-month, core internet"
8769-KKTPH,2,"Loyal, long contract, bundled"
5067-XJQFU,2,"Loyal, long contract, bundled"
3957-SQXML,1,"Mid-life, long contract, phone-only"
5954-BDFSG,2,"Loyal, long contract, bundled"
0434-CSFON,3,"New, month-to-month, core internet"
1215-FIGMP,0,"Mid-life, month-to-month, core internet"
0526-SXDJP,2,"Loyal, long contract, bundled"
0557-ASKVU,0,"Mid-life, month-to-month, core internet"
5698-BQJOH,3,"New, month-to-month, core internet"
5122-CYFXA,3,"New, month-to-month, core internet"
8627-ZYGSZ,3,"New, month-to-month, core internet"
3410-YOQBQ,2,"Loyal, long contract, bundled"
3170-NMYVV,1,"Mid-life, long contract, phone-only"
7410-OIEDU,3,"New, month-to-month, core internet"
2273-QCKXA,3,"New, month-to-month, core internet"
0731-EBJQB,1,"Mid-life, long contract, phone-only"
1891-QRQSA,2,"Loyal, long contract, bundled"
8028-PNXHQ,1,"Mid-life, long contract, phone-only"
5630-AHZIL,0,"Mid-life, month-to-month, core internet"
2673-CXQEU,2,"Loyal, long contract, bundled"
6416-JNVRK,0,"Mid-life, month-to-month, core internet"
5590-ZSKRV,3,"New, month-to-month, core internet"
0191-ZHSKZ,3,"New, month-to-month, core internet"
3887-PBQAO,1,"Mid-life, long contract, phone-only"
5919-TMRGD,3,"New, month-to-month, core internet"
8108-UXRQN,3,"New, month-to-month, core internet"
9191-MYQKX,0,"Mid-life, month-to-month, core internet"
9919-YLNNG,2,"Loyal, long contract, bundled"
0318-ZOPWS,1,"Mid-life, long contract, phone-only"
4445-ZJNMU,0,"Mid-life, month-to-month, core internet"
4808-YNLEU,0,"Mid-life, month-to-month, core internet"
1862-QRWPE,1,"Mid-life, long contract, phone-only"
2796-NNUFI,1,"Mid-life, long contract, phone-only"
3016-KSVCP,3,"New, month-to-month, core internet"
4767-HZZHQ,0,"Mid-life, month-to-month, core internet"
2424-WVHPL,3,"New, month-to-month, core internet"
7233-PAHHL,2,"Loyal, long contract, bundled"
6067-NGCEU,2,"Loyal, long contract, bundled"
9848-JQJTX,2,"Loyal, long contract, bundled"
8637-XJIVR,3,"New, month-to-month, core internet"
9803-FTJCG,2,"Loyal, long contract, bundled"
0278-YXOOG,1,"Mid-life, long contract, phone-only"
3212-KXOCR,1,"Mid-life, long contract, phone-only"
4598-XLKNJ,3,"New, month-to-month, core internet"
6380-ARCEH,1,"Mid-life, long contract, phone-only"
3679-XASPY,1,"Mid-life, long contract, phone-only"
7123-WQUHX,2,"Loyal, long contract, bundled"
5386-THSLQ,2,"Loyal, long contract, bundled"
3192-NQECA,2,"Loyal, long contract, bundled"
6180-YBIQI,3,"New, month-to-month, core internet"
6728-DKUCO,2,"Loyal, long contract, bundled"
9750-BOOHV,3,"New, month-to-month, core internet"
8597-CWYHH,2,"Loyal, long contract, bundled"
2848-YXSMW,1,"Mid-life, long contract, phone-only"
0486-HECZI,3,"New, month-to-month, core internet"
4549-ZDQYY,2,"Loyal, long contract, bundled"
5712-AHQNN,3,"New, month-to-month, core internet"
4846-WHAFZ,3,"New, month-to-month, core internet"
5256-SKJGO,2,"Loyal, long contract, bundled"
3071-VBYPO,3,"New, month-to-month, core internet"
9560-BBZXK,0,"Mid-life, month-to-month, core internet"
5299-RULOA,3,"New, month-to-month, core internet"
8402-OOOHJ,1,"Mid-life, long contract, phone-only"
9445-ZUEQE,0,"Mid-life, month-to-month, core internet"
1091-SOZGA,2,"Loyal, long contract, bundled"
2928-HLDBA,1,"Mid-life, long contract, phone-only"
0404-SWRVG,3,"New, month-to-month, core internet"
6497-TILVL,3,"New, month-to-month, core internet"
7219-TLZHO,1,"Mid-life, long contract, phone-only"
4622-YNKIJ,2,"Loyal, long contract, bundled"
4412-YLTKF,3,"New, month-to-month, core internet"
6734-PSBAW,1,"Mid-life, long contract, phone-only"
3930-ZGWVE,1,"Mid-life, long contract, phone-only"
2639-UGMAZ,2,"Loyal, long contract, bundled"
2876-GZYZC,3,"New, month-to-month, core internet"
6207-WIOLX,0,"Mid-life, month-to-month, core internet"
8587-XYZSF,0,"Mid-life, month-to-month, core internet"
3091-FYHKI,3,"New, month-to-month, core internet"
2372-HWUHI,3,"New, month-to-month, core internet"
7799-LGRDP,1,"Mid-life, long contract, phone-only"
7850-VWJUU,0,"Mid-life, month-to-month, core internet"
3774-VBNXY,1,"Mid-life, long contract, phone-only"
6217-KDYWC,1,"Mid-life, long contract, phone-only"
0390-DCFDQ,3,"New, month-to-month, core internet"
3146-MSEGF,2,"Loyal, long contract, bundled"
4080-OGPJL,3,"New, month-to-month, core internet"
1095-WGNGG,2,"Loyal, long contract, bundled"
2636-SJDOU,2,"Loyal, long contract, bundled"
1131-QQZEB,1,"Mid-life, long contract, phone-only"
5716-EZXZN,2,"Loyal, long contract, bundled"
6837-BJYDQ,1,"Mid-life, long contract, phone-only"
2135-RXIHG,3,"New, month-to-month, core internet"
6440-DKQGE,0,"Mid-life, month-to-month, core internet"
3466-BYAVD,3,"New, month-to-month, core internet"
3780-YVMFA,3,"New, month-to-month, core internet"
3874-EQOEP,3,"New, month-to-month, core internet"
1679-JRFBR,2,"Loyal, long contract, bundled"
9073-ZZIAY,2,"Loyal, long contract, bundled"
3077-RSNTJ,1,"Mid-life, long contract, phone-only"
6551-GNYDG,0,"Mid-life, month-to-month, core internet"
9167-APMXZ,0,"Mid-life, month-to-month, core internet"
2749-CTKAJ,1,"Mid-life, long contract, phone-only"
6371-NZYEG,3,"New, month-to-month, core internet"
7554-NEWDD,1,"Mid-life, long contract, phone-only"
8992-VONJD,3,"New, month-to-month, core internet"
0867-MKZVY,3,"New, month-to-month, core internet"
4482-EWFMI,3,"New, month-to-month, core internet"
4648-YPBTM,2,"Loyal, long contract, bundled"
2907-ILJBN,1,"Mid-life, long contract, phone-only"
6345-FZOQH,1,"Mid-life, long contract, phone-only"
3376-BMGFE,0,"Mid-life, month-to-month, core internet"
5997-OPVFA,2,"Loyal, long contract, bundled"
3445-HXXGF,3,"New, month-to-month, core internet"
1159-WFSGR,1,"Mid-life, long contract, phone-only"
7654-YWJUF,2,"Loyal, long contract, bundled"
1875-QIVME,3,"New, month-to-month, core internet"
6727-IOTLZ,2,"Loyal, long contract, bundled"
0691-JVSYA,2,"Loyal, long contract, bundled"
5918-VUKWP,1,"Mid-life, long contract, phone-only"
1744-JHKYS,1,"Mid-life, long contract, phone-only"
2656-FMOKZ,3,"New, month-to-month, core internet"
2070-FNEXE,0,"Mid-life, month-to-month, core internet"
5947-SGKCL,0,"Mid-life, month-to-month, core internet"
3712-PKXZA,1,"Mid-life, long contract, phone-only"
6317-YPKDH,0,"Mid-life, month-to-month, core internet"
6582-OIVSP,3,"New, month-to-month, core internet"
9367-WXLCH,0,"Mid-life, month-to-month, core internet"
5524-KHNJP,2,"Loyal, long contract, bundled"
1918-ZBFQJ,3,"New, month-to-month, core internet"
1024-GUALD,3,"New, month-to-month, core internet"
4827-USJHP,3,"New, month-to-month, core internet"
8167-GJLRN,3,"New, month-to-month, core internet"
0956-SYCWG,1,"Mid-life, long contract, phone-only"
8017-UVSZU,0,"Mid-life, month-to-month, core internet"
7100-FQPRV,2,"Loyal, long contract, bundled"
2472-OVKUP,3,"New, month-to-month, core internet"
2984-RGEYA,1,"Mid-life, long contract, phone-only"
9680-NIAUV,2,"Loyal, long contract, bundled"
2146-EGVDT,1,"Mid-life, long contract, phone-only"
2604-IJPDU,3,"New, month-to-month, core internet"
9178-JHUVJ,1,"Mid-life, long contract, phone-only"
6168-YBYNP,2,"Loyal, long contract, bundled"
7255-SSFBC,2,"Loyal, long contract, bundled"
3645-DEYGF,1,"Mid-life, long contract, phone-only"
9323-HGFWY,2,"Loyal, long contract, bundled"
8544-GOQSH,0,"Mid-life, month-to-month, core internet"
3363-DTIVD,2,"Loyal, long contract, bundled"
7018-WBJNK,0,"Mid-life, month-to-month, core internet"
9142-KZXOP,0,"Mid-life, month-to-month, core internet"
7674-YTAFD,0,"Mid-life, month-to-month, core internet"
6348-SNFUS,2,"Loyal, long contract, bundled"
1285-OKIPP,3,"New, month-to-month, core internet"
7825-ECJRF,3,"New, month-to-month, core internet"
1347-KTTTA,2,"Loyal, long contract, bundled"
7841-TZDMQ,0,"Mid-life, month-to-month, core internet"
4195-NZGTA,3,"New, month-to-month, core internet"
7157-SMCFK,1,"Mid-life, long contract, phone-only"
4709-LKHYG,1,"Mid-life, long contract, phone-only"
2504-DSHIH,3,"New, month-to-month, core internet"
0699-NDKJM,2,"Loyal, long contract, bundled"
9286-BHDQG,2,"Loyal, long contract, bundled"
0230-WEQUW,2,"Loyal, long contract, bundled"
2040-LDIWQ,2,"Loyal, long contract, bundled"
6496-JDSSB,0,"Mid-life, month-to-month, core internet"
9408-SSNVZ,3,"New, month-to-month, core internet"
4443-EMBNA,1,"Mid-life, long contract, phone-only"
6469-MRVET,1,"Mid-life, long contract, phone-only"
0742-MOABM,3,"New, month-to-month, core internet"
5961-VUSRV,1,"Mid-life, long contract, phone-only"
6778-JFCMK,3,"New, month-to-month, core internet"
6341-JVQGF,2,"Loyal, long contract, bundled"
2232-DMLXU,3,"New, month-to-month, core internet"
4811-JBUVU,0,"Mid-life, month-to-month, core internet"
0945-TSONX,2,"Loyal, long contract, bundled"
2651-ZCBXV,2,"Loyal, long contract, bundled"
3316-UWXUY,0,"Mid-life, month-to-month, core internet"
8937-RDTHP,3,"New, month-to-month, core internet"
7083-MIOPC,1,"Mid-life, long contract, phone-only"
1984-GPTEH,1,"Mid-life, long contract, phone-only"
1251-KRREG,3,"New, month-to-month, core internet"
0621-JFHOL,3,"New, month-to-month, core internet"
9903-LYSAB,3,"New, month-to-month, core internet"
0094-OIFMO,3,"New, month-to-month, core internet"
9227-UAQFT,1,"Mid-life, long contract, phone-only"
7301-ABVAD,2,"Loyal, long contract, bundled"
6614-FHDBO,2,"Loyal, long contract, bundled"
7576-ASEJU,2,"Loyal, long contract, bundled"
9058-HRZSV,2,"Loyal, long contract, bundled"
4522-AKYLR,3,"New, month-to-month, core internet"
0221-WMXNQ,3,"New, month-to-month, core internet"
0303-UNCIP,3,"New, month-to-month, core internet"
9947-OTFQU,3,"New, month-to-month, core internet"
0322-YINQP,3,"New, month-to-month, core internet"
0959-WHOKV,2,"Loyal, long contract, bundled"
4075-JFPGR,2,"Loyal, long contract, bundled"
4629-NRXKX,3,"New, month-to-month, core internet"
9514-JDSKI,3,"New, month-to-month, core internet"
3282-ZISZV,2,"Loyal, long contract, bundled"
3675-YDUPJ,1,"Mid-life, long contract, phone-only"
4111-BNXIF,2,"Loyal, long contract, bundled"
7017-VFHAY,2,"Loyal, long contract, bundled"
6655-LHBYW,2,"Loyal, long contract, bundled"
4959-JOSRX,0,"Mid-life, month-to-month, core internet"
5046-NUHWD,3,"New, month-to-month, core internet"
7273-TEFQD,3,"New, month-to-month, core internet"
3606-TWKGI,3,"New, month-to-month, core internet"
7529-ZDFXI,3,"New, month-to-month, core internet"
7605-BDWDC,2,"Loyal, long contract, bundled"
1950-KSVVJ,2,"Loyal, long contract, bundled"
0123-CRBRT,2,"Loyal, long contract, bundled"
6292-TOSSS,1,"Mid-life, long contract, phone-only"
3197-ARFOY,3,"New, month-to-month, core internet"
6323-AYBRX,1,"Mid-life, long contract, phone-only"
7014-ZZXAW,1,"Mid-life, long contract, phone-only"
4385-GZQXV,3,"New, month-to-month, core internet"
7633-MVPUY,2,"Loyal, long contract, bundled"
6366-ZGQGL,0,"Mid-life, month-to-month, core internet"
4716-HHKQH,3,"New, month-to-month, core internet"
5940-AHUHD,3,"New, month-to-month, core internet"
6432-TWQLB,3,"New, month-to-month, core internet"
4484-GLZOU,2,"Loyal, long contract, bundled"
3179-GBRWV,0,"Mid-life, month-to-month, core internet"
8645-KWHJO,3,"New, month-to-month, core internet"
4130-MZLCC,0,"Mid-life, month-to-month, core internet"
0314-TKOSI,3,"New, month-to-month, core internet"
8229-MYEJZ,3,"New, month-to-month, core internet"
2080-SRCDE,1,"Mid-life, long contract, phone-only"
9577-WJVCQ,3,"New, month-to-month, core internet"
9512-UIBFX,3,"New, month-to-month, core internet"
6202-DYYFX,0,"Mid-life, month-to-month, core internet"
3808-HFKDE,3,"New, month-to-month, core internet"
5583-SXDAG,3,"New, month-to-month, core internet"
3488-PGMQJ,3,"New, month-to-month, core internet"
3580-REOAC,0,"Mid-life, month-to-month, core internet"
7534-BFESC,3,"New, month-to-month, core internet"
3727-OWVYD,3,"New, month-to-month, core internet"
2294-SALNE,3,"New, month-to-month, core internet"
4847-TAJYI,3,"New, month-to-month, core internet"
1563-IWQEX,1,"Mid-life, long contract, phone-only"
8203-XJZRC,1,"Mid-life, long contract, phone-only"
6556-DBKZF,2,"Loyal, long contract, bundled"
6851-WEFYX,3,"New, month-to-month, core internet"
2985-JUUBZ,3,"New, month-to-month, core internet"
6390-DSAZX,3,"New, month-to-month, core internet"
0895-LMRSF,0,"Mid-life, month-to-month, core internet"
8098-LLAZX,3,"New, month-to-month, core internet"
8266-VBFQL,3,"New, month-to-month, core internet"
8181-YHCMF,2,"Loyal, long contract, bundled"
2240-HSJQD,3,"New, month-to-month, core internet"
1248-DYXUB,1,"Mid-life, long contract, phone-only"
0265-EDXBD,3,"New, month-to-month, core internet"
4115-BNPJY,2,"Loyal, long contract, bundled"
3167-SNQPL,3,"New, month-to-month, core internet"
4091-TVOCN,2,"Loyal, long contract, bundled"
1098-TDVUQ,1,"Mid-life, long contract, phone-only"
7277-OZCGZ,3,"New, month-to-month, core internet"
1557-EMYVT,2,"Loyal, long contract, bundled"
2799-ARNLO,3,"New, month-to-month, core internet"
7563-BIUPC,3,"New, month-to-month, core internet"
5027-YOCXN,2,"Loyal, long contract, bundled"
3973-SKMLN,1,"Mid-life, long contract, phone-only"
2321-OMBXY,2,"Loyal, long contract, bundled"
2840-XANRC,3,"New, month-to-month, core internet"
6745-JEFZB,0,"Mid-life, month-to-month, core internet"
5020-ZSTTY,2,"Loyal, long contract, bundled"
9880-TDQAC,2,"Loyal, long contract, bundled"
8705-WZCYL,3,"New, month-to-month, core internet"
7102-JJVTX,3,"New, month-to-month, core internet"
8626-PTQGE,2,"Loyal, long contract, bundled"
4983-CLMLV,2,"Loyal, long contract, bundled"
5701-YVSVF,3,"New, month-to-month, core internet"
5804-LEPIM,3,"New, month-to-month, core internet"
5697-GOMBF,3,"New, month-to-month, core internet"
2739-CACDQ,0,"Mid-life, month-to-month, core internet"
9385-EHGDO,1,"Mid-life, long contract, phone-only"
9498-FIMXL,1,"Mid-life, long contract, phone-only"
2379-GYFLQ,2,"Loyal, long contract, bundled"
0122-OAHPZ,3,"New, month-to-month, core internet"
2868-SNELZ,3,"New, month-to-month, core internet"
4322-RCYMT,2,"Loyal, long contract, bundled"
6680-NENYN,2,"Loyal, long contract, bundled"
2088-IEBAU,2,"Loyal, long contract, bundled"
7982-VCELR,0,"Mid-life, month-to-month, core internet"
1343-EHPYB,2,"Loyal, long contract, bundled"
6035-BXTTY,0,"Mid-life, month-to-month, core internet"
6885-PKOAM,2,"Loyal, long contract, bundled"
7520-HQWJU,0,"Mid-life, month-to-month, core internet"
9639-BUJXT,1,"Mid-life, long contract, phone-only"
5924-SNGKP,1,"Mid-life, long contract, phone-only"
0021-IKXGC,3,"New, month-to-month, core internet"
2034-GDRCN,3,"New, month-to-month, core internet"
8966-SNIZF,1,"Mid-life, long contract, phone-only"
6243-OZGFH,3,"New, month-to-month, core internet"
4654-DLAMQ,2,"Loyal, long contract, bundled"
0513-RBGPE,2,"Loyal, long contract, bundled"
5160-UXJED,3,"New, month-to-month, core internet"
4115-NZRKS,3,"New, month-to-month, core internet"
0219-YTZUE,0,"Mid-life, month-to-month, core internet"
0623-IIHUG,3,"New, month-to-month, core internet"
4572-DVCGN,0,"Mid-life, month-to-month, core internet"
3351-NGXYI,3,"New, month-to-month, core internet"
8984-EYLLL,2,"Loyal, long contract, bundled"
9057-MSWCO,0,"Mid-life, month-to-month, core internet"
9833-TGFHX,2,"Loyal, long contract, bundled"
9294-TDIPC,1,"Mid-life, long contract, phone-only"
5229-DTFYB,2,"Loyal, long contract, bundled"
0104-PPXDV,0,"Mid-life, month-to-month, core internet"
5176-LMJXE,1,"Mid-life, long contract, phone-only"
3583-KRKMD,0,"Mid-life, month-to-month, core internet"
1010-DIAUQ,0,"Mid-life, month-to-month, core internet"
9069-LGEUL,0,"Mid-life, month-to-month, core internet"
7302-ZHMHP,1,"Mid-life, long contract, phone-only"
9571-EDEBV,2,"Loyal, long contract, bundled"
3520-FJGCV,2,"Loyal, long contract, bundled"
6563-VRERX,1,"Mid-life, long contract, phone-only"
0259-GBZSH,3,"New, month-to-month, core internet"
6122-EFVKN,3,"New, month-to-month, core internet"
2805-EDJPQ,2,"Loyal, long contract, bundled"
6862-CQUMB,0,"Mid-life, month-to-month, core internet"
7156-MXBJE,2,"Loyal, long contract, bundled"
6158-HDPXZ,3,"New, month-to-month, core internet"
9601-BRXPO,0,"Mid-life, month-to-month, core internet"
2863-IMQDR,2,"Loyal, long contract, bundled"
5686-CMAWK,3,"New, month-to-month, core internet"
5651-CRHKQ,2,"Loyal, long contract, bundled"
6905-NIQIN,3,"New, month-to-month, core internet"
8204-YJCLA,2,"Loyal, long contract, bundled"
5167-ZFFMM,0,"Mid-life, month-to-month, core internet"
6583-SZVGP,2,"Loyal, long contract, bundled"
4895-TMWIR,1,"Mid-life, long contract, phone-only"
0533-BNWKF,3,"New, month-to-month, core internet"
1708-PBBOA,2,"Loyal, long contract, bundled"
8782-LKFPK,3,"New, month-to-month, core internet"
5522-JBWMO,3,"New, month-to-month, core internet"
3597-MVHJT,0,"Mid-life, month-to-month, core internet"
9774-NRNAU,2,"Loyal, long contract, bundled"
0224-RLWWD,3,"New, month-to-month, core internet"
9967-ATRFS,1,"Mid-life, long contract, phone-only"
3951-NJCVI,3,"New, month-to-month, core internet"
2977-CEBSX,2,"Loyal, long contract, bundled"
0177-PXBAT,2,"Loyal, long contract, bundled"
6599-CEBNN,0,"Mid-life, month-to-month, core internet"
2519-ERQOJ,3,"New, month-to-month, core internet"
5876-QMYLD,1,"Mid-life, long contract, phone-only"
2277-AXSDC,1,"Mid-life, long contract, phone-only"
9442-JTWDL,1,"Mid-life, long contract, phone-only"
0979-PHULV,2,"Loyal, long contract, bundled"
3067-SVMTC,2,"Loyal, long contract, bundled"
5495-GPSRW,1,"Mid-life, long contract, phone-only"
7606-BPHHN,1,"Mid-life, long contract, phone-only"
4742-DRORA,2,"Loyal, long contract, bundled"
0111-KLBQG,3,"New, month-to-month, core internet"
4800-VHZKI,1,"Mid-life, long contract, phone-only"
7989-CHGTL,1,"Mid-life, long contract, phone-only"
0334-GDDSO,3,"New, month-to-month, core internet"
4163-NCJAK,1,"Mid-life, long contract, phone-only"
5233-AOZUF,3,"New, month-to-month, core internet"
5973-EJGDP,3,"New, month-to-month, core internet"
1996-DBMUS,0,"Mid-life, month-to-month, core internet"
7916-VCCPB,0,"Mid-life, month-to-month, core internet"
4686-GEFRM,2,"Loyal, long contract, bundled"
5249-QYHEX,1,"Mid-life, long contract, phone-only"
0578-SKVMF,3,"New, month-to-month, core internet"
5564-NEMQO,0,"Mid-life, month-to-month, core internet"
2233-FAGXV,1,"Mid-life, long contract, phone-only"
5605-IYGFG,0,"Mid-life, month-to-month, core internet"
7663-ZTEGJ,2,"Loyal, long contract, bundled"
3935-TBRZZ,1,"Mid-life, long contract, phone-only"
8111-BKVDS,0,"Mid-life, month-to-month, core internet"
2055-SIFSS,0,"Mid-life, month-to-month, core internet"
2806-MLNTI,2,"Loyal, long contract, bundled"
8734-DKSTZ,3,"New, month-to-month, core internet"
4360-PNRQB,0,"Mid-life, month-to-month, core internet"
6152-ONASV,2,"Loyal, long contract, bundled"
9063-ZGTUY,1,"Mid-life, long contract, phone-only"
7781-HVGMK,2,"Loyal, long contract, bundled"
2181-UAESM,3,"New, month-to-month, core internet"
2957-LOLHO,0,"Mid-life, month-to-month, core internet"
6048-NJXHX,1,"Mid-life, long contract, phone-only"
2320-SLKMB,0,"Mid-life, month-to-month, core internet"
4980-URKXC,1,"Mid-life, long contract, phone-only"
4376-KFVRS,2,"Loyal, long contract, bundled"
5886-VLQVU,0,"Mid-life, month-to-month, core internet"
3577-AMVUX,3,"New, month-to-month, core internet"
0771-WLCLA,3,"New, month-to-month, core internet"
5628-RKIFK,0,"Mid-life, month-to-month, core internet"
0206-TBWLC,2,"Loyal, long contract, bundled"
2937-FTHUR,3,"New, month-to-month, core internet"
1910-FMXJM,3,"New, month-to-month, core internet"
7752-XUSCI,2,"Loyal, long contract, bundled"
4110-PFEUZ,3,"New, month-to-month, core internet"
0732-OCQOC,1,"Mid-life, long contract, phone-only"
5168-MSWXT,3,"New, month-to-month, core internet"
1090-ESELR,2,"Loyal, long contract, bundled"
8592-PLTMQ,1,"Mid-life, long contract, phone-only"
5760-WRAHC,3,"New, month-to-month, core internet"
8847-GEOOQ,2,"Loyal, long contract, bundled"
0256-LTHVJ,3,"New, month-to-month, core internet"
4785-FCIFB,1,"Mid-life, long contract, phone-only"
8313-NDOIA,3,"New, month-to-month, core internet"
5149-CUZUJ,2,"Loyal, long contract, bundled"
0942-KOWSM,2,"Loyal, long contract, bundled"
4237-CLSMM,1,"Mid-life, long contract, phone-only"
1452-VOQCH,3,"New, month-to-month, core internet"
4719-UMSIY,1,"Mid-life, long contract, phone-only"
6614-VBEGU,0,"Mid-life, month-to-month, core internet"
0880-TKATG,3,"New, month-to-month, core internet"
3811-VBYBZ,3,"New, month-to-month, core internet"
1480-BKXGA,2,"Loyal, long contract, bundled"
2996-XAUVF,2,"Loyal, long contract, bundled"
9076-AXYIK,2,"Loyal, long contract, bundled"
5968-XQIVE,2,"Loyal, long contract, bundled"
8896-RAZCR,1,"Mid-life, long contract, phone-only"
4640-UHDOS,3,"New, month-to-month, core internet"
4933-IKULF,1,"Mid-life, long contract, phone-only"
3583-EKAPL,3,"New, month-to-month, core internet"
1304-BCCFO,3,"New, month-to-month, core internet"
4104-PVRPS,3,"New, month-to-month, core internet"
9399-APLBT,3,"New, month-to-month, core internet"
2359-KMGLI,3,"New, month-to-month, core internet"
3780-DDGSE,3,"New, month-to-month, core internet"
4431-EDMIQ,3,"New, month-to-month, core internet"
0306-JAELE,3,"New, month-to-month, core internet"
6227-HWPWX,0,"Mid-life, month-to-month, core internet"
0486-LGCCH,1,"Mid-life, long contract, phone-only"
0447-BEMNG,0,"Mid-life, month-to-month, core internet"
4612-SSVHJ,3,"New, month-to-month, core internet"
5168-MQQCA,2,"Loyal, long contract, bundled"
5949-XIKAE,3,"New, month-to-month, core internet"
7971-HLVXI,2,"Loyal, long contract, bundled"
9094-AZPHK,3,"New, month-to-month, core internet"
3649-JPUGY,2,"Loyal, long contract, bundled"
4472-LVYGI,0,"Mid-life, month-to-month, core internet"
8372-JUXUI,3,"New, month-to-month, core internet"
3552-CTCYF,2,"Loyal, long contract, bundled"
6778-YSNIH,3,"New, month-to-month, core internet"
0388-EOPEX,3,"New, month-to-month, core internet"
5756-OZRIO,2,"Loyal, long contract, bundled"
6579-JPICP,1,"Mid-life, long contract, phone-only"
8205-OTCHB,0,"Mid-life, month-to-month, core internet"
4134-BSXLX,3,"New, month-to-month, core internet"
0505-SPOOW,1,"Mid-life, long contract, phone-only"
6235-VDHOM,3,"New, month-to-month, core internet"
7783-YKGDV,0,"Mid-life, month-to-month, core internet"
4374-YMUSQ,2,"Loyal, long contract, bundled"
4513-CXYIX,2,"Loyal, long contract, bundled"
3957-HHLMR,2,"Loyal, long contract, bundled"
7803-XOCCZ,0,"Mid-life, month-to-month, core internet"
5736-YEJAX,2,"Loyal, long contract, bundled"
5609-CEBID,3,"New, month-to-month, core internet"
8981-FJGLA,3,"New, month-to-month, core internet"
7218-HKQFK,3,"New, month-to-month, core internet"
4636-QRJKY,3,"New, month-to-month, core internet"
1135-LMECX,1,"Mid-life, long contract, phone-only"
4332-MUOEZ,2,"Loyal, long contract, bundled"
8535-SFUTN,2,"Loyal, long contract, bundled"
5956-VKDTT,3,"New, month-to-month, core internet"
8677-HDZEE,2,"Loyal, long contract, bundled"
2475-MROZF,0,"Mid-life, month-to-month, core internet"
9412-GHEEC,2,"Loyal, long contract, bundled"
3482-ABPKK,3,"New, month-to-month, core internet"
6705-LXORM,3,"New, month-to-month, core internet"
0257-ZESQC,0,"Mid-life, month-to-month, core internet"
7531-GQHME,1,"Mid-life, long contract, phone-only"
5174-ITUMV,2,"Loyal, long contract, bundled"
4109-CYRBD,3,"New, month-to-month, core internet"
0913-XWSCN,0,"Mid-life, month-to-month, core internet"
6825-UYPFK,0,"Mid-life, month-to-month, core internet"
8397-MVTAZ,3,"New, month-to-month, core internet"
0750-EBAIU,2,"Loyal, long contract, bundled"
8606-CIQUL,2,"Loyal, long contract, bundled"
3571-DPYUH,2,"Loyal, long contract, bundled"
7601-GNDYK,1,"Mid-life, long contract, phone-only"
0356-OBMAC,2,"Loyal, long contract, bundled"
8067-NIOYM,1,"Mid-life, long contract, phone-only"
1403-GYAFU,1,"Mid-life, long contract, phone-only"
4234-XTNEA,3,"New, month-to-month, core internet"
1297-VQDRP,2,"Loyal, long contract, bundled"
9282-IZGQK,3,"New, month-to-month, core internet"
5348-CAGXB,3,"New, month-to-month, core internet"
0621-HJWXJ,0,"Mid-life, month-to-month, core internet"
5844-QVTAT,3,"New, month-to-month, core internet"
8905-IAZPF,2,"Loyal, long contract, bundled"
5394-MEITZ,2,"Loyal, long contract, bundled"
6859-QNXIQ,2,"Loyal, long contract, bundled"
2782-LFZVW,3,"New, month-to-month, core internet"
2866-IKBTM,1,"Mid-life, long contract, phone-only"
1342-JPNKI,0,"Mid-life, month-to-month, core internet"
2817-NTQDO,0,"Mid-life, month-to-month, core internet"
7129-AZJDE,0,"Mid-life, month-to-month, core internet"
6986-IJDHX,3,"New, month-to-month, core internet"
2560-PPCHE,2,"Loyal, long contract, bundled"
4676-MQUEA,2,"Loyal, long contract, bundled"
8138-EALND,1,"Mid-life, long contract, phone-only"
3580-HYCSP,2,"Loyal, long contract, bundled"
1352-HNSAW,2,"Loyal, long contract, bundled"
2075-PUEPR,1,"Mid-life, long contract, phone-only"
1982-FEBTD,1,"Mid-life, long contract, phone-only"
5301-GAUUY,0,"Mid-life, month-to-month, core internet"
5791-KAJFD,2,"Loyal, long contract, bundled"
2654-VBVPB,1,"Mid-life, long contract, phone-only"
1154-HYWWO,2,"Loyal, long contract, bundled"
2501-XWWTZ,3,"New, month-to-month, core internet"
3716-UVSPD,3,"New, month-to-month, core internet"
6815-ABQFQ,2,"Loyal, long contract, bundled"
7343-EOBEU,1,"Mid-life, long contract, phone-only"
3701-SFMUH,0,"Mid-life, month-to-month, core internet"
6103-LIANB,2,"Loyal, long contract, bundled"
7319-VENRZ,0,"Mid-life, month-to-month, core internet"
5846-NEQVZ,2,"Loyal, long contract, bundled"
6967-QIQRV,2,"Loyal, long contract, bundled"
5781-RFZRP,2,"Loyal, long contract, bundled"
0939-YAPAF,3,"New, month-to-month, core internet"
0308-IVGOK,0,"Mid-life, month-to-month, core internet"
7293-LSCDV,1,"Mid-life, long contract, phone-only"
7025-WCBNE,2,"Loyal, long contract, bundled"
5756-JYOJT,0,"Mid-life, month-to-month, core internet"
4710-FDUIZ,2,"Loyal, long contract, bundled"
6030-REHUX,2,"Loyal, long contract, bundled"
9548-LIGTA,2,"Loyal, long contract, bundled"
5150-LJNSR,2,"Loyal, long contract, bundled"
8270-RKSAP,3,"New, month-to-month, core internet"
6522-YRBXD,3,"New, month-to-month, core internet"
2640-LYMOV,1,"Mid-life, long contract, phone-only"
1218-VKFPE,1,"Mid-life, long contract, phone-only"
3627-FHKBK,3,"New, month-to-month, core internet"
2865-TCHJW,3,"New, month-to-month, core internet"
1423-BMPBQ,1,"Mid-life, long contract, phone-only"
2393-DIVAI,1,"Mid-life, long contract, phone-only"
5192-EBGOV,3,"New, month-to-month, core internet"
4568-KNYWR,2,"Loyal, long contract, bundled"
8752-IMQOS,1,"Mid-life, long contract, phone-only"
0742-LAFQK,2,"Loyal, long contract, bundled"
0795-LAFGP,2,"Loyal, long contract, bundled"
0619-OLYUR,2,"Loyal, long contract, bundled"
5512-IDZEI,1,"Mid-life, long contract, phone-only"
0459-SPZHJ,2,"Loyal, long contract, bundled"
0215-BQKGS,0,"Mid-life, month-to-month, core internet"
9244-ZVAPM,3,"New, month-to-month, core internet"
0719-SYFRB,3,"New, month-to-month, core internet"
8208-EUMTE,2,"Loyal, long contract, bundled"
5172-MIGPM,3,"New, month-to-month, core internet"
1710-RCXUS,2,"Loyal, long contract, bundled"
0374-FIUCA,1,"Mid-life, long contract, phone-only"
5839-SUYVZ,0,"Mid-life, month-to-month, core internet"
5173-ZXXXL,1,"Mid-life, long contract, phone-only"
1096-ADRUX,0,"Mid-life, month-to-month, core internet"
2001-MCUUW,2,"Loyal, long contract, bundled"
2731-GJRDG,2,"Loyal, long contract, bundled"
4723-BEGSG,2,"Loyal, long contract, bundled"
6516-NKQBO,2,"Loyal, long contract, bundled"
8672-OAUPW,0,"Mid-life, month-to-month, core internet"
8207-DMRVL,2,"Loyal, long contract, bundled"
3419-SNJJD,2,"Loyal, long contract, bundled"
6543-CPZMK,3,"New, month-to-month, core internet"
4765-OXPPD,3,"New, month-to-month, core internet"
2804-ETQDK,1,"Mid-life, long contract, phone-only"
6689-VRRTK,2,"Loyal, long contract, bundled"
7138-GIRSH,2,"Loyal, long contract, bundled"
9396-ZSFLL,3,"New, month-to-month, core internet"
6464-KEXXH,0,"Mid-life, month-to-month, core internet"
7134-MJPDY,2,"Loyal, long contract, bundled"
5240-CAOYT,0,"Mid-life, month-to-month, core internet"
4059-IIEBK,0,"Mid-life, month-to-month, core internet"
4881-JVQOD,0,"Mid-life, month-to-month, core internet"
0516-UXRMT,2,"Loyal, long contract, bundled"
4851-BQDNX,3,"New, month-to-month, core internet"
5148-HKFIR,1,"Mid-life, long contract, phone-only"
1009-IRMNA,1,"Mid-life, long contract, phone-only"
3003-CMDUU,3,"New, month-to-month, core internet"
5016-IBERQ,3,"New, month-to-month, core internet"
6797-UCJHZ,2,"Loyal, long contract, bundled"
2469-DTSGX,2,"Loyal, long contract, bundled"
4554-YGZIH,0,"Mid-life, month-to-month, core internet"
5099-BAILX,2,"Loyal, long contract, bundled"
9931-KGHOA,0,"Mid-life, month-to-month, core internet"
1775-KWJKQ,2,"Loyal, long contract, bundled"
7665-VIGUD,1,"Mid-life, long contract, phone-only"
9411-TPQQV,2,"Loyal, long contract, bundled"
7207-RMRDB,2,"Loyal, long contract, bundled"
7954-MLBUN,2,"Loyal, long contract, bundled"
2077-DDHJK,2,"Loyal, long contract, bundled"
4913-EHYUI,2,"Loyal, long contract, bundled"
0195-IESCP,3,"New, month-to-month, core internet"
9574-BOSMD,1,"Mid-life, long contract, phone-only"
4580-TMHJU,3,"New, month-to-month, core internet"
0970-ETWGE,3,"New, month-to-month, core internet"
4908-XAXAY,2,"Loyal, long contract, bundled"
8404-VLQFB,1,"Mid-life, long contract, phone-only"
1626-ERCMM,3,"New, month-to-month, core internet"
0887-HJGAR,3,"New, month-to-month, core internet"
2391-IPLOP,2,"Loyal, long contract, bundled"
5644-PDMZC,3,"New, month-to-month, core internet"
3509-GWQGF,0,"Mid-life, month-to-month, core internet"
9576-ANLXO,0,"Mid-life, month-to-month, core internet"
2024-BASKD,3,"New, month-to-month, core internet"
5845-BZZIB,1,"Mid-life, long contract, phone-only"
1140-UKVZG,1,"Mid-life, long contract, phone-only"
4160-AMJTL,1,"Mid-life, long contract, phone-only"
5183-SNMJQ,0,"Mid-life, month-to-month, core internet"
8100-PNJMH,2,"Loyal, long contract, bundled"
7838-LAZFO,2,"Loyal, long contract, bundled"
4464-JCOLN,1,"Mid-life, long contract, phone-only"
2085-JVGAD,1,"Mid-life, long contract, phone-only"
5650-VDUDS,3,"New, month-to-month, core internet"
8095-WANWK,3,"New, month-to-month, core internet"
3030-ZKIWL,1,"Mid-life, long contract, phone-only"
9565-FLVCG,2,"Loyal, long contract, bundled"
8755-OGKNA,1,"Mid-life, long contract, phone-only"
2800-VEQXM,3,"New, month-to-month, core internet"
7538-GWHML,3,"New, month-to-month, core internet"
5533-RJFTJ,0,"Mid-life, month-to-month, core internet"
3859-CVCET,3,"New, month-to-month, core internet"
0214-JHPFW,2,"Loyal, long contract, bundled"
5642-MHDQT,1,"Mid-life, long contract, phone-only"
3088-FVYWK,1,"Mid-life, long contract, phone-only"
3276-HDUEG,3,"New, month-to-month, core internet"
9092-GDZKO,1,"Mid-life, long contract, phone-only"
0823-HSCDJ,3,"New, month-to-month, core internet"
3729-OWRVL,2,"Loyal, long contract, bundled"
2324-AALNO,1,"Mid-life, long contract, phone-only"
0822-GAVAP,3,"New, month-to-month, core internet"
5760-IFJOZ,3,"New, month-to-month, core internet"
2826-UWHIS,0,"Mid-life, month-to-month, core internet"
1448-PWKYE,3,"New, month-to-month, core internet"
7501-IWUNG,2,"Loyal, long contract, bundled"
4957-TREIR,0,"Mid-life, month-to-month, core internet"
7251-LJBQN,2,"Loyal, long contract, bundled"
8040-MNRTF,3,"New, month-to-month, core internet"
1536-HBSWP,3,"New, month-to-month, core internet"
5313-FPXWG,1,"Mid-life, long contract, phone-only"
0067-DKWBL,3,"New, month-to-month, core internet"
0946-FKYTX,3,"New, month-to-month, core internet"
5076-YVXCM,0,"Mid-life, month-to-month, core internet"
8262-COGGB,1,"Mid-life, long contract, phone-only"
6663-JOCQO,2,"Loyal, long contract, bundled"
9620-QJREV,1,"Mid-life, long contract, phone-only"
2276-YDAVZ,0,"Mid-life, month-to-month, core internet"
2682-KEVRP,1,"Mid-life, long contract, phone-only"
2480-JZOSN,1,"Mid-life, long contract, phone-only"
0078-XZMHT,2,"Loyal, long contract, bundled"
5896-NPFWW,3,"New, month-to-month, core internet"
9978-HYCIN,0,"Mid-life, month-to-month, core internet"
8338-QIUNR,2,"Loyal, long contract, bundled"
1525-LNLOJ,2,"Loyal, long contract, bundled"
9450-TRJUU,3,"New, month-to-month, core internet"
1766-GKNMI,3,"New, month-to-month, core internet"
6942-LBFDP,1,"Mid-life, long contract, phone-only"
1456-TWCGB,3,"New, month-to-month, core internet"
7133-VBDCG,0,"Mid-life, month-to-month, core internet"
7596-ZYWBB,2,"Loyal, long contract, bundled"
8329-UTMVM,2,"Loyal, long contract, bundled"
3014-WJKSM,0,"Mid-life, month-to-month, core internet"
3347-YJZZE,0,"Mid-life, month-to-month, core internet"
1029-QFBEN,1,"Mid-life, long contract, phone-only"
7929-DMBCV,3,"New, month-to-month, core internet"
9661-JALZV,1,"Mid-life, long contract, phone-only"
5433-KYGHE,3,"New, month-to-month, core internet"
4312-KFRXN,1,"Mid-life, long contract, phone-only"
5575-TPIZQ,0,"Mid-life, month-to-month, core internet"
0114-IGABW,2,"Loyal, long contract, bundled"
9944-AEXBM,0,"Mid-life, month-to-month, core internet"
1853-ARAAQ,0,"Mid-life, month-to-month, core internet"
6952-OMNWB,0,"Mid-life, month-to-month, core internet"
4697-LUPSU,1,"Mid-life, long contract, phone-only"
8434-VGEQQ,1,"Mid-life, long contract, phone-only"
4952-YSOGZ,3,"New, month-to-month, core internet"
1589-AGTLK,3,"New, month-to-month, core internet"
5244-IRFIH,3,"New, month-to-month, core internet"
6549-YMFAW,1,"Mid-life, long contract, phone-only"
4950-HKQTE,1,"Mid-life, long contract, phone-only"
6786-OBWQR,3,"New, month-to-month, core internet"
2684-EIWEO,0,"Mid-life, month-to-month, core internet"
2753-JMMCV,2,"Loyal, long contract, bundled"
6439-GTPCA,3,"New, month-to-month, core internet"
6621-YOBKI,1,"Mid-life, long contract, phone-only"
1216-JWVUX,3,"New, month-to-month, core internet"
7564-GHCVB,2,"Loyal, long contract, bundled"
1173-NOEYG,0,"Mid-life, month-to-month, core internet"
7595-EHCDL,0,"Mid-life, month-to-month, core internet"
6647-ZEDXT,2,"Loyal, long contract, bundled"
2521-NPUZR,2,"Loyal, long contract, bundled"
1307-TVUFB,0,"Mid-life, month-to-month, core internet"
7503-MIOGA,2,"Loyal, long contract, bundled"
4381-MHQDC,2,"Loyal, long contract, bundled"
6923-JHPMP,3,"New, month-to-month, core internet"
5138-WVKYJ,3,"New, month-to-month, core internet"
4018-PPNDW,1,"Mid-life, long contract, phone-only"
1635-FJFCC,0,"Mid-life, month-to-month, core internet"
2499-AJYUA,2,"Loyal, long contract, bundled"
6919-ELBGL,2,"Loyal, long contract, bundled"
3966-HRMZA,3,"New, month-to-month, core internet"
6425-JWTDV,1,"Mid-life, long contract, phone-only"
8405-IGQFX,2,"Loyal, long contract, bundled"
8224-IVVPA,3,"New, month-to-month, core internet"
9477-LGWQI,2,"Loyal, long contract, bundled"
1410-RSCMR,0,"Mid-life, month-to-month, core internet"
3115-CZMZD,1,"Mid-life, long contract, phone-only"
0139-IVFJG,3,"New, month-to-month, core internet"
6683-VLCTZ,3,"New, month-to-month, core internet"
5730-DBDSI,1,"Mid-life, long contract, phone-only"
0030-FNXPP,1,"Mid-life, long contract, phone-only"
2189-WWOEW,0,"Mid-life, month-to-month, core internet"
5684-FJVYR,2,"Loyal, long contract, bundled"
4013-GUXND,1,"Mid-life, long contract, phone-only"
1894-IGFSG,3,"New, month-to-month, core internet"
7379-POKDZ,3,"New, month-to-month, core internet"
1266-NZYUI,2,"Loyal, long contract, bundled"
7969-FFOWG,1,"Mid-life, long contract, phone-only"
4718-DHSMV,3,"New, month-to-month, core internet"
5175-WLYXL,3,"New, month-to-month, core internet"
7817-OMJNA,1,"Mid-life, long contract, phone-only"
8728-SKJLR,3,"New, month-to-month, core internet"
3137-NYQQI,3,"New, month-to-month, core internet"
7706-DZNKK,1,"Mid-life, long contract, phone-only"
0236-HFWSV,3,"New, month-to-month, core internet"
3900-AQPHZ,1,"Mid-life, long contract, phone-only"
5842-POCOP,3,"New, month-to-month, core internet"
2037-XJFUP,2,"Loyal, long contract, bundled"
8823-RLPWL,2,"Loyal, long contract, bundled"
9505-SQFSW,3,"New, month-to-month, core internet"
7314-OXENN,3,"New, month-to-month, core internet"
3758-CKOQL,2,"Loyal, long contract, bundled"
0322-CHQRU,3,"New, month-to-month, core internet"
5676-CFLYY,2,"Loyal, long contract, bundled"
7521-AFHAB,3,"New, month-to-month, core internet"
0285-INHLN,0,"Mid-life, month-to-month, core internet"
4678-DVQEO,3,"New, month-to-month, core internet"
5125-CNDSP,2,"Loyal, long contract, bundled"
0691-IFBQW,2,"Loyal, long contract, bundled"
4992-LTJNE,2,"Loyal, long contract, bundled"
2202-OUTMO,0,"Mid-life, month-to-month, core internet"
0810-BDHAW,2,"Loyal, long contract, bundled"
0229-LFJAF,2,"Loyal, long contract, bundled"
7131-ZQZNK,2,"Loyal, long contract, bundled"
3442-ZHHCC,2,"Loyal, long contract, bundled"
5726-CVNYA,1,"Mid-life, long contract, phone-only"
9871-ELEYA,2,"Loyal, long contract, bundled"
4257-GAESD,0,"Mid-life, month-to-month, core internet"
5173-WXOQV,3,"New, month-to-month, core internet"
2040-OBMLJ,0,"Mid-life, month-to-month, core internet"
6286-ZHAOK,1,"Mid-life, long contract, phone-only"
3807-XHCJH,1,"Mid-life, long contract, phone-only"
3009-JWMPU,2,"Loyal, long contract, bundled"
5671-RQRLP,0,"Mid-life, month-to-month, core internet"
1450-GALXR,3,"New, month-to-month, core internet"
8859-AXJZP,1,"Mid-life, long contract, phone-only"
3174-AKMAS,2,"Loyal, long contract, bundled"
3138-BKYAV,3,"New, month-to-month, core internet"
9926-PJHDQ,2,"Loyal, long contract, bundled"
7382-DFJTU,0,"Mid-life, month-to-month, core internet"
2798-NYLMZ,2,"Loyal, long contract, bundled"
4289-DTDKW,3,"New, month-to-month, core internet"
1820-TQVEV,3,"New, month-to-month, core internet"
2239-JALAW,2,"Loyal, long contract, bundled"
4853-RULSV,2,"Loyal, long contract, bundled"
8098-TDCBU,1,"Mid-life, long contract, phone-only"
3551-GAEGL,0,"Mid-life, month-to-month, core internet"
4785-NKHCX,1,"Mid-life, long contract, phone-only"
3196-NVXLZ,3,"New, month-to-month, core internet"
6275-YDUVO,3,"New, month-to-month, core internet"
0036-IHMOT,2,"Loyal, long contract, bundled"
0115-TFERT,3,"New, month-to-month, core internet"
4178-EGMON,2,"Loyal, long contract, bundled"
4220-TINQT,2,"Loyal, long contract, bundled"
5318-YKDPV,2,"Loyal, long contract, bundled"
7975-TZMLR,2,"Loyal, long contract, bundled"
0295-QVKPB,0,"Mid-life, month-to-month, core internet"
4335-BSMJS,1,"Mid-life, long contract, phone-only"
2311-QYMUQ,0,"Mid-life, month-to-month, core internet"
3643-AHCFP,0,"Mid-life, month-to-month, core internet"
9146-JRIOX,1,"Mid-life, long contract, phone-only"
3104-OWCGK,2,"Loyal, long contract, bundled"
5337-IIWKZ,3,"New, month-to-month, core internet"
9101-BWFSS,2,"Loyal, long contract, bundled"
9650-VBUOG,1,"Mid-life, long contract, phone-only"
3487-EARAT,2,"Loyal, long contract, bundled"
2672-TGEFF,3,"New, month-to-month, core internet"
9231-ZJYAM,3,"New, month-to-month, core internet"
4250-WAROZ,3,"New, month-to-month, core internet"
8184-WMOFI,2,"Loyal, long contract, bundled"
6982-SSHFK,3,"New, month-to-month, core internet"
6092-QZVPP,2,"Loyal, long contract, bundled"
4625-LAMOB,1,"Mid-life, long contract, phone-only"
0727-BMPLR,2,"Loyal, long contract, bundled"
0392-BZIUW,2,"Loyal, long contract, bundled"
1038-ZAGBI,1,"Mid-life, long contract, phone-only"
6549-NNDYT,0,"Mid-life, month-to-month, core internet"
3027-ZTDHO,3,"New, month-to-month, core internet"
0422-OHQHQ,1,"Mid-life, long contract, phone-only"
6916-HIJSE,2,"Loyal, long contract, bundled"
2316-ESMLS,0,"Mid-life, month-to-month, core internet"
9778-OGKQZ,2,"Loyal, long contract, bundled"
7408-OFWXJ,2,"Loyal, long contract, bundled"
6007-TCTST,2,"Loyal, long contract, bundled"
2252-NKNSI,2,"Loyal, long contract, bundled"
8713-IGZSO,1,"Mid-life, long contract, phone-only"
7905-TVXTA,3,"New, month-to-month, core internet"
7695-PKLCZ,1,"Mid-life, long contract, phone-only"
2382-BCKQJ,2,"Loyal, long contract, bundled"
8374-UULRV,2,"Loyal, long contract, bundled"
2207-NHRJK,3,"New, month-to-month, core internet"
3224-DFQNQ,2,"Loyal, long contract, bundled"
5275-PMFUT,2,"Loyal, long contract, bundled"
4795-UXVCJ,1,"Mid-life, long contract, phone-only"
9777-IQHWP,2,"Loyal, long contract, bundled"
0947-MUGVO,3,"New, month-to-month, core internet"
9944-HKVVB,3,"New, month-to-month, core internet"
4124-MMETB,0,"Mid-life, month-to-month, core internet"
3671-SHRSP,3,"New, month-to-month, core internet"
0979-MOZQI,0,"Mid-life, month-to-month, core internet"
2732-ISEZX,1,"Mid-life, long contract, phone-only"
3313-QKNKB,3,"New, month-to-month, core internet"
0323-XWWTN,1,"Mid-life, long contract, phone-only"
1937-OTUKY,2,"Loyal, long contract, bundled"
1573-LGXBA,2,"Loyal, long contract, bundled"
1764-VUUMT,1,"Mid-life, long contract, phone-only"
5073-WXOYN,3,"New, month-to-month, core internet"
4713-ZBURT,2,"Loyal, long contract, bundled"
3050-GBUSH,0,"Mid-life, month-to-month, core internet"
0207-MDKNV,3,"New, month-to-month, core internet"
7876-AEHIG,2,"Loyal, long contract, bundled"
7945-HLKEA,2,"Loyal, long contract, bundled"
9342-VNIMQ,0,"Mid-life, month-to-month, core internet"
9851-KIELU,3,"New, month-to-month, core internet"
3523-BRGUW,1,"Mid-life, long contract, phone-only"
3908-BLSYF,3,"New, month-to-month, core internet"
3199-NPKCN,2,"Loyal, long contract, bundled"
5170-PTRKA,0,"Mid-life, month-to-month, core internet"
4661-NJEUX,1,"Mid-life, long contract, phone-only"
2123-AGEEN,3,"New, month-to-month, core internet"
1258-YMZNM,2,"Loyal, long contract, bundled"
0048-LUMLS,0,"Mid-life, month-to-month, core internet"
7549-MYGPK,2,"Loyal, long contract, bundled"
5898-IGSLP,3,"New, month-to-month, core internet"
3804-RVTGV,2,"Loyal, long contract, bundled"
6259-WJQLC,0,"Mid-life, month-to-month, core internet"
9227-LUNBG,3,"New, month-to-month, core internet"
7997-EASSD,0,"Mid-life, month-to-month, core internet"
0730-KOAVE,0,"Mid-life, month-to-month, core internet"
8975-SKGRX,2,"Loyal, long contract, bundled"
0678-RLHVP,2,"Loyal, long contract, bundled"
4315-MURBD,0,"Mid-life, month-to-month, core internet"
2267-FPIMA,0,"Mid-life, month-to-month, core internet"
1051-GEJLJ,1,"Mid-life, long contract, phone-only"
9734-YWGEX,0,"Mid-life, month-to-month, core internet"
2719-BDAQO,3,"New, month-to-month, core internet"
5285-MVEHD,2,"Loyal, long contract, bundled"
0379-DJQHR,2,"Loyal, long contract, bundled"
0781-LKXBR,3,"New, month-to-month, core internet"
5543-QDCRY,3,"New, month-to-month, core internet"
0297-RBCSG,0,"Mid-life, month-to-month, core internet"
4694-PHWFW,1,"Mid-life, long contract, phone-only"
0835-JKADZ,2,"Loyal, long contract, bundled"
1907-UBQFC,3,"New, month-to-month, core internet"
7508-SMHXL,0,"Mid-life, month-to-month, core internet"
3865-YIOTT,2,"Loyal, long contract, bundled"
5993-BQHEA,1,"Mid-life, long contract, phone-only"
6024-RUGGH,1,"Mid-life, long contract, phone-only"
6513-EECDB,3,"New, month-to-month, core internet"
3956-CJUST,0,"Mid-life, month-to-month, core internet"
4079-WWQQQ,2,"Loyal, long contract, bundled"
6103-BOCOU,3,"New, month-to-month, core internet"
5149-TGWDZ,2,"Loyal, long contract, bundled"
7471-WNSUF,1,"Mid-life, long contract, phone-only"
8942-DBMHZ,1,"Mid-life, long contract, phone-only"
4301-VVZKA,3,"New, month-to-month, core internet"
9199-PWQVC,2,"Loyal, long contract, bundled"
4824-GUCBY,3,"New, month-to-month, core internet"
5393-HJZSM,0,"Mid-life, month-to-month, core internet"
7074-IEVOJ,3,"New, month-to-month, core internet"
9625-QSTYE,3,"New, month-to-month, core internet"
0862-PRCBS,2,"Loyal, long contract, bundled"
8812-ZRHFP,3,"New, month-to-month, core internet"
5146-CBVOE,0,"Mid-life, month-to-month, core internet"
0454-OKRCT,0,"Mid-life, month-to-month, core internet"
5787-KXGIY,1,"Mid-life, long contract, phone-only"
4750-ZRXIU,3,"New, month-to-month, core internet"
4198-VFOEA,3,"New, month-to-month, core internet"
6630-UJZMY,3,"New, month-to-month, core internet"
5709-LVOEQ,2,"Loyal, long contract, bundled"
6400-BWQKW,3,"New, month-to-month, core internet"
2692-AQCPF,2,"Loyal, long contract, bundled"
0347-UBKUZ,1,"Mid-life, long contract, phone-only"
0835-DUUIQ,1,"Mid-life, long contract, phone-only"
0811-GSDTP,3,"New, month-to-month, core internet"
7567-ECMCM,0,"Mid-life, month-to-month, core internet"
6115-ZTBFQ,2,"Loyal, long contract, bundled"
6353-BRMMA,2,"Loyal, long contract, bundled"
6680-WKXRZ,0,"Mid-life, month-to-month, core internet"
6231-WFGFH,1,"Mid-life, long contract, phone-only"
9904-EHEVJ,3,"New, month-to-month, core internet"
7028-DVOIQ,3,"New, month-to-month, core internet"
6169-PPETC,1,"Mid-life, long contract, phone-only"
4208-UFFGW,3,"New, month-to-month, core internet"
8584-KMVXD,3,"New, month-to-month, core internet"
8467-WYNSR,3,"New, month-to-month, core internet"
0851-DFJKB,3,"New, month-to-month, core internet"
5382-SOYZL,3,"New, month-to-month, core internet"
9448-REEVD,0,"Mid-life, month-to-month, core internet"
3261-CQXOL,1,"Mid-life, long contract, phone-only"
8388-FYNPZ,3,"New, month-to-month, core internet"
4002-BQWPQ,0,"Mid-life, month-to-month, core internet"
5651-YLPRD,3,"New, month-to-month, core internet"
2826-DXLQO,0,"Mid-life, month-to-month, core internet"
4378-BZYFP,1,"Mid-life, long contract, phone-only"
9489-UTFKA,0,"Mid-life, month-to-month, core internet"
4849-PYRLQ,2,"Loyal, long contract, bundled"
9117-SHLZX,3,"New, month-to-month, core internet"
9889-TMAHG,0,"Mid-life, month-to-month, core internet"
4541-RMRLG,1,"Mid-life, long contract, phone-only"
7764-BDPEE,1,"Mid-life, long contract, phone-only"
3429-IFLEM,2,"Loyal, long contract, bundled"
3158-MOERK,3,"New, month-to-month, core internet"
7294-TMAOP,3,"New, month-to-month, core internet"
5002-GCQFH,0,"Mid-life, month-to-month, core internet"
0556-FJEGU,2,"Loyal, long contract, bundled"
8919-FYFQZ,3,"New, month-to-month, core internet"
0604-THJFP,2,"Loyal, long contract, bundled"
2834-JRTUA,2,"Loyal, long contract, bundled"
5875-YPQFJ,3,"New, month-to-month, core internet"
5879-SESNB,3,"New, month-to-month, core internet"
6646-QVXLR,2,"Loyal, long contract, bundled"
6461-PPAXN,0,"Mid-life, month-to-month, core internet"
3318-ISQFQ,1,"Mid-life, long contract, phone-only"
1106-HRLKZ,1,"Mid-life, long contract, phone-only"
2483-XSSMZ,3,"New, month-to-month, core internet"
8603-IJWDN,3,"New, month-to-month, core internet"
8165-ZJRNM,1,"Mid-life, long contract, phone-only"
9369-XFEHK,0,"Mid-life, month-to-month, core internet"
2604-XVDAM,0,"Mid-life, month-to-month, core internet"
3717-OFRTN,1,"Mid-life, long contract, phone-only"
9046-JBFWA,1,"Mid-life, long contract, phone-only"
3280-NMUVX,1,"Mid-life, long contract, phone-only"
1206-EHBDD,2,"Loyal, long contract, bundled"
8361-LBRDI,1,"Mid-life, long contract, phone-only"
4883-KCPZJ,1,"Mid-life, long contract, phone-only"
9108-EQPNQ,1,"Mid-life, long contract, phone-only"
7277-KAMWT,1,"Mid-life, long contract, phone-only"
3842-IYKUE,0,"Mid-life, month-to-month, core internet"
6641-XRPSU,0,"Mid-life, month-to-month, core internet"
1374-DMZUI,3,"New, month-to-month, core internet"
2545-LXYVJ,1,"Mid-life, long contract, phone-only"
3234-VKACU,3,"New, month-to-month, core internet"
8357-EQXFO,3,"New, month-to-month, core internet"
1989-PRJHP,3,"New, month-to-month, core internet"
8120-JDCAM,3,"New, month-to-month, core internet"
8917-FAEMR,1,"Mid-life, long contract, phone-only"
7047-YXDMZ,1,"Mid-life, long contract, phone-only"
2858-EIMXH,2,"Loyal, long contract, bundled"
9524-EGPJC,3,"New, month-to-month, core internet"
6993-OHLXR,3,"New, month-to-month, core internet"
8818-XYFCQ,0,"Mid-life, month-to-month, core internet"
6419-ZTTLE,1,"Mid-life, long contract, phone-only"
0929-HYQEW,3,"New, month-to-month, core internet"
6614-YOLAC,2,"Loyal, long contract, bundled"
7426-RHZGU,0,"Mid-life, month-to-month, core internet"
4065-JJAVA,3,"New, month-to-month, core internet"
4695-VADHF,3,"New, month-to-month, core internet"
3863-IUBJR,0,"Mid-life, month-to-month, core internet"
7649-SIJJF,2,"Loyal, long contract, bundled"
9361-YNQWJ,1,"Mid-life, long contract, phone-only"
3748-FVMZZ,3,"New, month-to-month, core internet"
9391-TTOYH,1,"Mid-life, long contract, phone-only"
1452-XRSJV,0,"Mid-life, month-to-month, core internet"
3422-WJOYD,3,"New, month-to-month, core internet"
8242-SOQUO,3,"New, month-to-month, core internet"
7460-ITWWP,3,"New, month-to-month, core internet"
7147-AYBAA,3,"New, month-to-month, core internet"
7868-TMWMZ,2,"Loyal, long contract, bundled"
4822-RVYBB,3,"New, month-to-month, core internet"
6732-FZUGP,2,"Loyal, long contract, bundled"
8436-BJUMM,3,"New, month-to-month, core internet"
4184-TJFAN,3,"New, month-to-month, core internet"
8329-GWVPJ,0,"Mid-life, month-to-month, core internet"
1352-VHKAJ,0,"Mid-life, month-to-month, core internet"
4145-UQXUQ,3,"New, month-to-month, core internet"
2632-TACXW,1,"Mid-life, long contract, phone-only"
8146-QQKZH,2,"Loyal, long contract, bundled"
1767-CJKBA,1,"Mid-life, long contract, phone-only"
6445-TNRXS,2,"Loyal, long contract, bundled"
4581-LNWUM,3,"New, month-to-month, core internet"
4869-EPIUS,3,"New, month-to-month, core internet"
9948-YPTDG,3,"New, month-to-month, core internet"
1236-WFCDV,0,"Mid-life, month-to-month, core internet"
1915-OAKWD,1,"Mid-life, long contract, phone-only"
7296-PIXQY,3,"New, month-to-month, core internet"
4883-QICIH,0,"Mid-life, month-to-month, core internet"
3354-OADJP,0,"Mid-life, month-to-month, core internet"
3524-WQDSG,0,"Mid-life, month-to-month, core internet"
0810-DHDBD,2,"Loyal, long contract, bundled"
4026-SKKHW,3,"New, month-to-month, core internet"
2829-HYVZP,1,"Mid-life, long contract, phone-only"
8329-IBCTI,1,"Mid-life, long contract, phone-only"
1271-SJBGZ,3,"New, month-to-month, core internet"
3845-JHAMY,0,"Mid-life, month-to-month, core internet"
7013-PSXHK,2,"Loyal, long contract, bundled"
5669-SRAIP,3,"New, month-to-month, core internet"
5981-ITEMU,0,"Mid-life, month-to-month, core internet"
3486-NPGST,1,"Mid-life, long contract, phone-only"
6941-PMGEP,3,"New, month-to-month, core internet"
1624-WOIWJ,3,"New, month-to-month, core internet"
2074-GKOWZ,0,"Mid-life, month-to-month, core internet"
0376-YMCJC,3,"New, month-to-month, core internet"
6100-FJZDG,1,"Mid-life, long contract, phone-only"
4829-ZLJTK,2,"Loyal, long contract, bundled"
1730-VFMWO,0,"Mid-life, month-to-month, core internet"
7143-BQIBA,0,"Mid-life, month-to-month, core internet"
3800-LYTRK,3,"New, month-to-month, core internet"
0634-SZPQA,0,"Mid-life, month-to-month, core internet"
9646-NMHXE,1,"Mid-life, long contract, phone-only"
7030-NJVDP,3,"New, month-to-month, core internet"
5536-RTPWK,0,"Mid-life, month-to-month, core internet"
8883-GRDWQ,3,"New, month-to-month, core internet"
6166-ILMNY,0,"Mid-life, month-to-month, core internet"
3097-NNSPB,0,"Mid-life, month-to-month, core internet"
7771-ZONAT,2,"Loyal, long contract, bundled"
0655-RBDUG,0,"Mid-life, month-to-month, core internet"
2111-DWYHN,1,"Mid-life, long contract, phone-only"
4194-WHFCB,0,"Mid-life, month-to-month, core internet"
4121-AGSIN,1,"Mid-life, long contract, phone-only"
4361-BKAXE,2,"Loyal, long contract, bundled"
9845-PEEKO,2,"Loyal, long contract, bundled"
0455-XFASS,3,"New, month-to-month, core internet"
0301-KOBTQ,1,"Mid-life, long contract, phone-only"
1751-NCDLI,3,"New, month-to-month, core internet"
4367-NUYAO,1,"Mid-life, long contract, phone-only"
9878-TNQGW,3,"New, month-to-month, core internet"
9170-ARBTB,1,"Mid-life, long contract, phone-only"
4441-NIHPT,3,"New, month-to-month, core internet"
8999-BOHSE,0,"Mid-life, month-to-month, core internet"
7241-AJHFS,0,"Mid-life, month-to-month, core internet"
7029-RPUAV,0,"Mid-life, month-to-month, core internet"
4546-FOKWR,0,"Mid-life, month-to-month, core internet"
9036-CSKBW,2,"Loyal, long contract, bundled"
5832-TRLPB,2,"Loyal, long contract, bundled"
8590-YFFQO,2,"Loyal, long contract, bundled"
8659-IOOPU,2,"Loyal, long contract, bundled"
1338-CECEE,2,"Loyal, long contract, bundled"
7439-DKZTW,3,"New, month-to-month, core internet"
4646-QZXTF,0,"Mid-life, month-to-month, core internet"
4607-CHPCA,3,"New, month-to-month, core internet"
9742-XOKTS,2,"Loyal, long contract, bundled"
6921-OZMFH,3,"New, month-to-month, core internet"
9578-FOMUK,1,"Mid-life, long contract, phone-only"
4712-UYOOI,1,"Mid-life, long contract, phone-only"
8824-RWFXJ,3,"New, month-to-month, core internet"
7722-CVFXN,2,"Loyal, long contract, bundled"
8717-VCTXJ,1,"Mid-life, long contract, phone-only"
7363-QTBIW,3,"New, month-to-month, core internet"
4159-NAAIX,2,"Loyal, long contract, bundled"
0971-QIFJK,1,"Mid-life, long contract, phone-only"
9397-TZSHA,1,"Mid-life, long contract, phone-only"
3391-JSQEW,3,"New, month-to-month, core internet"
0343-QLUZP,2,"Loyal, long contract, bundled"
9763-PDTKK,0,"Mid-life, month-to-month, core internet"
2176-LVPNX,2,"Loyal, long contract, bundled"
7627-JKIAZ,0,"Mid-life, month-to-month, core internet"
3312-UUMZW,0,"Mid-life, month-to-month, core internet"
1271-UODNO,0,"Mid-life, month-to-month, core internet"
8461-EFQYM,1,"Mid-life, long contract, phone-only"
6900-RBKER,2,"Loyal, long contract, bundled"
6891-JPYFF,2,"Loyal, long contract, bundled"
1459-QNFQT,2,"Loyal, long contract, bundled"
1047-NNCBF,0,"Mid-life, month-to-month, core internet"
3696-XRIEN,2,"Loyal, long contract, bundled"
4081-DYXAV,0,"Mid-life, month-to-month, core internet"
0074-HDKDG,0,"Mid-life, month-to-month, core internet"
8791-GFXLZ,0,"Mid-life, month-to-month, core internet"
8111-SLLHI,3,"New, month-to-month, core internet"
0927-LCSMG,3,"New, month-to-month, core internet"
9330-DHBFL,2,"Loyal, long contract, bundled"
0098-BOWSO,1,"Mid-life, long contract, phone-only"
3452-ABWRL,0,"Mid-life, month-to-month, core internet"
5859-HZYLF,1,"Mid-life, long contract, phone-only"
8257-RZAHR,0,"Mid-life, month-to-month, core internet"
5293-WXJAK,0,"Mid-life, month-to-month, core internet"
3156-QLHBO,1,"Mid-life, long contract, phone-only"
2208-NQBCT,3,"New, month-to-month, core internet"
1779-PWPMG,2,"Loyal, long contract, bundled"
6621-NRZAK,1,"Mid-life, long contract, phone-only"
0831-JNISG,1,"Mid-life, long contract, phone-only"
0774-IFUVM,0,"Mid-life, month-to-month, core internet"
3082-WQRVY,1,"Mid-life, long contract, phone-only"
9553-DLCLU,2,"Loyal, long contract, bundled"
1641-BYBTK,1,"Mid-life, long contract, phone-only"
2460-NGXBJ,0,"Mid-life, month-to-month, core internet"
2446-ZKVAF,0,"Mid-life, month-to-month, core internet"
0841-NULXI,3,"New, month-to-month, core internet"
3522-CDKHF,0,"Mid-life, month-to-month, core internet"
1430-SFQSA,3,"New, month-to-month, core internet"
0411-EZJZE,3,"New, month-to-month, core internet"
7851-WZEKY,3,"New, month-to-month, core internet"
8844-TONUD,3,"New, month-to-month, core internet"
8807-ARQET,3,"New, month-to-month, core internet"
8992-CEUEN,1,"Mid-life, long contract, phone-only"
4320-QMLLA,3,"New, month-to-month, core internet"
8777-PVYGU,2,"Loyal, long contract, bundled"
8292-ITGYJ,1,"Mid-life, long contract, phone-only"
6870-ZWMNX,2,"Loyal, long contract, bundled"
0621-CXBKL,1,"Mid-life, long contract, phone-only"
5268-DSMNQ,2,"Loyal, long contract, bundled"
5334-JLAXU,0,"Mid-life, month-to-month, core internet"
4086-YQSNZ,3,"New, month-to-month, core internet"
6242-MBHPK,3,"New, month-to-month, core internet"
5868-CZJDR,3,"New, month-to-month, core internet"
9359-UGBTK,2,"Loyal, long contract, bundled"
0135-NMXAP,0,"Mid-life, month-to-month, core internet"
4782-OSFXZ,2,"Loyal, long contract, bundled"
6479-OAUSD,1,"Mid-life, long contract, phone-only"
7129-ACFOG,3,"New, month-to-month, core internet"
4189-NAKJS,0,"Mid-life, month-to-month, core internet"
5562-BETPV,1,"Mid-life, long contract, phone-only"
1282-IHQAC,2,"Loyal, long contract, bundled"
9127-FHJBZ,2,"Loyal, long contract, bundled"
6270-OMFIW,2,"Loyal, long contract, bundled"
1641-RQDAY,3,"New, month-to-month, core internet"
0107-WESLM,1,"Mid-life, long contract, phone-only"
6994-ORCWG,3,"New, month-to-month, core internet"
1346-UFHAX,0,"Mid-life, month-to-month, core internet"
3992-YWPKO,0,"Mid-life, month-to-month, core internet"
2933-XEUJM,2,"Loyal, long contract, bundled"
0125-LZQXK,3,"New, month-to-month, core internet"
5461-QKNTN,3,"New, month-to-month, core internet"
4835-YSJMR,0,"Mid-life, month-to-month, core internet"
8399-YNDCH,0,"Mid-life, month-to-month, core internet"
3164-YAXFY,3,"New, month-to-month, core internet"
0887-WBJVH,2,"Loyal, long contract, bundled"
4660-IRIBM,3,"New, month-to-month, core internet"
5673-FSSMF,3,"New, month-to-month, core internet"
7670-ZBPOQ,2,"Loyal, long contract, bundled"
8089-UZWLX,2,"Loyal, long contract, bundled"
0080-OROZO,2,"Loyal, long contract, bundled"
3916-NRPAP,0,"Mid-life, month-to-month, core internet"
6807-SIWJI,2,"Loyal, long contract, bundled"
8221-HVAYI,2,"Loyal, long contract, bundled"
1579-KLYDT,3,"New, month-to-month, core internet"
5232-NXPAY,2,"Loyal, long contract, bundled"
8967-SZQAS,3,"New, month-to-month, core internet"
4468-KAZHE,3,"New, month-to-month, core internet"
0455-ENTCR,2,"Loyal, long contract, bundled"
8944-AILEF,1,"Mid-life, long contract, phone-only"
5542-NKVRU,1,"Mid-life, long contract, phone-only"
7126-RBHSD,3,"New, month-to-month, core internet"
5370-IIVVL,2,"Loyal, long contract, bundled"
6789-HJBWG,3,"New, month-to-month, core internet"
3927-NLNRY,2,"Loyal, long contract, bundled"
9087-EYCPR,1,"Mid-life, long contract, phone-only"
6791-YBNAK,0,"Mid-life, month-to-month, core internet"
6358-LYNGM,3,"New, month-to-month, core internet"
6077-BDPXA,3,"New, month-to-month, core internet"
0013-MHZWF,0,"Mid-life, month-to-month, core internet"
5494-HECPR,3,"New, month-to-month, core internet"
8268-YDIXR,2,"Loyal, long contract, bundled"
9824-BEMCV,3,"New, month-to-month, core internet"
1373-ORVIZ,3,"New, month-to-month, core internet"
4291-SHSBH,3,"New, month-to-month, core internet"
6980-IMXXE,1,"Mid-life, long contract, phone-only"
9866-QEVEE,0,"Mid-life, month-to-month, core internet"
9897-KXHCM,3,"New, month-to-month, core internet"
0040-HALCW,1,"Mid-life, long contract, phone-only"
0784-GTUUK,1,"Mid-life, long contract, phone-only"
7979-CORPM,0,"Mid-life, month-to-month, core internet"
2294-DMMUS,0,"Mid-life, month-to-month, core internet"
0872-JCPIB,0,"Mid-life, month-to-month, core internet"
3055-MJDSB,3,"New, month-to-month, core internet"
9091-WTUUY,2,"Loyal, long contract, bundled"
1618-CFHME,3,"New, month-to-month, core internet"
3165-HDOEW,3,"New, month-to-month, core internet"
6581-NQCBA,3,"New, month-to-month, core internet"
7115-IRDHS,1,"Mid-life, long contract, phone-only"
8496-DMZUK,2,"Loyal, long contract, bundled"
2040-VZIKE,3,"New, month-to-month, core internet"
9068-VPWQQ,2,"Loyal, long contract, bundled"
0178-SZBHO,3,"New, month-to-month, core internet"
0384-RVBPI,0,"Mid-life, month-to-month, core internet"
1689-MRZQR,3,"New, month-to-month, core internet"
1299-AURJA,1,"Mid-life, long contract, phone-only"
4525-VZCZG,2,"Loyal, long contract, bundled"
1543-LLLFT,2,"Loyal, long contract, bundled"
5835-BEQEU,3,"New, month-to-month, core internet"
2788-CJQAQ,1,"Mid-life, long contract, phone-only"
5565-FILXA,3,"New, month-to-month, core internet"
0319-QZTCO,0,"Mid-life, month-to-month, core internet"
2120-SMPEX,1,"Mid-life, long contract, phone-only"
0096-FCPUF,3,"New, month-to-month, core internet"
0668-OGMHD,3,"New, month-to-month, core internet"
5552-ZNFSJ,3,"New, month-to-month, core internet"
2223-KAGMX,1,"Mid-life, long contract, phone-only"
6507-ZJSUR,3,"New, month-to-month, core internet"
9408-HRXRK,2,"Loyal, long contract, bundled"
5593-SUAOO,0,"Mid-life, month-to-month, core internet"
7321-PKUYW,3,"New, month-to-month, core internet"
2833-SLKDQ,3,"New, month-to-month, core internet"
6766-HFKLA,2,"Loyal, long contract, bundled"
7595-EUIVN,3,"New, month-to-month, core internet"
7617-EYGLW,1,"Mid-life, long contract, phone-only"
2026-TGDHM,3,"New, month-to-month, core internet"
9220-ZNKJI,2,"Loyal, long contract, bundled"
4030-VPZBD,3,"New, month-to-month, core internet"
2226-ICFDO,2,"Loyal, long contract, bundled"
0723-VSOBE,3,"New, month-to-month, core internet"
5529-GIBVH,1,"Mid-life, long contract, phone-only"
4187-CINZD,2,"Loyal, long contract, bundled"
9992-UJOEL,3,"New, month-to-month, core internet"
4741-WWJQZ,3,"New, month-to-month, core internet"
6625-UTXEW,3,"New, month-to-month, core internet"
6818-WOBHJ,0,"Mid-life, month-to-month, core internet"
6244-BESBM,2,"Loyal, long contract, bundled"
1004-NOZNR,2,"Loyal, long contract, bundled"
1251-STYSZ,3,"New, month-to-month, core internet"
2612-PHGOX,2,"Loyal, long contract, bundled"
2408-TZMJL,2,"Loyal, long contract, bundled"
8480-PPONV,2,"Loyal, long contract, bundled"
8780-IHCRN,1,"Mid-life, long contract, phone-only"
4598-ZADCK,2,"Loyal, long contract, bundled"
1257-SXUXQ,1,"Mid-life, long contract, phone-only"
9681-KYGYB,3,"New, month-to-month, core internet"
7182-OVLBJ,2,"Loyal, long contract, bundled"
5095-ETBRJ,2,"Loyal, long contract, bundled"
7005-CYUIL,2,"Loyal, long contract, bundled"
4821-WQOYN,1,"Mid-life, long contract, phone-only"
4730-AWNAU,2,"Loyal, long contract, bundled"
3452-FLHYD,1,"Mid-life, long contract, phone-only"
2388-LAESQ,2,"Loyal, long contract, bundled"
9531-NSBMR,1,"Mid-life, long contract, phone-only"
6260-ONULR,3,"New, month-to-month, core internet"
4389-UEFCZ,2,"Loyal, long contract, bundled"
8711-LOBKY,1,"Mid-life, long contract, phone-only"
9134-CEQMF,3,"New, month-to-month, core internet"
8985-OOPOS,0,"Mid-life, month-to-month, core internet"
8800-ZKRFW,2,"Loyal, long contract, bundled"
2616-FLVQC,1,"Mid-life, long contract, phone-only"
9968-FFVVH,2,"Loyal, long contract, bundled"
3108-PCCGG,2,"Loyal, long contract, bundled"
7993-PYKOF,3,"New, month-to-month, core internet"
8390-FESFV,2,"Loyal, long contract, bundled"
3022-BEXHZ,2,"Loyal, long contract, bundled"
5027-XWQHA,3,"New, month-to-month, core internet"
6248-TKCQV,2,"Loyal, long contract, bundled"
6729-GDNGC,0,"Mid-life, month-to-month, core internet"
6198-ZFIOJ,3,"New, month-to-month, core internet"
5989-OMNJE,2,"Loyal, long contract, bundled"
4566-QVRRW,3,"New, month-to-month, core internet"
1291-CUOCY,2,"Loyal, long contract, bundled"
9795-SHUHB,2,"Loyal, long contract, bundled"
3230-IUALN,2,"Loyal, long contract, bundled"
0042-RLHYP,1,"Mid-life, long contract, phone-only"
8519-IMDHU,0,"Mid-life, month-to-month, core internet"
4945-RVMTE,0,"Mid-life, month-to-month, core internet"
0201-OAMXR,2,"Loyal, long contract, bundled"
1866-NXPSP,2,"Loyal, long contract, bundled"
3372-KWFBM,3,"New, month-to-month, core internet"
7831-QGOXH,3,"New, month-to-month, core internet"
6393-WRYZE,3,"New, month-to-month, core internet"
3941-XTSKM,0,"Mid-life, month-to-month, core internet"
1661-CZBAU,2,"Loyal, long contract, bundled"
6599-RCLCJ,2,"Loyal, long contract, bundled"
9831-BPFRI,2,"Loyal, long contract, bundled"
5158-RIVOP,1,"Mid-life, long contract, phone-only"
9788-YTFGE,1,"Mid-life, long contract, phone-only"
9277-JOOMO,1,"Mid-life, long contract, phone-only"
1907-YLNYW,3,"New, month-to-month, core internet"
1725-MIMXW,1,"Mid-life, long contract, phone-only"
8947-YRTDV,2,"Loyal, long contract, bundled"
3161-ONRWK,2,"Loyal, long contract, bundled"
0114-RSRRW,1,"Mid-life, long contract, phone-only"
4565-NLZBV,1,"Mid-life, long contract, phone-only"
0031-PVLZI,1,"Mid-life, long contract, phone-only"
7206-GZCDC,3,"New, month-to-month, core internet"
6682-VCIXC,2,"Loyal, long contract, bundled"
4791-QRGMF,2,"Loyal, long contract, bundled"
6475-VHUIZ,3,"New, month-to-month, core internet"
3910-MRQOY,1,"Mid-life, long contract, phone-only"
0661-WCQNQ,0,"Mid-life, month-to-month, core internet"
7537-RBWEA,3,"New, month-to-month, core internet"
4656-CAURT,1,"Mid-life, long contract, phone-only"
0121-SNYRK,3,"New, month-to-month, core internet"
1768-ZAIFU,3,"New, month-to-month, core internet"
4671-LXRDQ,3,"New, month-to-month, core internet"
3733-LSYCE,0,"Mid-life, month-to-month, core internet"
6265-FRMTQ,1,"Mid-life, long contract, phone-only"
1934-SJVJK,1,"Mid-life, long contract, phone-only"
3838-OZURD,2,"Loyal, long contract, bundled"
1371-DWPAZ,2,"Loyal, long contract, bundled"
9269-CQOOL,0,"Mid-life, month-to-month, core internet"
2017-CCBLH,1,"Mid-life, long contract, phone-only"
7690-KPNCU,2,"Loyal, long contract, bundled"
0536-BGFMZ,1,"Mid-life, long contract, phone-only"
2293-IJWPS,2,"Loyal, long contract, bundled"
2845-HSJCY,3,"New, month-to-month, core internet"
5469-NUJUR,1,"Mid-life, long contract, phone-only"
1184-PJVDB,3,"New, month-to-month, core internet"
2625-TRCZQ,3,"New, month-to-month, core internet"
4102-HLENU,2,"Loyal, long contract, bundled"
7266-GSSJX,1,"Mid-life, long contract, phone-only"
7722-VJRQD,2,"Loyal, long contract, bundled"
7073-QETQY,1,"Mid-life, long contract, phone-only"
9415-DPEWS,3,"New, month-to-month, core internet"
5624-RYAMH,1,"Mid-life, long contract, phone-only"
0196-JTUQI,0,"Mid-life, month-to-month, core internet"
7130-YXBRO,2,"Loyal, long contract, bundled"
9272-LSVYH,3,"New, month-to-month, core internet"
7943-RQCHR,3,"New, month-to-month, core internet"
3793-MMFUH,3,"New, month-to-month, core internet"
3249-ZPQRG,3,"New, month-to-month, core internet"
2568-BRGYX,3,"New, month-to-month, core internet"
3084-DOWLE,2,"Loyal, long contract, bundled"
1084-MNSMJ,2,"Loyal, long contract, bundled"
7721-JXEAW,0,"Mid-life, month-to-month, core internet"
7249-WBIYX,3,"New, month-to-month, core internet"
4238-HFHSN,3,"New, month-to-month, core internet"
6250-CGGUN,2,"Loyal, long contract, bundled"
5478-JJVZK,3,"New, month-to-month, core internet"
7596-IIWYC,1,"Mid-life, long contract, phone-only"
6567-HOOPW,3,"New, month-to-month, core internet"
9793-WECQC,3,"New, month-to-month, core internet"
4291-HPAXL,1,"Mid-life, long contract, phone-only"
8999-YPYBV,2,"Loyal, long contract, bundled"
1839-FBNFR,1,"Mid-life, long contract, phone-only"
3164-AALRN,3,"New, month-to-month, core internet"
3071-MVJCD,2,"Loyal, long contract, bundled"
1697-BCSHV,0,"Mid-life, month-to-month, core internet"
0562-KBDVM,2,"Loyal, long contract, bundled"
1131-SUEKT,2,"Loyal, long contract, bundled"
3717-OEAUQ,3,"New, month-to-month, core internet"
4538-WNTMJ,1,"Mid-life, long contract, phone-only"
3334-CTHOL,0,"Mid-life, month-to-month, core internet"
4704-ERYFC,3,"New, month-to-month, core internet"
9432-RUVSL,2,"Loyal, long contract, bundled"
8060-HIWJJ,2,"Loyal, long contract, bundled"
7684-XSZIY,1,"Mid-life, long contract, phone-only"
9089-UOWJG,0,"Mid-life, month-to-month, core internet"
8621-MNIHH,3,"New, month-to-month, core internet"
8039-ACLPL,2,"Loyal, long contract, bundled"
9885-AIBVB,3,"New, month-to-month, core internet"
1934-MKPXS,1,"Mid-life, long contract, phone-only"
2592-YKDIF,1,"Mid-life, long contract, phone-only"
2272-JKMSI,2,"Loyal, long contract, bundled"
0471-LVHGK,2,"Loyal, long contract, bundled"
9518-RWHZL,2,"Loyal, long contract, bundled"
8714-CTZJW,0,"Mid-life, month-to-month, core internet"
3569-EDBPQ,3,"New, month-to-month, core internet"
3131-NWVFJ,1,"Mid-life, long contract, phone-only"
7521-YXVZY,1,"Mid-life, long contract, phone-only"
5419-CONWX,0,"Mid-life, month-to-month, core internet"
6240-EURKS,3,"New, month-to-month, core internet"
2373-NTKOD,3,"New, month-to-month, core internet"
1970-KKFWL,1,"Mid-life, long contract, phone-only"
6960-HVYXR,3,"New, month-to-month, core internet"
9337-SRRNI,1,"Mid-life, long contract, phone-only"
0895-UADGO,3,"New, month-to-month, core internet"
5678-VFNEQ,2,"Loyal, long contract, bundled"
5977-CKHON,0,"Mid-life, month-to-month, core internet"
7024-OHCCK,3,"New, month-to-month, core internet"
2692-BUCFV,0,"Mid-life, month-to-month, core internet"
7861-UVUFT,3,"New, month-to-month, core internet"
1830-GGFNM,2,"Loyal, long contract, bundled"
5302-BDJNT,3,"New, month-to-month, core internet"
5223-UZAVK,2,"Loyal, long contract, bundled"
4859-ZSRDZ,2,"Loyal, long contract, bundled"
5651-WYIPH,0,"Mid-life, month-to-month, core internet"
9350-VLHMB,0,"Mid-life, month-to-month, core internet"
3498-LZGQZ,1,"Mid-life, long contract, phone-only"
8785-CJSHH,3,"New, month-to-month, core internet"
5357-TZHPP,0,"Mid-life, month-to-month, core internet"
3870-SPZSI,2,"Loyal, long contract, bundled"
0680-DFNNY,3,"New, month-to-month, core internet"
7560-QRBXH,1,"Mid-life, long contract, phone-only"
7077-XJMET,3,"New, month-to-month, core internet"
8752-GHJFU,2,"Loyal, long contract, bundled"
6896-SRVYQ,3,"New, month-to-month, core internet"
7767-UXAGJ,3,"New, month-to-month, core internet"
4652-ODEVH,1,"Mid-life, long contract, phone-only"
6510-UPNKS,1,"Mid-life, long contract, phone-only"
6718-BDGHG,0,"Mid-life, month-to-month, core internet"
9046-DQMTP,1,"Mid-life, long contract, phone-only"
6439-LAJXL,3,"New, month-to-month, core internet"
1571-SAVHK,3,"New, month-to-month, core internet"
9052-VKDUW,2,"Loyal, long contract, bundled"
9546-CQJSU,3,"New, month-to-month, core internet"
1666-JZPZT,3,"New, month-to-month, core internet"
5777-KJIRB,3,"New, month-to-month, core internet"
0506-LVNGN,0,"Mid-life, month-to-month, core internet"
7677-SJJJK,1,"Mid-life, long contract, phone-only"
2480-EJWYP,2,"Loyal, long contract, bundled"
3253-HKOKL,2,"Loyal, long contract, bundled"
7055-HNEOJ,3,"New, month-to-month, core internet"
5514-YQENT,2,"Loyal, long contract, bundled"
3211-AAPKX,3,"New, month-to-month, core internet"
8445-DNBAE,3,"New, month-to-month, core internet"
2951-QOQTK,0,"Mid-life, month-to-month, core internet"
2958-NHPPS,1,"Mid-life, long contract, phone-only"
6806-YDEUL,1,"Mid-life, long contract, phone-only"
1735-XMJVH,1,"Mid-life, long contract, phone-only"
6890-PFRQX,3,"New, month-to-month, core internet"
0222-CNVPT,0,"Mid-life, month-to-month, core internet"
5899-OUVKV,3,"New, month-to-month, core internet"
8681-ICONS,1,"Mid-life, long contract, phone-only"
1621-YNCJH,2,"Loyal, long contract, bundled"
3473-XIIIT,3,"New, month-to-month, core internet"
6362-QHAFM,2,"Loyal, long contract, bundled"
7893-IXHRQ,1,"Mid-life, long contract, phone-only"
3070-BDOQC,2,"Loyal, long contract, bundled"
2952-QAYZF,3,"New, month-to-month, core internet"
6234-PFPXL,0,"Mid-life, month-to-month, core internet"
9824-QCJPK,1,"Mid-life, long contract, phone-only"
4763-PGDPO,3,"New, month-to-month, core internet"
4283-IVYCI,3,"New, month-to-month, core internet"
1866-OBPNR,0,"Mid-life, month-to-month, core internet"
8205-MQUGY,3,"New, month-to-month, core internet"
8970-ANWXO,3,"New, month-to-month, core internet"
9480-BQJEI,2,"Loyal, long contract, bundled"
5394-SVGJV,0,"Mid-life, month-to-month, core internet"
6979-TNDEU,1,"Mid-life, long contract, phone-only"
9777-WJJPR,0,"Mid-life, month-to-month, core internet"
9283-LZQOH,0,"Mid-life, month-to-month, core internet"
7079-QRCBC,3,"New, month-to-month, core internet"
9495-SKLKD,0,"Mid-life, month-to-month, core internet"
6048-UWKAL,2,"Loyal, long contract, bundled"
5067-DGXLL,1,"Mid-life, long contract, phone-only"
5469-CTCWN,2,"Loyal, long contract, bundled"
9851-QXEEQ,3,"New, month-to-month, core internet"
6281-FKEWS,3,"New, month-to-month, core internet"
8898-KASCD,3,"New, month-to-month, core internet"
9242-TKFSV,2,"Loyal, long contract, bundled"
9290-SHCMB,3,"New, month-to-month, core internet"
0743-HNPFG,2,"Loyal, long contract, bundled"
2277-BKJKN,2,"Loyal, long contract, bundled"
9809-IMGCQ,3,"New, month-to-month, core internet"
5208-HFSBT,0,"Mid-life, month-to-month, core internet"
5035-PGZXH,2,"Loyal, long contract, bundled"
8695-WDYEA,3,"New, month-to-month, core internet"
6543-JXSOO,3,"New, month-to-month, core internet"
8016-ZMGMO,2,"Loyal, long contract, bundled"
8605-ITULD,1,"Mid-life, long contract, phone-only"
3254-YRILK,3,"New, month-to-month, core internet"
6416-YJTTB,0,"Mid-life, month-to-month, core internet"
2667-WYLWJ,1,"Mid-life, long contract, phone-only"
4472-VESGY,2,"Loyal, long contract, bundled"
3195-TQDZX,1,"Mid-life, long contract, phone-only"
3128-YOVTD,0,"Mid-life, month-to-month, core internet"
0529-ONKER,3,"New, month-to-month, core internet"
1728-CXQBE,2,"Loyal, long contract, bundled"
7041-TXQJH,0,"Mid-life, month-to-month, core internet"
5014-GSOUQ,1,"Mid-life, long contract, phone-only"
5724-BIDBU,3,"New, month-to-month, core internet"
0481-SUMCB,2,"Loyal, long contract, bundled"
1769-GRUIK,3,"New, month-to-month, core internet"
5240-IJOQT,3,"New, month-to-month, core internet"
8819-WFGGJ,2,"Loyal, long contract, bundled"
7427-AUFPY,1,"Mid-life, long contract, phone-only"
2811-POVEX,0,"Mid-life, month-to-month, core internet"
1092-GANHU,3,"New, month-to-month, core internet"
7898-PDWQE,2,"Loyal, long contract, bundled"
9972-EWRJS,1,"Mid-life, long contract, phone-only"
9314-IJWSQ,3,"New, month-to-month, core internet"
0661-XEYAN,3,"New, month-to-month, core internet"
5799-JRCZO,1,"Mid-life, long contract, phone-only"
1921-KYSAY,2,"Loyal, long contract, bundled"
6198-RTPMF,3,"New, month-to-month, core internet"
2924-KHUVI,2,"Loyal, long contract, bundled"
1925-GMVBW,1,"Mid-life, long contract, phone-only"
7881-EVUAD,3,"New, month-to-month, core internet"
6184-DYUOB,1,"Mid-life, long contract, phone-only"
9207-ZPANB,2,"Loyal, long contract, bundled"
5766-XQXMQ,0,"Mid-life, month-to-month, core internet"
9327-QSDED,3,"New, month-to-month, core internet"
1656-DRSMG,2,"Loyal, long contract, bundled"
3012-VFFMN,1,"Mid-life, long contract, phone-only"
2984-AFWNC,3,"New, month-to-month, core internet"
0640-YJTPY,1,"Mid-life, long contract, phone-only"
8096-LOIST,3,"New, month-to-month, core internet"
9764-REAFF,1,"Mid-life, long contract, phone-only"
3703-VAVCL,0,"Mid-life, month-to-month, core internet"
7107-UBYKY,1,"Mid-life, long contract, phone-only"
4881-GQJTW,1,"Mid-life, long contract, phone-only"
8519-QJGJD,3,"New, month-to-month, core internet"
7876-DNYAP,1,"Mid-life, long contract, phone-only"
7905-NJMXS,3,"New, month-to-month, core internet"
2882-WDTBA,2,"Loyal, long contract, bundled"
2091-GPPIQ,2,"Loyal, long contract, bundled"
6326-MTTXK,3,"New, month-to-month, core internet"
5071-FBJFS,3,"New, month-to-month, core internet"
2796-UUZZO,0,"Mid-life, month-to-month, core internet"
2429-AYKKO,1,"Mid-life, long contract, phone-only"
9798-OPFEM,1,"Mid-life, long contract, phone-only"
0330-IVZHA,3,"New, month-to-month, core internet"
3794-NFNCH,3,"New, month-to-month, core internet"
5193-QLVZB,2,"Loyal, long contract, bundled"
7114-AEOZE,1,"Mid-life, long contract, phone-only"
2886-KEFUM,2,"Loyal, long contract, bundled"
5522-NYKPB,3,"New, month-to-month, core internet"
4237-RLAQD,3,"New, month-to-month, core internet"
9957-YODKZ,3,"New, month-to-month, core internet"
6518-KZXCB,1,"Mid-life, long contract, phone-only"
2245-ADZFJ,2,"Loyal, long contract, bundled"
7776-QGYJC,0,"Mid-life, month-to-month, core internet"
9313-QOLTZ,1,"Mid-life, long contract, phone-only"
9651-GTSAQ,2,"Loyal, long contract, bundled"
3186-BAXNB,3,"New, month-to-month, core internet"
4672-FOTSD,3,"New, month-to-month, core internet"
0637-YLETY,0,"Mid-life, month-to-month, core internet"
9818-XQCUV,1,"Mid-life, long contract, phone-only"
7338-ERIVA,0,"Mid-life, month-to-month, core internet"
1157-BQCUW,3,"New, month-to-month, core internet"
8259-NFJTV,3,"New, month-to-month, core internet"
3223-DWFIO,3,"New, month-to-month, core internet"
2660-EMUBI,3,"New, month-to-month, core internet"
6968-GMKPR,3,"New, month-to-month, core internet"
4751-ERMAN,2,"Loyal, long contract, bundled"
1436-ZMJAN,0,"Mid-life, month-to-month, core internet"
3292-PBZEJ,3,"New, month-to-month, core internet"
0799-DDIHE,3,"New, month-to-month, core internet"
3070-FNFZQ,1,"Mid-life, long contract, phone-only"
2812-SFXMJ,1,"Mid-life, long contract, phone-only"
7675-OZCZG,3,"New, month-to-month, core internet"
5014-WUQMG,2,"Loyal, long contract, bundled"
5312-TSZVC,1,"Mid-life, long contract, phone-only"
2003-CKLOR,2,"Loyal, long contract, bundled"
0993-OSGPT,2,"Loyal, long contract, bundled"
9254-RBFON,2,"Loyal, long contract, bundled"
1205-WNWPJ,3,"New, month-to-month, core internet"
9391-EOYLI,3,"New, month-to-month, core internet"
7108-DGVUU,0,"Mid-life, month-to-month, core internet"
2782-JEEBU,3,"New, month-to-month, core internet"
5127-BZENZ,2,"Loyal, long contract, bundled"
2720-FVBQP,0,"Mid-life, month-to-month, core internet"
9906-NHHVC,2,"Loyal, long contract, bundled"
4522-XRWWI,2,"Loyal, long contract, bundled"
3766-EJLFL,2,"Loyal, long contract, bundled"
5939-SXWHM,1,"Mid-life, long contract, phone-only"
8152-UOBNY,2,"Loyal, long contract, bundled"
7351-KYHQH,3,"New, month-to-month, core internet"
7643-RCHXS,1,"Mid-life, long contract, phone-only"
8246-SHFGA,1,"Mid-life, long contract, phone-only"
8387-MOJJT,0,"Mid-life, month-to-month, core internet"
0620-XEFWH,1,"Mid-life, long contract, phone-only"
6485-QXWWE,1,"Mid-life, long contract, phone-only"
2761-OCIAX,3,"New, month-to-month, core internet"
7321-VGNKU,3,"New, month-to-month, core internet"
5327-CNLUQ,2,"Loyal, long contract, bundled"
7552-KEYGT,1,"Mid-life, long contract, phone-only"
5816-JMLGY,2,"Loyal, long contract, bundled"
3068-OMWZA,3,"New, month-to-month, core internet"
2927-QRRQV,2,"Loyal, long contract, bundled"
6032-KRXXO,3,"New, month-to-month, core internet"
7459-RRWQZ,0,"Mid-life, month-to-month, core internet"
6265-SXWBU,2,"Loyal, long contract, bundled"
7941-RCJOW,1,"Mid-life, long contract, phone-only"
6374-NTQLP,2,"Loyal, long contract, bundled"
4154-AQUGT,0,"Mid-life, month-to-month, core internet"
2387-KDZQY,1,"Mid-life, long contract, phone-only"
3584-WKTTW,2,"Loyal, long contract, bundled"
3399-BMLVW,2,"Loyal, long contract, bundled"
1971-DTCZB,2,"Loyal, long contract, bundled"
3092-IGHWF,2,"Loyal, long contract, bundled"
3374-PZLXD,1,"Mid-life, long contract, phone-only"
3813-DHBBB,2,"Loyal, long contract, bundled"
2812-REYAT,1,"Mid-life, long contract, phone-only"
6518-PPLMZ,1,"Mid-life, long contract, phone-only"
4939-KYYPY,3,"New, month-to-month, core internet"
8017-LXHFA,3,"New, month-to-month, core internet"
5930-GBIWP,2,"Loyal, long contract, bundled"
6022-KOUQO,0,"Mid-life, month-to-month, core internet"
6352-TWCAU,3,"New, month-to-month, core internet"
2361-UPSND,2,"Loyal, long contract, bundled"
6035-RIIOM,2,"Loyal, long contract, bundled"
2929-QNSRW,2,"Loyal, long contract, bundled"
1262-OPMFY,0,"Mid-life, month-to-month, core internet"
9504-DSHWM,0,"Mid-life, month-to-month, core internet"
5035-BVCXS,3,"New, month-to-month, core internet"
6267-DCFFZ,3,"New, month-to-month, core internet"
3533-UVMOM,2,"Loyal, long contract, bundled"
2439-LYPMQ,3,"New, month-to-month, core internet"
4248-QPAVC,0,"Mid-life, month-to-month, core internet"
1899-VXWXM,2,"Loyal, long contract, bundled"
1478-VPOAD,3,"New, month-to-month, core internet"
9995-HOTOH,2,"Loyal, long contract, bundled"
2988-PLAHS,3,"New, month-to-month, core internet"
1371-OJCEK,1,"Mid-life, long contract, phone-only"
4999-IEZLT,0,"Mid-life, month-to-month, core internet"
8883-ANODQ,2,"Loyal, long contract, bundled"
4690-LLKUA,3,"New, month-to-month, core internet"
2351-RRBUE,1,"Mid-life, long contract, phone-only"
5980-BDHPY,2,"Loyal, long contract, bundled"
1498-DQNRX,1,"Mid-life, long contract, phone-only"
9469-WEJBT,3,"New, month-to-month, core internet"
3331-HQDTW,2,"Loyal, long contract, bundled"
9490-DFPMD,3,"New, month-to-month, core internet"
2581-VKIRT,2,"Loyal, long contract, bundled"
5442-XSDCW,0,"Mid-life, month-to-month, core internet"
7426-WEIJX,3,"New, month-to-month, core internet"
2851-MMUTZ,3,"New, month-to-month, core internet"
3049-NDXFL,3,"New, month-to-month, core internet"
8580-AECUZ,3,"New, month-to-month, core internet"
3307-TLCUD,3,"New, month-to-month, core internet"
6625-FLENO,1,"Mid-life, long contract, phone-only"
2967-MXRAV,1,"Mid-life, long contract, phone-only"
7963-GQRMY,3,"New, month-to-month, core internet"
8189-HBVRW,3,"New, month-to-month, core internet"
4163-KIUHY,1,"Mid-life, long contract, phone-only"
1228-FZFRV,2,"Loyal, long contract, bundled"
3500-NSDOA,2,"Loyal, long contract, bundled"
1171-TYKUR,1,"Mid-life, long contract, phone-only"
3761-FLYZI,2,"Loyal, long contract, bundled"
2058-DCJBE,3,"New, month-to-month, core internet"
5364-XYIRR,3,"New, month-to-month, core internet"
4829-AUOAX,0,"Mid-life, month-to-month, core internet"
1219-NNDDO,3,"New, month-to-month, core internet"
8388-DMKAE,1,"Mid-life, long contract, phone-only"
4403-BWPAY,1,"Mid-life, long contract, phone-only"
9659-QEQSY,2,"Loyal, long contract, bundled"
5405-ZMYXQ,0,"Mid-life, month-to-month, core internet"
5047-LHVLY,3,"New, month-to-month, core internet"
1442-OKRJE,2,"Loyal, long contract, bundled"
4737-AQCPU,2,"Loyal, long contract, bundled"
9158-VCTQB,2,"Loyal, long contract, bundled"
2808-CHTDM,1,"Mid-life, long contract, phone-only"
6311-UEUME,3,"New, month-to-month, core internet"
0793-TWELN,3,"New, month-to-month, core internet"
3283-WCWXT,1,"Mid-life, long contract, phone-only"
1060-ENTOF,2,"Loyal, long contract, bundled"
0999-QXNSA,3,"New, month-to-month, core internet"
5451-MHQOF,1,"Mid-life, long contract, phone-only"
4836-WNFNO,1,"Mid-life, long contract, phone-only"
9225-BZLNZ,2,"Loyal, long contract, bundled"
0354-VXMJC,1,"Mid-life, long contract, phone-only"
4422-QVIJA,3,"New, month-to-month, core internet"
9365-SRSZE,3,"New, month-to-month, core internet"
6839-ITVZJ,3,"New, month-to-month, core internet"
8332-OSJDW,1,"Mid-life, long contract, phone-only"
4735-BJKOU,1,"Mid-life, long contract, phone-only"
0274-JKUJR,3,"New, month-to-month, core internet"
5740-YHGTW,2,"Loyal, long contract, bundled"
8917-SZTTJ,1,"Mid-life, long contract, phone-only"
1696-MZVAU,0,"Mid-life, month-to-month, core internet"
7359-WWYJV,2,"Loyal, long contract, bundled"
0375-HVGXO,3,"New, month-to-month, core internet"
4906-ZHGPK,2,"Loyal, long contract, bundled"
8593-WHYHV,3,"New, month-to-month, core internet"
3795-GWTRD,2,"Loyal, long contract, bundled"
1298-PHBTI,2,"Loyal, long contract, bundled"
6223-DHJGV,1,"Mid-life, long contract, phone-only"
6961-MJKBO,1,"Mid-life, long contract, phone-only"
6097-EQISJ,2,"Loyal, long contract, bundled"
4423-YLHDV,0,"Mid-life, month-to-month, core internet"
8158-WPEZG,3,"New, month-to-month, core internet"
0107-YHINA,3,"New, month-to-month, core internet"
4918-FYJNT,3,"New, month-to-month, core internet"
0727-BNRLG,2,"Loyal, long contract, bundled"
4854-CIDCF,3,"New, month-to-month, core internet"
8640-SDGKB,3,"New, month-to-month, core internet"
3280-MRDOF,2,"Loyal, long contract, bundled"
6435-SRWBJ,3,"New, month-to-month, core internet"
9964-WBQDJ,1,"Mid-life, long contract, phone-only"
6303-KFWSL,3,"New, month-to-month, core internet"
1702-CCFNJ,0,"Mid-life, month-to-month, core internet"
8932-CZHRQ,2,"Loyal, long contract, bundled"
0386-CWRGM,1,"Mid-life, long contract, phone-only"
5515-RUGKN,0,"Mid-life, month-to-month, core internet"
0404-AHASP,1,"Mid-life, long contract, phone-only"
7279-NMVJC,1,"Mid-life, long contract, phone-only"
2081-VEYEH,3,"New, month-to-month, core internet"
6407-UTSLV,0,"Mid-life, month-to-month, core internet"
4116-TZAQJ,0,"Mid-life, month-to-month, core internet"
9060-HJJRW,2,"Loyal, long contract, bundled"
2587-YNLES,1,"Mid-life, long contract, phone-only"
7398-SKNQZ,3,"New, month-to-month, core internet"
5935-FCCNB,3,"New, month-to-month, core internet"
1958-RNRKS,3,"New, month-to-month, core internet"
5136-RGMZO,3,"New, month-to-month, core internet"
8345-MVDYC,2,"Loyal, long contract, bundled"
8226-BXGES,2,"Loyal, long contract, bundled"
3877-JRJIP,3,"New, month-to-month, core internet"
8375-DKEBR,3,"New, month-to-month, core internet"
9705-IOVQQ,2,"Loyal, long contract, bundled"
1015-OWJKI,1,"Mid-life, long contract, phone-only"
7511-YMXVQ,3,"New, month-to-month, core internet"
2040-XBAVJ,2,"Loyal, long contract, bundled"
7551-JOHTI,1,"Mid-life, long contract, phone-only"
8887-IPQNC,3,"New, month-to-month, core internet"
8646-JCOMS,2,"Loyal, long contract, bundled"
9804-ICWBG,3,"New, month-to-month, core internet"
1222-KJNZD,1,"Mid-life, long contract, phone-only"
0106-GHRQR,0,"Mid-life, month-to-month, core internet"
5318-IXUZF,0,"Mid-life, month-to-month, core internet"
3768-VHXQO,1,"Mid-life, long contract, phone-only"
8952-WCVCD,2,"Loyal, long contract, bundled"
2418-TPEUN,1,"Mid-life, long contract, phone-only"
3963-RYFNS,2,"Loyal, long contract, bundled"
3198-VELRD,0,"Mid-life, month-to-month, core internet"
8540-ZQGEA,1,"Mid-life, long contract, phone-only"
1320-REHCS,2,"Loyal, long contract, bundled"
4137-JOPHL,2,"Loyal, long contract, bundled"
9436-ZBZCT,3,"New, month-to-month, core internet"
7801-CEDNV,0,"Mid-life, month-to-month, core internet"
2057-BOYKM,2,"Loyal, long contract, bundled"
3658-QQJYD,2,"Loyal, long contract, bundled"
1803-BGNBD,3,"New, month-to-month, core internet"
0134-XWXCE,2,"Loyal, long contract, bundled"
6950-TWMYB,2,"Loyal, long contract, bundled"
5848-FHRFC,1,"Mid-life, long contract, phone-only"
2243-FNMMI,1,"Mid-life, long contract, phone-only"
2511-MORQY,0,"Mid-life, month-to-month, core internet"
5356-KZCKT,1,"Mid-life, long contract, phone-only"
9470-XCCEM,0,"Mid-life, month-to-month, core internet"
6519-CFDBX,3,"New, month-to-month, core internet"
3902-MIVLE,2,"Loyal, long contract, bundled"
0409-WTMPL,2,"Loyal, long contract, bundled"
8763-KIAFH,1,"Mid-life, long contract, phone-only"
3669-WHAFY,2,"Loyal, long contract, bundled"
3055-VTCGS,0,"Mid-life, month-to-month, core internet"
3144-KMTWZ,2,"Loyal, long contract, bundled"
7279-BUYWN,2,"Loyal, long contract, bundled"
7156-MHUGY,3,"New, month-to-month, core internet"
7198-GLXTC,3,"New, month-to-month, core internet"
2007-QVGAW,1,"Mid-life, long contract, phone-only"
5207-PLSTK,3,"New, month-to-month, core internet"
2307-FYNNL,2,"Loyal, long contract, bundled"
5605-XNWEN,1,"Mid-life, long contract, phone-only"
2155-AMQRX,0,"Mid-life, month-to-month, core internet"
6181-AXXYF,1,"Mid-life, long contract, phone-only"
5091-HFAZW,3,"New, month-to-month, core internet"
0516-VRYBW,1,"Mid-life, long contract, phone-only"
2519-LBNQL,2,"Loyal, long contract, bundled"
8623-ULFNQ,3,"New, month-to-month, core internet"
8380-PEFPE,3,"New, month-to-month, core internet"
5687-DKDTV,1,"Mid-life, long contract, phone-only"
1568-LJSZU,2,"Loyal, long contract, bundled"
7530-HDYDS,0,"Mid-life, month-to-month, core internet"
7789-HKSBS,2,"Loyal, long contract, bundled"
7416-CKTEP,1,"Mid-life, long contract, phone-only"
2586-CWXVV,3,"New, month-to-month, core internet"
3096-IZETN,0,"Mid-life, month-to-month, core internet"
2348-KCJLT,2,"Loyal, long contract, bundled"
8401-EMUWF,0,"Mid-life, month-to-month, core internet"
4193-IBKSW,1,"Mid-life, long contract, phone-only"
5377-NDTOU,2,"Loyal, long contract, bundled"
5922-ABDVO,3,"New, month-to-month, core internet"
2474-LCNUE,0,"Mid-life, month-to-month, core internet"
0839-QNXME,1,"Mid-life, long contract, phone-only"
3506-OVLKD,1,"Mid-life, long contract, phone-only"
9172-ANCRX,3,"New, month-to-month, core internet"
6650-VJONK,0,"Mid-life, month-to-month, core internet"
2178-PMGCJ,3,"New, month-to-month, core internet"
7492-TAFJD,3,"New, month-to-month, core internet"
2773-MADBQ,2,"Loyal, long contract, bundled"
6016-LVTJQ,1,"Mid-life, long contract, phone-only"
7860-KSUGX,2,"Loyal, long contract, bundled"
8966-KZXXA,1,"Mid-life, long contract, phone-only"
6910-HADCM,3,"New, month-to-month, core internet"
4816-LXZYW,3,"New, month-to-month, core internet"
9606-PBKBQ,3,"New, month-to-month, core internet"
5149-QYTTU,2,"Loyal, long contract, bundled"
2070-XYMFH,3,"New, month-to-month, core internet"
2085-BOJKI,0,"Mid-life, month-to-month, core internet"
0817-HSUSE,3,"New, month-to-month, core internet"
5442-PPTJY,1,"Mid-life, long contract, phone-only"
1927-QEWMY,1,"Mid-life, long contract, phone-only"
1663-MHLHE,1,"Mid-life, long contract, phone-only"
5663-QBGIS,2,"Loyal, long contract, bundled"
4450-MDZFX,0,"Mid-life, month-to-month, core internet"
6701-DHKWQ,2,"Loyal, long contract, bundled"
7554-AKDQF,3,"New, month-to-month, core internet"
3536-IQCTX,3,"New, month-to-month, core internet"
4911-BANWH,0,"Mid-life, month-to-month, core internet"
8496-EJAUI,0,"Mid-life, month-to-month, core internet"
0794-YVSGE,1,"Mid-life, long contract, phone-only"
5423-BHIXO,3,"New, month-to-month, core internet"
6908-VVYHM,3,"New, month-to-month, core internet"
2959-EEXWB,0,"Mid-life, month-to-month, core internet"
1839-UMACK,1,"Mid-life, long contract, phone-only"
3030-YDNRM,3,"New, month-to-month, core internet"
7321-KKSDU,1,"Mid-life, long contract, phone-only"
3402-XRIUO,3,"New, month-to-month, core internet"
3132-TVFDZ,3,"New, month-to-month, core internet"
8286-AFUYI,3,"New, month-to-month, core internet"
8080-DDEMJ,3,"New, month-to-month, core internet"
8356-WUAOJ,3,"New, month-to-month, core internet"
6365-MTGZX,3,"New, month-to-month, core internet"
1349-WXNGG,1,"Mid-life, long contract, phone-only"
8058-DMYRU,3,"New, month-to-month, core internet"
9350-ZXYJC,1,"Mid-life, long contract, phone-only"
6990-YNRIO,2,"Loyal, long contract, bundled"
8958-JPTRR,1,"Mid-life, long contract, phone-only"
6959-GQEGV,3,"New, month-to-month, core internet"
3173-WSSUE,1,"Mid-life, long contract, phone-only"
1265-HVPZB,2,"Loyal, long contract, bundled"
4115-UMJFQ,0,"Mid-life, month-to-month, core internet"
7369-TRPFD,1,"Mid-life, long contract, phone-only"
1098-KFQEC,1,"Mid-life, long contract, phone-only"
7190-XHTWJ,1,"Mid-life, long contract, phone-only"
0621-TWIEM,3,"New, month-to-month, core internet"
3537-RYBHH,0,"Mid-life, month-to-month, core internet"
2485-ITVKB,3,"New, month-to-month, core internet"
3669-OYSJI,0,"Mid-life, month-to-month, core internet"
1612-EOHDH,3,"New, month-to-month, core internet"
6702-OHFWR,3,"New, month-to-month, core internet"
5296-BFCYD,1,"Mid-life, long contract, phone-only"
4510-PYUSH,0,"Mid-life, month-to-month, core internet"
9359-JANWS,2,"Loyal, long contract, bundled"
7517-SAWMO,3,"New, month-to-month, core internet"
4143-HHPMK,3,"New, month-to-month, core internet"
3279-DYZQM,1,"Mid-life, long contract, phone-only"
7054-LGEQW,3,"New, month-to-month, core internet"
0523-VNGTF,3,"New, month-to-month, core internet"
9575-IWCAZ,1,"Mid-life, long contract, phone-only"
7105-MXJLL,3,"New, month-to-month, core internet"
7064-FRRSW,2,"Loyal, long contract, bundled"
7940-UQQUG,2,"Loyal, long contract, bundled"
0923-PNFUB,3,"New, month-to-month, core internet"
3961-SXAXY,0,"Mid-life, month-to-month, core internet"
7010-BRBUU,1,"Mid-life, long contract, phone-only"
3566-HJGPK,3,"New, month-to-month, core internet"
3062-ICYZQ,3,"New, month-to-month, core internet"
9938-PRCVK,1,"Mid-life, long contract, phone-only"
0973-KYVNF,2,"Loyal, long contract, bundled"
5129-HHMZC,2,"Loyal, long contract, bundled"
9637-CDTKZ,2,"Loyal, long contract, bundled"
3946-JEWRQ,2,"Loyal, long contract, bundled"
7873-CVMAW,2,"Loyal, long contract, bundled"
0463-WZZKO,1,"Mid-life, long contract, phone-only"
3494-JCHRQ,3,"New, month-to-month, core internet"
6474-FVJLC,3,"New, month-to-month, core internet"
4524-QCSSM,0,"Mid-life, month-to-month, core internet"
5832-EXGTT,3,"New, month-to-month, core internet"
8840-DQLGN,0,"Mid-life, month-to-month, core internet"
2039-JONDJ,0,"Mid-life, month-to-month, core internet"
7217-JYHOQ,0,"Mid-life, month-to-month, core internet"
6695-FRVEC,2,"Loyal, long contract, bundled"
4547-LYTDD,3,"New, month-to-month, core internet"
9894-QMIMJ,0,"Mid-life, month-to-month, core internet"
8069-YQQAJ,3,"New, month-to-month, core internet"
6770-XUAGN,1,"Mid-life, long contract, phone-only"
4193-ORFCL,3,"New, month-to-month, core internet"
1636-NTNCO,0,"Mid-life, month-to-month, core internet"
3466-WAESX,3,"New, month-to-month, core internet"
9281-PKKZE,3,"New, month-to-month, core internet"
3638-VBZTA,2,"Loyal, long contract, bundled"
7459-IMVYU,3,"New, month-to-month, core internet"
7776-QWNFX,0,"Mid-life, month-to-month, core internet"
6689-TCZHQ,3,"New, month-to-month, core internet"
8563-OYMQY,0,"Mid-life, month-to-month, core internet"
0754-EEBDC,1,"Mid-life, long contract, phone-only"
5777-ZPQNC,1,"Mid-life, long contract, phone-only"
1951-IEYXM,2,"Loyal, long contract, bundled"
3318-NMQXL,3,"New, month-to-month, core internet"
3143-ILDAL,3,"New, month-to-month, core internet"
1022-RKXDR,1,"Mid-life, long contract, phone-only"
2361-FJWNO,0,"Mid-life, month-to-month, core internet"
2272-UOINI,3,"New, month-to-month, core internet"
8232-UTFOZ,1,"Mid-life, long contract, phone-only"
3750-YHRYO,1,"Mid-life, long contract, phone-only"
6637-KYRCV,3,"New, month-to-month, core internet"
5668-MEISB,2,"Loyal, long contract, bundled"
0129-QMPDR,1,"Mid-life, long contract, phone-only"
7188-CBBBA,2,"Loyal, long contract, bundled"
5356-CSVSQ,3,"New, month-to-month, core internet"
3221-CJMSG,0,"Mid-life, month-to-month, core internet"
4720-VSTSI,0,"Mid-life, month-to-month, core internet"
3219-JQRSL,2,"Loyal, long contract, bundled"
2801-NISEI,3,"New, month-to-month, core internet"
3946-MHCZW,3,"New, month-to-month, core internet"
4623-ZKHLY,1,"Mid-life, long contract, phone-only"
6732-VAILE,2,"Loyal, long contract, bundled"
8201-AAXCB,3,"New, month-to-month, core internet"
7696-CFTAT,1,"Mid-life, long contract, phone-only"
1845-CSBRZ,0,"Mid-life, month-to-month, core internet"
2123-VSCOT,2,"Loyal, long contract, bundled"
6651-AZVTJ,3,"New, month-to-month, core internet"
4566-GOLUK,2,"Loyal, long contract, bundled"
2484-DGXPZ,1,"Mid-life, long contract, phone-only"
2018-QKYGT,3,"New, month-to-month, core internet"
2792-VPPET,1,"Mid-life, long contract, phone-only"
7409-JURKQ,2,"Loyal, long contract, bundled"
3247-MHJKM,1,"Mid-life, long contract, phone-only"
1964-SVLEA,1,"Mid-life, long contract, phone-only"
4587-NUKOX,3,"New, month-to-month, core internet"
7297-DVYGA,1,"Mid-life, long contract, phone-only"
2239-CGBUZ,2,"Loyal, long contract, bundled"
0854-UYHZD,1,"Mid-life, long contract, phone-only"
7243-LCGGZ,1,"Mid-life, long contract, phone-only"
8267-KFGYD,1,"Mid-life, long contract, phone-only"
4890-VMUAV,2,"Loyal, long contract, bundled"
9261-WDCAF,3,"New, month-to-month, core internet"
3764-MNMOI,1,"Mid-life, long contract, phone-only"
7442-YGZFK,0,"Mid-life, month-to-month, core internet"
0420-BWTPW,3,"New, month-to-month, core internet"
8229-BUJHX,1,"Mid-life, long contract, phone-only"
7449-HVPIV,0,"Mid-life, month-to-month, core internet"
5504-WSIUR,2,"Loyal, long contract, bundled"
8183-ONMXC,3,"New, month-to-month, core internet"
8466-PZBLH,2,"Loyal, long contract, bundled"
9614-RMGHA,0,"Mid-life, month-to-month, core internet"
8735-IJJEG,0,"Mid-life, month-to-month, core internet"
0564-MUUQK,0,"Mid-life, month-to-month, core internet"
5054-IEXZT,3,"New, month-to-month, core internet"
5834-ASPWA,3,"New, month-to-month, core internet"
0701-RFGFI,0,"Mid-life, month-to-month, core internet"
0019-EFAEP,2,"Loyal, long contract, bundled"
5619-PTMIK,3,"New, month-to-month, core internet"
3737-XBQDD,0,"Mid-life, month-to-month, core internet"
5882-CMAZQ,3,"New, month-to-month, core internet"
5846-QFDFI,0,"Mid-life, month-to-month, core internet"
4445-KWOKW,0,"Mid-life, month-to-month, core internet"
3511-APPBJ,2,"Loyal, long contract, bundled"
7967-HYCDE,0,"Mid-life, month-to-month, core internet"
2430-RRYUW,2,"Loyal, long contract, bundled"
3948-XHGNA,0,"Mid-life, month-to-month, core internet"
3723-BFBGR,0,"Mid-life, month-to-month, core internet"
0565-IYCGT,2,"Loyal, long contract, bundled"
5447-WZAFP,2,"Loyal, long contract, bundled"
5110-CHOPY,2,"Loyal, long contract, bundled"
5445-UTODQ,3,"New, month-to-month, core internet"
4425-OWHWB,1,"Mid-life, long contract, phone-only"
7892-QVYKW,3,"New, month-to-month, core internet"
9675-ICXCT,2,"Loyal, long contract, bundled"
1024-VRZHF,3,"New, month-to-month, core internet"
4703-MQYKT,1,"Mid-life, long contract, phone-only"
9497-QCMMS,3,"New, month-to-month, core internet"
5692-ICXLW,3,"New, month-to-month, core internet"
0602-DDUML,2,"Loyal, long contract, bundled"
2208-MPXIO,1,"Mid-life, long contract, phone-only"
1960-UYCNN,3,"New, month-to-month, core internet"
0348-SDKOL,2,"Loyal, long contract, bundled"
3190-FZATL,1,"Mid-life, long contract, phone-only"
7336-RLLRH,2,"Loyal, long contract, bundled"
4373-MAVJG,0,"Mid-life, month-to-month, core internet"
8901-HJXTF,3,"New, month-to-month, core internet"
7710-JSYOA,2,"Loyal, long contract, bundled"
5419-KLXBN,0,"Mid-life, month-to-month, core internet"
3424-NMNBO,2,"Loyal, long contract, bundled"
9885-MFVSU,0,"Mid-life, month-to-month, core internet"
4514-GFCFI,3,"New, month-to-month, core internet"
0607-MVMGC,2,"Loyal, long contract, bundled"
3365-SAIGS,3,"New, month-to-month, core internet"
9828-AOQLM,3,"New, month-to-month, core internet"
8022-BECSI,1,"Mid-life, long contract, phone-only"
8000-REIQB,3,"New, month-to-month, core internet"
9993-LHIEB,2,"Loyal, long contract, bundled"
0266-CLZKZ,2,"Loyal, long contract, bundled"
7615-ESMYF,3,"New, month-to-month, core internet"
3858-VOBET,3,"New, month-to-month, core internet"
7020-OZKXZ,0,"Mid-life, month-to-month, core internet"
3977-QCRSL,1,"Mid-life, long contract, phone-only"
0017-DINOC,2,"Loyal, long contract, bundled"
1447-PJGGA,2,"Loyal, long contract, bundled"
8565-CLBZW,3,"New, month-to-month, core internet"
9139-WQQDY,2,"Loyal, long contract, bundled"
0224-HJAPT,3,"New, month-to-month, core internet"
8086-OVPWV,3,"New, month-to-month, core internet"
9430-FRQOC,3,"New, month-to-month, core internet"
7639-OPLNG,2,"Loyal, long contract, bundled"
3074-GQWYX,0,"Mid-life, month-to-month, core internet"
1492-QGCLU,2,"Loyal, long contract, bundled"
6845-RGTYS,2,"Loyal, long contract, bundled"
7328-OWMOM,1,"Mid-life, long contract, phone-only"
4418-LZMSV,0,"Mid-life, month-to-month, core internet"
5155-AZQPB,3,"New, month-to-month, core internet"
8861-HGGKB,3,"New, month-to-month, core internet"
1087-GRUYI,1,"Mid-life, long contract, phone-only"
7065-YUNRY,3,"New, month-to-month, core internet"
7694-VLBWQ,2,"Loyal, long contract, bundled"
2546-KZAAT,2,"Loyal, long contract, bundled"
0181-RITDD,2,"Loyal, long contract, bundled"
5989-PGKJB,3,"New, month-to-month, core internet"
4795-KTRTH,3,"New, month-to-month, core internet"
8272-ONJLV,3,"New, month-to-month, core internet"
1488-PBLJN,2,"Loyal, long contract, bundled"
0308-GIQJT,2,"Loyal, long contract, bundled"
3778-FOAQW,1,"Mid-life, long contract, phone-only"
4452-ROHMO,1,"Mid-life, long contract, phone-only"
6481-OGDOO,2,"Loyal, long contract, bundled"
3090-LETTY,0,"Mid-life, month-to-month, core internet"
5349-AZPEW,3,"New, month-to-month, core internet"
3753-TSEMP,3,"New, month-to-month, core internet"
8305-VHZBZ,1,"Mid-life, long contract, phone-only"
9720-JJJOR,0,"Mid-life, month-to-month, core internet"
8100-HZZLJ,3,"New, month-to-month, core internet"
8775-ERLNB,3,"New, month-to-month, core internet"
8309-IEYJD,3,"New, month-to-month, core internet"
9172-JITSM,3,"New, month-to-month, core internet"
6298-QDFNH,3,"New, month-to-month, core internet"
7398-HPYZQ,2,"Loyal, long contract, bundled"
3546-GHEAE,1,"Mid-life, long contract, phone-only"
7361-YPXFS,0,"Mid-life, month-to-month, core internet"
6557-BZXLQ,3,"New, month-to-month, core internet"
2550-QHZGP,1,"Mid-life, long contract, phone-only"
7519-JTWQH,2,"Loyal, long contract, bundled"
2538-OIMXF,3,"New, month-to-month, core internet"
8543-MSDMF,3,"New, month-to-month, core internet"
9961-JBNMK,0,"Mid-life, month-to-month, core internet"
1170-SASML,0,"Mid-life, month-to-month, core internet"
4872-JCVCA,2,"Loyal, long contract, bundled"
5346-BZCHP,1,"Mid-life, long contract, phone-only"
2038-LLMLM,2,"Loyal, long contract, bundled"
6173-ITPWD,0,"Mid-life, month-to-month, core internet"
9734-UYXQI,3,"New, month-to-month, core internet"
1216-BGTSP,2,"Loyal, long contract, bundled"
4138-NAXED,0,"Mid-life, month-to-month, core internet"
2189-UXTKY,3,"New, month-to-month, core internet"
0744-BIKKF,2,"Loyal, long contract, bundled"
7483-IQWIB,3,"New, month-to-month, core internet"
5248-KWLAR,2,"Loyal, long contract, bundled"
4958-GZWIY,3,"New, month-to-month, core internet"
7996-MHXLW,1,"Mid-life, long contract, phone-only"
7833-PKIHD,2,"Loyal, long contract, bundled"
7061-OVMIM,1,"Mid-life, long contract, phone-only"
5153-RTHKF,3,"New, month-to-month, core internet"
1852-QSWCD,1,"Mid-life, long contract, phone-only"
4832-VRBMR,2,"Loyal, long contract, bundled"
9079-LWTFD,2,"Loyal, long contract, bundled"
6356-ELRKD,3,"New, month-to-month, core internet"
8624-GIOUT,0,"Mid-life, month-to-month, core internet"
3392-EHMNK,2,"Loyal, long contract, bundled"
5986-WWXDV,1,"Mid-life, long contract, phone-only"
3061-BCKYI,1,"Mid-life, long contract, phone-only"
6179-GJPSO,2,"Loyal, long contract, bundled"
7901-TBKJX,3,"New, month-to-month, core internet"
7228-PAQPD,0,"Mid-life, month-to-month, core internet"
3177-LASXD,3,"New, month-to-month, core internet"
7746-QYVCO,3,"New, month-to-month, core internet"
5804-HYIEZ,2,"Loyal, long contract, bundled"
9919-FZDED,2,"Loyal, long contract, bundled"
5934-TSSAU,0,"Mid-life, month-to-month, core internet"
3486-KHMLI,1,"Mid-life, long contract, phone-only"
4897-QSUYC,1,"Mid-life, long contract, phone-only"
1084-UQCHV,0,"Mid-life, month-to-month, core internet"
8290-YWKHZ,3,"New, month-to-month, core internet"
2955-BJZHG,3,"New, month-to-month, core internet"
3806-DXQOM,3,"New, month-to-month, core internet"
6784-XYJAE,3,"New, month-to-month, core internet"
3933-DQPWX,2,"Loyal, long contract, bundled"
6661-EIPZC,0,"Mid-life, month-to-month, core internet"
8957-THMOA,1,"Mid-life, long contract, phone-only"
2251-PYLPB,2,"Loyal, long contract, bundled"
5555-RNPGT,1,"Mid-life, long contract, phone-only"
1057-FOGLZ,1,"Mid-life, long contract, phone-only"
9300-RENDD,3,"New, month-to-month, core internet"
0761-AETCS,1,"Mid-life, long contract, phone-only"
8087-LGYHQ,3,"New, month-to-month, core internet"
4137-BTIKL,3,"New, month-to-month, core internet"
2190-BCXEC,0,"Mid-life, month-to-month, core internet"
6227-FBDXH,2,"Loyal, long contract, bundled"
2153-MREFK,2,"Loyal, long contract, bundled"
2911-WDXMV,0,"Mid-life, month-to-month, core internet"
7206-PQBBZ,3,"New, month-to-month, core internet"
3106-ULWFW,0,"Mid-life, month-to-month, core internet"
0925-VYDLG,3,"New, month-to-month, core internet"
4547-FZJWE,0,"Mid-life, month-to-month, core internet"
7422-WNBTY,3,"New, month-to-month, core internet"
0842-IWYCP,0,"Mid-life, month-to-month, core internet"
3521-HTQTV,1,"Mid-life, long contract, phone-only"
3744-ZBHON,1,"Mid-life, long contract, phone-only"
3373-DIUUN,1,"Mid-life, long contract, phone-only"
8383-SGHJU,3,"New, month-to-month, core internet"
7607-QKKTJ,2,"Loyal, long contract, bundled"
7707-PYBBH,3,"New, month-to-month, core internet"
8984-HPEMB,2,"Loyal, long contract, bundled"
4349-GFQHK,3,"New, month-to-month, core internet"
4139-DETXS,2,"Loyal, long contract, bundled"
9779-DPNEJ,3,"New, month-to-month, core internet"
9805-FILKB,1,"Mid-life, long contract, phone-only"
5793-YOLJN,1,"Mid-life, long contract, phone-only"
0673-IGUQO,1,"Mid-life, long contract, phone-only"
4123-FCVCB,3,"New, month-to-month, core internet"
8819-IMISP,3,"New, month-to-month, core internet"
7802-EFKNY,3,"New, month-to-month, core internet"
8311-UEUAB,2,"Loyal, long contract, bundled"
5858-EAFCZ,3,"New, month-to-month, core internet"
8035-BUYVG,3,"New, month-to-month, core internet"
1163-ONYEY,0,"Mid-life, month-to-month, core internet"
9787-XVQIU,3,"New, month-to-month, core internet"
8945-MUQUF,2,"Loyal, long contract, bundled"
5656-MJEFC,2,"Loyal, long contract, bundled"
6082-OQFBA,1,"Mid-life, long contract, phone-only"
8051-HJRLT,3,"New, month-to-month, core internet"
8974-OVACP,1,"Mid-life, long contract, phone-only"
4010-YLMVT,2,"Loyal, long contract, bundled"
1379-FRVEB,3,"New, month-to-month, core internet"
8612-GXIDD,1,"Mid-life, long contract, phone-only"
6288-CHQJB,2,"Loyal, long contract, bundled"
8160-HOWOX,3,"New, month-to-month, core internet"
3023-GFLBR,0,"Mid-life, month-to-month, core internet"
6648-INWPS,1,"Mid-life, long contract, phone-only"
4223-BKEOR,3,"New, month-to-month, core internet"
4079-VTGLK,2,"Loyal, long contract, bundled"
1763-WQFUK,3,"New, month-to-month, core internet"
1391-UBDAR,3,"New, month-to-month, core internet"
8894-JVDCV,2,"Loyal, long contract, bundled"
2023-VQFDL,1,"Mid-life, long contract, phone-only"
1345-GKDZZ,1,"Mid-life, long contract, phone-only"
2014-MKGMH,2,"Loyal, long contract, bundled"
5628-FCGYG,3,"New, month-to-month, core internet"
2560-WBWXF,1,"Mid-life, long contract, phone-only"
0248-IPDFW,3,"New, month-to-month, core internet"
7978-DKUQH,3,"New, month-to-month, core internet"
4335-UPJSI,1,"Mid-life, long contract, phone-only"
0524-IAVZO,3,"New, month-to-month, core internet"
2737-YNGYW,3,"New, month-to-month, core internet"
1784-EZDKJ,2,"Loyal, long contract, bundled"
9297-FVVDH,2,"Loyal, long contract, bundled"
8007-YYPWD,1,"Mid-life, long contract, phone-only"
7101-HRBLJ,2,"Loyal, long contract, bundled"
5159-YFPKQ,3,"New, month-to-month, core internet"
6635-CPNUN,0,"Mid-life, month-to-month, core internet"
4021-RQSNY,3,"New, month-to-month, core internet"
5453-YBTWV,2,"Loyal, long contract, bundled"
5039-LZRQT,1,"Mid-life, long contract, phone-only"
2931-VUVJN,2,"Loyal, long contract, bundled"
9061-TIHDA,3,"New, month-to-month, core internet"
8699-ASUFO,3,"New, month-to-month, core internet"
6418-PIQSP,2,"Loyal, long contract, bundled"
8220-OCUFY,3,"New, month-to-month, core internet"
3995-WFCSM,3,"New, month-to-month, core internet"
1895-QTKDO,0,"Mid-life, month-to-month, core internet"
2038-OEQZH,3,"New, month-to-month, core internet"
1178-PZGAB,1,"Mid-life, long contract, phone-only"
7927-AUXBZ,3,"New, month-to-month, core internet"
2626-VEEWG,1,"Mid-life, long contract, phone-only"
2878-RMWXY,2,"Loyal, long contract, bundled"
1657-DYMBM,1,"Mid-life, long contract, phone-only"
7311-MQJCH,1,"Mid-life, long contract, phone-only"
7375-WMVMT,2,"Loyal, long contract, bundled"
1136-XGEQU,2,"Loyal, long contract, bundled"
2530-FMFXO,2,"Loyal, long contract, bundled"
6844-DZKRF,0,"Mid-life, month-to-month, core internet"
4695-WJZUE,3,"New, month-to-month, core internet"
7619-ODSGN,3,"New, month-to-month, core internet"
5970-GHJAW,1,"Mid-life, long contract, phone-only"
8879-XUAHX,2,"Loyal, long contract, bundled"
3689-MOZGR,3,"New, month-to-month, core internet"
4195-PNGZS,1,"Mid-life, long contract, phone-only"
5003-XZWWO,2,"Loyal, long contract, bundled"
3988-RQIXO,3,"New, month-to-month, core internet"
7622-FWGEW,2,"Loyal, long contract, bundled"
6922-NCEDI,1,"Mid-life, long contract, phone-only"
2514-GINMM,3,"New, month-to-month, core internet"
9891-NQDBD,1,"Mid-life, long contract, phone-only"
6131-IUNXN,1,"Mid-life, long contract, phone-only"
8548-AWOFC,3,"New, month-to-month, core internet"
9798-DRYDS,3,"New, month-to-month, core internet"
8532-UEFWH,1,"Mid-life, long contract, phone-only"
6296-DDOOR,3,"New, month-to-month, core internet"
7951-VRDVK,2,"Loyal, long contract, bundled"
5931-FLJJF,3,"New, month-to-month, core internet"
4815-YOSUK,2,"Loyal, long contract, bundled"
2659-VXMWZ,2,"Loyal, long contract, bundled"
0380-NEAVX,2,"Loyal, long contract, bundled"
3207-OYBWH,0,"Mid-life, month-to-month, core internet"
4285-GYRQC,3,"New, month-to-month, core internet"
7216-EWTRS,3,"New, month-to-month, core internet"
4365-MSDYN,1,"Mid-life, long contract, phone-only"
7036-TYDEC,2,"Loyal, long contract, bundled"
5802-ADBRC,2,"Loyal, long contract, bundled"
8076-FEZKJ,1,"Mid-life, long contract, phone-only"
5197-YPYBZ,1,"Mid-life, long contract, phone-only"
8337-MSSXB,3,"New, month-to-month, core internet"
4312-GVYNH,2,"Loyal, long contract, bundled"
8495-LJDFO,2,"Loyal, long contract, bundled"
0839-JTCUD,2,"Loyal, long contract, bundled"
5494-WOZRZ,2,"Loyal, long contract, bundled"
1302-UHBDD,3,"New, month-to-month, core internet"
2234-EOFPT,2,"Loyal, long contract, bundled"
8619-IJNDK,2,"Loyal, long contract, bundled"
8378-LKJAF,0,"Mid-life, month-to-month, core internet"
8182-BJDSI,3,"New, month-to-month, core internet"
2528-HFYZX,3,"New, month-to-month, core internet"
1153-GNOLC,3,"New, month-to-month, core internet"
3298-QEICA,3,"New, month-to-month, core internet"
0788-DXBFY,1,"Mid-life, long contract, phone-only"
3597-YASZG,2,"Loyal, long contract, bundled"
3496-LFSZU,3,"New, month-to-month, core internet"
5242-UOWHD,1,"Mid-life, long contract, phone-only"
2482-CZGBB,3,"New, month-to-month, core internet"
6479-SZPLM,1,"Mid-life, long contract, phone-only"
8097-VBQTZ,3,"New, month-to-month, core internet"
4500-HKANN,3,"New, month-to-month, core internet"
9917-KWRBE,2,"Loyal, long contract, bundled"
3420-ZDBMA,3,"New, month-to-month, core internet"
2212-LYASK,0,"Mid-life, month-to-month, core internet"
1393-IMKZG,3,"New, month-to-month, core internet"
8069-RHUXK,2,"Loyal, long contract, bundled"
3398-GCPMU,2,"Loyal, long contract, bundled"
2908-WGAXL,1,"Mid-life, long contract, phone-only"
3378-AJRAO,1,"Mid-life, long contract, phone-only"
1013-QCWAM,2,"Loyal, long contract, bundled"
0866-QLSIR,2,"Loyal, long contract, bundled"
6050-FFXES,2,"Loyal, long contract, bundled"
7181-BQYBV,3,"New, month-to-month, core internet"
0362-RAOQO,1,"Mid-life, long contract, phone-only"
9554-DFKIC,0,"Mid-life, month-to-month, core internet"
5527-ACHSO,3,"New, month-to-month, core internet"
0829-DDVLK,1,"Mid-life, long contract, phone-only"
1399-UBQIU,3,"New, month-to-month, core internet"
1813-JLKWR,1,"Mid-life, long contract, phone-only"
0336-PIKEI,2,"Loyal, long contract, bundled"
7322-OCWHC,2,"Loyal, long contract, bundled"
9537-VHDTA,3,"New, month-to-month, core internet"
4957-TIALW,0,"Mid-life, month-to-month, core internet"
2054-PJOCK,2,"Loyal, long contract, bundled"
9150-HEPMB,3,"New, month-to-month, core internet"
9030-QGZNL,1,"Mid-life, long contract, phone-only"
6204-IEUXJ,0,"Mid-life, month-to-month, core internet"
3126-WQMGH,0,"Mid-life, month-to-month, core internet"
4529-CKBCL,3,"New, month-to-month, core internet"
2506-CLAKW,0,"Mid-life, month-to-month, core internet"
7176-WRTNX,2,"Loyal, long contract, bundled"
1583-IHQZE,3,"New, month-to-month, core internet"
5732-IKGQH,2,"Loyal, long contract, bundled"
9239-GZHZE,2,"Loyal, long contract, bundled"
7205-BAIAD,1,"Mid-life, long contract, phone-only"
0151-ONTOV,3,"New, month-to-month, core internet"
4140-MUHUG,3,"New, month-to-month, core internet"
0093-EXYQL,3,"New, month-to-month, core internet"
8064-RAVOH,3,"New, month-to-month, core internet"
0219-QAERP,1,"Mid-life, long contract, phone-only"
0320-JDNQG,3,"New, month-to-month, core internet"
7180-PISOG,3,"New, month-to-month, core internet"
9168-INPSZ,2,"Loyal, long contract, bundled"
3571-RFHAR,2,"Loyal, long contract, bundled"
0015-UOCOJ,3,"New, month-to-month, core internet"
5334-AFQJB,1,"Mid-life, long contract, phone-only"
2754-SDJRD,0,"Mid-life, month-to-month, core internet"
9578-VRMNM,0,"Mid-life, month-to-month, core internet"
1587-FKLZB,2,"Loyal, long contract, bundled"
6140-QNRQQ,3,"New, month-to-month, core internet"
8963-JLGJT,3,"New, month-to-month, core internet"
4307-KTUMW,3,"New, month-to-month, core internet"
1465-LNTLJ,0,"Mid-life, month-to-month, core internet"
5440-FLBQG,2,"Loyal, long contract, bundled"
2135-DQWAQ,3,"New, month-to-month, core internet"
4056-QHXHZ,2,"Loyal, long contract, bundled"
7470-MCQTK,0,"Mid-life, month-to-month, core internet"
7488-MXJIV,3,"New, month-to-month, core internet"
7401-JIXNM,2,"Loyal, long contract, bundled"
9339-FIIJL,2,"Loyal, long contract, bundled"
2027-FECZV,3,"New, month-to-month, core internet"
2672-DZUOY,3,"New, month-to-month, core internet"
4706-DGAHW,3,"New, month-to-month, core internet"
3870-MQAMG,2,"Loyal, long contract, bundled"
6670-MFRPK,2,"Loyal, long contract, bundled"
6177-PEVRA,0,"Mid-life, month-to-month, core internet"
4800-CZMPC,2,"Loyal, long contract, bundled"
4813-HQMGZ,3,"New, month-to-month, core internet"
7579-KKLOE,2,"Loyal, long contract, bundled"
7377-DMMRI,3,"New, month-to-month, core internet"
8402-EIVQS,2,"Loyal, long contract, bundled"
4947-DSMXK,0,"Mid-life, month-to-month, core internet"
7245-NIIWQ,3,"New, month-to-month, core internet"
0002-ORFBO,3,"New, month-to-month, core internet"
3324-OIRTO,2,"Loyal, long contract, bundled"
5414-OFQCB,2,"Loyal, long contract, bundled"
4967-WPNCF,2,"Loyal, long contract, bundled"
8552-OBVRU,2,"Loyal, long contract, bundled"
8499-BRXTD,1,"Mid-life, long contract, phone-only"
9154-QDGTH,2,"Loyal, long contract, bundled"
8197-BFWVU,2,"Loyal, long contract, bundled"
2577-GVSIL,2,"Loyal, long contract, bundled"
9367-OIUXP,1,"Mid-life, long contract, phone-only"
6770-UAYGJ,1,"Mid-life, long contract, phone-only"
6463-HHXJR,2,"Loyal, long contract, bundled"
7928-VJYAB,3,"New, month-to-month, core internet"
1187-WILMM,2,"Loyal, long contract, bundled"
9776-OJUZI,2,"Loyal, long contract, bundled"
1306-RPWXZ,1,"Mid-life, long contract, phone-only"
8949-JTMAY,0,"Mid-life, month-to-month, core internet"
2774-LVQUS,3,"New, month-to-month, core internet"
3097-PYWXL,1,"Mid-life, long contract, phone-only"
2266-SJNAT,2,"Loyal, long contract, bundled"
0869-PAPRP,0,"Mid-life, month-to-month, core internet"
4238-JSSWH,0,"Mid-life, month-to-month, core internet"
2972-YDYUW,2,"Loyal, long contract, bundled"
1104-FEJAM,3,"New, month-to-month, core internet"
2809-ILCYT,1,"Mid-life, long contract, phone-only"
5499-ECUTN,2,"Loyal, long contract, bundled"
4981-FLTMF,0,"Mid-life, month-to-month, core internet"
9121-PHQSR,0,"Mid-life, month-to-month, core internet"
3113-IWHLC,3,"New, month-to-month, core internet"
3211-ILJTT,0,"Mid-life, month-to-month, core internet"
4612-THJBS,2,"Loyal, long contract, bundled"
4277-BWBML,1,"Mid-life, long contract, phone-only"
4094-NSEDU,3,"New, month-to-month, core internet"
0234-TEVTT,0,"Mid-life, month-to-month, core internet"
4304-TSPVK,2,"Loyal, long contract, bundled"
1552-AAGRX,0,"Mid-life, month-to-month, core internet"
2637-FKFSY,3,"New, month-to-month, core internet"
9796-MVYXX,3,"New, month-to-month, core internet"
7874-ECPQJ,1,"Mid-life, long contract, phone-only"
0020-INWCK,2,"Loyal, long contract, bundled"
7089-RKVSZ,1,"Mid-life, long contract, phone-only"
2683-JXWQQ,0,"Mid-life, month-to-month, core internet"
9548-ZMVTX,2,"Loyal, long contract, bundled"
8739-XNIKG,3,"New, month-to-month, core internet"
9755-JHNMN,2,"Loyal, long contract, bundled"
3981-QSVQI,1,"Mid-life, long contract, phone-only"
2789-HQBOU,3,"New, month-to-month, core internet"
9424-CMPOG,1,"Mid-life, long contract, phone-only"
5067-WJEUN,2,"Loyal, long contract, bundled"
3450-WXOAT,0,"Mid-life, month-to-month, core internet"
9251-WNSOD,2,"Loyal, long contract, bundled"
6974-DAFLI,1,"Mid-life, long contract, phone-only"
2616-UUTFK,0,"Mid-life, month-to-month, core internet"
7064-JHXCE,1,"Mid-life, long contract, phone-only"
5103-MHMHY,3,"New, month-to-month, core internet"
7989-AWGEH,3,"New, month-to-month, core internet"
4373-VVHQL,3,"New, month-to-month, core internet"
4559-UWIHT,3,"New, month-to-month, core internet"
7268-IGMFD,0,"Mid-life, month-to-month, core internet"
1846-XWOQN,3,"New, month-to-month, core internet"
0235-KGSLC,0,"Mid-life, month-to-month, core internet"
6650-BWFRT,2,"Loyal, long contract, bundled"
9570-KYEUA,2,"Loyal, long contract, bundled"
6993-YGFJV,2,"Loyal, long contract, bundled"
2712-SYWAY,1,"Mid-life, long contract, phone-only"
0730-BGQGF,2,"Loyal, long contract, bundled"
5498-IBWPI,0,"Mid-life, month-to-month, core internet"
9101-NTIXF,1,"Mid-life, long contract, phone-only"
0013-SMEOE,2,"Loyal, long contract, bundled"
9314-QDMDW,3,"New, month-to-month, core internet"
9308-ANMVE,3,"New, month-to-month, core internet"
2884-GBPFB,3,"New, month-to-month, core internet"
3757-NJYBX,0,"Mid-life, month-to-month, core internet"
3413-DHLPB,2,"Loyal, long contract, bundled"
7649-PHJVR,1,"Mid-life, long contract, phone-only"
6114-TCFID,0,"Mid-life, month-to-month, core internet"
3787-TRIAL,3,"New, month-to-month, core internet"
2573-GYRUU,0,"Mid-life, month-to-month, core internet"
5156-UMKOW,3,"New, month-to-month, core internet"
1247-QBVSH,3,"New, month-to-month, core internet"
6734-GMPVK,3,"New, month-to-month, core internet"
9822-OAOVB,3,"New, month-to-month, core internet"
6161-ERDGD,2,"Loyal, long contract, bundled"
1226-JZNKR,1,"Mid-life, long contract, phone-only"
7318-EIVKO,3,"New, month-to-month, core internet"
3771-PZOBW,0,"Mid-life, month-to-month, core internet"
5136-KCKGI,2,"Loyal, long contract, bundled"
8231-BSWXX,2,"Loyal, long contract, bundled"
6486-LHTMA,3,"New, month-to-month, core internet"
4083-BFNYK,2,"Loyal, long contract, bundled"
3722-WPXTK,3,"New, month-to-month, core internet"
7389-KBFIT,3,"New, month-to-month, core internet"
7176-WIONM,0,"Mid-life, month-to-month, core internet"
5141-ZUVBH,0,"Mid-life, month-to-month, core internet"
1089-HDMKP,3,"New, month-to-month, core internet"
7623-HKYRK,1,"Mid-life, long contract, phone-only"
0310-SUCIN,2,"Loyal, long contract, bundled"
5197-PYEPU,2,"Loyal, long contract, bundled"
2929-ERCFZ,3,"New, month-to-month, core internet"
7548-SEPYI,3,"New, month-to-month, core internet"
8835-VSDSE,3,"New, month-to-month, core internet"
6619-RPLQZ,1,"Mid-life, long contract, phone-only"
3275-RHRNE,2,"Loyal, long contract, bundled"
3503-TYDAY,3,"New, month-to-month, core internet"
6901-GOGZG,2,"Loyal, long contract, bundled"
1623-NLDOT,3,"New, month-to-month, core internet"
7021-XSNYE,0,"Mid-life, month-to-month, core internet"
9621-OUPYD,1,"Mid-life, long contract, phone-only"
9898-KZQDZ,0,"Mid-life, month-to-month, core internet"
8982-NHAVY,2,"Loyal, long contract, bundled"
4307-KWMXE,3,"New, month-to-month, core internet"
0141-YEAYS,0,"Mid-life, month-to-month, core internet"
2450-ZKEED,0,"Mid-life, month-to-month, core internet"
3694-DELSO,0,"Mid-life, month-to-month, core internet"
3893-JRNFS,0,"Mid-life, month-to-month, core internet"
9603-OAIHC,3,"New, month-to-month, core internet"
1133-KXCGE,1,"Mid-life, long contract, phone-only"
5236-PERKL,2,"Loyal, long contract, bundled"
0142-GVYSN,1,"Mid-life, long contract, phone-only"
1049-FYSYG,0,"Mid-life, month-to-month, core internet"
7854-FOKSF,3,"New, month-to-month, core internet"
2519-FAKOD,0,"Mid-life, month-to-month, core internet"
8406-LNMHF,2,"Loyal, long contract, bundled"
1821-BUCWY,3,"New, month-to-month, core internet"
8263-JQAIK,3,"New, month-to-month, core internet"
0023-UYUPN,1,"Mid-life, long contract, phone-only"
8314-DPQHL,3,"New, month-to-month, core internet"
1465-WCZVT,1,"Mid-life, long contract, phone-only"
9481-SFCQY,0,"Mid-life, month-to-month, core internet"
6360-SVNWV,0,"Mid-life, month-to-month, core internet"
0567-GGCAC,3,"New, month-to-month, core internet"
7089-IVVAZ,0,"Mid-life, month-to-month, core internet"
8884-MRNSU,1,"Mid-life, long contract, phone-only"
2171-UDMFD,1,"Mid-life, long contract, phone-only"
9050-IKDZA,3,"New, month-to-month, core internet"
2205-YMZZJ,3,"New, month-to-month, core internet"
9802-CAQUT,2,"Loyal, long contract, bundled"
1254-IZEYF,3,"New, month-to-month, core internet"
0187-WZNAB,3,"New, month-to-month, core internet"
9492-TOKRI,0,"Mid-life, month-to-month, core internet"
1475-VWVDO,3,"New, month-to-month, core internet"
9221-OTIVJ,3,"New, month-to-month, core internet"
1357-MVDOZ,0,"Mid-life, month-to-month, core internet"
7602-MVRMB,2,"Loyal, long contract, bundled"
3325-FUYCG,2,"Loyal, long contract, bundled"
5908-QMGOE,0,"Mid-life, month-to-month, core internet"
1197-BVMVG,3,"New, month-to-month, core internet"
5406-KGRMX,1,"Mid-life, long contract, phone-only"
8481-YYXWG,3,"New, month-to-month, core internet"
5968-HYJRZ,1,"Mid-life, long contract, phone-only"
5198-EFNBM,2,"Loyal, long contract, bundled"
7516-GMHUV,2,"Loyal, long contract, bundled"
7140-ADSMJ,1,"Mid-life, long contract, phone-only"
2230-XTUWL,1,"Mid-life, long contract, phone-only"
7706-YLMQA,1,"Mid-life, long contract, phone-only"
2585-KTFRE,0,"Mid-life, month-to-month, core internet"
7994-UYIVZ,0,"Mid-life, month-to-month, core internet"
2609-IAICY,3,"New, month-to-month, core internet"
1740-CSDJP,0,"Mid-life, month-to-month, core internet"
7717-BICXI,1,"Mid-life, long contract, phone-only"
6559-RAKOZ,2,"Loyal, long contract, bundled"
2636-OHFMN,3,"New, month-to-month, core internet"
4716-MRVEN,1,"Mid-life, long contract, phone-only"
2143-LJULT,1,"Mid-life, long contract, phone-only"
1323-OOEPC,0,"Mid-life, month-to-month, core internet"
3200-MNQTF,2,"Loyal, long contract, bundled"
6164-HXUGH,1,"Mid-life, long contract, phone-only"
5630-IXDXV,2,"Loyal, long contract, bundled"
0320-DWVTU,2,"Loyal, long contract, bundled"
9135-MGVPY,2,"Loyal, long contract, bundled"
1212-GLHMD,3,"New, month-to-month, core internet"
7878-JGDKK,3,"New, month-to-month, core internet"
1088-AUUZZ,2,"Loyal, long contract, bundled"
0397-GZBBC,0,"Mid-life, month-to-month, core internet"
6614-YWYSC,1,"Mid-life, long contract, phone-only"
9588-OZDMQ,3,"New, month-to-month, core internet"
7641-EUYET,2,"Loyal, long contract, bundled"
6476-EPYZR,1,"Mid-life, long contract, phone-only"
9921-ZVRHG,3,"New, month-to-month, core internet"
1174-FGIFN,3,"New, month-to-month, core internet"
6620-HVDUJ,0,"Mid-life, month-to-month, core internet"
4701-MLJPN,3,"New, month-to-month, core internet"
1032-MAELW,2,"Loyal, long contract, bundled"
7641-TQFHN,2,"Loyal, long contract, bundled"
1552-TKMXS,1,"Mid-life, long contract, phone-only"
9206-GVPEQ,3,"New, month-to-month, core internet"
8622-ZLFKO,3,"New, month-to-month, core internet"
1596-BBVTG,0,"Mid-life, month-to-month, core internet"
6188-UXBBR,1,"Mid-life, long contract, phone-only"
2333-KWEWW,1,"Mid-life, long contract, phone-only"
5702-SKUOB,1,"Mid-life, long contract, phone-only"
1134-YWTYF,3,"New, month-to-month, core internet"
6061-GWWAV,2,"Loyal, long contract, bundled"
0679-TDGAK,2,"Loyal, long contract, bundled"
6585-WCEWR,1,"Mid-life, long contract, phone-only"
9067-YGSCA,1,"Mid-life, long contract, phone-only"
9067-SQTNS,1,"Mid-life, long contract, phone-only"
8433-WXGNA,3,"New, month-to-month, core internet"
1776-SPBWV,1,"Mid-life, long contract, phone-only"
8735-SDUFN,1,"Mid-life, long contract, phone-only"
9668-PUGNU,1,"Mid-life, long contract, phone-only"
9405-GPBBG,2,"Loyal, long contract, bundled"
1926-QUZNN,1,"Mid-life, long contract, phone-only"
3707-GNWHM,3,"New, month-to-month, core internet"
7016-NVRIC,0,"Mid-life, month-to-month, core internet"
5829-NVSQN,2,"Loyal, long contract, bundled"
9565-AXSMR,1,"Mid-life, long contract, phone-only"
8922-LIEGH,3,"New, month-to-month, core internet"
8869-LIHMK,2,"Loyal, long contract, bundled"
8245-UMPYT,3,"New, month-to-month, core internet"
5186-SAMNZ,0,"Mid-life, month-to-month, core internet"
0447-RXSGD,0,"Mid-life, month-to-month, core internet"
4927-WWOOZ,3,"New, month-to-month, core internet"
5788-YPOEG,2,"Loyal, long contract, bundled"
5373-SFODM,0,"Mid-life, month-to-month, core internet"
0661-KBKPA,2,"Loyal, long contract, bundled"
9081-WWXKP,1,"Mid-life, long contract, phone-only"
0784-ZQJZX,1,"Mid-life, long contract, phone-only"
3133-PZNSR,2,"Loyal, long contract, bundled"
5766-ZJYBB,1,"Mid-life, long contract, phone-only"
8931-GJJIQ,3,"New, month-to-month, core internet"
4277-PVRAN,0,"Mid-life, month-to-month, core internet"
0022-TCJCI,2,"Loyal, long contract, bundled"
0722-SVSFK,3,"New, month-to-month, core internet"
3612-YVGSJ,1,"Mid-life, long contract, phone-only"
9825-YCXWZ,2,"Loyal, long contract, bundled"
5397-NSKQG,2,"Loyal, long contract, bundled"
8565-HBFNN,2,"Loyal, long contract, bundled"
2000-DHJUY,2,"Loyal, long contract, bundled"
0203-HHYIJ,1,"Mid-life, long contract, phone-only"
8670-ERCJH,2,"Loyal, long contract, bundled"
7758-UJWYS,3,"New, month-to-month, core internet"
2050-ONYDQ,1,"Mid-life, long contract, phone-only"
7055-JCGNI,2,"Loyal, long contract, bundled"
0739-UUAJR,2,"Loyal, long contract, bundled"
4826-DXMUP,3,"New, month-to-month, core internet"
0952-KMEEH,3,"New, month-to-month, core internet"
7285-KLOTR,2,"Loyal, long contract, bundled"
0654-PQKDW,2,"Loyal, long contract, bundled"
7175-NTIXE,0,"Mid-life, month-to-month, core internet"
7963-SHNDT,2,"Loyal, long contract, bundled"
9796-BPKIW,0,"Mid-life, month-to-month, core internet"
0188-GWFLE,1,"Mid-life, long contract, phone-only"
8129-GMVGI,1,"Mid-life, long contract, phone-only"
2882-DDZPG,1,"Mid-life, long contract, phone-only"
3547-LQRIK,1,"Mid-life, long contract, phone-only"
9137-NOQKA,1,"Mid-life, long contract, phone-only"
5843-TTHGI,3,"New, month-to-month, core internet"
1849-RJYIG,3,"New, month-to-month, core internet"
8868-GAGIO,3,"New, month-to-month, core internet"
4061-UKJWL,3,"New, month-to-month, core internet"
5380-XPJNZ,1,"Mid-life, long contract, phone-only"
8263-QMNTJ,2,"Loyal, long contract, bundled"
8178-EYZUO,3,"New, month-to-month, core internet"
3230-JCNZS,2,"Loyal, long contract, bundled"
0277-ORXQS,2,"Loyal, long contract, bundled"
5130-IEKQT,3,"New, month-to-month, core internet"
3230-WYKIR,2,"Loyal, long contract, bundled"
7996-BPXHY,1,"Mid-life, long contract, phone-only"
3227-WLKLI,2,"Loyal, long contract, bundled"
0407-BDJKB,3,"New, month-to-month, core internet"
2266-FUBDZ,1,"Mid-life, long contract, phone-only"
8237-ULIXL,1,"Mid-life, long contract, phone-only"
9600-UDOPK,0,"Mid-life, month-to-month, core internet"
8216-AZUUZ,2,"Loyal, long contract, bundled"
9153-BTBVV,1,"Mid-life, long contract, phone-only"
4074-SJFFA,3,"New, month-to-month, core internet"
3269-ATYWD,0,"Mid-life, month-to-month, core internet"
5186-PEIZU,1,"Mid-life, long contract, phone-only"
1074-AMIOH,2,"Loyal, long contract, bundled"
4910-GMJOT,3,"New, month-to-month, core internet"
0354-WYROK,3,"New, month-to-month, core internet"
4361-FEBGN,1,"Mid-life, long contract, phone-only"
7748-UMTRK,3,"New, month-to-month, core internet"
0380-ZCSBI,1,"Mid-life, long contract, phone-only"
7145-FEJWU,3,"New, month-to-month, core internet"
6463-MVYRY,2,"Loyal, long contract, bundled"
3969-JQABI,0,"Mid-life, month-to-month, core internet"
9624-EGDEQ,1,"Mid-life, long contract, phone-only"
1051-EQPZR,1,"Mid-life, long contract, phone-only"
5849-ASHZJ,1,"Mid-life, long contract, phone-only"
5780-INQIK,3,"New, month-to-month, core internet"
7576-OYWBN,3,"New, month-to-month, core internet"
4526-ZJJTM,0,"Mid-life, month-to-month, core internet"
8384-FZBJK,3,"New, month-to-month, core internet"
3750-RNQKR,1,"Mid-life, long contract, phone-only"
0962-CQPWQ,1,"Mid-life, long contract, phone-only"
3096-YXENJ,2,"Loyal, long contract, bundled"
1265-BCFEO,2,"Loyal, long contract, bundled"
5837-LXSDN,0,"Mid-life, month-to-month, core internet"
5945-AZYHT,2,"Loyal, long contract, bundled"
8325-QRPZR,3,"New, month-to-month, core internet"
6384-VMJHP,2,"Loyal, long contract, bundled"
2262-SLNVK,3,"New, month-to-month, core internet"
7730-CLDSV,2,"Loyal, long contract, bundled"
1135-HIORI,2,"Loyal, long contract, bundled"
0164-APGRB,2,"Loyal, long contract, bundled"
6481-ESCNL,0,"Mid-life, month-to-month, core internet"
1790-NESIO,1,"Mid-life, long contract, phone-only"
1550-EENBN,3,"New, month-to-month, core internet"
5539-TMZLF,3,"New, month-to-month, core internet"
4323-SADQS,3,"New, month-to-month, core internet"
4446-BZKHU,2,"Loyal, long contract, bundled"
5202-IVJNU,0,"Mid-life, month-to-month, core internet"
5976-JCJRH,3,"New, month-to-month, core internet"
8198-RKSZG,0,"Mid-life, month-to-month, core internet"
0137-OCGAB,3,"New, month-to-month, core internet"
3351-NQLDI,2,"Loyal, long contract, bundled"
9297-EONCV,2,"Loyal, long contract, bundled"
7593-JNWRU,0,"Mid-life, month-to-month, core internet"
4588-YBNIB,1,"Mid-life, long contract, phone-only"
1069-QJOEE,1,"Mid-life, long contract, phone-only"
3336-JORSO,2,"Loyal, long contract, bundled"
7799-DSEWS,3,"New, month-to-month, core internet"
8766-PAFNE,2,"Loyal, long contract, bundled"
5315-CKEQK,3,"New, month-to-month, core internet"
3130-ICDUP,0,"Mid-life, month-to-month, core internet"
0820-FNRNX,3,"New, month-to-month, core internet"
0880-FVFWF,3,"New, month-to-month, core internet"
4611-ANLQC,2,"Loyal, long contract, bundled"
4213-HKBJO,1,"Mid-life, long contract, phone-only"
2792-LSHWX,3,"New, month-to-month, core internet"
5028-GZLDO,0,"Mid-life, month-to-month, core internet"
0014-BMAQU,2,"Loyal, long contract, bundled"
6861-XWTWQ,3,"New, month-to-month, core internet"
9018-PCIOK,2,"Loyal, long contract, bundled"
4837-QUSFT,2,"Loyal, long contract, bundled"
6877-TJMBR,3,"New, month-to-month, core internet"
9953-ZMKSM,1,"Mid-life, long contract, phone-only"
0907-HQNTS,2,"Loyal, long contract, bundled"
7665-NKLAV,0,"Mid-life, month-to-month, core internet"
6769-DCQLI,2,"Loyal, long contract, bundled"
2433-KMEAS,3,"New, month-to-month, core internet"
4391-LNRXK,0,"Mid-life, month-to-month, core internet"
8250-ZNGGW,0,"Mid-life, month-to-month, core internet"
2195-ZRVAX,3,"New, month-to-month, core internet"
3550-SAHFP,3,"New, month-to-month, core internet"
2011-TRQYE,0,"Mid-life, month-to-month, core internet"
8562-GHPPI,1,"Mid-life, long contract, phone-only"
5893-PYOLZ,2,"Loyal, long contract, bundled"
4986-MXSFP,1,"Mid-life, long contract, phone-only"
6131-FOYAS,3,"New, month-to-month, core internet"
3027-YNWZU,1,"Mid-life, long contract, phone-only"
5609-IMCGG,0,"Mid-life, month-to-month, core internet"
4873-ILOLJ,3,"New, month-to-month, core internet"
4727-MCYZG,3,"New, month-to-month, core internet"
9481-WHGWY,2,"Loyal, long contract, bundled"
2725-KXXWT,3,"New, month-to-month, core internet"
9565-DJPIB,3,"New, month-to-month, core internet"
4328-VUFWD,3,"New, month-to-month, core internet"
3301-LSLWQ,3,"New, month-to-month, core internet"
7473-ZBDSN,1,"Mid-life, long contract, phone-only"
3166-PNEOF,2,"Loyal, long contract, bundled"
5639-NTUPK,0,"Mid-life, month-to-month, core internet"
8780-YRMTT,2,"Loyal, long contract, bundled"
8348-HFYIV,3,"New, month-to-month, core internet"
5140-FOMCQ,2,"Loyal, long contract, bundled"
6242-SGYTS,2,"Loyal, long contract, bundled"
8166-ORCHU,2,"Loyal, long contract, bundled"
8414-OOEEL,2,"Loyal, long contract, bundled"
8454-AATJP,2,"Loyal, long contract, bundled"
6849-WLEYG,1,"Mid-life, long contract, phone-only"
4659-NZRUF,3,"New, month-to-month, core internet"
4531-AUZNK,2,"Loyal, long contract, bundled"
4191-XOVOM,2,"Loyal, long contract, bundled"
2150-OEGBV,1,"Mid-life, long contract, phone-only"
8429-XIBUM,0,"Mid-life, month-to-month, core internet"
1855-CFULU,1,"Mid-life, long contract, phone-only"
4878-BUNFV,1,"Mid-life, long contract, phone-only"
1872-EBWSC,1,"Mid-life, long contract, phone-only"
2608-BHKFN,0,"Mid-life, month-to-month, core internet"
7026-YMSBE,1,"Mid-life, long contract, phone-only"
7341-LXCAF,3,"New, month-to-month, core internet"
6997-UVGOX,2,"Loyal, long contract, bundled"
9674-EHPPG,2,"Loyal, long contract, bundled"
9462-MJUAW,3,"New, month-to-month, core internet"
8128-YVJRG,3,"New, month-to-month, core internet"
5440-VHLUL,2,"Loyal, long contract, bundled"
5781-BKHOP,2,"Loyal, long contract, bundled"
4283-FUTGF,3,"New, month-to-month, core internet"
5213-TWWJU,3,"New, month-to-month, core internet"
1569-TTNYJ,3,"New, month-to-month, core internet"
8628-MFKAX,2,"Loyal, long contract, bundled"
2397-BRLOM,0,"Mid-life, month-to-month, core internet"
7629-WIXZF,3,"New, month-to-month, core internet"
5445-GLVOT,3,"New, month-to-month, core internet"
3976-HXHCE,1,"Mid-life, long contract, phone-only"
2466-NEJOJ,1,"Mid-life, long contract, phone-only"
0254-KCJGT,2,"Loyal, long contract, bundled"
5472-CVMDX,2,"Loyal, long contract, bundled"
6461-SZMCV,2,"Loyal, long contract, bundled"
8150-QUDFX,1,"Mid-life, long contract, phone-only"
9508-ILZDG,3,"New, month-to-month, core internet"
2346-DJQTB,3,"New, month-to-month, core internet"
1697-LYYYX,1,"Mid-life, long contract, phone-only"
1942-OQFRW,3,"New, month-to-month, core internet"
4749-VFKVB,3,"New, month-to-month, core internet"
9640-ZSLDC,0,"Mid-life, month-to-month, core internet"
4231-LZUYM,1,"Mid-life, long contract, phone-only"
7598-UAASY,3,"New, month-to-month, core internet"
7938-OUHIO,3,"New, month-to-month, core internet"
8510-AWCXC,3,"New, month-to-month, core internet"
6128-AQBMT,3,"New, month-to-month, core internet"
3594-BDSOA,1,"Mid-life, long contract, phone-only"
0431-APWVY,0,"Mid-life, month-to-month, core internet"
5133-VRSAB,3,"New, month-to-month, core internet"
5996-DAOQL,1,"Mid-life, long contract, phone-only"
6838-YAUVY,2,"Loyal, long contract, bundled"
0484-JPBRU,1,"Mid-life, long contract, phone-only"
7883-ROJOC,3,"New, month-to-month, core internet"
0244-LGNFY,2,"Loyal, long contract, bundled"
7274-CGTOD,2,"Loyal, long contract, bundled"
4295-YURET,2,"Loyal, long contract, bundled"
3426-NIYYL,3,"New, month-to-month, core internet"
8225-BTJAU,3,"New, month-to-month, core internet"
4635-EJYPD,1,"Mid-life, long contract, phone-only"
1866-ZSLJM,1,"Mid-life, long contract, phone-only"
4636-TVXVG,1,"Mid-life, long contract, phone-only"
4236-UJPWO,3,"New, month-to-month, core internet"
9392-XBGTD,1,"Mid-life, long contract, phone-only"
3387-VATUS,0,"Mid-life, month-to-month, core internet"
6402-SSEJG,2,"Loyal, long contract, bundled"
1143-NMNQJ,3,"New, month-to-month, core internet"
1169-SAOCL,2,"Loyal, long contract, bundled"
1110-KYLGQ,2,"Loyal, long contract, bundled"
9929-PLVPA,1,"Mid-life, long contract, phone-only"
3518-PZXZQ,3,"New, month-to-month, core internet"
2371-JUNGC,1,"Mid-life, long contract, phone-only"
7693-QPEFS,0,"Mid-life, month-to-month, core internet"
0924-BJCRC,3,"New, month-to-month, core internet"
5074-FBGHB,2,"Loyal, long contract, bundled"
2351-BKRZW,2,"Loyal, long contract, bundled"
4455-BFSPD,2,"Loyal, long contract, bundled"
0415-MOSGF,3,"New, month-to-month, core internet"
1724-BQUHA,3,"New, month-to-month, core internet"
3948-KXDUF,2,"Loyal, long contract, bundled"
2323-ARSVR,2,"Loyal, long contract, bundled"
0815-MFZGM,2,"Loyal, long contract, bundled"
4826-XTSOH,3,"New, month-to-month, core internet"
5480-XTFFL,1,"Mid-life, long contract, phone-only"
8295-FHIVV,1,"Mid-life, long contract, phone-only"
2495-INZWQ,3,"New, month-to-month, core internet"
9086-YJYXS,2,"Loyal, long contract, bundled"
1179-INLAT,1,"Mid-life, long contract, phone-only"
7909-FIOIY,3,"New, month-to-month, core internet"
4139-SUGLD,0,"Mid-life, month-to-month, core internet"
6857-VWJDT,3,"New, month-to-month, core internet"
6351-SCJKT,3,"New, month-to-month, core internet"
5468-BPMMO,1,"Mid-life, long contract, phone-only"
5624-BQSSA,1,"Mid-life, long contract, phone-only"
0197-PNKNK,2,"Loyal, long contract, bundled"
2439-QKJUL,1,"Mid-life, long contract, phone-only"
1194-SPVSP,1,"Mid-life, long contract, phone-only"
9534-NSXEM,1,"Mid-life, long contract, phone-only"
2408-WITXK,3,"New, month-to-month, core internet"
8929-KSWIH,2,"Loyal, long contract, bundled"
2250-IVBWA,3,"New, month-to-month, core internet"
1810-MVMAI,3,"New, month-to-month, core internet"
9506-UXUSK,3,"New, month-to-month, core internet"
1229-RCALF,2,"Loyal, long contract, bundled"
3572-UOLYZ,0,"Mid-life, month-to-month, core internet"
1429-UYJSV,1,"Mid-life, long contract, phone-only"
5577-OTWWW,1,"Mid-life, long contract, phone-only"
6100-QQHEB,3,"New, month-to-month, core internet"
6366-XIVKZ,3,"New, month-to-month, core internet"
3470-OBUET,2,"Loyal, long contract, bundled"
2770-NSVDG,3,"New, month-to-month, core internet"
9375-MHRRS,3,"New, month-to-month, core internet"
2634-HCZGT,2,"Loyal, long contract, bundled"
7503-QQRVF,0,"Mid-life, month-to-month, core internet"
4860-YZGZM,1,"Mid-life, long contract, phone-only"
6599-GZWCM,3,"New, month-to-month, core internet"
2691-NZETQ,3,"New, month-to-month, core internet"
4404-HIBDJ,2,"Loyal, long contract, bundled"
5533-NHFRF,3,"New, month-to-month, core internet"
7037-MTYVW,2,"Loyal, long contract, bundled"
4760-THGOT,3,"New, month-to-month, core internet"
7295-JOMMD,0,"Mid-life, month-to-month, core internet"
4016-BJKTZ,2,"Loyal, long contract, bundled"
6584-VQMYT,3,"New, month-to-month, core internet"
9838-BFCQT,1,"Mid-life, long contract, phone-only"
2790-XUYMV,2,"Loyal, long contract, bundled"
0581-MDMPW,0,"Mid-life, month-to-month, core internet"
5013-SBUIH,2,"Loyal, long contract, bundled"
1023-BQXZE,2,"Loyal, long contract, bundled"
9163-GHAYE,3,"New, month-to-month, core internet"
3904-UKFRE,3,"New, month-to-month, core internet"
5353-WILCI,3,"New, month-to-month, core internet"
0709-TVGUR,3,"New, month-to-month, core internet"
0058-EVZWM,0,"Mid-life, month-to-month, core internet"
6023-YEBUP,3,"New, month-to-month, core internet"
7209-JCUDS,3,"New, month-to-month, core internet"
7009-PCARS,1,"Mid-life, long contract, phone-only"
0519-DRGTI,1,"Mid-life, long contract, phone-only"
1017-FBQMM,2,"Loyal, long contract, bundled"
3001-CBHLQ,3,"New, month-to-month, core internet"
1985-MBRYP,1,"Mid-life, long contract, phone-only"
6158-DWPZT,0,"Mid-life, month-to-month, core internet"
9372-TXXPS,2,"Loyal, long contract, bundled"
3259-QMXUN,2,"Loyal, long contract, bundled"
1015-JPFYW,1,"Mid-life, long contract, phone-only"
6645-MXQJT,3,"New, month-to-month, core internet"
4360-QRAVE,3,"New, month-to-month, core internet"
8433-WPJTV,2,"Loyal, long contract, bundled"
5804-JMYIO,1,"Mid-life, long contract, phone-only"
3763-GCZHZ,2,"Loyal, long contract, bundled"
6484-LATFU,1,"Mid-life, long contract, phone-only"
7599-NTMDP,2,"Loyal, long contract, bundled"
0772-GYEQQ,3,"New, month-to-month, core internet"
0536-ACXIP,2,"Loyal, long contract, bundled"
0936-NQLJU,1,"Mid-life, long contract, phone-only"
4831-EOBFE,0,"Mid-life, month-to-month, core internet"
1575-KRZZE,3,"New, month-to-month, core internet"
3251-YMVWZ,1,"Mid-life, long contract, phone-only"
4102-OQUPX,3,"New, month-to-month, core internet"
9170-GYZJC,2,"Loyal, long contract, bundled"
4884-LEVMQ,1,"Mid-life, long contract, phone-only"
8857-CUPFQ,1,"Mid-life, long contract, phone-only"
7610-TVOPG,1,"Mid-life, long contract, phone-only"
3638-DIMPH,3,"New, month-to-month, core internet"
1845-ZLLIG,3,"New, month-to-month, core internet"
8559-WNQZS,1,"Mid-life, long contract, phone-only"
3999-QGRJH,3,"New, month-to-month, core internet"
1699-UOTXU,2,"Loyal, long contract, bundled"
2454-RPBRZ,3,"New, month-to-month, core internet"
0635-WKOLD,2,"Loyal, long contract, bundled"
5993-JSUWV,2,"Loyal, long contract, bundled"
4518-FZBSX,1,"Mid-life, long contract, phone-only"
5387-ASZNZ,2,"Loyal, long contract, bundled"
6988-CJEYV,3,"New, month-to-month, core internet"
2002-MZHWP,1,"Mid-life, long contract, phone-only"
3097-FQTVJ,1,"Mid-life, long contract, phone-only"
5465-BUBFA,1,"Mid-life, long contract, phone-only"
7299-GNVPL,3,"New, month-to-month, core internet"
9743-DQKQW,3,"New, month-to-month, core internet"
1215-VFYVK,3,"New, month-to-month, core internet"
9371-BITHB,1,"Mid-life, long contract, phone-only"
2265-CYWIV,3,"New, month-to-month, core internet"
9093-FPDLG,3,"New, month-to-month, core internet"
0541-FITGH,3,"New, month-to-month, core internet"
6985-HAYWX,0,"Mid-life, month-to-month, core internet"
7508-KBIMB,0,"Mid-life, month-to-month, core internet"
6838-HVLXG,1,"Mid-life, long contract, phone-only"
2277-DJJDL,3,"New, month-to-month, core internet"
1897-OKVMW,2,"Loyal, long contract, bundled"
5485-ITNPC,2,"Loyal, long contract, bundled"
0233-FTHAV,0,"Mid-life, month-to-month, core internet"
4644-PIZRT,0,"Mid-life, month-to-month, core internet"
8922-NPKBJ,1,"Mid-life, long contract, phone-only"
2740-TVLFN,3,"New, month-to-month, core internet"
7771-CFQRQ,2,"Loyal, long contract, bundled"
9512-PHSMG,1,"Mid-life, long contract, phone-only"
6963-EZQEE,2,"Loyal, long contract, bundled"
2452-KDRRH,2,"Loyal, long contract, bundled"
2004-OCQXK,3,"New, month-to-month, core internet"
5027-QPKTE,3,"New, month-to-month, core internet"
4146-SVFUD,3,"New, month-to-month, core internet"
1564-HJUVY,0,"Mid-life, month-to-month, core internet"
3617-XLSGQ,2,"Loyal, long contract, bundled"
7517-LDMPS,3,"New, month-to-month, core internet"
7244-KXYZN,1,"Mid-life, long contract, phone-only"
5226-NOZFC,3,"New, month-to-month, core internet"
2672-HUYVI,3,"New, month-to-month, core internet"
1400-WIVLL,2,"Loyal, long contract, bundled"
7508-MYBOG,3,"New, month-to-month, core internet"
8148-NLEGT,1,"Mid-life, long contract, phone-only"
0148-DCDOS,0,"Mid-life, month-to-month, core internet"
8347-GDTMP,1,"Mid-life, long contract, phone-only"
9992-RRAMN,3,"New, month-to-month, core internet"
6746-WAUWT,1,"Mid-life, long contract, phone-only"
0310-MVLET,3,"New, month-to-month, core internet"
0428-IKYCP,0,"Mid-life, month-to-month, core internet"
4550-VBOFE,2,"Loyal, long contract, bundled"
2187-PKZAY,0,"Mid-life, month-to-month, core internet"
4003-OCTMP,3,"New, month-to-month, core internet"
6652-YFFJO,3,"New, month-to-month, core internet"
7225-IILWY,1,"Mid-life, long contract, phone-only"
5248-RPYWW,2,"Loyal, long contract, bundled"
7923-IYJWY,2,"Loyal, long contract, bundled"
3170-GWYKC,2,"Loyal, long contract, bundled"
5696-QURRL,3,"New, month-to-month, core internet"
7409-KIUTL,3,"New, month-to-month, core internet"
9830-ECLEN,2,"Loyal, long contract, bundled"
1732-VHUBQ,0,"Mid-life, month-to-month, core internet"
0495-RVCBF,3,"New, month-to-month, core internet"
2668-TZSPS,1,"Mid-life, long contract, phone-only"
7854-EDSSA,3,"New, month-to-month, core internet"
8869-TORSS,2,"Loyal, long contract, bundled"
7446-SFAOA,1,"Mid-life, long contract, phone-only"
9522-ZSINC,1,"Mid-life, long contract, phone-only"
8234-GSZYK,1,"Mid-life, long contract, phone-only"
6505-OZNPG,2,"Loyal, long contract, bundled"
6164-HAQTX,2,"Loyal, long contract, bundled"
0679-IDSTG,3,"New, month-to-month, core internet"
7765-LWVVH,2,"Loyal, long contract, bundled"
1658-TJVOA,3,"New, month-to-month, core internet"
0953-LGOVU,3,"New, month-to-month, core internet"
2115-BFTIW,3,"New, month-to-month, core internet"
4692-NNQRU,3,"New, month-to-month, core internet"
7742-MYPGI,3,"New, month-to-month, core internet"
0611-DFXKO,3,"New, month-to-month, core internet"
7780-OTDSO,3,"New, month-to-month, core internet"
9619-GSATL,3,"New, month-to-month, core internet"
5622-UEJFI,1,"Mid-life, long contract, phone-only"
9747-DDZOS,0,"Mid-life, month-to-month, core internet"
0674-DGMAQ,3,"New, month-to-month, core internet"
6203-HBZPA,2,"Loyal, long contract, bundled"
0484-FFVBJ,0,"Mid-life, month-to-month, core internet"
0301-FIDRB,2,"Loyal, long contract, bundled"
4139-JPIAM,0,"Mid-life, month-to-month, core internet"
2181-TIDSV,1,"Mid-life, long contract, phone-only"
2761-XECQW,3,"New, month-to-month, core internet"
1936-CZAKF,2,"Loyal, long contract, bundled"
9453-PATOS,2,"Loyal, long contract, bundled"
0564-JJHGS,3,"New, month-to-month, core internet"
3348-CFRNX,3,"New, month-to-month, core internet"
4402-FTBXC,3,"New, month-to-month, core internet"
1428-GTBJJ,3,"New, month-to-month, core internet"
2931-XIQBR,2,"Loyal, long contract, bundled"
0106-UGRDO,2,"Loyal, long contract, bundled"
5542-TBBWB,3,"New, month-to-month, core internet"
1930-QPBVZ,2,"Loyal, long contract, bundled"
2606-PKWJB,3,"New, month-to-month, core internet"
5322-ZSMZY,1,"Mid-life, long contract, phone-only"
8059-UDZFY,0,"Mid-life, month-to-month, core internet"
7740-BTPUX,2,"Loyal, long contract, bundled"
5220-AGAAX,1,"Mid-life, long contract, phone-only"
0208-BPQEJ,1,"Mid-life, long contract, phone-only"
9435-JMLSX,2,"Loyal, long contract, bundled"
3352-ALMCK,3,"New, month-to-month, core internet"
5312-IRCFR,2,"Loyal, long contract, bundled"
5294-IMHHT,2,"Loyal, long contract, bundled"
8802-UNOJF,3,"New, month-to-month, core internet"
6313-GIDIT,3,"New, month-to-month, core internet"
6176-YJWAS,2,"Loyal, long contract, bundled"
5310-NOOVA,1,"Mid-life, long contract, phone-only"
4526-EXKKN,1,"Mid-life, long contract, phone-only"
5311-IHLEI,0,"Mid-life, month-to-month, core internet"
3987-KQDDU,3,"New, month-to-month, core internet"
3404-JNXAX,3,"New, month-to-month, core internet"
5131-PONJI,0,"Mid-life, month-to-month, core internet"
2845-AFFTX,3,"New, month-to-month, core internet"
3489-VSFRD,2,"Loyal, long contract, bundled"
3345-JHUEO,1,"Mid-life, long contract, phone-only"
5815-HGGHV,3,"New, month-to-month, core internet"
5260-UMPWX,1,"Mid-life, long contract, phone-only"
2249-YPRNG,0,"Mid-life, month-to-month, core internet"
7410-YTJIK,3,"New, month-to-month, core internet"
4626-GYCZP,3,"New, month-to-month, core internet"
5649-RXQTV,3,"New, month-to-month, core internet"
2674-MIAHT,3,"New, month-to-month, core internet"
2576-HXMPA,1,"Mid-life, long contract, phone-only"
7587-AOVVU,3,"New, month-to-month, core internet"
5590-BYNII,3,"New, month-to-month, core internet"
6898-MDLZW,3,"New, month-to-month, core internet"
3237-AJGEH,3,"New, month-to-month, core internet"
4707-YNOQA,1,"Mid-life, long contract, phone-only"
9357-UJRUN,3,"New, month-to-month, core internet"
1591-NFNLQ,0,"Mid-life, month-to-month, core internet"
8648-PFRMP,3,"New, month-to-month, core internet"
7663-CUXZB,2,"Loyal, long contract, bundled"
0258-NOKBL,3,"New, month-to-month, core internet"
1163-VIPRI,2,"Loyal, long contract, bundled"
2815-CPTUL,3,"New, month-to-month, core internet"
9348-ROUAI,2,"Loyal, long contract, bundled"
9443-JUBUO,2,"Loyal, long contract, bundled"
0596-BQCEQ,2,"Loyal, long contract, bundled"
1481-ZUWZA,0,"Mid-life, month-to-month, core internet"
3043-TYBNO,3,"New, month-to-month, core internet"
4830-FAXFM,1,"Mid-life, long contract, phone-only"
5906-BFOZT,1,"Mid-life, long contract, phone-only"
2960-NKRSO,3,"New, month-to-month, core internet"
8996-ZROXE,3,"New, month-to-month, core internet"
5598-IKHQQ,1,"Mid-life, long contract, phone-only"
0397-ZXWQF,1,"Mid-life, long contract, phone-only"
5266-PFRQK,1,"Mid-life, long contract, phone-only"
4674-HGNUA,2,"Loyal, long contract, bundled"
6765-MBQNU,1,"Mid-life, long contract, phone-only"
9786-IJYDL,2,"Loyal, long contract, bundled"
1303-SRDOK,0,"Mid-life, month-to-month, core internet"
3769-MHZNV,1,"Mid-life, long contract, phone-only"
6295-OSINB,2,"Loyal, long contract, bundled"
3308-MHOOC,1,"Mid-life, long contract, phone-only"
2309-OSFEU,3,"New, month-to-month, core internet"
2207-QPJED,3,"New, month-to-month, core internet"
4177-JPDFU,3,"New, month-to-month, core internet"
2239-CFOUJ,1,"Mid-life, long contract, phone-only"
8046-DNVTL,2,"Loyal, long contract, bundled"
2209-XADXF,0,"Mid-life, month-to-month, core internet"
6620-JDYNW,3,"New, month-to-month, core internet"
1891-FZYSA,3,"New, month-to-month, core internet"
4770-UEZOX,3,"New, month-to-month, core internet"
1038-RQOST,1,"Mid-life, long contract, phone-only"
7613-LLQFO,3,"New, month-to-month, core internet"
4568-TTZRT,1,"Mid-life, long contract, phone-only"
9513-DXHDA,2,"Loyal, long contract, bundled"
2640-PMGFL,3,"New, month-to-month, core internet"
3801-HMYNL,3,"New, month-to-month, core internet"
0516-QREYC,1,"Mid-life, long contract, phone-only"
9685-WKZGT,3,"New, month-to-month, core internet"
6022-UGGSO,3,"New, month-to-month, core internet"
8084-OIVBS,1,"Mid-life, long contract, phone-only"
8896-BQTTI,1,"Mid-life, long contract, phone-only"
3865-QBWSJ,3,"New, month-to-month, core internet"
3352-RICWQ,1,"Mid-life, long contract, phone-only"
2160-GPFXD,2,"Loyal, long contract, bundled"
2065-MMKGR,0,"Mid-life, month-to-month, core internet"
5857-TYBCJ,3,"New, month-to-month, core internet"
1498-NHTLT,2,"Loyal, long contract, bundled"
4484-CGXFK,3,"New, month-to-month, core internet"
1402-PTHGN,3,"New, month-to-month, core internet"
4176-RELJR,1,"Mid-life, long contract, phone-only"
6214-EDAKZ,3,"New, month-to-month, core internet"
5199-FPUSP,0,"Mid-life, month-to-month, core internet"
6377-KSLXC,1,"Mid-life, long contract, phone-only"
1796-JANOW,1,"Mid-life, long contract, phone-only"
0238-WHBIQ,2,"Loyal, long contract, bundled"
8735-NBLWT,1,"Mid-life, long contract, phone-only"
6651-RLGGM,1,"Mid-life, long contract, phone-only"
6127-ISGTU,3,"New, month-to-month, core internet"
1614-JBEBI,1,"Mid-life, long contract, phone-only"
8740-XLHDR,3,"New, month-to-month, core internet"
1208-DNHLN,0,"Mid-life, month-to-month, core internet"
1761-AEZZR,3,"New, month-to-month, core internet"
3923-CSIHK,3,"New, month-to-month, core internet"
5696-EXCYS,1,"Mid-life, long contract, phone-only"
5795-KTGUD,2,"Loyal, long contract, bundled"
7120-RFMVS,3,"New, month-to-month, core internet"
7924-GJZFI,3,"New, month-to-month, core internet"
4702-HDRKD,2,"Loyal, long contract, bundled"
8512-WIWYV,1,"Mid-life, long contract, phone-only"
5897-ZYEKH,2,"Loyal, long contract, bundled"
5456-ITGIC,2,"Loyal, long contract, bundled"
7317-GGVPB,2,"Loyal, long contract, bundled"
1406-PUQVY,3,"New, month-to-month, core internet"
1322-AGOQM,0,"Mid-life, month-to-month, core internet"
3677-IYRBF,3,"New, month-to-month, core internet"
5692-FPTAH,3,"New, month-to-month, core internet"
9114-AAFQH,2,"Loyal, long contract, bundled"
8715-KKTFG,2,"Loyal, long contract, bundled"
1550-LOAHA,0,"Mid-life, month-to-month, core internet"
1728-BQDMA,3,"New, month-to-month, core internet"
0268-QKIWO,1,"Mid-life, long contract, phone-only"
0876-WDUUZ,0,"Mid-life, month-to-month, core internet"
5117-ZSMHQ,2,"Loyal, long contract, bundled"
5151-HQRDG,3,"New, month-to-month, core internet"
0960-HUWBM,2,"Loyal, long contract, bundled"
6465-GSRCL,2,"Loyal, long contract, bundled"
0617-FHSGK,0,"Mid-life, month-to-month, core internet"
0263-FJTQO,2,"Loyal, long contract, bundled"
7319-ZNRTR,1,"Mid-life, long contract, phone-only"
2858-MOFSQ,3,"New, month-to-month, core internet"
7503-EPSZW,1,"Mid-life, long contract, phone-only"
7089-XXAYG,0,"Mid-life, month-to-month, core internet"
8118-LSUEL,3,"New, month-to-month, core internet"
8070-AAWZP,3,"New, month-to-month, core internet"
1666-JXLKU,3,"New, month-to-month, core internet"
7855-DIWPO,3,"New, month-to-month, core internet"
5133-POWUA,3,"New, month-to-month, core internet"
5652-MSDEY,3,"New, month-to-month, core internet"
7005-CCBKV,3,"New, month-to-month, core internet"
1810-BOHSY,2,"Loyal, long contract, bundled"
1784-BXEFA,1,"Mid-life, long contract, phone-only"
7351-MHQVU,0,"Mid-life, month-to-month, core internet"
9224-VTYID,2,"Loyal, long contract, bundled"
9500-IWPXQ,2,"Loyal, long contract, bundled"
5762-TJXGK,2,"Loyal, long contract, bundled"
4504-YOULA,0,"Mid-life, month-to-month, core internet"
5569-IDSEY,2,"Loyal, long contract, bundled"
4250-FDVOU,3,"New, month-to-month, core internet"
7284-ZZLOH,0,"Mid-life, month-to-month, core internet"
5277-ZLOOR,3,"New, month-to-month, core internet"
2141-RRYGO,0,"Mid-life, month-to-month, core internet"
1777-JYQPJ,3,"New, month-to-month, core internet"
6376-GAHQE,3,"New, month-to-month, core internet"
3401-URHDA,0,"Mid-life, month-to-month, core internet"
1599-EAHXY,1,"Mid-life, long contract, phone-only"
8631-XVRZL,1,"Mid-life, long contract, phone-only"
5052-PNLOS,0,"Mid-life, month-to-month, core internet"
3853-LYGAM,0,"Mid-life, month-to-month, core internet"
6979-ZNSFF,3,"New, month-to-month, core internet"
5751-USDBL,2,"Loyal, long contract, bundled"
5680-LQOGP,2,"Loyal, long contract, bundled"
2386-LAHRK,3,"New, month-to-month, core internet"
8189-DUKMV,1,"Mid-life, long contract, phone-only"
6032-IGALN,3,"New, month-to-month, core internet"
9931-DCEZH,0,"Mid-life, month-to-month, core internet"
1898-JSNDC,0,"Mid-life, month-to-month, core internet"
0315-LVCRK,3,"New, month-to-month, core internet"
3911-RSNHI,2,"Loyal, long contract, bundled"
2410-CIYFZ,1,"Mid-life, long contract, phone-only"
4248-HCETZ,3,"New, month-to-month, core internet"
5505-OVWQW,1,"Mid-life, long contract, phone-only"
7271-AJDTL,0,"Mid-life, month-to-month, core internet"
1867-TJHTS,0,"Mid-life, month-to-month, core internet"
0516-WJVXC,3,"New, month-to-month, core internet"
9174-FKWZE,1,"Mid-life, long contract, phone-only"
6860-YRJZP,3,"New, month-to-month, core internet"
4429-WYGFR,0,"Mid-life, month-to-month, core internet"
2817-LVCPP,1,"Mid-life, long contract, phone-only"
5038-ETMLM,2,"Loyal, long contract, bundled"
5056-FIMPT,2,"Loyal, long contract, bundled"
4521-WFJAI,1,"Mid-life, long contract, phone-only"
6569-KTMDU,1,"Mid-life, long contract, phone-only"
8809-RIHDD,2,"Loyal, long contract, bundled"
8809-XKHMD,2,"Loyal, long contract, bundled"
0396-YCHWO,3,"New, month-to-month, core internet"
0867-LDTTC,0,"Mid-life, month-to-month, core internet"
4822-NGOCH,3,"New, month-to-month, core internet"
9391-DXGGG,2,"Loyal, long contract, bundled"
9844-FELAJ,2,"Loyal, long contract, bundled"
2122-SZZZD,1,"Mid-life, long contract, phone-only"
5307-DZCVC,0,"Mid-life, month-to-month, core internet"
3148-AOIQT,1,"Mid-life, long contract, phone-only"
8679-JOEVF,3,"New, month-to-month, core internet"
8395-ETZKQ,1,"Mid-life, long contract, phone-only"
6692-YQHXC,0,"Mid-life, month-to-month, core internet"
3889-VWBID,2,"Loyal, long contract, bundled"
5222-JCXZT,1,"Mid-life, long contract, phone-only"
9754-CLVZW,0,"Mid-life, month-to-month, core internet"
1432-FPAXX,3,"New, month-to-month, core internet"
2739-CCZMB,1,"Mid-life, long contract, phone-only"
7080-TNUWP,2,"Loyal, long contract, bundled"
0496-AHOOK,2,"Loyal, long contract, bundled"
8336-TAVKX,2,"Loyal, long contract, bundled"
2468-SJFLM,3,"New, month-to-month, core internet"
3181-VTHOE,2,"Loyal, long contract, bundled"
7168-HDQHG,1,"Mid-life, long contract, phone-only"
4803-AXVYP,3,"New, month-to-month, core internet"
3884-HCSWG,3,"New, month-to-month, core internet"
4567-AKPIA,2,"Loyal, long contract, bundled"
5077-DXTCG,3,"New, month-to-month, core internet"
1142-WACZW,0,"Mid-life, month-to-month, core internet"
7901-HXJVA,3,"New, month-to-month, core internet"
5649-ANRML,0,"Mid-life, month-to-month, core internet"
4892-VLANZ,1,"Mid-life, long contract, phone-only"
5924-IFQTT,3,"New, month-to-month, core internet"
7968-QUXNS,1,"Mid-life, long contract, phone-only"
2919-HBCJO,0,"Mid-life, month-to-month, core internet"
4236-XPXAV,3,"New, month-to-month, core internet"
8903-WMRNW,3,"New, month-to-month, core internet"
2452-SNHFZ,0,"Mid-life, month-to-month, core internet"
3629-WEAAM,3,"New, month-to-month, core internet"
6029-CSMJE,3,"New, month-to-month, core internet"
7993-NQLJE,3,"New, month-to-month, core internet"
9909-DFRJA,2,"Loyal, long contract, bundled"
9099-FTUHS,3,"New, month-to-month, core internet"
0581-BXBUB,3,"New, month-to-month, core internet"
4962-CHQPW,1,"Mid-life, long contract, phone-only"
9467-ROOLM,1,"Mid-life, long contract, phone-only"
3030-YZADT,3,"New, month-to-month, core internet"
7410-KTVFV,3,"New, month-to-month, core internet"
5150-ITWWB,3,"New, month-to-month, core internet"
2253-KPMNB,2,"Loyal, long contract, bundled"
1345-ZUKID,1,"Mid-life, long contract, phone-only"
6429-SHBCB,3,"New, month-to-month, core internet"
9281-OFDMF,3,"New, month-to-month, core internet"
2603-HVKCG,3,"New, month-to-month, core internet"
1834-WULEG,1,"Mid-life, long contract, phone-only"
9097-ZUBYC,0,"Mid-life, month-to-month, core internet"
5148-ORICT,2,"Loyal, long contract, bundled"
4893-GYUJU,1,"Mid-life, long contract, phone-only"
4578-PHJYZ,2,"Loyal, long contract, bundled"
7272-QDCKA,2,"Loyal, long contract, bundled"
8908-SLFCJ,1,"Mid-life, long contract, phone-only"
8393-DLHGA,3,"New, month-to-month, core internet"
9766-HGEDE,1,"Mid-life, long contract, phone-only"
6968-MHOMU,0,"Mid-life, month-to-month, core internet"
7395-IGJOS,0,"Mid-life, month-to-month, core internet"
5044-XDPYX,1,"Mid-life, long contract, phone-only"
1814-WFGVS,2,"Loyal, long contract, bundled"
2834-SPCJV,3,"New, month-to-month, core internet"
3721-WKIIL,1,"Mid-life, long contract, phone-only"
6734-CKRSM,1,"Mid-life, long contract, phone-only"
1265-ZFOSD,2,"Loyal, long contract, bundled"
6568-POCUI,2,"Loyal, long contract, bundled"
7890-VYYWG,3,"New, month-to-month, core internet"
5197-LQXXH,2,"Loyal, long contract, bundled"
9907-SWKKF,3,"New, month-to-month, core internet"
3457-PQBYH,1,"Mid-life, long contract, phone-only"
7682-AZNDK,3,"New, month-to-month, core internet"
0587-DMGBH,3,"New, month-to-month, core internet"
5384-ZTTWP,1,"Mid-life, long contract, phone-only"
3745-HRPHI,2,"Loyal, long contract, bundled"
7636-OWBPG,0,"Mid-life, month-to-month, core internet"
1231-YNDEK,1,"Mid-life, long contract, phone-only"
1407-DIGZV,1,"Mid-life, long contract, phone-only"
6397-JNZZG,0,"Mid-life, month-to-month, core internet"
0570-BFQHT,3,"New, month-to-month, core internet"
4393-OBCRR,1,"Mid-life, long contract, phone-only"
3523-QRQLL,0,"Mid-life, month-to-month, core internet"
8564-LDKFL,2,"Loyal, long contract, bundled"
3696-DFHHB,1,"Mid-life, long contract, phone-only"
0895-DQHEW,2,"Loyal, long contract, bundled"
4717-GHADL,2,"Loyal, long contract, bundled"
5501-TVMGM,3,"New, month-to-month, core internet"
5879-HMFFH,2,"Loyal, long contract, bundled"
6772-WFQRD,1,"Mid-life, long contract, phone-only"
3810-DVDQQ,2,"Loyal, long contract, bundled"
6972-SNKKW,1,"Mid-life, long contract, phone-only"
3694-GLTJM,1,"Mid-life, long contract, phone-only"
8550-XSXUQ,2,"Loyal, long contract, bundled"
8149-RSOUN,3,"New, month-to-month, core internet"
9055-MOJJJ,2,"Loyal, long contract, bundled"
4359-INNWN,1,"Mid-life, long contract, phone-only"
0585-EGDDA,3,"New, month-to-month, core internet"
4032-RMHCI,0,"Mid-life, month-to-month, core internet"
0549-CYCQN,0,"Mid-life, month-to-month, core internet"
3481-JHUZH,3,"New, month-to-month, core internet"
7250-EQKIY,3,"New, month-to-month, core internet"
3594-IVHJZ,1,"Mid-life, long contract, phone-only"
6869-FGJJC,2,"Loyal, long contract, bundled"
3896-ZVNET,1,"Mid-life, long contract, phone-only"
8205-VSLRB,2,"Loyal, long contract, bundled"
5960-MVTUK,3,"New, month-to-month, core internet"
6817-WTYHE,0,"Mid-life, month-to-month, core internet"
3082-VQXNH,0,"Mid-life, month-to-month, core internet"
4013-UBXWQ,3,"New, month-to-month, core internet"
4931-TRZWN,3,"New, month-to-month, core internet"
0750-EKNGL,1,"Mid-life, long contract, phone-only"
7669-LCRSD,3,"New, month-to-month, core internet"
3567-PQTSO,2,"Loyal, long contract, bundled"
5519-NPHVG,3,"New, month-to-month, core internet"
8043-PNYSD,1,"Mid-life, long contract, phone-only"
9938-EKRGF,3,"New, month-to-month, core internet"
2703-AMTUL,3,"New, month-to-month, core internet"
0928-JMXNP,3,"New, month-to-month, core internet"
8173-RXAYP,1,"Mid-life, long contract, phone-only"
4825-XJGDM,2,"Loyal, long contract, bundled"
5402-HTOTQ,3,"New, month-to-month, core internet"
6734-JDTTV,1,"Mid-life, long contract, phone-only"
7850-THJMU,1,"Mid-life, long contract, phone-only"
3890-RTCMS,3,"New, month-to-month, core internet"
8849-GYOKR,2,"Loyal, long contract, bundled"
3148-BLQJT,1,"Mid-life, long contract, phone-only"
3717-FDJFU,1,"Mid-life, long contract, phone-only"
3665-JATSN,3,"New, month-to-month, core internet"
7966-YOTQW,0,"Mid-life, month-to-month, core internet"
0461-CVKMU,3,"New, month-to-month, core internet"
8806-EAGWC,3,"New, month-to-month, core internet"
8853-TZDGH,2,"Loyal, long contract, bundled"
7779-LGOVN,3,"New, month-to-month, core internet"
4324-BZCKL,3,"New, month-to-month, core internet"
6924-TDGMT,1,"Mid-life, long contract, phone-only"
9710-ZUSHQ,0,"Mid-life, month-to-month, core internet"
1536-YHDOE,3,"New, month-to-month, core internet"
8123-QBNAZ,0,"Mid-life, month-to-month, core internet"
3629-ZNKXA,3,"New, month-to-month, core internet"
4827-LTQRJ,2,"Loyal, long contract, bundled"
7711-YIJWC,2,"Loyal, long contract, bundled"
5482-VXSXJ,3,"New, month-to-month, core internet"
7365-BVCJH,3,"New, month-to-month, core internet"
9620-ENEJV,0,"Mid-life, month-to-month, core internet"
4183-WCSEP,3,"New, month-to-month, core internet"
2378-YIZKA,2,"Loyal, long contract, bundled"
5498-TXHLF,3,"New, month-to-month, core internet"
0689-DSXGL,0,"Mid-life, month-to-month, core internet"
6818-DJXAA,3,"New, month-to-month, core internet"
9722-UJOJR,3,"New, month-to-month, core internet"
0464-WJTKO,1,"Mid-life, long contract, phone-only"
8902-ZEOVF,1,"Mid-life, long contract, phone-only"
6778-EICRF,3,"New, month-to-month, core internet"
2662-NNTDK,1,"Mid-life, long contract, phone-only"
4132-KALRO,3,"New, month-to-month, core internet"
3902-FOIGH,3,"New, month-to-month, core internet"
6772-KSATR,3,"New, month-to-month, core internet"
7112-OPOTK,3,"New, month-to-month, core internet"
2874-YXVVA,2,"Loyal, long contract, bundled"
1245-HARPS,1,"Mid-life, long contract, phone-only"
4210-QFJMF,3,"New, month-to-month, core internet"
4323-ELYYB,1,"Mid-life, long contract, phone-only"
4293-ETKAP,2,"Loyal, long contract, bundled"
6064-PUPMC,0,"Mid-life, month-to-month, core internet"
6504-VBLFL,2,"Loyal, long contract, bundled"
6322-PJJDJ,2,"Loyal, long contract, bundled"
0330-BGYZE,2,"Loyal, long contract, bundled"
1085-LDWAM,1,"Mid-life, long contract, phone-only"
7586-ZATGZ,3,"New, month-to-month, core internet"
7197-VOJMM,2,"Loyal, long contract, bundled"
3318-OSATS,3,"New, month-to-month, core internet"
5828-AVIPD,3,"New, month-to-month, core internet"
1843-TLSGD,1,"Mid-life, long contract, phone-only"
9626-VFRGG,0,"Mid-life, month-to-month, core internet"
7075-BNDVQ,3,"New, month-to-month, core internet"
9143-CANJF,3,"New, month-to-month, core internet"
7284-BUYEC,0,"Mid-life, month-to-month, core internet"
2041-JIJCI,3,"New, month-to-month, core internet"
1086-LXKFY,3,"New, month-to-month, core internet"
4900-MSOMT,2,"Loyal, long contract, bundled"
2229-VWQJH,0,"Mid-life, month-to-month, core internet"
9194-GFVOI,2,"Loyal, long contract, bundled"
1336-EZFZY,1,"Mid-life, long contract, phone-only"
4282-MSACW,2,"Loyal, long contract, bundled"
1403-LKLIK,1,"Mid-life, long contract, phone-only"
2636-ALXXZ,3,"New, month-to-month, core internet"
7774-OJSXI,2,"Loyal, long contract, bundled"
7786-WBJYI,0,"Mid-life, month-to-month, core internet"
0136-IFMYD,2,"Loyal, long contract, bundled"
5144-TVGLP,3,"New, month-to-month, core internet"
9643-AVVWI,3,"New, month-to-month, core internet"
0253-ZTEOB,2,"Loyal, long contract, bundled"
2706-QZIHY,1,"Mid-life, long contract, phone-only"
6061-PQHMK,1,"Mid-life, long contract, phone-only"
9885-CSMWE,3,"New, month-to-month, core internet"
6137-MFAJN,3,"New, month-to-month, core internet"
9122-UMROB,1,"Mid-life, long contract, phone-only"
4232-JGKIY,1,"Mid-life, long contract, phone-only"
2402-TAIRZ,3,"New, month-to-month, core internet"
9659-ZTWSM,2,"Loyal, long contract, bundled"
9139-TWBAS,0,"Mid-life, month-to-month, core internet"
6685-GBWJZ,2,"Loyal, long contract, bundled"
5016-ETTFF,3,"New, month-to-month, core internet"
3866-MDTUB,3,"New, month-to-month, core internet"
2195-VVRJF,0,"Mid-life, month-to-month, core internet"
3913-RDSJZ,1,"Mid-life, long contract, phone-only"
8058-JMEQO,3,"New, month-to-month, core internet"
4203-QGNZA,1,"Mid-life, long contract, phone-only"
5043-TRZWM,3,"New, month-to-month, core internet"
0697-ZMSWS,3,"New, month-to-month, core internet"
7657-DYEPJ,2,"Loyal, long contract, bundled"
9494-BDNNC,2,"Loyal, long contract, bundled"
1640-PLFMP,3,"New, month-to-month, core internet"
5366-OBVMR,3,"New, month-to-month, core internet"
8276-MQBYC,3,"New, month-to-month, core internet"
7644-OMVMY,1,"Mid-life, long contract, phone-only"
7593-XFKDI,3,"New, month-to-month, core internet"
4573-JKNAE,1,"Mid-life, long contract, phone-only"
0337-CNPZE,3,"New, month-to-month, core internet"
9817-APLHW,1,"Mid-life, long contract, phone-only"
8380-MQINP,1,"Mid-life, long contract, phone-only"
0840-DFEZH,3,"New, month-to-month, core internet"
1513-XNPPH,3,"New, month-to-month, core internet"
8690-ZVLCL,2,"Loyal, long contract, bundled"
6015-VVHHE,0,"Mid-life, month-to-month, core internet"
1125-SNVCK,3,"New, month-to-month, core internet"
0384-LPITE,2,"Loyal, long contract, bundled"
4616-EWBNJ,1,"Mid-life, long contract, phone-only"
6347-DCUIK,3,"New, month-to-month, core internet"
1335-HQMKX,2,"Loyal, long contract, bundled"
2545-EBUPK,3,"New, month-to-month, core internet"
6923-AQONU,1,"Mid-life, long contract, phone-only"
2172-EJXVF,2,"Loyal, long contract, bundled"
0897-FEGMU,3,"New, month-to-month, core internet"
7663-RGWBC,3,"New, month-to-month, core internet"
1120-BMWUB,3,"New, month-to-month, core internet"
9124-LHCJQ,3,"New, month-to-month, core internet"
4536-PLEQY,0,"Mid-life, month-to-month, core internet"
7029-IJEJK,0,"Mid-life, month-to-month, core internet"
8871-JLMHM,2,"Loyal, long contract, bundled"
2235-ZGKPT,3,"New, month-to-month, core internet"
3891-PUQOD,3,"New, month-to-month, core internet"
5447-VYTKW,3,"New, month-to-month, core internet"
3623-FQBOX,1,"Mid-life, long contract, phone-only"
0689-NKYLF,3,"New, month-to-month, core internet"
8659-HDIYE,2,"Loyal, long contract, bundled"
3658-KIBGF,3,"New, month-to-month, core internet"
3474-BAFSJ,2,"Loyal, long contract, bundled"
5519-YLDGW,3,"New, month-to-month, core internet"
3865-ZFZIB,1,"Mid-life, long contract, phone-only"
1855-AGAWH,3,"New, month-to-month, core internet"
7109-CQYUZ,2,"Loyal, long contract, bundled"
1370-GGAWX,2,"Loyal, long contract, bundled"
4680-KUTAJ,3,"New, month-to-month, core internet"
5307-UVGNB,0,"Mid-life, month-to-month, core internet"
4946-EDSEW,1,"Mid-life, long contract, phone-only"
2883-ILGWO,2,"Loyal, long contract, bundled"
2516-VQRRV,3,"New, month-to-month, core internet"
7580-UGXNC,3,"New, month-to-month, core internet"
3642-BYHDO,1,"Mid-life, long contract, phone-only"
9629-NHXFW,1,"Mid-life, long contract, phone-only"
2696-RZVZW,1,"Mid-life, long contract, phone-only"
5766-FTRTS,2,"Loyal, long contract, bundled"
0396-HUJBP,1,"Mid-life, long contract, phone-only"
5178-LMXOP,3,"New, month-to-month, core internet"
8879-ZKJOF,2,"Loyal, long contract, bundled"
6285-FTQBF,1,"Mid-life, long contract, phone-only"
8185-UPYBR,3,"New, month-to-month, core internet"
4585-HETAI,3,"New, month-to-month, core internet"
7526-BEZQB,3,"New, month-to-month, core internet"
1474-JUWSM,2,"Loyal, long contract, bundled"
3530-CRZSB,1,"Mid-life, long contract, phone-only"
8498-XXGWA,3,"New, month-to-month, core internet"
9617-INGJY,3,"New, month-to-month, core internet"
0621-TSSMU,1,"Mid-life, long contract, phone-only"
7234-KMNRQ,1,"Mid-life, long contract, phone-only"
7636-PEPNS,3,"New, month-to-month, core internet"
4683-WYDOU,2,"Loyal, long contract, bundled"
9052-DHNKM,3,"New, month-to-month, core internet"
6794-HKIAJ,0,"Mid-life, month-to-month, core internet"
5578-NKCXI,2,"Loyal, long contract, bundled"
1642-HMARX,2,"Loyal, long contract, bundled"
3096-WPXBT,2,"Loyal, long contract, bundled"
8434-PNQZX,2,"Loyal, long contract, bundled"
5950-AAAGJ,0,"Mid-life, month-to-month, core internet"
4299-OPXEJ,1,"Mid-life, long contract, phone-only"
4951-UKAAQ,3,"New, month-to-month, core internet"
9618-LFJRU,1,"Mid-life, long contract, phone-only"
6693-DJWTY,0,"Mid-life, month-to-month, core internet"
0744-GKNGE,0,"Mid-life, month-to-month, core internet"
6447-EGDIV,1,"Mid-life, long contract, phone-only"
1167-OYZJF,1,"Mid-life, long contract, phone-only"
2108-YKQTY,0,"Mid-life, month-to-month, core internet"
4806-DXQCE,2,"Loyal, long contract, bundled"
4918-QLLIW,0,"Mid-life, month-to-month, core internet"
7056-IMHCC,3,"New, month-to-month, core internet"
4854-SSLTN,3,"New, month-to-month, core internet"
5294-DMSFH,0,"Mid-life, month-to-month, core internet"
4837-PZTIC,2,"Loyal, long contract, bundled"
1625-JAIIY,2,"Loyal, long contract, bundled"
0603-OLQDC,3,"New, month-to-month, core internet"
3272-VUHPV,0,"Mid-life, month-to-month, core internet"
4176-FXYBO,2,"Loyal, long contract, bundled"
1063-DHQJF,2,"Loyal, long contract, bundled"
8663-UPDGF,0,"Mid-life, month-to-month, core internet"
6719-FGEDO,2,"Loyal, long contract, bundled"
1837-YQUCE,2,"Loyal, long contract, bundled"
2947-DOMLJ,3,"New, month-to-month, core internet"
4112-LUEIZ,3,"New, month-to-month, core internet"
0369-ZGOVK,0,"Mid-life, month-to-month, core internet"
4510-HIMLV,3,"New, month-to-month, core internet"
9919-KNPOO,3,"New, month-to-month, core internet"
8749-JMNKX,0,"Mid-life, month-to-month, core internet"
7872-BAAZR,1,"Mid-life, long contract, phone-only"
9391-LMANN,2,"Loyal, long contract, bundled"
2430-USGXP,3,"New, month-to-month, core internet"
8174-TBVCF,2,"Loyal, long contract, bundled"
1698-XFZCI,2,"Loyal, long contract, bundled"
1877-HKBQX,3,"New, month-to-month, core internet"
4450-DLLMH,0,"Mid-life, month-to-month, core internet"
0428-AXXLJ,1,"Mid-life, long contract, phone-only"
2746-DIJLO,0,"Mid-life, month-to-month, core internet"
5955-ERIHD,3,"New, month-to-month, core internet"
0917-EZOLA,2,"Loyal, long contract, bundled"
3508-VLHCZ,2,"Loyal, long contract, bundled"
4086-ATNFV,3,"New, month-to-month, core internet"
0468-YRPXN,0,"Mid-life, month-to-month, core internet"
5996-NRVXR,2,"Loyal, long contract, bundled"
3739-YBWAB,3,"New, month-to-month, core internet"
7047-FWEYA,2,"Loyal, long contract, bundled"
2000-MPKCA,2,"Loyal, long contract, bundled"
9762-YAQAA,0,"Mid-life, month-to-month, core internet"
5949-EBSQK,0,"Mid-life, month-to-month, core internet"
5473-KHBPS,2,"Loyal, long contract, bundled"
0100-DUVFC,2,"Loyal, long contract, bundled"
5397-TUPSH,0,"Mid-life, month-to-month, core internet"
8950-MTZNV,3,"New, month-to-month, core internet"
0326-VDYXE,2,"Loyal, long contract, bundled"
6773-LQTVT,3,"New, month-to-month, core internet"
7274-RTAPZ,3,"New, month-to-month, core internet"
0436-TWFFZ,2,"Loyal, long contract, bundled"
8566-YPRGL,1,"Mid-life, long contract, phone-only"
0311-UNPFF,0,"Mid-life, month-to-month, core internet"
6609-MXJHJ,1,"Mid-life, long contract, phone-only"
2669-OIDSD,0,"Mid-life, month-to-month, core internet"
8400-WZICQ,3,"New, month-to-month, core internet"
3834-XUIFC,3,"New, month-to-month, core internet"
9576-SYUHJ,3,"New, month-to-month, core internet"
0410-IPFTY,0,"Mid-life, month-to-month, core internet"
2831-EBWRN,3,"New, month-to-month, core internet"
9430-NKQLY,1,"Mid-life, long contract, phone-only"
8414-MYSHR,3,"New, month-to-month, core internet"
0247-SLUJI,1,"Mid-life, long contract, phone-only"
9402-ORRAH,3,"New, month-to-month, core internet"
6483-OATDN,0,"Mid-life, month-to-month, core internet"
1293-HHSHJ,1,"Mid-life, long contract, phone-only"
4840-ORQXB,2,"Loyal, long contract, bundled"
7599-FKVXZ,2,"Loyal, long contract, bundled"
3982-DQLUS,3,"New, month-to-month, core internet"
8610-ZIKJJ,1,"Mid-life, long contract, phone-only"
3756-VNWDH,2,"Loyal, long contract, bundled"
7801-KICAO,3,"New, month-to-month, core internet"
7673-LPRNY,2,"Loyal, long contract, bundled"
8229-TNIQA,3,"New, month-to-month, core internet"
6060-QBMGV,1,"Mid-life, long contract, phone-only"
7339-POGZN,3,"New, month-to-month, core internet"
2828-SLQPF,0,"Mid-life, month-to-month, core internet"
4465-VDKIQ,3,"New, month-to-month, core internet"
2921-XWDJH,3,"New, month-to-month, core internet"
6221-AVQYL,0,"Mid-life, month-to-month, core internet"
2558-BUOZZ,2,"Loyal, long contract, bundled"
9257-AZMTZ,1,"Mid-life, long contract, phone-only"
0003-MKNFE,3,"New, month-to-month, core internet"
0975-UYDTX,2,"Loyal, long contract, bundled"
7743-EXURX,3,"New, month-to-month, core internet"
4682-BLBUC,2,"Loyal, long contract, bundled"
0975-VOOVL,3,"New, month-to-month, core internet"
5968-VXZLG,0,"Mid-life, month-to-month, core internet"
5569-KGJHX,0,"Mid-life, month-to-month, core internet"
4988-IQIGL,3,"New, month-to-month, core internet"
5201-FRKKS,0,"Mid-life, month-to-month, core internet"
9799-CAYJJ,3,"New, month-to-month, core internet"
7730-IUTDZ,3,"New, month-to-month, core internet"
0426-TIRNE,1,"Mid-life, long contract, phone-only"
5443-SCMKX,2,"Loyal, long contract, bundled"
8295-KMENE,2,"Loyal, long contract, bundled"
6738-ISCBM,2,"Loyal, long contract, bundled"
9821-BESNZ,2,"Loyal, long contract, bundled"
3678-MNGZX,1,"Mid-life, long contract, phone-only"
1335-NTIUC,3,"New, month-to-month, core internet"
2916-BQZLN,3,"New, month-to-month, core internet"
4558-CGYCZ,1,"Mid-life, long contract, phone-only"
2368-GAKKQ,2,"Loyal, long contract, bundled"
8710-YGLWG,3,"New, month-to-month, core internet"
3199-XGZCY,3,"New, month-to-month, core internet"
3785-KTYSH,1,"Mid-life, long contract, phone-only"
6814-ZPWFQ,1,"Mid-life, long contract, phone-only"
4063-EIKNQ,1,"Mid-life, long contract, phone-only"
6993-YCOBK,2,"Loyal, long contract, bundled"
5206-HPJKM,0,"Mid-life, month-to-month, core internet"
7587-RZNME,3,"New, month-to-month, core internet"
0748-RDGGM,2,"Loyal, long contract, bundled"
8393-JMVMB,1,"Mid-life, long contract, phone-only"
5019-GQVCR,3,"New, month-to-month, core internet"
6036-TTFYU,1,"Mid-life, long contract, phone-only"
2550-AEVRU,3,"New, month-to-month, core internet"
0969-RGKCU,1,"Mid-life, long contract, phone-only"
0378-CJKPV,2,"Loyal, long contract, bundled"
4706-AXVKM,0,"Mid-life, month-to-month, core internet"
5889-JTMUL,3,"New, month-to-month, core internet"
9026-RNUJS,3,"New, month-to-month, core internet"
3746-EUBYR,0,"Mid-life, month-to-month, core internet"
2332-EFBJY,1,"Mid-life, long contract, phone-only"
2880-FPNAE,3,"New, month-to-month, core internet"
1703-MGIAB,3,"New, month-to-month, core internet"
4311-QTTAI,1,"Mid-life, long contract, phone-only"
9474-PHLYD,3,"New, month-to-month, core internet"
4318-RAJVY,1,"Mid-life, long contract, phone-only"
2165-VOEGB,2,"Loyal, long contract, bundled"
3612-YUNGG,2,"Loyal, long contract, bundled"
2254-DLXRI,3,"New, month-to-month, core internet"
5062-CJJKH,3,"New, month-to-month, core internet"
9028-LIHRP,2,"Loyal, long contract, bundled"
2219-MVUSO,3,"New, month-to-month, core internet"
1053-MXTTK,2,"Loyal, long contract, bundled"
1530-ZTDOZ,0,"Mid-life, month-to-month, core internet"
1301-LOPVR,2,"Loyal, long contract, bundled"
0853-TWRVK,2,"Loyal, long contract, bundled"
8914-RBTSB,3,"New, month-to-month, core internet"
6212-ATMLK,3,"New, month-to-month, core internet"
8200-LGKSR,2,"Loyal, long contract, bundled"
1568-BEKZM,2,"Loyal, long contract, bundled"
0670-ANMUU,2,"Loyal, long contract, bundled"
6897-RWMUB,2,"Loyal, long contract, bundled"
0963-ZBDRN,3,"New, month-to-month, core internet"
7594-RQHXR,3,"New, month-to-month, core internet"
6999-CHVCF,2,"Loyal, long contract, bundled"
6134-KWTBV,1,"Mid-life, long contract, phone-only"
1077-HUUJM,3,"New, month-to-month, core internet"
6331-EWIEB,3,"New, month-to-month, core internet"
0895-LNKRC,1,"Mid-life, long contract, phone-only"
2045-BMBTJ,0,"Mid-life, month-to-month, core internet"
8417-GSODA,0,"Mid-life, month-to-month, core internet"
5171-EPLKN,1,"Mid-life, long contract, phone-only"
4452-QIIEB,3,"New, month-to-month, core internet"
5998-VVEJY,3,"New, month-to-month, core internet"
1624-NALOJ,3,"New, month-to-month, core internet"
6741-EGCBI,0,"Mid-life, month-to-month, core internet"
7820-ZYGNY,2,"Loyal, long contract, bundled"
4317-VTEOA,3,"New, month-to-month, core internet"
9677-AVKED,2,"Loyal, long contract, bundled"
1670-SVOWZ,0,"Mid-life, month-to-month, core internet"
2227-JRSJX,0,"Mid-life, month-to-month, core internet"
9847-HNVGP,1,"Mid-life, long contract, phone-only"
6696-YDAYZ,1,"Mid-life, long contract, phone-only"
8980-WQFWL,3,"New, month-to-month, core internet"
1730-ZMAME,3,"New, month-to-month, core internet"
6506-EYCNH,1,"Mid-life, long contract, phone-only"
4634-JLRJT,1,"Mid-life, long contract, phone-only"
9501-UKKNL,3,"New, month-to-month, core internet"
2560-QTSBS,1,"Mid-life, long contract, phone-only"
7541-YLXCL,3,"New, month-to-month, core internet"
4795-WRNVT,3,"New, month-to-month, core internet"
6080-TCMYC,3,"New, month-to-month, core internet"
0260-ZDLGK,3,"New, month-to-month, core internet"
7860-UXCRM,2,"Loyal, long contract, bundled"
6357-JJPQT,3,"New, month-to-month, core internet"
2292-XQWSV,2,"Loyal, long contract, bundled"
9552-TGUZV,3,"New, month-to-month, core internet"
5913-INRQV,2,"Loyal, long contract, bundled"
8722-NGNBH,3,"New, month-to-month, core internet"
6210-KBBPI,0,"Mid-life, month-to-month, core internet"
9643-YBLUR,0,"Mid-life, month-to-month, core internet"
8734-FNWVH,0,"Mid-life, month-to-month, core internet"
9447-YPTBX,1,"Mid-life, long contract, phone-only"
0133-BMFZO,3,"New, month-to-month, core internet"
6128-CZOMY,3,"New, month-to-month, core internet"
9540-JYROE,3,"New, month-to-month, core internet"
9026-LHEVG,3,"New, month-to-month, core internet"
2260-USTRB,0,"Mid-life, month-to-month, core internet"
3656-TKRVZ,3,"New, month-to-month, core internet"
7011-CVEUC,0,"Mid-life, month-to-month, core internet"
6185-TASNN,3,"New, month-to-month, core internet"
7925-PNRGI,2,"Loyal, long contract, bundled"
8623-TMRBY,3,"New, month-to-month, core internet"
1552-CZCLL,1,"Mid-life, long contract, phone-only"
3038-PQIUY,0,"Mid-life, month-to-month, core internet"
1501-SGHBW,3,"New, month-to-month, core internet"
9313-CDOGY,1,"Mid-life, long contract, phone-only"
8148-BPLZQ,3,"New, month-to-month, core internet"
2623-DRYAM,2,"Loyal, long contract, bundled"
9987-LUTYD,3,"New, month-to-month, core internet"
3208-YPIOE,3,"New, month-to-month, core internet"
4488-KQFDT,2,"Loyal, long contract, bundled"
2612-RANWT,0,"Mid-life, month-to-month, core internet"
5693-PIPCS,2,"Loyal, long contract, bundled"
0491-KAPQG,3,"New, month-to-month, core internet"
1925-LFCZZ,2,"Loyal, long contract, bundled"
8039-EQPIM,2,"Loyal, long contract, bundled"
6900-PXRMS,3,"New, month-to-month, core internet"
8707-RMEZH,2,"Loyal, long contract, bundled"
3346-BRMIS,3,"New, month-to-month, core internet"
3209-ZPKFI,3,"New, month-to-month, core internet"
6479-VDGRK,2,"Loyal, long contract, bundled"
9373-WSLOY,3,"New, month-to-month, core internet"
2933-FILNV,3,"New, month-to-month, core internet"
3569-JFODW,2,"Loyal, long contract, bundled"
9819-FBNSV,0,"Mid-life, month-to-month, core internet"
9544-PYPSJ,0,"Mid-life, month-to-month, core internet"
1591-XWLGB,1,"Mid-life, long contract, phone-only"
0396-UKGAI,0,"Mid-life, month-to-month, core internet"
3243-ZHOHY,1,"Mid-life, long contract, phone-only"
5186-EJEGL,3,"New, month-to-month, core internet"
7527-QNRUS,1,"Mid-life, long contract, phone-only"
9986-BONCE,1,"Mid-life, long contract, phone-only"
2722-JMONI,3,"New, month-to-month, core internet"
2203-GHNWN,3,"New, month-to-month, core internet"
3878-AVSOQ,3,"New, month-to-month, core internet"
3258-SYSWS,2,"Loyal, long contract, bundled"
5296-PSYVW,1,"Mid-life, long contract, phone-only"
6319-QSUSR,1,"Mid-life, long contract, phone-only"
4083-EUGRJ,1,"Mid-life, long contract, phone-only"
7579-OOPEC,0,"Mid-life, month-to-month, core internet"
0512-FLFDW,2,"Loyal, long contract, bundled"
1771-OADNZ,3,"New, month-to-month, core internet"
0487-CRLZF,2,"Loyal, long contract, bundled"
2107-FBPTK,3,"New, month-to-month, core internet"
9451-WLYRI,1,"Mid-life, long contract, phone-only"
8219-VYBVI,1,"Mid-life, long contract, phone-only"
1991-VOPLL,1,"Mid-life, long contract, phone-only"
9738-QLWTP,3,"New, month-to-month, core internet"
1016-DJTSV,3,"New, month-to-month, core internet"
9419-IPPBE,2,"Loyal, long contract, bundled"
0174-QRVVY,1,"Mid-life, long contract, phone-only"
5699-BNCAS,1,"Mid-life, long contract, phone-only"
2900-PHPLN,1,"Mid-life, long contract, phone-only"
0612-RTZZA,3,"New, month-to-month, core internet"
8106-GWQOK,2,"Loyal, long contract, bundled"
8751-EDEKA,0,"Mid-life, month-to-month, core internet"
6878-GGDWG,1,"Mid-life, long contract, phone-only"
4039-PIMHX,3,"New, month-to-month, core internet"
8450-LUGUK,1,"Mid-life, long contract, phone-only"
3604-WLABM,3,"New, month-to-month, core internet"
0795-GMVQO,2,"Loyal, long contract, bundled"
2259-OUUSZ,0,"Mid-life, month-to-month, core internet"
1142-IHLOO,0,"Mid-life, month-to-month, core internet"
6410-LEFEN,3,"New, month-to-month, core internet"
4633-MKHYU,3,"New, month-to-month, core internet"
6257-RJOHI,3,"New, month-to-month, core internet"
1545-JFUML,2,"Loyal, long contract, bundled"
3194-ORPIK,0,"Mid-life, month-to-month, core internet"
7826-VVKWT,2,"Loyal, long contract, bundled"
1353-GHZOS,0,"Mid-life, month-to-month, core internet"
2587-EKXTS,2,"Loyal, long contract, bundled"
5442-BXVND,1,"Mid-life, long contract, phone-only"
8816-VXNZD,3,"New, month-to-month, core internet"
9378-FXTIZ,2,"Loyal, long contract, bundled"
1723-HKXJQ,3,"New, month-to-month, core internet"
7825-GKXMW,3,"New, month-to-month, core internet"
9753-OYLBX,1,"Mid-life, long contract, phone-only"
2364-UFROM,2,"Loyal, long contract, bundled"
6656-JWRQX,3,"New, month-to-month, core internet"
6473-ULUHT,3,"New, month-to-month, core internet"
1240-KNSEZ,1,"Mid-life, long contract, phone-only"
0836-SEYLU,3,"New, month-to-month, core internet"
4433-JCGCG,3,"New, month-to-month, core internet"
3716-BDVDB,3,"New, month-to-month, core internet"
7688-AWMDX,2,"Loyal, long contract, bundled"
2842-BCQGE,0,"Mid-life, month-to-month, core internet"
7244-QWYHG,0,"Mid-life, month-to-month, core internet"
5899-MQZZL,3,"New, month-to-month, core internet"
6849-OYAMU,2,"Loyal, long contract, bundled"
5312-UXESG,0,"Mid-life, month-to-month, core internet"
9488-HGMJH,3,"New, month-to-month, core internet"
6038-GCYEC,0,"Mid-life, month-to-month, core internet"
2150-WLKUW,0,"Mid-life, month-to-month, core internet"
7159-FVYPK,0,"Mid-life, month-to-month, core internet"
7032-LMBHI,0,"Mid-life, month-to-month, core internet"
1150-WFARN,2,"Loyal, long contract, bundled"
6088-BXMRG,3,"New, month-to-month, core internet"
3144-AUDBS,3,"New, month-to-month, core internet"
4821-SJHJV,3,"New, month-to-month, core internet"
7346-MEDWM,3,"New, month-to-month, core internet"
1137-DGOWI,2,"Loyal, long contract, bundled"
5616-PRTNT,1,"Mid-life, long contract, phone-only"
3812-LRZIR,1,"Mid-life, long contract, phone-only"
4818-QIUFN,3,"New, month-to-month, core internet"
9483-GCPWE,1,"Mid-life, long contract, phone-only"
4227-OJHAL,2,"Loyal, long contract, bundled"
9220-CXRSC,2,"Loyal, long contract, bundled"
4993-JCRGJ,3,"New, month-to-month, core internet"
9537-JALFH,1,"Mid-life, long contract, phone-only"
6698-OXETB,1,"Mid-life, long contract, phone-only"
2103-ZRXFN,3,"New, month-to-month, core internet"
3724-BSCVH,1,"Mid-life, long contract, phone-only"
4877-TSOFF,2,"Loyal, long contract, bundled"
9209-NWPGU,2,"Loyal, long contract, bundled"
6961-VCPMC,3,"New, month-to-month, core internet"
7306-YDSOI,2,"Loyal, long contract, bundled"
5288-AHOUP,3,"New, month-to-month, core internet"
6688-UZPWD,3,"New, month-to-month, core internet"
0655-YDGFJ,0,"Mid-life, month-to-month, core internet"
8468-EHYJA,3,"New, month-to-month, core internet"
6823-SIDFQ,1,"Mid-life, long contract, phone-only"
1097-FSPVW,0,"Mid-life, month-to-month, core internet"
2839-RFSQE,1,"Mid-life, long contract, phone-only"
8328-SKJNO,0,"Mid-life, month-to-month, core internet"
7010-ZMVBF,1,"Mid-life, long contract, phone-only"
5201-CBWYG,1,"Mid-life, long contract, phone-only"
0968-GSIKN,3,"New, month-to-month, core internet"
1965-DDBWU,0,"Mid-life, month-to-month, core internet"
9057-SIHCH,3,"New, month-to-month, core internet"
6352-GIGGQ,2,"Loyal, long contract, bundled"
3635-QQRQD,1,"Mid-life, long contract, phone-only"
6771-XWBDM,2,"Loyal, long contract, bundled"
2897-DOVND,3,"New, month-to-month, core internet"
3082-YVEKW,2,"Loyal, long contract, bundled"
0191-EQUUH,0,"Mid-life, month-to-month, core internet"
7134-HBPBS,2,"Loyal, long contract, bundled"
3489-HHPFY,3,"New, month-to-month, core internet"
2926-JEJJC,1,"Mid-life, long contract, phone-only"
8601-QACRS,3,"New, month-to-month, core internet"
4950-BDEUX,3,"New, month-to-month, core internet"
5789-LDFXO,1,"Mid-life, long contract, phone-only"
0508-OOLTO,3,"New, month-to-month, core internet"
2984-TBYKU,2,"Loyal, long contract, bundled"
9822-WMWVG,2,"Loyal, long contract, bundled"
2391-SOORI,3,"New, month-to-month, core internet"
9040-KZVWO,0,"Mid-life, month-to-month, core internet"
2645-QTLMB,3,"New, month-to-month, core internet"
4806-HIPDW,3,"New, month-to-month, core internet"
1548-ARAGG,3,"New, month-to-month, core internet"
6339-RZCBJ,2,"Loyal, long contract, bundled"
4424-TKOPW,3,"New, month-to-month, core internet"
4415-WNGVR,2,"Loyal, long contract, bundled"
2522-AHJXR,2,"Loyal, long contract, bundled"
0412-UCCNP,2,"Loyal, long contract, bundled"
1816-FLZDK,3,"New, month-to-month, core internet"
7096-UCLNH,1,"Mid-life, long contract, phone-only"
8443-ZRDBZ,3,"New, month-to-month, core internet"
9136-ALYBR,3,"New, month-to-month, core internet"
4615-PIVVU,2,"Loyal, long contract, bundled"
8885-QSQBX,0,"Mid-life, month-to-month, core internet"
7479-NITWS,0,"Mid-life, month-to-month, core internet"
8617-ENBDS,0,"Mid-life, month-to-month, core internet"
9385-NXKDA,2,"Loyal, long contract, bundled"
0430-IHCDJ,3,"New, month-to-month, core internet"
2959-MJHIC,3,"New, month-to-month, core internet"
6674-KVJHG,1,"Mid-life, long contract, phone-only"
1814-DKOLC,1,"Mid-life, long contract, phone-only"
4201-JMNGR,3,"New, month-to-month, core internet"
9351-HXDMR,2,"Loyal, long contract, bundled"
3537-HPKQT,0,"Mid-life, month-to-month, core internet"
2129-ALKBS,1,"Mid-life, long contract, phone-only"
5821-MMEIL,1,"Mid-life, long contract, phone-only"
5960-WPXQM,3,"New, month-to-month, core internet"
0684-AOSIH,3,"New, month-to-month, core internet"
8260-NGFNY,3,"New, month-to-month, core internet"
1309-XGFSN,2,"Loyal, long contract, bundled"
1866-RZZQS,3,"New, month-to-month, core internet"
6968-URWQU,3,"New, month-to-month, core internet"
4742-TXUEX,1,"Mid-life, long contract, phone-only"
9631-XEYKE,0,"Mid-life, month-to-month, core internet"
8631-NBHFZ,2,"Loyal, long contract, bundled"
1335-MXCSE,2,"Loyal, long contract, bundled"
8873-TMKGR,1,"Mid-life, long contract, phone-only"
8800-JOOCF,3,"New, month-to-month, core internet"
1469-LBJQJ,2,"Loyal, long contract, bundled"
4958-XCBDQ,3,"New, month-to-month, core internet"
8337-UPOAQ,3,"New, month-to-month, core internet"
0064-YIJGF,0,"Mid-life, month-to-month, core internet"
2386-OWURY,3,"New, month-to-month, core internet"
1725-IQNIY,2,"Loyal, long contract, bundled"
0310-VQXAM,1,"Mid-life, long contract, phone-only"
6598-RFFVI,1,"Mid-life, long contract, phone-only"
3453-RTHJQ,3,"New, month-to-month, core internet"
6712-OAWRH,3,"New, month-to-month, core internet"
6278-FEPBZ,1,"Mid-life, long contract, phone-only"
4280-DLSHD,3,"New, month-to-month, core internet"
1508-DFXCU,3,"New, month-to-month, core internet"
8614-VGMMV,3,"New, month-to-month, core internet"
7868-BGSZA,2,"Loyal, long contract, bundled"
2800-QQUSO,3,"New, month-to-month, core internet"
2930-UOTMB,0,"Mid-life, month-to-month, core internet"
7973-DZRKH,2,"Loyal, long contract, bundled"
5914-DVBWJ,3,"New, month-to-month, core internet"
7698-YFGEZ,1,"Mid-life, long contract, phone-only"
2533-QVMSK,2,"Loyal, long contract, bundled"
9773-PEQBZ,3,"New, month-to-month, core internet"
8644-XLFBW,3,"New, month-to-month, core internet"
0650-BWOZN,3,"New, month-to-month, core internet"
8625-AZYZY,3,"New, month-to-month, core internet"
7785-RDVIG,1,"Mid-life, long contract, phone-only"
9602-WCXPI,1,"Mid-life, long contract, phone-only"
2903-YYTBW,3,"New, month-to-month, core internet"
3620-MWJNE,3,"New, month-to-month, core internet"
8573-JGCZW,1,"Mid-life, long contract, phone-only"
6837-HAEVO,2,"Loyal, long contract, bundled"
6701-YVNQG,2,"Loyal, long contract, bundled"
9306-CPCBC,3,"New, month-to-month, core internet"
4304-XUMGI,2,"Loyal, long contract, bundled"
9504-YAZWB,1,"Mid-life, long contract, phone-only"
8819-ZBYNA,2,"Loyal, long contract, bundled"
6174-NRBTZ,0,"Mid-life, month-to-month, core internet"
9481-IEBZY,2,"Loyal, long contract, bundled"
1833-VGRUM,3,"New, month-to-month, core internet"
6137-NICCO,3,"New, month-to-month, core internet"
9065-ZCPQX,2,"Loyal, long contract, bundled"
6402-EJMWF,3,"New, month-to-month, core internet"
3620-EHIMZ,1,"Mid-life, long contract, phone-only"
3213-VVOLG,1,"Mid-life, long contract, phone-only"
6870-ECSHE,1,"Mid-life, long contract, phone-only"
8747-UDCOI,1,"Mid-life, long contract, phone-only"
8374-XGEJJ,3,"New, month-to-month, core internet"
2656-TABEH,3,"New, month-to-month, core internet"
6946-LMSQS,3,"New, month-to-month, core internet"
4626-OZDTJ,2,"Loyal, long contract, bundled"
9169-BSVIN,0,"Mid-life, month-to-month, core internet"
2325-ZUSFD,2,"Loyal, long contract, bundled"
8194-PEEBY,1,"Mid-life, long contract, phone-only"
6872-HXFNF,2,"Loyal, long contract, bundled"
3932-CMDTD,2,"Loyal, long contract, bundled"
7714-YXSMB,0,"Mid-life, month-to-month, core internet"
8387-UGUSU,1,"Mid-life, long contract, phone-only"
1080-BWSYE,1,"Mid-life, long contract, phone-only"
4039-HEUNW,3,"New, month-to-month, core internet"
1194-HVAIF,0,"Mid-life, month-to-month, core internet"
0812-WUPTB,3,"New, month-to-month, core internet"
3594-UVONA,2,"Loyal, long contract, bundled"
0004-TLHLJ,3,"New, month-to-month, core internet"
1767-TGTKO,3,"New, month-to-month, core internet"
8439-LTUGF,1,"Mid-life, long contract, phone-only"
8805-JNRAZ,3,"New, month-to-month, core internet"
5089-IFSDP,2,"Loyal, long contract, bundled"
6418-HNFED,2,"Loyal, long contract, bundled"
0206-OYVOC,1,"Mid-life, long contract, phone-only"
7291-CDTMJ,1,"Mid-life, long contract, phone-only"
7128-GGCNO,0,"Mid-life, month-to-month, core internet"
0237-YFUTL,2,"Loyal, long contract, bundled"
7691-KGKGP,0,"Mid-life, month-to-month, core internet"
6710-HSJRD,2,"Loyal, long contract, bundled"
3675-EQOZA,1,"Mid-life, long contract, phone-only"
0840-DCNZE,2,"Loyal, long contract, bundled"
1732-FEKLD,2,"Loyal, long contract, bundled"
9862-KJTYK,0,"Mid-life, month-to-month, core internet"
0479-HMSWA,2,"Loyal, long contract, bundled"
5854-KSRBJ,1,"Mid-life, long contract, phone-only"
0365-BZUWY,3,"New, month-to-month, core internet"
4817-VYYWS,3,"New, month-to-month, core internet"
5701-SVCWR,1,"Mid-life, long contract, phone-only"
3129-AAQOU,1,"Mid-life, long contract, phone-only"
4922-CVPDX,2,"Loyal, long contract, bundled"
1396-QWFBJ,0,"Mid-life, month-to-month, core internet"
1357-BIJKI,2,"Loyal, long contract, bundled"
1099-BTKWT,2,"Loyal, long contract, bundled"
5299-SJCZT,0,"Mid-life, month-to-month, core internet"
2018-PZKMU,3,"New, month-to-month, core internet"
7340-KEFQE,0,"Mid-life, month-to-month, core internet"
4570-QHXHL,3,"New, month-to-month, core internet"
2403-BCASL,2,"Loyal, long contract, bundled"
7392-YYPYJ,3,"New, month-to-month, core internet"
2898-LSJGD,3,"New, month-to-month, core internet"
2223-GDSHL,2,"Loyal, long contract, bundled"
7359-PTSXY,3,"New, month-to-month, core internet"
9470-RTWDV,2,"Loyal, long contract, bundled"
2176-OSJUV,2,"Loyal, long contract, bundled"
9348-YVOMK,0,"Mid-life, month-to-month, core internet"
8104-OSKWT,3,"New, month-to-month, core internet"
4521-YEEHE,3,"New, month-to-month, core internet"
4090-KPJIP,3,"New, month-to-month, core internet"
3786-WOVKF,2,"Loyal, long contract, bundled"
4503-BDXBD,3,"New, month-to-month, core internet"
6086-ESGRL,0,"Mid-life, month-to-month, core internet"
2592-HODOV,1,"Mid-life, long contract, phone-only"
3886-CERTZ,2,"Loyal, long contract, bundled"
7995-ZHHNZ,0,"Mid-life, month-to-month, core internet"
3824-RHKVR,1,"Mid-life, long contract, phone-only"
5816-SCGFC,3,"New, month-to-month, core internet"
5989-AXPUC,2,"Loyal, long contract, bundled"
4979-HPRFL,1,"Mid-life, long contract, phone-only"
8590-OHDIW,1,"Mid-life, long contract, phone-only"
8015-IHCGW,2,"Loyal, long contract, bundled"
2332-TODQS,1,"Mid-life, long contract, phone-only"
9278-VZKCD,2,"Loyal, long contract, bundled"
8008-OTEZX,1,"Mid-life, long contract, phone-only"
2773-OVBPK,2,"Loyal, long contract, bundled"
5999-LCXAO,3,"New, month-to-month, core internet"
5206-XZZQI,3,"New, month-to-month, core internet"
4803-LBYPN,1,"Mid-life, long contract, phone-only"
5759-RCVCB,0,"Mid-life, month-to-month, core internet"
6372-RFVNS,3,"New, month-to-month, core internet"
2139-FQHLM,3,"New, month-to-month, core internet"
8261-GWDBQ,2,"Loyal, long contract, bundled"
1093-YSWCA,1,"Mid-life, long contract, phone-only"
8938-UMKPI,2,"Loyal, long contract, bundled"
0991-BRRFB,3,"New, month-to-month, core internet"
3882-IYOIJ,2,"Loyal, long contract, bundled"
8749-TZYEC,1,"Mid-life, long contract, phone-only"
1755-FZQEC,1,"Mid-life, long contract, phone-only"
3115-JPJDD,2,"Loyal, long contract, bundled"
5600-KTXFM,3,"New, month-to-month, core internet"
3871-IKPYH,3,"New, month-to-month, core internet"
6319-IEJWJ,3,"New, month-to-month, core internet"
9025-AOMKI,0,"Mid-life, month-to-month, core internet"
6339-TBELP,2,"Loyal, long contract, bundled"
7964-YESJC,3,"New, month-to-month, core internet"
6173-GOLSU,0,"Mid-life, month-to-month, core internet"
5275-SQEIZ,3,"New, month-to-month, core internet"
7716-YTYHG,3,"New, month-to-month, core internet"
9938-ZREHM,2,"Loyal, long contract, bundled"
7950-XWOVN,3,"New, month-to-month, core internet"
4390-KYULV,1,"Mid-life, long contract, phone-only"
4647-MUZON,0,"Mid-life, month-to-month, core internet"
9702-AIUJO,0,"Mid-life, month-to-month, core internet"
8849-PRIQJ,2,"Loyal, long contract, bundled"
8851-RAGOV,3,"New, month-to-month, core internet"
1304-NECVQ,3,"New, month-to-month, core internet"
5396-IZEPB,1,"Mid-life, long contract, phone-only"
1729-VLAZJ,3,"New, month-to-month, core internet"
8285-ABVLB,1,"Mid-life, long contract, phone-only"
0701-TJSEF,0,"Mid-life, month-to-month, core internet"
5712-VBOXD,1,"Mid-life, long contract, phone-only"
6629-LADHQ,3,"New, month-to-month, core internet"
8945-GRKHX,3,"New, month-to-month, core internet"
1559-DTODC,0,"Mid-life, month-to-month, core internet"
4797-MIWUM,1,"Mid-life, long contract, phone-only"
6959-UWKHF,3,"New, month-to-month, core internet"
8720-RQSBJ,3,"New, month-to-month, core internet"
4537-CIBHB,1,"Mid-life, long contract, phone-only"
3815-SLMEF,3,"New, month-to-month, core internet"
5154-VEKBL,3,"New, month-to-month, core internet"
4324-AHJKS,0,"Mid-life, month-to-month, core internet"
4355-CVPVS,2,"Loyal, long contract, bundled"
4495-LHSSK,3,"New, month-to-month, core internet"
5655-JSMZM,3,"New, month-to-month, core internet"
5915-ANOEI,2,"Loyal, long contract, bundled"
9861-PDSZP,2,"Loyal, long contract, bundled"
4505-EXZHB,3,"New, month-to-month, core internet"
7225-CBZPL,3,"New, month-to-month, core internet"
6704-UTUKK,3,"New, month-to-month, core internet"
4587-VVTOX,3,"New, month-to-month, core internet"
2019-HDCZY,2,"Loyal, long contract, bundled"
4652-NNHNY,0,"Mid-life, month-to-month, core internet"
8788-DOXSU,0,"Mid-life, month-to-month, core internet"
7404-JLKQG,3,"New, month-to-month, core internet"
7421-ZLUPA,3,"New, month-to-month, core internet"
8972-HJWNV,3,"New, month-to-month, core internet"
3274-NSDWE,1,"Mid-life, long contract, phone-only"
2632-IVXVF,2,"Loyal, long contract, bundled"
3692-JHONH,2,"Loyal, long contract, bundled"
8915-NNTRC,2,"Loyal, long contract, bundled"
5914-GXMDA,1,"Mid-life, long contract, phone-only"
7463-IFMQU,1,"Mid-life, long contract, phone-only"
2920-RNCEZ,0,"Mid-life, month-to-month, core internet"
2541-YGPKE,2,"Loyal, long contract, bundled"
8515-OCTJS,1,"Mid-life, long contract, phone-only"
5382-TEMLV,0,"Mid-life, month-to-month, core internet"
3441-CGZJH,2,"Loyal, long contract, bundled"
9592-ERDKV,2,"Loyal, long contract, bundled"
2860-RANUS,0,"Mid-life, month-to-month, core internet"
5261-QSHQM,3,"New, month-to-month, core internet"
4778-IZARL,2,"Loyal, long contract, bundled"
0432-CAJZV,3,"New, month-to-month, core internet"
7008-LZVOZ,1,"Mid-life, long contract, phone-only"
8868-WOZGU,3,"New, month-to-month, core internet"
1200-TUZHR,3,"New, month-to-month, core internet"
9365-CSLBQ,1,"Mid-life, long contract, phone-only"
1334-FJSVR,3,"New, month-to-month, core internet"
5884-FBCTL,1,"Mid-life, long contract, phone-only"
7130-CTCUS,0,"Mid-life, month-to-month, core internet"
6242-FEGFD,2,"Loyal, long contract, bundled"
7625-XCQRH,3,"New, month-to-month, core internet"
6194-HBGQN,2,"Loyal, long contract, bundled"
7634-WSWDB,3,"New, month-to-month, core internet"
6986-IXNDM,3,"New, month-to-month, core internet"
1731-TVIUK,3,"New, month-to-month, core internet"
2987-BJXIK,2,"Loyal, long contract, bundled"
9769-TSBZE,2,"Loyal, long contract, bundled"
0406-BPDVR,2,"Loyal, long contract, bundled"
0618-XWMSS,0,"Mid-life, month-to-month, core internet"
1395-WSWXR,1,"Mid-life, long contract, phone-only"
6023-GSSXW,2,"Loyal, long contract, bundled"
6752-APNJL,3,"New, month-to-month, core internet"
5276-KQWHG,3,"New, month-to-month, core internet"
0420-HLGXF,3,"New, month-to-month, core internet"
7446-KQISO,2,"Loyal, long contract, bundled"
9823-EALYC,2,"Loyal, long contract, bundled"
0582-AVCLN,1,"Mid-life, long contract, phone-only"
5803-NQJZO,2,"Loyal, long contract, bundled"
2565-JSLRY,1,"Mid-life, long contract, phone-only"
2607-DHDAK,1,"Mid-life, long contract, phone-only"
1073-XXCZD,1,"Mid-life, long contract, phone-only"
0743-HRVFF,2,"Loyal, long contract, bundled"
4006-HKYHO,2,"Loyal, long contract, bundled"
3727-JEZTU,1,"Mid-life, long contract, phone-only"
8143-ETQTI,1,"Mid-life, long contract, phone-only"
6689-KXGBO,3,"New, month-to-month, core internet"
9667-TKTVZ,3,"New, month-to-month, core internet"
3657-COGMW,2,"Loyal, long contract, bundled"
8570-KLJYJ,3,"New, month-to-month, core internet"
7754-IXRMC,3,"New, month-to-month, core internet"
9473-CBZOP,3,"New, month-to-month, core internet"
2969-WGHQO,3,"New, month-to-month, core internet"
6615-NGGZJ,3,"New, month-to-month, core internet"
4334-HOWRP,2,"Loyal, long contract, bundled"
4255-DDUOU,1,"Mid-life, long contract, phone-only"
5863-OOKCL,1,"Mid-life, long contract, phone-only"
1686-STUHN,1,"Mid-life, long contract, phone-only"
1329-VHWNP,0,"Mid-life, month-to-month, core internet"
2984-MIIZL,0,"Mid-life, month-to-month, core internet"
0266-GMEAO,2,"Loyal, long contract, bundled"
5590-YRFJT,3,"New, month-to-month, core internet"
5574-NXZIU,2,"Loyal, long contract, bundled"
0019-GFNTW,2,"Loyal, long contract, bundled"
4256-ZWTZI,3,"New, month-to-month, core internet"
8309-PPCED,2,"Loyal, long contract, bundled"
4098-NAUKP,3,"New, month-to-month, core internet"
5196-WPYOW,2,"Loyal, long contract, bundled"
4608-LCIMN,0,"Mid-life, month-to-month, core internet"
1485-YDHMM,0,"Mid-life, month-to-month, core internet"
4054-CUMIA,1,"Mid-life, long contract, phone-only"
0603-TPMIB,1,"Mid-life, long contract, phone-only"
2525-GVKQU,1,"Mid-life, long contract, phone-only"
8161-QYMTT,3,"New, month-to-month, core internet"
9581-GVBXT,3,"New, month-to-month, core internet"
5862-BRIXZ,2,"Loyal, long contract, bundled"
5404-GGUKR,3,"New, month-to-month, core internet"
3308-JSGML,2,"Loyal, long contract, bundled"
2126-GSEGL,2,"Loyal, long contract, bundled"
3677-TNKIO,0,"Mid-life, month-to-month, core internet"
0440-QEXBZ,3,"New, month-to-month, core internet"
2434-EEVDB,2,"Loyal, long contract, bundled"
6762-QVYJO,2,"Loyal, long contract, bundled"
6199-IWKGC,2,"Loyal, long contract, bundled"
2675-DHUTR,3,"New, month-to-month, core internet"
8152-VETUR,2,"Loyal, long contract, bundled"
9667-EQRXU,3,"New, month-to-month, core internet"
7446-YPODE,0,"Mid-life, month-to-month, core internet"
9522-BNTHX,3,"New, month-to-month, core internet"
4676-WLUHT,2,"Loyal, long contract, bundled"
3329-WDIOK,3,"New, month-to-month, core internet"
7980-MHFLQ,1,"Mid-life, long contract, phone-only"
2873-ZLIWT,3,"New, month-to-month, core internet"
3415-TAILE,3,"New, month-to-month, core internet"
0757-WCUUZ,2,"Loyal, long contract, bundled"
1629-DQQVB,0,"Mid-life, month-to-month, core internet"
1915-IOFGU,3,"New, month-to-month, core internet"
3045-XETSH,3,"New, month-to-month, core internet"
0374-AACSZ,3,"New, month-to-month, core internet"
7239-HZZCX,1,"Mid-life, long contract, phone-only"
4872-VXRIL,2,"Loyal, long contract, bundled"
9140-CZQZZ,2,"Loyal, long contract, bundled"
3423-HHXAO,1,"Mid-life, long contract, phone-only"
9938-TKDGL,2,"Loyal, long contract, bundled"
0531-ZZJWQ,3,"New, month-to-month, core internet"
6537-QLGEX,3,"New, month-to-month, core internet"
2688-BHGOG,3,"New, month-to-month, core internet"
7683-CBDKJ,3,"New, month-to-month, core internet"
0946-CLJTI,3,"New, month-to-month, core internet"
3160-TYXLT,0,"Mid-life, month-to-month, core internet"
1325-USMEC,2,"Loyal, long contract, bundled"
0916-QOFDP,3,"New, month-to-month, core internet"
0628-CNQRM,2,"Loyal, long contract, bundled"
5606-AMZBO,0,"Mid-life, month-to-month, core internet"
6199-IPCAO,1,"Mid-life, long contract, phone-only"
7665-TOALD,3,"New, month-to-month, core internet"
0112-QWPNC,2,"Loyal, long contract, bundled"
0324-BRPCJ,2,"Loyal, long contract, bundled"
2777-PHDEI,3,"New, month-to-month, core internet"
5640-CAXOA,0,"Mid-life, month-to-month, core internet"
2235-EZAIK,2,"Loyal, long contract, bundled"
3847-BAERP,1,"Mid-life, long contract, phone-only"
1196-AMORA,3,"New, month-to-month, core internet"
4282-YMKNA,3,"New, month-to-month, core internet"
1453-RZFON,3,"New, month-to-month, core internet"
8263-OKETD,0,"Mid-life, month-to-month, core internet"
0670-KDOMA,1,"Mid-life, long contract, phone-only"
2476-YGEFM,0,"Mid-life, month-to-month, core internet"
8687-BAFGU,3,"New, month-to-month, core internet"
0641-EVBOJ,3,"New, month-to-month, core internet"
0829-XXPLX,0,"Mid-life, month-to-month, core internet"
9974-JFBHQ,2,"Loyal, long contract, bundled"
5356-RHIPP,1,"Mid-life, long contract, phone-only"
6624-JDRDS,0,"Mid-life, month-to-month, core internet"
0608-JDVEC,1,"Mid-life, long contract, phone-only"
9780-FKVVF,0,"Mid-life, month-to-month, core internet"
1919-RTPQD,3,"New, month-to-month, core internet"
5214-NLTIT,2,"Loyal, long contract, bundled"
3345-PBBFH,0,"Mid-life, month-to-month, core internet"
5055-BRMNE,2,"Loyal, long contract, bundled"
9189-JWSHV,3,"New, month-to-month, core internet"
2190-PHBHR,2,"Loyal, long contract, bundled"
2650-GYRYL,1,"Mid-life, long contract, phone-only"
0746-JTRFU,3,"New, month-to-month, core internet"
5208-FVQKB,2,"Loyal, long contract, bundled"
7184-LRUUR,0,"Mid-life, month-to-month, core internet"
6627-CFOSN,2,"Loyal, long contract, bundled"
3982-JGSFD,1,"Mid-life, long contract, phone-only"
1574-DYCWE,1,"Mid-life, long contract, phone-only"
7247-XOZPB,2,"Loyal, long contract, bundled"
2466-FCCPT,1,"Mid-life, long contract, phone-only"
6211-WWLTF,2,"Loyal, long contract, bundled"
4826-TZEVA,0,"Mid-life, month-to-month, core internet"
6016-NXBNJ,1,"Mid-life, long contract, phone-only"
9138-EFSMO,0,"Mid-life, month-to-month, core internet"
0576-WNXXC,3,"New, month-to-month, core internet"
4632-XJMEX,2,"Loyal, long contract, bundled"
8910-LEDAG,0,"Mid-life, month-to-month, core internet"
3452-GWUIN,3,"New, month-to-month, core internet"
2716-GFZOR,0,"Mid-life, month-to-month, core internet"
3724-UCSHY,1,"Mid-life, long contract, phone-only"
8626-XHBIE,1,"Mid-life, long contract, phone-only"
4628-CTTLA,3,"New, month-to-month, core internet"
3192-LNKRK,3,"New, month-to-month, core internet"
4439-YRNVD,3,"New, month-to-month, core internet"
2876-VBBBL,1,"Mid-life, long contract, phone-only"
6834-NXDCA,3,"New, month-to-month, core internet"
2208-UGTGR,3,"New, month-to-month, core internet"
3005-TYFRD,2,"Loyal, long contract, bundled"
8670-MEFCP,2,"Loyal, long contract, bundled"
3079-BCHLN,1,"Mid-life, long contract, phone-only"
7777-UNYHB,1,"Mid-life, long contract, phone-only"
5597-GLBUC,3,"New, month-to-month, core internet"
7278-CKDNC,3,"New, month-to-month, core internet"
2748-MYRVK,2,"Loyal, long contract, bundled"
8450-UYIBU,3,"New, month-to-month, core internet"
2969-VAPYH,2,"Loyal, long contract, bundled"
4822-YCXMX,3,"New, month-to-month, core internet"
7181-OQCUT,3,"New, month-to-month, core internet"
8474-UMLNT,0,"Mid-life, month-to-month, core internet"
9821-POOTN,3,"New, month-to-month, core internet"
3836-FZSDJ,1,"Mid-life, long contract, phone-only"
9142-XMYJH,1,"Mid-life, long contract, phone-only"
6559-ILWKJ,2,"Loyal, long contract, bundled"
0187-QSXOE,3,"New, month-to-month, core internet"
7733-UDMTP,3,"New, month-to-month, core internet"
2649-HWLYB,2,"Loyal, long contract, bundled"
5214-CHIWJ,1,"Mid-life, long contract, phone-only"
4229-CZMLL,3,"New, month-to-month, core internet"
6904-JLBGY,2,"Loyal, long contract, bundled"
2465-BLLEU,1,"Mid-life, long contract, phone-only"
1685-VAYJF,0,"Mid-life, month-to-month, core internet"
8874-EJNSR,1,"Mid-life, long contract, phone-only"
6917-YACBP,3,"New, month-to-month, core internet"
5049-MUBWG,2,"Loyal, long contract, bundled"
4223-WOZCM,3,"New, month-to-month, core internet"
0769-MURVM,2,"Loyal, long contract, bundled"
9253-VIFJQ,2,"Loyal, long contract, bundled"
7030-FZTFM,2,"Loyal, long contract, bundled"
9741-YLNTD,0,"Mid-life, month-to-month, core internet"
5917-RYRMG,1,"Mid-life, long contract, phone-only"
5120-ZBLAI,2,"Loyal, long contract, bundled"
1194-BHJYC,2,"Loyal, long contract, bundled"
3663-MITLP,3,"New, month-to-month, core internet"
0906-QVPMS,2,"Loyal, long contract, bundled"
9025-ZRPVR,1,"Mid-life, long contract, phone-only"
1905-OEILC,1,"Mid-life, long contract, phone-only"
7858-GTZSP,3,"New, month-to-month, core internet"
3285-UCQVC,0,"Mid-life, month-to-month, core internet"
6248-BSHKG,1,"Mid-life, long contract, phone-only"
4685-TFLLS,1,"Mid-life, long contract, phone-only"
3470-BTGQO,3,"New, month-to-month, core internet"
1209-VFFOC,2,"Loyal, long contract, bundled"
8224-DWCKX,0,"Mid-life, month-to-month, core internet"
5482-PLVPE,3,"New, month-to-month, core internet"
4553-DVPZG,2,"Loyal, long contract, bundled"
4902-OHLSK,3,"New, month-to-month, core internet"
6917-IAYHD,3,"New, month-to-month, core internet"
0495-ZBNGW,0,"Mid-life, month-to-month, core internet"
8620-RJPZN,1,"Mid-life, long contract, phone-only"
7572-KPVKK,2,"Loyal, long contract, bundled"
2642-MAWLJ,1,"Mid-life, long contract, phone-only"
2357-COQEK,3,"New, month-to-month, core internet"
7103-ZGVNT,2,"Loyal, long contract, bundled"
3737-GCSPV,0,"Mid-life, month-to-month, core internet"
2027-WKXMW,2,"Loyal, long contract, bundled"
7137-NAXML,1,"Mid-life, long contract, phone-only"
2428-ZMCTB,1,"Mid-life, long contract, phone-only"
2961-VNFKL,1,"Mid-life, long contract, phone-only"
1768-HNVGJ,3,"New, month-to-month, core internet"
6963-KQYQB,1,"Mid-life, long contract, phone-only"
5934-RMPOV,3,"New, month-to-month, core internet"
1207-BLKSA,1,"Mid-life, long contract, phone-only"
4088-YLDSU,2,"Loyal, long contract, bundled"
8316-BBQAY,2,"Loyal, long contract, bundled"
1166-PQLGG,1,"Mid-life, long contract, phone-only"
3146-JTQHR,1,"Mid-life, long contract, phone-only"
4291-YZODP,1,"Mid-life, long contract, phone-only"
4395-PZMSN,3,"New, month-to-month, core internet"
6427-FEFIG,2,"Loyal, long contract, bundled"
0017-IUDMW,2,"Loyal, long contract, bundled"
8706-HRADD,3,"New, month-to-month, core internet"
9955-QOPOY,2,"Loyal, long contract, bundled"
4385-ZKVNW,0,"Mid-life, month-to-month, core internet"
5446-DKWYW,2,"Loyal, long contract, bundled"
2034-CGRHZ,0,"Mid-life, month-to-month, core internet"
5797-APWZC,3,"New, month-to-month, core internet"
3683-QKIUE,0,"Mid-life, month-to-month, core internet"
4228-ZGYUW,3,"New, month-to-month, core internet"
9031-ZVQPT,2,"Loyal, long contract, bundled"
2990-IAJSV,2,"Loyal, long contract, bundled"
8107-KNCIM,3,"New, month-to-month, core internet"
9027-YFHQJ,1,"Mid-life, long contract, phone-only"
5176-LDKUH,3,"New, month-to-month, core internet"
4644-OBGFZ,1,"Mid-life, long contract, phone-only"
7926-IJOOU,1,"Mid-life, long contract, phone-only"
6480-YAGIY,2,"Loyal, long contract, bundled"
4029-HPFVY,3,"New, month-to-month, core internet"
7602-DBTOU,1,"Mid-life, long contract, phone-only"
5345-BMKWB,1,"Mid-life, long contract, phone-only"
3519-ZKXGG,3,"New, month-to-month, core internet"
5457-COLHT,2,"Loyal, long contract, bundled"
6416-TVAIH,3,"New, month-to-month, core internet"
5451-YHYPW,2,"Loyal, long contract, bundled"
5108-ADXWO,3,"New, month-to-month, core internet"
7998-WNZEM,2,"Loyal, long contract, bundled"
3066-RRJIO,3,"New, month-to-month, core internet"
4664-NJCMS,2,"Loyal, long contract, bundled"
0307-BCOPK,1,"Mid-life, long contract, phone-only"
7629-WFGLW,2,"Loyal, long contract, bundled"
2542-HYGIQ,1,"Mid-life, long contract, phone-only"
6715-OFDBP,3,"New, month-to-month, core internet"
5016-LIPDW,1,"Mid-life, long contract, phone-only"
6481-LXPWL,0,"Mid-life, month-to-month, core internet"
1567-DSCIC,3,"New, month-to-month, core internet"
2150-UWTFY,3,"New, month-to-month, core internet"
6124-ACRHJ,1,"Mid-life, long contract, phone-only"
9362-MWODR,0,"Mid-life, month-to-month, core internet"
9975-GPKZU,1,"Mid-life, long contract, phone-only"
9625-RZFUK,1,"Mid-life, long contract, phone-only"
5153-LXKDT,2,"Loyal, long contract, bundled"
5161-UBZXI,2,"Loyal, long contract, bundled"
1020-JPQOW,3,"New, month-to-month, core internet"
7919-ZODZZ,3,"New, month-to-month, core internet"
0565-JUPYD,2,"Loyal, long contract, bundled"
6867-ACCZI,2,"Loyal, long contract, bundled"
5939-XAIXZ,3,"New, month-to-month, core internet"
9054-FOWNV,3,"New, month-to-month, core internet"
2683-BPJSO,3,"New, month-to-month, core internet"
2157-MXBJS,3,"New, month-to-month, core internet"
8207-VVMYB,1,"Mid-life, long contract, phone-only"
9732-EQMWY,3,"New, month-to-month, core internet"
9360-AHGNL,2,"Loyal, long contract, bundled"
1087-UDSIH,1,"Mid-life, long contract, phone-only"
5269-NRGDP,2,"Loyal, long contract, bundled"
6195-MELTI,3,"New, month-to-month, core internet"
5485-WUYWF,0,"Mid-life, month-to-month, core internet"
2121-JAFOM,2,"Loyal, long contract, bundled"
8818-DOPVL,2,"Loyal, long contract, bundled"
2632-UCGVD,2,"Loyal, long contract, bundled"
5445-PZWGX,2,"Loyal, long contract, bundled"
1227-UDMZR,2,"Loyal, long contract, bundled"
5198-HQAEN,2,"Loyal, long contract, bundled"
9170-CCKOU,0,"Mid-life, month-to-month, core internet"
2167-FQSTQ,2,"Loyal, long contract, bundled"
2819-GWENI,1,"Mid-life, long contract, phone-only"
1043-YCUTE,1,"Mid-life, long contract, phone-only"
3814-MLAXC,0,"Mid-life, month-to-month, core internet"
3572-UUHRS,1,"Mid-life, long contract, phone-only"
2692-PFYTJ,1,"Mid-life, long contract, phone-only"
1226-UDFZR,3,"New, month-to-month, core internet"
5955-EPOAZ,1,"Mid-life, long contract, phone-only"
6821-JPCDC,2,"Loyal, long contract, bundled"
8815-LMFLX,1,"Mid-life, long contract, phone-only"
9135-HSWOC,1,"Mid-life, long contract, phone-only"
8582-KRHPJ,3,"New, month-to-month, core internet"
5811-IWXYM,2,"Loyal, long contract, bundled"
7044-YAACC,3,"New, month-to-month, core internet"
8189-XRIKE,3,"New, month-to-month, core internet"
1506-YJTYT,2,"Loyal, long contract, bundled"
4123-DVHPH,3,"New, month-to-month, core internet"
6425-YQLLO,2,"Loyal, long contract, bundled"
5442-UTCVD,3,"New, month-to-month, core internet"
2228-BZDEE,1,"Mid-life, long contract, phone-only"
7734-DBOAI,3,"New, month-to-month, core internet"
2789-CZANW,2,"Loyal, long contract, bundled"
2091-RFFBA,3,"New, month-to-month, core internet"
2114-MGINA,3,"New, month-to-month, core internet"
7596-LDUXP,0,"Mid-life, month-to-month, core internet"
3740-RLMVT,2,"Loyal, long contract, bundled"
4489-SNOJF,3,"New, month-to-month, core internet"
2192-OZITF,2,"Loyal, long contract, bundled"
5651-CPDND,3,"New, month-to-month, core internet"
2186-QZEYA,0,"Mid-life, month-to-month, core internet"
1131-ALZWV,1,"Mid-life, long contract, phone-only"
7729-XBTWX,1,"Mid-life, long contract, phone-only"
9134-WYRVP,3,"New, month-to-month, core internet"
3284-SVCRO,1,"Mid-life, long contract, phone-only"
9732-OUYRN,1,"Mid-life, long contract, phone-only"
0559-CKHUS,1,"Mid-life, long contract, phone-only"
2931-SVLTV,2,"Loyal, long contract, bundled"
6899-PPEEA,3,"New, month-to-month, core internet"
7504-UWHNB,3,"New, month-to-month, core internet"
2582-FFFZR,3,"New, month-to-month, core internet"
8908-NMQTX,2,"Loyal, long contract, bundled"
2187-LZGPL,0,"Mid-life, month-to-month, core internet"
1431-AIDJQ,2,"Loyal, long contract, bundled"
6288-LBEAR,3,"New, month-to-month, core internet"
4597-NUCQV,3,"New, month-to-month, core internet"
9019-QVLZD,3,"New, month-to-month, core internet"
8413-YNHNV,2,"Loyal, long contract, bundled"
5808-TOTXO,1,"Mid-life, long contract, phone-only"
4369-NYSCF,2,"Loyal, long contract, bundled"
6333-YDVLT,2,"Loyal, long contract, bundled"
5324-KTGCG,1,"Mid-life, long contract, phone-only"
5599-HVLTW,0,"Mid-life, month-to-month, core internet"
7394-LWLYN,3,"New, month-to-month, core internet"
3707-LRWZD,3,"New, month-to-month, core internet"
6873-UDNLD,3,"New, month-to-month, core internet"
2700-LUEVA,1,"Mid-life, long contract, phone-only"
1455-ESIQH,3,"New, month-to-month, core internet"
0958-YHXGP,3,"New, month-to-month, core internet"
1101-SSWAG,3,"New, month-to-month, core internet"
2979-SXESE,3,"New, month-to-month, core internet"
4013-TLDHQ,3,"New, month-to-month, core internet"
5743-KHMNA,1,"Mid-life, long contract, phone-only"
4194-FJARJ,2,"Loyal, long contract, bundled"
5325-UWTWJ,0,"Mid-life, month-to-month, core internet"
3969-GYXEL,3,"New, month-to-month, core internet"
9208-OLGAQ,3,"New, month-to-month, core internet"
3244-CQPHU,2,"Loyal, long contract, bundled"
2674-MLXMN,2,"Loyal, long contract, bundled"
9708-HPXWZ,0,"Mid-life, month-to-month, core internet"
6992-TKNYO,2,"Loyal, long contract, bundled"
4468-YDOVK,0,"Mid-life, month-to-month, core internet"
3754-DXMRT,3,"New, month-to-month, core internet"
5792-JALQC,2,"Loyal, long contract, bundled"
7130-VTEWQ,3,"New, month-to-month, core internet"
2200-DSAAL,2,"Loyal, long contract, bundled"
4302-ZYFEL,1,"Mid-life, long contract, phone-only"
9351-LZYGF,0,"Mid-life, month-to-month, core internet"
4366-CTOUZ,2,"Loyal, long contract, bundled"
6121-VZNQB,1,"Mid-life, long contract, phone-only"
7903-CMPEY,3,"New, month-to-month, core internet"
1518-OMDIK,0,"Mid-life, month-to-month, core internet"
6671-NGWON,1,"Mid-life, long contract, phone-only"
0595-ITUDF,3,"New, month-to-month, core internet"
6996-KNSML,3,"New, month-to-month, core internet"
1955-IBMMB,1,"Mid-life, long contract, phone-only"
0096-BXERS,3,"New, month-to-month, core internet"
3806-YAZOV,1,"Mid-life, long contract, phone-only"
7998-ZLXWN,1,"Mid-life, long contract, phone-only"
6253-WRFHY,3,"New, month-to-month, core internet"
9133-AYJZG,0,"Mid-life, month-to-month, core internet"
2675-OTVVJ,3,"New, month-to-month, core internet"
8680-CGLTP,3,"New, month-to-month, core internet"
8430-TWCBX,1,"Mid-life, long contract, phone-only"
5018-GWURO,0,"Mid-life, month-to-month, core internet"
6741-QRLUP,2,"Loyal, long contract, bundled"
4737-HOBAX,2,"Loyal, long contract, bundled"
0537-QYZZN,3,"New, month-to-month, core internet"
3340-QBBFM,0,"Mid-life, month-to-month, core internet"
1704-NRWYE,3,"New, month-to-month, core internet"
2592-SEIFQ,3,"New, month-to-month, core internet"
8200-KLNYW,2,"Loyal, long contract, bundled"
3372-CDXFJ,1,"Mid-life, long contract, phone-only"
4781-ZXYGU,1,"Mid-life, long contract, phone-only"
7632-YUTXB,1,"Mid-life, long contract, phone-only"
2718-YSKCS,1,"Mid-life, long contract, phone-only"
9896-UYMIE,2,"Loyal, long contract, bundled"
0853-NWIFK,2,"Loyal, long contract, bundled"
8212-CRQXP,0,"Mid-life, month-to-month, core internet"
6980-CDGFC,1,"Mid-life, long contract, phone-only"
7691-XVTZH,2,"Loyal, long contract, bundled"
2520-SGTTA,1,"Mid-life, long contract, phone-only"
7481-ATQQS,0,"Mid-life, month-to-month, core internet"
2277-VWCNI,3,"New, month-to-month, core internet"
1088-CNNKB,2,"Loyal, long contract, bundled"
8642-GVWRF,0,"Mid-life, month-to-month, core internet"
1930-BZLHI,1,"Mid-life, long contract, phone-only"
3400-ESFUW,2,"Loyal, long contract, bundled"
5868-YTYKS,1,"Mid-life, long contract, phone-only"
3525-DVKFN,1,"Mid-life, long contract, phone-only"
1482-OXZSY,0,"Mid-life, month-to-month, core internet"
0377-JBKKT,3,"New, month-to-month, core internet"
5778-BVOFB,0,"Mid-life, month-to-month, core internet"
3373-YZZYM,1,"Mid-life, long contract, phone-only"
2057-ZBLPD,3,"New, month-to-month, core internet"
0228-MAUWC,3,"New, month-to-month, core internet"
5502-RLUYV,2,"Loyal, long contract, bundled"
0023-HGHWL,3,"New, month-to-month, core internet"
7663-YJHSN,2,"Loyal, long contract, bundled"
4915-BFSXL,2,"Loyal, long contract, bundled"
3086-RUCRN,2,"Loyal, long contract, bundled"
5215-LNLDJ,3,"New, month-to-month, core internet"
7576-JMYWV,2,"Loyal, long contract, bundled"
9039-RBEEE,0,"Mid-life, month-to-month, core internet"
0257-KXZGU,0,"Mid-life, month-to-month, core internet"
1307-ATKGB,3,"New, month-to-month, core internet"
8417-FMLZI,0,"Mid-life, month-to-month, core internet"
3714-XPXBW,2,"Loyal, long contract, bundled"
1850-AKQEP,1,"Mid-life, long contract, phone-only"
2824-DXNKN,2,"Loyal, long contract, bundled"
5227-JSCFE,2,"Loyal, long contract, bundled"
0848-ZGQIJ,0,"Mid-life, month-to-month, core internet"
3621-CHYVB,0,"Mid-life, month-to-month, core internet"
8042-RNLKO,1,"Mid-life, long contract, phone-only"
1792-UXAFY,3,"New, month-to-month, core internet"
5372-FBKBN,1,"Mid-life, long contract, phone-only"
0420-TXVSG,2,"Loyal, long contract, bundled"
6217-TOWGS,0,"Mid-life, month-to-month, core internet"
0515-YPMCW,3,"New, month-to-month, core internet"
0378-XSZPU,2,"Loyal, long contract, bundled"
1045-LTCYT,1,"Mid-life, long contract, phone-only"
1544-JJMYL,2,"Loyal, long contract, bundled"
4636-JGAAI,3,"New, month-to-month, core internet"
6874-SGLHU,2,"Loyal, long contract, bundled"
5951-AOFIH,0,"Mid-life, month-to-month, core internet"
4729-XKASR,3,"New, month-to-month, core internet"
3059-NGMXB,3,"New, month-to-month, core internet"
8652-YHIYU,0,"Mid-life, month-to-month, core internet"
5278-PNYOX,2,"Loyal, long contract, bundled"
5449-FIBXJ,3,"New, month-to-month, core internet"
3486-HOOGQ,2,"Loyal, long contract, bundled"
5061-PBXFW,0,"Mid-life, month-to-month, core internet"
8630-FJLIB,3,"New, month-to-month, core internet"
3891-NLXJB,3,"New, month-to-month, core internet"
4749-OJKQU,3,"New, month-to-month, core internet"
0577-WHMEV,3,"New, month-to-month, core internet"
5453-AXEPF,0,"Mid-life, month-to-month, core internet"
3639-XJHKQ,3,"New, month-to-month, core internet"
3716-LRGXK,2,"Loyal, long contract, bundled"
2263-SFSQZ,1,"Mid-life, long contract, phone-only"
9950-MTGYX,1,"Mid-life, long contract, phone-only"
3397-AVTKU,3,"New, month-to-month, core internet"
4825-FUREZ,1,"Mid-life, long contract, phone-only"
9837-BMCLM,3,"New, month-to-month, core internet"
2672-OJQZP,3,"New, month-to-month, core internet"
0137-UDEUO,1,"Mid-life, long contract, phone-only"
3134-DSHVC,2,"Loyal, long contract, bundled"
6161-UUUTA,3,"New, month-to-month, core internet"
7821-DPRQE,2,"Loyal, long contract, bundled"
6543-XRMYR,3,"New, month-to-month, core internet"
2001-EWBQU,2,"Loyal, long contract, bundled"
4925-LMHOK,0,"Mid-life, month-to-month, core internet"
1608-GMEWB,0,"Mid-life, month-to-month, core internet"
6695-AMZUF,2,"Loyal, long contract, bundled"
1455-UGQVH,3,"New, month-to-month, core internet"
8410-BGQXN,1,"Mid-life, long contract, phone-only"
8280-MQRQN,3,"New, month-to-month, core internet"
1619-YWUBB,1,"Mid-life, long contract, phone-only"
7611-YKYTC,0,"Mid-life, month-to-month, core internet"
2037-SGXHH,3,"New, month-to-month, core internet"
3178-FESZO,0,"Mid-life, month-to-month, core internet"
0365-GXEZS,3,"New, month-to-month, core internet"
0082-OQIQY,3,"New, month-to-month, core internet"
6087-MVHJH,3,"New, month-to-month, core internet"
4603-JANFB,3,"New, month-to-month, core internet"
3018-TFTSU,0,"Mid-life, month-to-month, core internet"
3606-SBKRY,3,"New, month-to-month, core internet"
4806-KEXQR,3,"New, month-to-month, core internet"
0667-NSRGI,2,"Loyal, long contract, bundled"
7083-YNSKY,1,"Mid-life, long contract, phone-only"
6893-ODYYE,2,"Loyal, long contract, bundled"
8242-JSVBO,0,"Mid-life, month-to-month, core internet"
2479-BRAMR,0,"Mid-life, month-to-month, core internet"
9541-ZPSEA,2,"Loyal, long contract, bundled"
2665-NPTGL,0,"Mid-life, month-to-month, core internet"
1139-WUOAH,2,"Loyal, long contract, bundled"
4693-VWVBO,1,"Mid-life, long contract, phone-only"
7434-SHXLS,1,"Mid-life, long contract, phone-only"
6937-GCDGQ,0,"Mid-life, month-to-month, core internet"
0988-JRWWP,3,"New, month-to-month, core internet"
5075-JSDKI,1,"Mid-life, long contract, phone-only"
7908-QCBCA,3,"New, month-to-month, core internet"
8644-XYTSV,0,"Mid-life, month-to-month, core internet"
6711-FLDFB,3,"New, month-to-month, core internet"
3873-WOSBC,1,"Mid-life, long contract, phone-only"
7465-ZZRVX,3,"New, month-to-month, core internet"
7975-JMZNT,2,"Loyal, long contract, bundled"
7251-XFOIL,3,"New, month-to-month, core internet"
4116-IQRFR,1,"Mid-life, long contract, phone-only"
3714-JTVOV,0,"Mid-life, month-to-month, core internet"
8259-DZLIZ,0,"Mid-life, month-to-month, core internet"
0442-ZXKVS,2,"Loyal, long contract, bundled"
7853-WNZSY,1,"Mid-life, long contract, phone-only"
3120-FAZKD,1,"Mid-life, long contract, phone-only"
8606-OEGQZ,1,"Mid-life, long contract, phone-only"
0225-ZORZP,3,"New, month-to-month, core internet"
4702-IOQDC,3,"New, month-to-month, core internet"
9489-JMTTN,2,"Loyal, long contract, bundled"
0575-CUQOV,2,"Loyal, long contract, bundled"
0967-BMLBD,1,"Mid-life, long contract, phone-only"
6178-KFNHS,3,"New, month-to-month, core internet"
2830-LEWOA,2,"Loyal, long contract, bundled"
5006-MXVRN,1,"Mid-life, long contract, phone-only"
1264-BYWMS,3,"New, month-to-month, core internet"
9658-WYUFB,3,"New, month-to-month, core internet"
8327-WKMIE,1,"Mid-life, long contract, phone-only"
6917-FIJHC,1,"Mid-life, long contract, phone-only"
5329-KRDTM,2,"Loyal, long contract, bundled"
7797-EJMDP,0,"Mid-life, month-to-month, core internet"
3530-VWVGU,1,"Mid-life, long contract, phone-only"
2013-SGDXK,3,"New, month-to-month, core internet"
6368-NWMCE,0,"Mid-life, month-to-month, core internet"
3633-CDBUW,2,"Loyal, long contract, bundled"
0707-HOVVN,2,"Loyal, long contract, bundled"
8580-QVLOC,2,"Loyal, long contract, bundled"
3956-MGXOG,3,"New, month-to-month, core internet"
9274-UARKJ,0,"Mid-life, month-to-month, core internet"
4077-HWUYD,2,"Loyal, long contract, bundled"
2012-NWRPA,3,"New, month-to-month, core internet"
8808-ELEHO,3,"New, month-to-month, core internet"
0103-CSITQ,2,"Loyal, long contract, bundled"
3506-LCJDC,1,"Mid-life, long contract, phone-only"
8671-KKKOS,3,"New, month-to-month, core internet"
7305-ZWMAJ,1,"Mid-life, long contract, phone-only"
9518-XXBXE,3,"New, month-to-month, core internet"
3934-HXCFZ,3,"New, month-to-month, core internet"
6578-KRMAW,0,"Mid-life, month-to-month, core internet"
4860-IJUDE,0,"Mid-life, month-to-month, core internet"
7666-WKRON,3,"New, month-to-month, core internet"
9688-YGXVR,0,"Mid-life, month-to-month, core internet"
0423-UDIJQ,3,"New, month-to-month, core internet"
1945-XISKS,1,"Mid-life, long contract, phone-only"
4910-AQFFX,0,"Mid-life, month-to-month, core internet"
2154-KVJFF,3,"New, month-to-month, core internet"
5360-LJCNJ,2,"Loyal, long contract, bundled"
2607-FBDFF,0,"Mid-life, month-to-month, core internet"
9647-ERGBE,3,"New, month-to-month, core internet"
3428-XZMAZ,3,"New, month-to-month, core internet"
1100-DDVRV,3,"New, month-to-month, core internet"
0378-TOVMS,3,"New, month-to-month, core internet"
4355-HBJHH,2,"Loyal, long contract, bundled"
6728-WYQBC,1,"Mid-life, long contract, phone-only"
9058-CBREO,3,"New, month-to-month, core internet"
9029-FEGVJ,3,"New, month-to-month, core internet"
7216-KAOID,1,"Mid-life, long contract, phone-only"
0318-QUUOB,3,"New, month-to-month, core internet"
6145-NNPNO,0,"Mid-life, month-to-month, core internet"
5520-FVEWJ,3,"New, month-to-month, core internet"
5339-TJFEK,2,"Loyal, long contract, bundled"
5572-ZDXHY,3,"New, month-to-month, core internet"
2074-GUHPQ,0,"Mid-life, month-to-month, core internet"
4625-XMOYM,1,"Mid-life, long contract, phone-only"
5827-MWCZK,0,"Mid-life, month-to-month, core internet"
1385-TQOZW,1,"Mid-life, long contract, phone-only"
5914-XRFQB,2,"Loyal, long contract, bundled"
4329-YPDDQ,2,"Loyal, long contract, bundled"
4804-NCPET,1,"Mid-life, long contract, phone-only"
3750-CKVKH,3,"New, month-to-month, core internet"
5944-UGLLK,2,"Loyal, long contract, bundled"
8063-GBATB,3,"New, month-to-month, core internet"
7787-BNTZM,1,"Mid-life, long contract, phone-only"
2252-ISRNH,3,"New, month-to-month, core internet"
9415-TPKRV,3,"New, month-to-month, core internet"
5322-TEUJK,2,"Loyal, long contract, bundled"
4547-KQRTM,0,"Mid-life, month-to-month, core internet"
4877-EVATK,1,"Mid-life, long contract, phone-only"
1866-DIOQZ,2,"Loyal, long contract, bundled"
8375-KVTHK,2,"Loyal, long contract, bundled"
2697-NQBPF,3,"New, month-to-month, core internet"
3709-OIJEA,3,"New, month-to-month, core internet"
7639-SUPCW,0,"Mid-life, month-to-month, core internet"
1386-ZIKUV,1,"Mid-life, long contract, phone-only"
0599-XNYDO,0,"Mid-life, month-to-month, core internet"
6377-WHAOX,2,"Loyal, long contract, bundled"
6855-VLGOS,1,"Mid-life, long contract, phone-only"
8999-XXGNS,2,"Loyal, long contract, bundled"
8746-OQQRW,1,"Mid-life, long contract, phone-only"
3181-MIZBN,1,"Mid-life, long contract, phone-only"
0471-ARVMX,2,"Loyal, long contract, bundled"
7766-CLTIC,3,"New, month-to-month, core internet"
5650-YLIBA,3,"New, month-to-month, core internet"
0825-CPPQH,1,"Mid-life, long contract, phone-only"
9084-OAYKL,1,"Mid-life, long contract, phone-only"
6122-LJADA,2,"Loyal, long contract, bundled"
2400-XIWIO,2,"Loyal, long contract, bundled"
7524-VRLPL,2,"Loyal, long contract, bundled"
1069-XAIEM,3,"New, month-to-month, core internet"
7569-NMZYQ,2,"Loyal, long contract, bundled"
5201-USSQZ,0,"Mid-life, month-to-month, core internet"
2105-PHWON,0,"Mid-life, month-to-month, core internet"
1494-EJZDW,1,"Mid-life, long contract, phone-only"
4884-TVUQF,2,"Loyal, long contract, bundled"
8003-EWNDZ,1,"Mid-life, long contract, phone-only"
1897-RCFUM,1,"Mid-life, long contract, phone-only"
9256-JTBNZ,1,"Mid-life, long contract, phone-only"
4658-HCOHW,3,"New, month-to-month, core internet"
2211-RMNHO,2,"Loyal, long contract, bundled"
2432-TFSMK,0,"Mid-life, month-to-month, core internet"
3440-JPSCL,3,"New, month-to-month, core internet"
4929-ROART,3,"New, month-to-month, core internet"
1834-ABKHQ,0,"Mid-life, month-to-month, core internet"
1741-WTPON,2,"Loyal, long contract, bundled"
3932-IJWDZ,2,"Loyal, long contract, bundled"
1240-HCBOH,1,"Mid-life, long contract, phone-only"
3594-KADLU,3,"New, month-to-month, core internet"
8065-BVEPF,2,"Loyal, long contract, bundled"
3796-ENZGF,2,"Loyal, long contract, bundled"
1734-ZMNTZ,1,"Mid-life, long contract, phone-only"
2853-CWQFQ,3,"New, month-to-month, core internet"
0813-TAXXS,2,"Loyal, long contract, bundled"
2519-TWKFS,3,"New, month-to-month, core internet"
2889-FPWRM,2,"Loyal, long contract, bundled"
0626-QXNGV,1,"Mid-life, long contract, phone-only"
6723-CEGQI,2,"Loyal, long contract, bundled"
6987-XQSJT,3,"New, month-to-month, core internet"
4732-RRJZC,1,"Mid-life, long contract, phone-only"
9499-XPZXM,2,"Loyal, long contract, bundled"
4338-EYCER,0,"Mid-life, month-to-month, core internet"
3007-FDPEA,1,"Mid-life, long contract, phone-only"
6350-XFYGW,3,"New, month-to-month, core internet"
4290-BSXUX,0,"Mid-life, month-to-month, core internet"
8513-OLYGY,2,"Loyal, long contract, bundled"
0311-QYWSS,3,"New, month-to-month, core internet"
8705-DWKTI,0,"Mid-life, month-to-month, core internet"
8755-IWJHN,2,"Loyal, long contract, bundled"
0325-XBFAC,3,"New, month-to-month, core internet"
4480-QQRHC,0,"Mid-life, month-to-month, core internet"
0929-PECLO,0,"Mid-life, month-to-month, core internet"
3680-CTHUH,2,"Loyal, long contract, bundled"
1202-KKGFU,0,"Mid-life, month-to-month, core internet"
6112-KTHFQ,1,"Mid-life, long contract, phone-only"
1852-XEMDW,3,"New, month-to-month, core internet"
2462-XIIJB,3,"New, month-to-month, core internet"
4760-XOHVN,1,"Mid-life, long contract, phone-only"
1820-DJFPH,1,"Mid-life, long contract, phone-only"
9426-SXNHE,1,"Mid-life, long contract, phone-only"
9068-FHQHD,1,"Mid-life, long contract, phone-only"
1269-FOYWN,1,"Mid-life, long contract, phone-only"
9470-YFUYI,2,"Loyal, long contract, bundled"
7817-BOQPW,3,"New, month-to-month, core internet"
7402-EYFXX,3,"New, month-to-month, core internet"
1853-UDXBW,3,"New, month-to-month, core internet"
9895-VFOXH,3,"New, month-to-month, core internet"
5458-CQJTA,2,"Loyal, long contract, bundled"
1230-QAJDW,3,"New, month-to-month, core internet"
5701-ZIKJE,3,"New, month-to-month, core internet"
5219-YIPTK,3,"New, month-to-month, core internet"
5032-MIYKT,3,"New, month-to-month, core internet"
7396-VJUZB,3,"New, month-to-month, core internet"
9717-QEBGU,3,"New, month-to-month, core internet"
5172-RKOCB,2,"Loyal, long contract, bundled"
6509-TSGWN,1,"Mid-life, long contract, phone-only"
3540-RZJYU,3,"New, month-to-month, core internet"
3178-CIFOT,1,"Mid-life, long contract, phone-only"
2091-MJTFX,0,"Mid-life, month-to-month, core internet"
4530-NDRKU,1,"Mid-life, long contract, phone-only"
5985-TBABQ,2,"Loyal, long contract, bundled"
9800-ONTFE,0,"Mid-life, month-to-month, core internet"
6743-HHQPF,0,"Mid-life, month-to-month, core internet"
8455-HIRAQ,3,"New, month-to-month, core internet"
6616-AALSR,2,"Loyal, long contract, bundled"
0883-EIBTI,1,"Mid-life, long contract, phone-only"
9415-ZNBSX,2,"Loyal, long contract, bundled"
4018-KJYUY,1,"Mid-life, long contract, phone-only"
0722-TROQR,3,"New, month-to-month, core internet"
7571-YXDAD,0,"Mid-life, month-to-month, core internet"
3884-UEBXB,2,"Loyal, long contract, bundled"
8780-RSYYU,1,"Mid-life, long contract, phone-only"
5537-UXXVS,1,"Mid-life, long contract, phone-only"
1791-PQHBB,0,"Mid-life, month-to-month, core internet"
8701-DGLVH,1,"Mid-life, long contract, phone-only"
8741-LQOBK,0,"Mid-life, month-to-month, core internet"
3393-FMZPV,3,"New, month-to-month, core internet"
8082-GHXOP,3,"New, month-to-month, core internet"
6402-ZFPPI,3,"New, month-to-month, core internet"
0980-FEXWF,3,"New, month-to-month, core internet"
7486-KSRVI,2,"Loyal, long contract, bundled"
3011-WQKSZ,1,"Mid-life, long contract, phone-only"
8443-WVPSS,3,"New, month-to-month, core internet"
3006-XIMLN,0,"Mid-life, month-to-month, core internet"
8218-FFJDS,2,"Loyal, long contract, bundled"
1986-PHGZF,0,"Mid-life, month-to-month, core internet"
9965-YOKZB,3,"New, month-to-month, core internet"
0504-HHAPI,0,"Mid-life, month-to-month, core internet"
9360-OMDZZ,3,"New, month-to-month, core internet"
6305-YLBMM,2,"Loyal, long contract, bundled"
0345-XMMUG,2,"Loyal, long contract, bundled"
8024-XNAFQ,2,"Loyal, long contract, bundled"
3647-GMGDH,0,"Mid-life, month-to-month, core internet"
2988-GBIVW,3,"New, month-to-month, core internet"
2832-SCUCO,1,"Mid-life, long contract, phone-only"
7036-ZZKBD,0,"Mid-life, month-to-month, core internet"
3791-LGQCY,0,"Mid-life, month-to-month, core internet"
0265-PSUAE,0,"Mid-life, month-to-month, core internet"
0463-TXOAK,1,"Mid-life, long contract, phone-only"
0594-UFTUL,1,"Mid-life, long contract, phone-only"
9509-MPYOD,1,"Mid-life, long contract, phone-only"
9128-CPXKI,2,"Loyal, long contract, bundled"
0129-KPTWJ,2,"Loyal, long contract, bundled"
8166-ZZTFS,2,"Loyal, long contract, bundled"
5855-EIBDE,2,"Loyal, long contract, bundled"
5365-LLFYV,3,"New, month-to-month, core internet"
5956-YHHRX,3,"New, month-to-month, core internet"
6008-NAIXK,2,"Loyal, long contract, bundled"
2956-GGUCQ,3,"New, month-to-month, core internet"
1928-BXYIV,3,"New, month-to-month, core internet"
5760-FXFVO,3,"New, month-to-month, core internet"
6595-COKXZ,3,"New, month-to-month, core internet"
0961-ZWLVI,2,"Loyal, long contract, bundled"
5181-OABFK,2,"Loyal, long contract, bundled"
4007-NHVHI,3,"New, month-to-month, core internet"
7816-VGHTO,3,"New, month-to-month, core internet"
5871-DGTXZ,1,"Mid-life, long contract, phone-only"
7550-WIQVA,2,"Loyal, long contract, bundled"
7544-ZVIKX,2,"Loyal, long contract, bundled"
0016-QLJIS,2,"Loyal, long contract, bundled"
7508-DQAKK,2,"Loyal, long contract, bundled"
5176-OLSKT,2,"Loyal, long contract, bundled"
9356-AXGMP,2,"Loyal, long contract, bundled"
3556-BVQGL,1,"Mid-life, long contract, phone-only"
0362-ZBZWJ,3,"New, month-to-month, core internet"
8979-CAMGB,2,"Loyal, long contract, bundled"
4211-MMAZN,1,"Mid-life, long contract, phone-only"
7581-EBBOU,2,"Loyal, long contract, bundled"
4274-OWWYO,3,"New, month-to-month, core internet"
5073-RZGBK,2,"Loyal, long contract, bundled"
1541-ETJZO,3,"New, month-to-month, core internet"
2192-CKRLV,2,"Loyal, long contract, bundled"
3154-HMWUU,1,"Mid-life, long contract, phone-only"
6119-SPUDB,2,"Loyal, long contract, bundled"
6522-OIQSX,2,"Loyal, long contract, bundled"
7813-ZGGAW,0,"Mid-life, month-to-month, core internet"
8748-HFWBO,1,"Mid-life, long contract, phone-only"
1052-QJIBV,1,"Mid-life, long contract, phone-only"
1319-YLZJG,3,"New, month-to-month, core internet"
4106-HADHQ,2,"Loyal, long contract, bundled"
0723-FDLAY,2,"Loyal, long contract, bundled"
3050-RLLXC,2,"Loyal, long contract, bundled"
9298-WGMRW,2,"Loyal, long contract, bundled"
2369-UAPKZ,3,"New, month-to-month, core internet"
3088-LHEFH,0,"Mid-life, month-to-month, core internet"
2778-OCLGR,0,"Mid-life, month-to-month, core internet"
6583-KQJLK,3,"New, month-to-month, core internet"
8544-JNBOX,1,"Mid-life, long contract, phone-only"
6681-ZSEXG,2,"Loyal, long contract, bundled"
6139-ZZRBQ,1,"Mid-life, long contract, phone-only"
6116-RFVHN,3,"New, month-to-month, core internet"
0637-KVDLV,3,"New, month-to-month, core internet"
8884-FEEWR,1,"Mid-life, long contract, phone-only"
3125-RAHBV,1,"Mid-life, long contract, phone-only"
6633-MPWBS,3,"New, month-to-month, core internet"
0373-AIVNJ,3,"New, month-to-month, core internet"
8785-EPNCG,1,"Mid-life, long contract, phone-only"
1682-VCOIO,1,"Mid-life, long contract, phone-only"
5729-KLZAR,3,"New, month-to-month, core internet"
2072-ZVJJX,1,"Mid-life, long contract, phone-only"
8849-AYPTR,3,"New, month-to-month, core internet"
9518-IMLHK,0,"Mid-life, month-to-month, core internet"
1582-RAFML,3,"New, month-to-month, core internet"
3646-ITDGM,1,"Mid-life, long contract, phone-only"
8740-CRYFY,3,"New, month-to-month, core internet"
3569-VLDHH,2,"Loyal, long contract, bundled"
8224-KDLKN,1,"Mid-life, long contract, phone-only"
7594-LZNWR,0,"Mid-life, month-to-month, core internet"
4001-TSBTV,3,"New, month-to-month, core internet"
2962-XPMCQ,3,"New, month-to-month, core internet"
8727-XDPUD,0,"Mid-life, month-to-month, core internet"
1043-UXOVO,2,"Loyal, long contract, bundled"
1064-FBXNK,1,"Mid-life, long contract, phone-only"
3996-ZNWYK,1,"Mid-life, long contract, phone-only"
2878-DHMIN,1,"Mid-life, long contract, phone-only"
7762-ONLJY,1,"Mid-life, long contract, phone-only"
1678-FYZOW,3,"New, month-to-month, core internet"
5795-BKOYE,2,"Loyal, long contract, bundled"
8627-EHGIP,2,"Loyal, long contract, bundled"
7402-PWYJJ,2,"Loyal, long contract, bundled"
5480-TBGPH,0,"Mid-life, month-to-month, core internet"
0018-NYROU,3,"New, month-to-month, core internet"
7501-VTYLJ,3,"New, month-to-month, core internet"
7608-RGIRO,1,"Mid-life, long contract, phone-only"
0480-BIXDE,3,"New, month-to-month, core internet"
5895-QSXOD,3,"New, month-to-month, core internet"
9814-AOUDH,1,"Mid-life, long contract, phone-only"
6175-IRFIT,3,"New, month-to-month, core internet"
8760-ZRHKE,2,"Loyal, long contract, bundled"
1622-HSHSF,1,"Mid-life, long contract, phone-only"
8854-CCVSQ,3,"New, month-to-month, core internet"
6749-UTDVX,2,"Loyal, long contract, bundled"
5542-DHSXL,3,"New, month-to-month, core internet"
9102-OXKFY,0,"Mid-life, month-to-month, core internet"
0511-JTEOY,3,"New, month-to-month, core internet"
5216-WASFJ,3,"New, month-to-month, core internet"
7808-DVWEP,1,"Mid-life, long contract, phone-only"
7067-KSAZT,2,"Loyal, long contract, bundled"
2284-VFLKH,2,"Loyal, long contract, bundled"
0366-NQSHS,1,"Mid-life, long contract, phone-only"
6532-YLWSI,1,"Mid-life, long contract, phone-only"
3807-BPOMJ,2,"Loyal, long contract, bundled"
3892-NXAZG,2,"Loyal, long contract, bundled"
4948-WBBKL,0,"Mid-life, month-to-month, core internet"
4182-BGSIQ,1,"Mid-life, long contract, phone-only"
9300-AGZNL,3,"New, month-to-month, core internet"
0988-AADSA,2,"Loyal, long contract, bundled"
9972-NKTFD,0,"Mid-life, month-to-month, core internet"
3717-LNXKW,0,"Mid-life, month-to-month, core internet"
5734-EJKXG,2,"Loyal, long contract, bundled"
2207-RYYRL,1,"Mid-life, long contract, phone-only"
6729-FZWSY,1,"Mid-life, long contract, phone-only"
9695-IDRZR,2,"Loyal, long contract, bundled"
8144-DGHXP,2,"Loyal, long contract, bundled"
7814-LEEVE,1,"Mid-life, long contract, phone-only"
1112-CUNAO,3,"New, month-to-month, core internet"
5175-AOBHI,3,"New, month-to-month, core internet"
5174-RNGBH,3,"New, month-to-month, core internet"
8631-WUXGY,3,"New, month-to-month, core internet"
7270-BDIOA,3,"New, month-to-month, core internet"
9565-JSNFM,0,"Mid-life, month-to-month, core internet"
5906-DVAPM,2,"Loyal, long contract, bundled"
6654-QGBZZ,1,"Mid-life, long contract, phone-only"
8348-JLBUG,2,"Loyal, long contract, bundled"
0607-DAAHE,1,"Mid-life, long contract, phone-only"
5641-DMBFJ,2,"Loyal, long contract, bundled"
9200-NLNPD,2,"Loyal, long contract, bundled"
2664-XJZNO,2,"Loyal, long contract, bundled"
9732-KPKBW,3,"New, month-to-month, core internet"
3339-EAQNV,2,"Loyal, long contract, bundled"
0921-OHLVP,3,"New, month-to-month, core internet"
3389-YGYAI,3,"New, month-to-month, core internet"
9560-ARGQJ,3,"New, month-to-month, core internet"
8350-NYMVI,0,"Mid-life, month-to-month, core internet"
1600-DILPE,0,"Mid-life, month-to-month, core internet"
0536-ESJEP,2,"Loyal, long contract, bundled"
4654-GGUII,3,"New, month-to-month, core internet"
6478-HRRCZ,2,"Loyal, long contract, bundled"
8510-BBWMU,1,"Mid-life, long contract, phone-only"
6857-TKDJV,1,"Mid-life, long contract, phone-only"
2360-RDGRO,2,"Loyal, long contract, bundled"
0584-BJQGZ,0,"Mid-life, month-to-month, core internet"
5134-IKDAY,3,"New, month-to-month, core internet"
1360-XFJMR,2,"Loyal, long contract, bundled"
3070-DVEYC,3,"New, month-to-month, core internet"
5730-RIITO,0,"Mid-life, month-to-month, core internet"
9058-MJLZC,3,"New, month-to-month, core internet"
5707-ORNDZ,3,"New, month-to-month, core internet"
0902-XKXPN,1,"Mid-life, long contract, phone-only"
5177-RVZNU,1,"Mid-life, long contract, phone-only"
0056-EPFBG,0,"Mid-life, month-to-month, core internet"
8993-IZEUX,0,"Mid-life, month-to-month, core internet"
8696-JKZNU,3,"New, month-to-month, core internet"
5380-AFSSK,3,"New, month-to-month, core internet"
8190-ZTQFB,3,"New, month-to-month, core internet"
0931-MHTEM,2,"Loyal, long contract, bundled"
2055-PDADH,3,"New, month-to-month, core internet"
7515-LODFU,1,"Mid-life, long contract, phone-only"
0440-UEDAI,2,"Loyal, long contract, bundled"
1337-BOZWO,0,"Mid-life, month-to-month, core internet"
0868-VJRDR,2,"Loyal, long contract, bundled"
8714-EUHJO,3,"New, month-to-month, core internet"
6344-SFJVH,0,"Mid-life, month-to-month, core internet"
3950-VPYJB,2,"Loyal, long contract, bundled"
8041-TMEID,2,"Loyal, long contract, bundled"
7321-ZNSLA,3,"New, month-to-month, core internet"
6941-KXRRV,0,"Mid-life, month-to-month, core internet"
3721-CNEYS,3,"New, month-to-month, core internet"
8727-JQFHV,1,"Mid-life, long contract, phone-only"
9475-NNDGC,2,"Loyal, long contract, bundled"
1355-KUSBG,3,"New, month-to-month, core internet"
3688-FTHLT,0,"Mid-life, month-to-month, core internet"
0899-LIIBW,3,"New, month-to-month, core internet"
2568-OIADY,3,"New, month-to-month, core internet"
1384-RCUXW,3,"New, month-to-month, core internet"
5825-XJOCM,2,"Loyal, long contract, bundled"
6848-YLDFR,2,"Loyal, long contract, bundled"
8125-QPFJD,2,"Loyal, long contract, bundled"
2320-YKQBO,1,"Mid-life, long contract, phone-only"
1193-RTSLK,0,"Mid-life, month-to-month, core internet"
2302-ANTDP,2,"Loyal, long contract, bundled"
5923-GXUOC,3,"New, month-to-month, core internet"
4973-RLZVI,2,"Loyal, long contract, bundled"
7869-ZYDST,0,"Mid-life, month-to-month, core internet"
4501-UYKBC,2,"Loyal, long contract, bundled"
1215-EXRMO,1,"Mid-life, long contract, phone-only"
2305-MRGLV,0,"Mid-life, month-to-month, core internet"
8404-VIOMB,2,"Loyal, long contract, bundled"
5233-GEEAX,3,"New, month-to-month, core internet"
2359-KLTEK,0,"Mid-life, month-to-month, core internet"
5304-EFJLP,2,"Loyal, long contract, bundled"
2673-ZALNP,1,"Mid-life, long contract, phone-only"
9184-GALIL,1,"Mid-life, long contract, phone-only"
4393-RYCRE,2,"Loyal, long contract, bundled"
9746-MDMBK,2,"Loyal, long contract, bundled"
3162-ZJZFU,3,"New, month-to-month, core internet"
8404-GFGCZ,3,"New, month-to-month, core internet"
8875-AKBYH,3,"New, month-to-month, core internet"
4432-ADRLB,3,"New, month-to-month, core internet"
0533-UCAAU,2,"Loyal, long contract, bundled"
1394-SUIUH,3,"New, month-to-month, core internet"
3521-MNKLV,3,"New, month-to-month, core internet"
2533-TIBIX,0,"Mid-life, month-to-month, core internet"
8993-PHFWD,3,"New, month-to-month, core internet"
1565-RHDJD,0,"Mid-life, month-to-month, core internet"
7137-RYLPP,3,"New, month-to-month, core internet"
3765-JXVKY,3,"New, month-to-month, core internet"
5092-STPKP,0,"Mid-life, month-to-month, core internet"
7330-WZLNC,3,"New, month-to-month, core internet"
0114-PEGZZ,3,"New, month-to-month, core internet"
3359-DSRKA,1,"Mid-life, long contract, phone-only"
8639-NHQEI,2,"Loyal, long contract, bundled"
7161-DFHUF,1,"Mid-life, long contract, phone-only"
3957-LXOLK,3,"New, month-to-month, core internet"
3720-DBRWL,2,"Loyal, long contract, bundled"
6635-MYYYZ,2,"Loyal, long contract, bundled"
8565-WUXZU,2,"Loyal, long contract, bundled"
5281-BUZGT,3,"New, month-to-month, core internet"
4994-OBRSZ,2,"Loyal, long contract, bundled"
0562-FGDCR,2,"Loyal, long contract, bundled"
2436-QBZFP,3,"New, month-to-month, core internet"
3420-YJLQT,3,"New, month-to-month, core internet"
6040-CGACY,1,"Mid-life, long contract, phone-only"
6582-PLFUU,1,"Mid-life, long contract, phone-only"
8242-PDSGJ,2,"Loyal, long contract, bundled"
0264-CNITK,1,"Mid-life, long contract, phone-only"
0089-IIQKO,0,"Mid-life, month-to-month, core internet"
7839-NUIAA,3,"New, month-to-month, core internet"
6075-QMNRR,0,"Mid-life, month-to-month, core internet"
5378-IKEEG,3,"New, month-to-month, core internet"
5966-EMAZU,2,"Loyal, long contract, bundled"
0440-EKDCF,2,"Loyal, long contract, bundled"
4774-HHGGS,1,"Mid-life, long contract, phone-only"
2718-GAXQD,3,"New, month-to-month, core internet"
2055-BFOCC,2,"Loyal, long contract, bundled"
8180-AKMJV,0,"Mid-life, month-to-month, core internet"
4298-OYIFC,3,"New, month-to-month, core internet"
5566-SOEZD,0,"Mid-life, month-to-month, core internet"
9842-EFSYY,3,"New, month-to-month, core internet"
2272-WUSPA,2,"Loyal, long contract, bundled"
4584-LBNMK,1,"Mid-life, long contract, phone-only"
3898-GUYTS,2,"Loyal, long contract, bundled"
0930-EHUZA,2,"Loyal, long contract, bundled"
6413-XKKPU,3,"New, month-to-month, core internet"
9975-SKRNR,1,"Mid-life, long contract, phone-only"
3703-KBKZP,0,"Mid-life, month-to-month, core internet"
1449-XQEMT,1,"Mid-life, long contract, phone-only"
2626-URJFX,3,"New, month-to-month, core internet"
4973-MGTON,2,"Loyal, long contract, bundled"
3682-YEUWS,1,"Mid-life, long contract, phone-only"
1223-UNPKS,1,"Mid-life, long contract, phone-only"
2612-RRIDN,3,"New, month-to-month, core internet"
4735-ASGMA,3,"New, month-to-month, core internet"
3446-QDSZF,0,"Mid-life, month-to-month, core internet"
3669-LVWZB,3,"New, month-to-month, core internet"
6892-EZDTG,3,"New, month-to-month, core internet"
5117-IFGPS,3,"New, month-to-month, core internet"
7379-FNIUJ,3,"New, month-to-month, core internet"
1627-AFWVJ,1,"Mid-life, long contract, phone-only"
9725-SCPZG,3,"New, month-to-month, core internet"
5884-GCYMI,3,"New, month-to-month, core internet"
3217-FZDMN,0,"Mid-life, month-to-month, core internet"
4486-EFAEB,1,"Mid-life, long contract, phone-only"
0060-FUALY,3,"New, month-to-month, core internet"
7853-GVUDZ,1,"Mid-life, long contract, phone-only"
7480-QNVZJ,3,"New, month-to-month, core internet"
6954-OOYZZ,0,"Mid-life, month-to-month, core internet"
7088-FBAWU,3,"New, month-to-month, core internet"
8313-AFGBW,2,"Loyal, long contract, bundled"
3943-KDREE,0,"Mid-life, month-to-month, core internet"
9239-ZBZZV,3,"New, month-to-month, core internet"
3097-IDVPU,0,"Mid-life, month-to-month, core internet"
4398-HSCJH,3,"New, month-to-month, core internet"
2197-OMWGI,2,"Loyal, long contract, bundled"
2303-PJYHN,1,"Mid-life, long contract, phone-only"
9795-VOWON,0,"Mid-life, month-to-month, core internet"
1237-WIYYZ,1,"Mid-life, long contract, phone-only"
1987-AUELQ,1,"Mid-life, long contract, phone-only"
7852-LECYP,0,"Mid-life, month-to-month, core internet"
4430-UZIPO,3,"New, month-to-month, core internet"
4822-LPTYJ,2,"Loyal, long contract, bundled"
8165-CBKXO,2,"Loyal, long contract, bundled"
6527-PZFPV,1,"Mid-life, long contract, phone-only"
4855-SNKMY,3,"New, month-to-month, core internet"
9593-CVZKR,1,"Mid-life, long contract, phone-only"
8595-SIZNC,1,"Mid-life, long contract, phone-only"
8008-HAWED,3,"New, month-to-month, core internet"
7124-UGSUR,2,"Loyal, long contract, bundled"
1862-SKORY,3,"New, month-to-month, core internet"
5236-XMZJY,0,"Mid-life, month-to-month, core internet"
4827-DPADN,2,"Loyal, long contract, bundled"
2694-CIUMO,0,"Mid-life, month-to-month, core internet"
5846-ABOBJ,1,"Mid-life, long contract, phone-only"
1439-LCGVL,1,"Mid-life, long contract, phone-only"
0909-SDHNU,3,"New, month-to-month, core internet"
4647-XXZAM,3,"New, month-to-month, core internet"
1502-XFCVR,2,"Loyal, long contract, bundled"
7740-KKCXF,0,"Mid-life, month-to-month, core internet"
5360-XGYAZ,2,"Loyal, long contract, bundled"
9692-TUSXH,3,"New, month-to-month, core internet"
7912-SYRQT,0,"Mid-life, month-to-month, core internet"
3557-HTYWR,2,"Loyal, long contract, bundled"
4816-JBHOV,3,"New, month-to-month, core internet"
8920-NAVAY,2,"Loyal, long contract, bundled"
1699-TLDLZ,1,"Mid-life, long contract, phone-only"
5600-PDUJF,0,"Mid-life, month-to-month, core internet"
8292-TYSPY,0,"Mid-life, month-to-month, core internet"
0567-XRHCU,2,"Loyal, long contract, bundled"
1867-BDVFH,3,"New, month-to-month, core internet"
2067-QYTCF,2,"Loyal, long contract, bundled"
2359-QWQUL,2,"Loyal, long contract, bundled"
9103-TCIHJ,3,"New, month-to-month, core internet"
7407-SUJIZ,1,"Mid-life, long contract, phone-only"
9150-KPBJQ,1,"Mid-life, long contract, phone-only"
0052-DCKON,2,"Loyal, long contract, bundled"
3654-ARMGP,2,"Loyal, long contract, bundled"
9699-UBQFS,3,"New, month-to-month, core internet"
9367-TCUYN,1,"Mid-life, long contract, phone-only"
1261-FWTTE,0,"Mid-life, month-to-month, core internet"
3528-HFRIQ,0,"Mid-life, month-to-month, core internet"
0708-SJDIS,3,"New, month-to-month, core internet"
4140-WJAWW,1,"Mid-life, long contract, phone-only"
2073-QBVBI,3,"New, month-to-month, core internet"
6928-ONTRW,1,"Mid-life, long contract, phone-only"
3320-VEOYC,3,"New, month-to-month, core internet"
5231-FIQPA,1,"Mid-life, long contract, phone-only"
6617-WLBQC,0,"Mid-life, month-to-month, core internet"
2599-CIPQE,2,"Loyal, long contract, bundled"
6653-CBBOM,3,"New, month-to-month, core internet"
8774-GSBUN,1,"Mid-life, long contract, phone-only"
7326-RIGQZ,3,"New, month-to-month, core internet"
1401-FTHFQ,1,"Mid-life, long contract, phone-only"
3247-ZVOUO,3,"New, month-to-month, core internet"
0254-FNMCI,2,"Loyal, long contract, bundled"
1848-LBZHY,0,"Mid-life, month-to-month, core internet"
6101-IMRMM,3,"New, month-to-month, core internet"
8118-TJAFG,3,"New, month-to-month, core internet"
5429-LWCMV,3,"New, month-to-month, core internet"
7298-IZWLY,1,"Mid-life, long contract, phone-only"
9758-MFWGD,0,"Mid-life, month-to-month, core internet"
3955-JBZZM,3,"New, month-to-month, core internet"
1268-ASBGA,0,"Mid-life, month-to-month, core internet"
8943-URTMR,3,"New, month-to-month, core internet"
4815-TUMEQ,1,"Mid-life, long contract, phone-only"
4713-LZDRV,3,"New, month-to-month, core internet"
9909-IDLEK,3,"New, month-to-month, core internet"
4092-OFQZS,1,"Mid-life, long contract, phone-only"
1561-BWHIN,1,"Mid-life, long contract, phone-only"
4325-NFSKC,3,"New, month-to-month, core internet"
9927-DSWDF,3,"New, month-to-month, core internet"
9500-LTVBP,0,"Mid-life, month-to-month, core internet"
7252-NTGSS,3,"New, month-to-month, core internet"
8149-AIQCG,0,"Mid-life, month-to-month, core internet"
1360-JYXKQ,2,"Loyal, long contract, bundled"
2955-PSXOE,1,"Mid-life, long contract, phone-only"
7762-URZQH,2,"Loyal, long contract, bundled"
0899-WZRSD,2,"Loyal, long contract, bundled"
3255-GRXMG,0,"Mid-life, month-to-month, core internet"
4828-FAZPK,0,"Mid-life, month-to-month, core internet"
6094-ZIVKX,2,"Loyal, long contract, bundled"
6925-BAYGL,1,"Mid-life, long contract, phone-only"
3262-EIDHV,2,"Loyal, long contract, bundled"
7354-OIJLX,3,"New, month-to-month, core internet"
1376-HHBDV,3,"New, month-to-month, core internet"
6907-NZZIJ,3,"New, month-to-month, core internet"
6133-OZILE,3,"New, month-to-month, core internet"
4135-FRWKJ,2,"Loyal, long contract, bundled"
2911-UREFD,3,"New, month-to-month, core internet"
3744-ZRRDZ,3,"New, month-to-month, core internet"
5673-TIYIB,0,"Mid-life, month-to-month, core internet"
6551-ZCOTS,1,"Mid-life, long contract, phone-only"
7191-ADRGF,2,"Loyal, long contract, bundled"
5018-LXQQG,0,"Mid-life, month-to-month, core internet"
6892-BOGQE,1,"Mid-life, long contract, phone-only"
1602-IJQQE,3,"New, month-to-month, core internet"
4628-WQCQQ,3,"New, month-to-month, core internet"
1746-TGTWV,0,"Mid-life, month-to-month, core internet"
5995-SNNEW,3,"New, month-to-month, core internet"
8050-WYBND,0,"Mid-life, month-to-month, core internet"
2821-WARNZ,1,"Mid-life, long contract, phone-only"
4879-GZLFH,3,"New, month-to-month, core internet"
1644-IRKSF,2,"Loyal, long contract, bundled"
8314-HTWVE,1,"Mid-life, long contract, phone-only"
9402-ROUMJ,2,"Loyal, long contract, bundled"
2507-QZPQS,3,"New, month-to-month, core internet"
7159-NOKYQ,2,"Loyal, long contract, bundled"
5707-ZMDJP,2,"Loyal, long contract, bundled"
8779-YIQQA,1,"Mid-life, long contract, phone-only"
7136-IHZJA,3,"New, month-to-month, core internet"
8966-OIQHG,1,"Mid-life, long contract, phone-only"
7074-STDCN,3,"New, month-to-month, core internet"
3705-PSNGL,1,"Mid-life, long contract, phone-only"
8739-QOTTN,1,"Mid-life, long contract, phone-only"
1399-OUPJN,1,"Mid-life, long contract, phone-only"
0277-BKSQP,3,"New, month-to-month, core internet"
6502-HCJTI,0,"Mid-life, month-to-month, core internet"
2606-RMDHZ,0,"Mid-life, month-to-month, core internet"
5774-XZTQC,1,"Mid-life, long contract, phone-only"
2676-SSLTO,2,"Loyal, long contract, bundled"
6266-QHOJZ,2,"Loyal, long contract, bundled"
7269-JISCY,0,"Mid-life, month-to-month, core internet"
0363-SVHYR,2,"Loyal, long contract, bundled"
8547-NSBBO,3,"New, month-to-month, core internet"
8258-GSTJK,3,"New, month-to-month, core internet"
6861-OKBCE,1,"Mid-life, long contract, phone-only"
9940-RHLFB,3,"New, month-to-month, core internet"
6591-QGOYB,2,"Loyal, long contract, bundled"
9070-BCKQP,2,"Loyal, long contract, bundled"
6421-SZVEM,0,"Mid-life, month-to-month, core internet"
1328-EUZHC,1,"Mid-life, long contract, phone-only"
2995-UPRYS,2,"Loyal, long contract, bundled"
8878-RYUKI,3,"New, month-to-month, core internet"
9633-DENPU,0,"Mid-life, month-to-month, core internet"
7811-JIVPF,0,"Mid-life, month-to-month, core internet"
7113-HIPFI,2,"Loyal, long contract, bundled"
8541-QVFKM,3,"New, month-to-month, core internet"
6686-YPGHK,3,"New, month-to-month, core internet"
1383-EZRWL,1,"Mid-life, long contract, phone-only"
9258-CNWAC,2,"Loyal, long contract, bundled"
5371-VYLSX,3,"New, month-to-month, core internet"
6374-AFWOX,2,"Loyal, long contract, bundled"
4759-TRPLW,3,"New, month-to-month, core internet"
5317-FLPJF,2,"Loyal, long contract, bundled"
7621-VPNET,0,"Mid-life, month-to-month, core internet"
6034-YMTOB,3,"New, month-to-month, core internet"
8563-IIOXK,3,"New, month-to-month, core internet"
4903-CNOZC,2,"Loyal, long contract, bundled"
4353-HYOJD,3,"New, month-to-month, core internet"
8020-BWHYL,0,"Mid-life, month-to-month, core internet"
7267-FRMJW,1,"Mid-life, long contract, phone-only"
2982-VPSGI,3,"New, month-to-month, core internet"
4188-FRABG,2,"Loyal, long contract, bundled"
8199-ZLLSA,2,"Loyal, long contract, bundled"
4128-ETESU,3,"New, month-to-month, core internet"
0620-DLSLK,3,"New, month-to-month, core internet"
4625-EWPTF,3,"New, month-to-month, core internet"
5980-NOPLP,3,"New, month-to-month, core internet"
3850-OKINF,2,"Loyal, long contract, bundled"
6892-XPFPU,3,"New, month-to-month, core internet"
8010-EZLOU,3,"New, month-to-month, core internet"
1156-ZFYDO,1,"Mid-life, long contract, phone-only"
3295-YVUSR,3,"New, month-to-month, core internet"
8016-NCFVO,2,"Loyal, long contract, bundled"
4119-ZYPZY,2,"Loyal, long contract, bundled"
5549-ZGHFB,1,"Mid-life, long contract, phone-only"
7577-SWIFR,3,"New, month-to-month, core internet"
0303-WMMRN,1,"Mid-life, long contract, phone-only"
6408-OTUBZ,2,"Loyal, long contract, bundled"
5204-HMGYF,2,"Loyal, long contract, bundled"
1078-TDCRN,3,"New, month-to-month, core internet"
3727-OVPRY,1,"Mid-life, long contract, phone-only"
3797-FKOGQ,3,"New, month-to-month, core internet"
7622-NXQZR,0,"Mid-life, month-to-month, core internet"
6196-HBOBZ,2,"Loyal, long contract, bundled"
3970-XGJDU,1,"Mid-life, long contract, phone-only"
7017-VFULY,1,"Mid-life, long contract, phone-only"
5562-YJQGT,1,"Mid-life, long contract, phone-only"
8807-OPMBM,1,"Mid-life, long contract, phone-only"
5439-WIKXB,3,"New, month-to-month, core internet"
9874-QLCLH,3,"New, month-to-month, core internet"
8294-UIMBA,2,"Loyal, long contract, bundled"
8109-YUOHE,3,"New, month-to-month, core internet"
5840-NVDCG,2,"Loyal, long contract, bundled"
8092-NLTGF,1,"Mid-life, long contract, phone-only"
5928-QLDHB,3,"New, month-to-month, core internet"
9840-EFJQB,3,"New, month-to-month, core internet"
0696-UKTOX,3,"New, month-to-month, core internet"
4801-KFYKL,1,"Mid-life, long contract, phone-only"
3472-OAOOR,3,"New, month-to-month, core internet"
6135-OZQVA,3,"New, month-to-month, core internet"
8062-YBDOE,3,"New, month-to-month, core internet"
2252-JHJGE,2,"Loyal, long contract, bundled"
4188-PCPIG,2,"Loyal, long contract, bundled"
6000-APYLU,3,"New, month-to-month, core internet"
7105-BENQF,3,"New, month-to-month, core internet"
7721-DVEKZ,1,"Mid-life, long contract, phone-only"
3566-VVORZ,0,"Mid-life, month-to-month, core internet"
9507-HSMMZ,1,"Mid-life, long contract, phone-only"
2480-SQIOB,3,"New, month-to-month, core internet"
0947-IDHRQ,3,"New, month-to-month, core internet"
7813-TKCVO,1,"Mid-life, long contract, phone-only"
0128-MKWSG,3,"New, month-to-month, core internet"
3672-YITQD,3,"New, month-to-month, core internet"
4350-ZTLPI,2,"Loyal, long contract, bundled"
9048-JVYVF,3,"New, month-to-month, core internet"
0361-HJRDX,2,"Loyal, long contract, bundled"
5727-MYATE,2,"Loyal, long contract, bundled"
3823-KYNQY,1,"Mid-life, long contract, phone-only"
8988-ECPJR,3,"New, month-to-month, core internet"
7570-WELNY,2,"Loyal, long contract, bundled"
3021-VLNRJ,2,"Loyal, long contract, bundled"
3776-EKTKM,3,"New, month-to-month, core internet"
2080-CAZNM,3,"New, month-to-month, core internet"
1028-FFNJK,3,"New, month-to-month, core internet"
6907-FLBER,3,"New, month-to-month, core internet"
3001-UNBTL,3,"New, month-to-month, core internet"
5982-PSMKW,2,"Loyal, long contract, bundled"
3507-GASNP,1,"Mid-life, long contract, phone-only"
7096-ZNBZI,1,"Mid-life, long contract, phone-only"
1902-XBTFB,3,"New, month-to-month, core internet"
1676-MQAOA,2,"Loyal, long contract, bundled"
0786-IVLAW,2,"Loyal, long contract, bundled"
7566-DSRLQ,2,"Loyal, long contract, bundled"
0643-OKLRP,3,"New, month-to-month, core internet"
7245-JMTTQ,2,"Loyal, long contract, bundled"
6050-IJRHS,2,"Loyal, long contract, bundled"
6202-JVYEU,1,"Mid-life, long contract, phone-only"
8591-TKMZH,2,"Loyal, long contract, bundled"
0734-OXWBT,3,"New, month-to-month, core internet"
4282-ACRXS,3,"New, month-to-month, core internet"
0365-TRTPY,0,"Mid-life, month-to-month, core internet"
7349-ALMUX,2,"Loyal, long contract, bundled"
9381-NDKME,0,"Mid-life, month-to-month, core internet"
6502-KUGLL,0,"Mid-life, month-to-month, core internet"
1841-YSJGV,2,"Loyal, long contract, bundled"
2794-XIMMO,2,"Loyal, long contract, bundled"
8382-SHQEH,3,"New, month-to-month, core internet"
3511-BFTJW,2,"Loyal, long contract, bundled"
7668-XCFYV,3,"New, month-to-month, core internet"
2983-ZANRP,0,"Mid-life, month-to-month, core internet"
7845-URHJN,1,"Mid-life, long contract, phone-only"
3034-ZBEQN,3,"New, month-to-month, core internet"
5018-HEKFO,1,"Mid-life, long contract, phone-only"
2923-ARZLG,1,"Mid-life, long contract, phone-only"
3976-NLDEZ,1,"Mid-life, long contract, phone-only"
2282-YGNOR,0,"Mid-life, month-to-month, core internet"
5336-UFNZP,2,"Loyal, long contract, bundled"
6854-EXGSF,0,"Mid-life, month-to-month, core internet"
1241-EZFMJ,1,"Mid-life, long contract, phone-only"
9233-PSYHO,2,"Loyal, long contract, bundled"
5376-PCKNB,2,"Loyal, long contract, bundled"
8044-BGWPI,1,"Mid-life, long contract, phone-only"
4060-LDNLU,3,"New, month-to-month, core internet"
3589-PPVKW,3,"New, month-to-month, core internet"
8327-LZKAS,2,"Loyal, long contract, bundled"
5887-IKKYO,2,"Loyal, long contract, bundled"
1075-BGWOH,3,"New, month-to-month, core internet"
1755-RMCXH,1,"Mid-life, long contract, phone-only"
0302-JOIVN,3,"New, month-to-month, core internet"
3858-XHYJO,2,"Loyal, long contract, bundled"
4299-SIMNS,3,"New, month-to-month, core internet"
7025-IWFHT,2,"Loyal, long contract, bundled"
6261-LHRTG,0,"Mid-life, month-to-month, core internet"
7841-FCRQD,0,"Mid-life, month-to-month, core internet"
2056-EVGZL,2,"Loyal, long contract, bundled"
8777-MBMTS,2,"Loyal, long contract, bundled"
7753-USQYQ,2,"Loyal, long contract, bundled"
5366-IJEQJ,3,"New, month-to-month, core internet"
7661-CPURM,0,"Mid-life, month-to-month, core internet"
6233-HXJMX,0,"Mid-life, month-to-month, core internet"
5902-WBLSE,1,"Mid-life, long contract, phone-only"
1981-INRFU,3,"New, month-to-month, core internet"
4971-PUYQO,3,"New, month-to-month, core internet"
3239-TPHPZ,1,"Mid-life, long contract, phone-only"
5115-GZDEL,2,"Loyal, long contract, bundled"
3338-CVVEH,3,"New, month-to-month, core internet"
8485-GJCDN,3,"New, month-to-month, core internet"
2615-YVMYX,2,"Loyal, long contract, bundled"
2851-STERV,2,"Loyal, long contract, bundled"
4393-GEADV,2,"Loyal, long contract, bundled"
8486-AYEQH,3,"New, month-to-month, core internet"
1527-SXDPN,2,"Loyal, long contract, bundled"
6029-WTIPC,3,"New, month-to-month, core internet"
8634-CILSZ,2,"Loyal, long contract, bundled"
5419-JKZNQ,3,"New, month-to-month, core internet"
2495-KZNFB,3,"New, month-to-month, core internet"
1409-PHXTF,2,"Loyal, long contract, bundled"
4560-WQAQW,2,"Loyal, long contract, bundled"
9591-YVTEB,3,"New, month-to-month, core internet"
9309-BZGNT,0,"Mid-life, month-to-month, core internet"
4274-DRSQT,2,"Loyal, long contract, bundled"
2027-DNKIV,3,"New, month-to-month, core internet"
8075-GXIUB,1,"Mid-life, long contract, phone-only"
2885-HIJDH,2,"Loyal, long contract, bundled"
5424-RLQLC,3,"New, month-to-month, core internet"
6682-QJDGB,3,"New, month-to-month, core internet"
6507-DTJZV,0,"Mid-life, month-to-month, core internet"
8780-IXSTS,3,"New, month-to-month, core internet"
7673-BQGKU,1,"Mid-life, long contract, phone-only"
6723-WSNTY,2,"Loyal, long contract, bundled"
9530-EHPOH,3,"New, month-to-month, core internet"
2725-IWWBA,2,"Loyal, long contract, bundled"
0345-HKJVM,3,"New, month-to-month, core internet"
1061-PNTHC,2,"Loyal, long contract, bundled"
0394-YONDK,1,"Mid-life, long contract, phone-only"
6574-MCOEH,2,"Loyal, long contract, bundled"
7399-QHBJS,2,"Loyal, long contract, bundled"
3049-SOLAY,3,"New, month-to-month, core internet"
0997-YTLNY,3,"New, month-to-month, core internet"
3317-HRTNN,3,"New, month-to-month, core internet"
9479-HYNYL,2,"Loyal, long contract, bundled"
3235-ETOOB,3,"New, month-to-month, core internet"
9708-KFDBY,1,"Mid-life, long contract, phone-only"
8058-INTPH,3,"New, month-to-month, core internet"
3642-GKTCT,2,"Loyal, long contract, bundled"
0774-RMNUW,2,"Loyal, long contract, bundled"
1334-PDUKM,2,"Loyal, long contract, bundled"
0756-MPZRL,0,"Mid-life, month-to-month, core internet"
2242-MFOTG,0,"Mid-life, month-to-month, core internet"
2927-CVULT,2,"Loyal, long contract, bundled"
2144-BFDSO,2,"Loyal, long contract, bundled"
8745-PVESG,0,"Mid-life, month-to-month, core internet"
7647-GYYKX,1,"Mid-life, long contract, phone-only"
5647-FXOTP,2,"Loyal, long contract, bundled"
5569-OUICF,0,"Mid-life, month-to-month, core internet"
8821-XNHVZ,3,"New, month-to-month, core internet"
2082-OJVTK,3,"New, month-to-month, core internet"
9700-ISPUP,3,"New, month-to-month, core internet"
9839-ETQOE,3,"New, month-to-month, core internet"
6078-VESFR,0,"Mid-life, month-to-month, core internet"
9027-TMATR,2,"Loyal, long contract, bundled"
5940-NFXKV,3,"New, month-to-month, core internet"
1941-HOSAM,3,"New, month-to-month, core internet"
9110-HSGTV,2,"Loyal, long contract, bundled"
0704-VCUMB,1,"Mid-life, long contract, phone-only"
6171-ZTVYB,0,"Mid-life, month-to-month, core internet"
8053-WWDRO,1,"Mid-life, long contract, phone-only"
9564-KCLHR,3,"New, month-to-month, core internet"
1935-IMVBB,3,"New, month-to-month, core internet"
2535-PBCGC,2,"Loyal, long contract, bundled"
2082-CEFLT,3,"New, month-to-month, core internet"
1470-PSXNM,2,"Loyal, long contract, bundled"
1213-NGCUN,0,"Mid-life, month-to-month, core internet"
2498-XLDZR,2,"Loyal, long contract, bundled"
9866-OCCKE,2,"Loyal, long contract, bundled"
5338-YHWYT,2,"Loyal, long contract, bundled"
7718-UPSKJ,2,"Loyal, long contract, bundled"
8731-WBBMB,0,"Mid-life, month-to-month, core internet"
1448-CYWKC,2,"Loyal, long contract, bundled"
7901-IIDQV,0,"Mid-life, month-to-month, core internet"
2690-DVRVK,1,"Mid-life, long contract, phone-only"
5688-KZTSN,1,"Mid-life, long contract, phone-only"
1270-XKUCC,1,"Mid-life, long contract, phone-only"
0334-ZFJSR,2,"Loyal, long contract, bundled"
2894-QOJRX,0,"Mid-life, month-to-month, core internet"
5747-PMBSQ,3,"New, month-to-month, core internet"
5583-EJXRD,2,"Loyal, long contract, bundled"
4565-EVZMJ,2,"Loyal, long contract, bundled"
3143-JQEGI,3,"New, month-to-month, core internet"
6386-SZZKH,2,"Loyal, long contract, bundled"
3327-YBAKM,2,"Loyal, long contract, bundled"
9441-QHEVC,1,"Mid-life, long contract, phone-only"
6705-LNMDD,3,"New, month-to-month, core internet"
2580-ASVVY,3,"New, month-to-month, core internet"
3370-GQEAL,3,"New, month-to-month, core internet"
5032-USPKF,2,"Loyal, long contract, bundled"
2982-IHMFT,3,"New, month-to-month, core internet"
3521-SYVOR,3,"New, month-to-month, core internet"
4254-QPEDE,2,"Loyal, long contract, bundled"
6283-GITPX,2,"Loyal, long contract, bundled"
9526-JAWYF,3,"New, month-to-month, core internet"
0771-CHWSK,2,"Loyal, long contract, bundled"
9788-HNGUT,2,"Loyal, long contract, bundled"
9495-REDIY,0,"Mid-life, month-to-month, core internet"
5375-XLDOF,2,"Loyal, long contract, bundled"
1172-VIYBP,2,"Loyal, long contract, bundled"
5649-VUKMC,3,"New, month-to-month, core internet"
6559-PDZLR,3,"New, month-to-month, core internet"
8992-OBVDG,3,"New, month-to-month, core internet"
4273-MBHYA,3,"New, month-to-month, core internet"
4724-WXVWF,3,"New, month-to-month, core internet"
5701-GUXDC,0,"Mid-life, month-to-month, core internet"
1460-UZPRJ,1,"Mid-life, long contract, phone-only"
6082-GLJIX,1,"Mid-life, long contract, phone-only"
5143-EGQFK,3,"New, month-to-month, core internet"
4919-IKATY,3,"New, month-to-month, core internet"
2495-TTHBQ,1,"Mid-life, long contract, phone-only"
0485-ZBSLN,1,"Mid-life, long contract, phone-only"
3810-PJUHR,1,"Mid-life, long contract, phone-only"
9050-QLROH,0,"Mid-life, month-to-month, core internet"
0847-HGRML,1,"Mid-life, long contract, phone-only"
8232-CTLKO,2,"Loyal, long contract, bundled"
9227-YBAXE,2,"Loyal, long contract, bundled"
6168-WFVVF,3,"New, month-to-month, core internet"
9860-LISIZ,1,"Mid-life, long contract, phone-only"
0112-QAWRZ,0,"Mid-life, month-to-month, core internet"
0877-SDMBN,2,"Loyal, long contract, bundled"
2786-GCDPI,2,"Loyal, long contract, bundled"
4043-MKDTV,2,"Loyal, long contract, bundled"
8065-YKXKD,3,"New, month-to-month, core internet"
9637-EIHEQ,3,"New, month-to-month, core internet"
9229-RQABD,1,"Mid-life, long contract, phone-only"
8313-KTIHG,3,"New, month-to-month, core internet"
5320-BRKGK,2,"Loyal, long contract, bundled"
6284-KMNUF,2,"Loyal, long contract, bundled"
9689-PTNPG,3,"New, month-to-month, core internet"
9465-RWMXL,3,"New, month-to-month, core internet"
6229-UOLQL,2,"Loyal, long contract, bundled"
2362-IBOOY,3,"New, month-to-month, core internet"
3137-LUPIX,3,"New, month-to-month, core internet"
0843-WTBXE,0,"Mid-life, month-to-month, core internet"
6143-JQKEA,0,"Mid-life, month-to-month, core internet"
8676-OOQEJ,3,"New, month-to-month, core internet"
5515-IDEJJ,1,"Mid-life, long contract, phone-only"
9701-CDXHR,3,"New, month-to-month, core internet"
7450-NWRTR,3,"New, month-to-month, core internet"
8124-NZVGJ,3,"New, month-to-month, core internet"
2162-FRZAA,2,"Loyal, long contract, bundled"
5376-DEQCP,3,"New, month-to-month, core internet"
5118-MUEYH,2,"Loyal, long contract, bundled"
9095-HFAFX,0,"Mid-life, month-to-month, core internet"
5627-TVBPP,1,"Mid-life, long contract, phone-only"
2379-ENZGV,3,"New, month-to-month, core internet"
3936-QQFLL,1,"Mid-life, long contract, phone-only"
2589-AYCRP,1,"Mid-life, long contract, phone-only"
4067-HLYQI,0,"Mid-life, month-to-month, core internet"
5124-EOGYE,1,"Mid-life, long contract, phone-only"
5057-RKGLH,1,"Mid-life, long contract, phone-only"
0292-WEGCH,2,"Loyal, long contract, bundled"
8910-ICHIU,2,"Loyal, long contract, bundled"
4097-YODCF,2,"Loyal, long contract, bundled"
9715-WZCLW,2,"Loyal, long contract, bundled"
9786-YWNHU,2,"Loyal, long contract, bundled"
6407-GSJNL,1,"Mid-life, long contract, phone-only"
6005-OBZPH,3,"New, month-to-month, core internet"
4049-ZPALD,2,"Loyal, long contract, bundled"
7932-WPTDS,3,"New, month-to-month, core internet"
3733-UOCWF,2,"Loyal, long contract, bundled"
6833-JMZYP,0,"Mid-life, month-to-month, core internet"
2722-VOJQL,2,"Loyal, long contract, bundled"
1310-QRITU,3,"New, month-to-month, core internet"
8961-QDZZJ,2,"Loyal, long contract, bundled"
9715-SBVSU,0,"Mid-life, month-to-month, core internet"
8490-BXHEO,0,"Mid-life, month-to-month, core internet"
7173-TETGO,2,"Loyal, long contract, bundled"
7929-SKFGK,2,"Loyal, long contract, bundled"
2300-RQGOI,1,"Mid-life, long contract, phone-only"
3563-SVYLG,2,"Loyal, long contract, bundled"
5228-EXCET,3,"New, month-to-month, core internet"
6435-VWCCY,2,"Loyal, long contract, bundled"
4998-IKFSE,3,"New, month-to-month, core internet"
8630-QSGXK,2,"Loyal, long contract, bundled"
2455-USLMV,0,"Mid-life, month-to-month, core internet"
7394-FKDNK,3,"New, month-to-month, core internet"
9488-FVZCC,2,"Loyal, long contract, bundled"
6331-LWDTQ,0,"Mid-life, month-to-month, core internet"
5995-WWKKG,1,"Mid-life, long contract, phone-only"
1597-FZREH,3,"New, month-to-month, core internet"
7879-CGSFV,2,"Loyal, long contract, bundled"
9921-EZKBY,0,"Mid-life, month-to-month, core internet"
7432-FFVAR,2,"Loyal, long contract, bundled"
7246-ZGQDF,3,"New, month-to-month, core internet"
7000-WCEVQ,3,"New, month-to-month, core internet"
0727-IWKVK,3,"New, month-to-month, core internet"
5959-BELXA,0,"Mid-life, month-to-month, core internet"
4456-RHSNB,0,"Mid-life, month-to-month, core internet"
3512-IZIKN,2,"Loyal, long contract, bundled"
2481-SBOYW,1,"Mid-life, long contract, phone-only"
7109-MFBYV,3,"New, month-to-month, core internet"
1833-TCXKK,2,"Loyal, long contract, bundled"
1832-PEUTS,2,"Loyal, long contract, bundled"
6141-OOXUQ,1,"Mid-life, long contract, phone-only"
8660-BUETV,3,"New, month-to-month, core internet"
0580-PIQHM,2,"Loyal, long contract, bundled"
5696-CEIQJ,2,"Loyal, long contract, bundled"
7503-ZGUZJ,3,"New, month-to-month, core internet"
1696-HXOWK,2,"Loyal, long contract, bundled"
3026-ATZYV,2,"Loyal, long contract, bundled"
4012-YCFAI,2,"Loyal, long contract, bundled"
2506-TNFCO,3,"New, month-to-month, core internet"
9970-QBCDA,1,"Mid-life, long contract, phone-only"
8718-PTMEZ,3,"New, month-to-month, core internet"
9496-IVVRP,0,"Mid-life, month-to-month, core internet"
2207-OBZNX,3,"New, month-to-month, core internet"
2657-VPXTA,3,"New, month-to-month, core internet"
6551-VLJMV,1,"Mid-life, long contract, phone-only"
1221-GHZEP,2,"Loyal, long contract, bundled"
9289-LBQVU,2,"Loyal, long contract, bundled"
6142-VSJQO,0,"Mid-life, month-to-month, core internet"
3458-IDMFK,1,"Mid-life, long contract, phone-only"
6933-FHBZC,3,"New, month-to-month, core internet"
0221-NAUXK,1,"Mid-life, long contract, phone-only"
9770-KXGQU,2,"Loyal, long contract, bundled"
6437-UKHMV,3,"New, month-to-month, core internet"
6538-POCHL,0,"Mid-life, month-to-month, core internet"
6726-NNFWD,2,"Loyal, long contract, bundled"
3002-WQZWT,3,"New, month-to-month, core internet"
4277-UDIEF,0,"Mid-life, month-to-month, core internet"
1208-NBVFH,3,"New, month-to-month, core internet"
4912-PIGUY,3,"New, month-to-month, core internet"
1114-CENIM,0,"Mid-life, month-to-month, core internet"
6060-DRTNL,3,"New, month-to-month, core internet"
2725-TTRIQ,2,"Loyal, long contract, bundled"
3374-TTZTK,2,"Loyal, long contract, bundled"
8990-ZXLSU,3,"New, month-to-month, core internet"
2275-RBYQS,3,"New, month-to-month, core internet"
8473-VUVJN,3,"New, month-to-month, core internet"
6289-CPNLD,2,"Loyal, long contract, bundled"
5536-SLHPM,3,"New, month-to-month, core internet"
4419-UJMUS,2,"Loyal, long contract, bundled"
7794-JASDG,3,"New, month-to-month, core internet"
7609-YBPXG,2,"Loyal, long contract, bundled"
5519-TEEUH,1,"Mid-life, long contract, phone-only"
7856-GANIL,2,"Loyal, long contract, bundled"
0804-XBFBV,3,"New, month-to-month, core internet"
2676-OXPPQ,0,"Mid-life, month-to-month, core internet"
3703-TTEPD,0,"Mid-life, month-to-month, core internet"
2799-TSLAG,1,"Mid-life, long contract, phone-only"
0196-VULGZ,3,"New, month-to-month, core internet"
8837-VVWLQ,3,"New, month-to-month, core internet"
2696-NARTR,3,"New, month-to-month, core internet"
2208-NKVVH,1,"Mid-life, long contract, phone-only"
7614-QVWQL,0,"Mid-life, month-to-month, core internet"
1976-CFOCS,3,"New, month-to-month, core internet"
4631-OACRM,3,"New, month-to-month, core internet"
7139-JZFVG,2,"Loyal, long contract, bundled"
4987-GQWPO,0,"Mid-life, month-to-month, core internet"
3755-JBMNH,0,"Mid-life, month-to-month, core internet"
1757-TCATG,1,"Mid-life, long contract, phone-only"
6345-ULYRW,3,"New, month-to-month, core internet"
4776-XSKYQ,0,"Mid-life, month-to-month, core internet"
8048-DSDFQ,1,"Mid-life, long contract, phone-only"
5753-QQWPW,3,"New, month-to-month, core internet"
6010-DDPPW,1,"Mid-life, long contract, phone-only"
1809-DMJHQ,3,"New, month-to-month, core internet"
6693-FRIRW,0,"Mid-life, month-to-month, core internet"
6586-MYGKD,2,"Loyal, long contract, bundled"
3173-NVMPX,3,"New, month-to-month, core internet"
0248-PGHBZ,2,"Loyal, long contract, bundled"
0623-GDISB,0,"Mid-life, month-to-month, core internet"
2892-GESUL,1,"Mid-life, long contract, phone-only"
6923-EFPNL,0,"Mid-life, month-to-month, core internet"
7472-EQOAV,2,"Loyal, long contract, bundled"
9574-RKJIF,3,"New, month-to-month, core internet"
2043-WVTQJ,3,"New, month-to-month, core internet"
8034-RYTVV,2,"Loyal, long contract, bundled"
3863-QSTYI,3,"New, month-to-month, core internet"
2619-WFQWU,3,"New, month-to-month, core internet"
5044-LRQAQ,0,"Mid-life, month-to-month, core internet"
1716-LSAMB,0,"Mid-life, month-to-month, core internet"
1333-PBMXB,1,"Mid-life, long contract, phone-only"
6546-OPBBH,1,"Mid-life, long contract, phone-only"
5985-BEHZK,2,"Loyal, long contract, bundled"
9127-QRZMH,2,"Loyal, long contract, bundled"
5919-VCZYM,1,"Mid-life, long contract, phone-only"
9644-KVCNC,2,"Loyal, long contract, bundled"
2137-DQMEV,2,"Loyal, long contract, bundled"
8174-LNWMW,1,"Mid-life, long contract, phone-only"
9279-CJEOJ,0,"Mid-life, month-to-month, core internet"
7964-VEXDG,3,"New, month-to-month, core internet"
2404-JIBFC,2,"Loyal, long contract, bundled"
0778-NELLA,0,"Mid-life, month-to-month, core internet"
8029-XYPWT,2,"Loyal, long contract, bundled"
4614-NUVZD,3,"New, month-to-month, core internet"
4632-PAOYU,1,"Mid-life, long contract, phone-only"
3803-KMQFW,1,"Mid-life, long contract, phone-only"
6804-GDMOI,2,"Loyal, long contract, bundled"
2990-OGYTD,2,"Loyal, long contract, bundled"
6646-JPPHA,3,"New, month-to-month, core internet"
9572-MTILT,2,"Loyal, long contract, bundled"
7658-UYUQS,0,"Mid-life, month-to-month, core internet"
7880-XSOJX,3,"New, month-to-month, core internet"
9611-CTWIH,3,"New, month-to-month, core internet"
4589-IUAJB,1,"Mid-life, long contract, phone-only"
0329-GTIAJ,3,"New, month-to-month, core internet"
8746-BFOAJ,1,"Mid-life, long contract, phone-only"
8457-XIGKN,1,"Mid-life, long contract, phone-only"
6072-NUQCB,1,"Mid-life, long contract, phone-only"
6629-CZTTH,3,"New, month-to-month, core internet"
8838-GPHZP,1,"Mid-life, long contract, phone-only"
8750-QWZAJ,1,"Mid-life, long contract, phone-only"
5364-EVNIB,3,"New, month-to-month, core internet"
6918-UMQCG,3,"New, month-to-month, core internet"
0675-NCDYU,2,"Loyal, long contract, bundled"
6339-DKLMK,3,"New, month-to-month, core internet"
1346-PJWTK,2,"Loyal, long contract, bundled"
5088-QZLRL,1,"Mid-life, long contract, phone-only"
8023-QHAIO,0,"Mid-life, month-to-month, core internet"
4397-FRLTA,1,"Mid-life, long contract, phone-only"
3057-VJJQE,3,"New, month-to-month, core internet"
5087-SUURX,3,"New, month-to-month, core internet"
2302-OUZXB,2,"Loyal, long contract, bundled"
8133-ANHHJ,2,"Loyal, long contract, bundled"
2270-CHBFN,2,"Loyal, long contract, bundled"
0013-EXCHZ,3,"New, month-to-month, core internet"
5982-FPVQN,3,"New, month-to-month, core internet"
9107-UKCKY,2,"Loyal, long contract, bundled"
4654-ULTTN,2,"Loyal, long contract, bundled"
5550-VFRLC,3,"New, month-to-month, core internet"
5546-BYZSM,1,"Mid-life, long contract, phone-only"
1492-KGETH,2,"Loyal, long contract, bundled"
4929-BSTRX,3,"New, month-to-month, core internet"
4163-HFTUK,1,"Mid-life, long contract, phone-only"
8215-NGSPE,1,"Mid-life, long contract, phone-only"
2225-ZRGSG,2,"Loyal, long contract, bundled"
8859-YSTWS,1,"Mid-life, long contract, phone-only"
5271-YNWVR,2,"Loyal, long contract, bundled"
7601-DHFWZ,1,"Mid-life, long contract, phone-only"
2657-ALMWY,3,"New, month-to-month, core internet"
6330-JKLPC,0,"Mid-life, month-to-month, core internet"
4667-OHGKG,1,"Mid-life, long contract, phone-only"
1998-VHJHK,1,"Mid-life, long contract, phone-only"
1707-HABPF,2,"Loyal, long contract, bundled"
1660-HSOOQ,3,"New, month-to-month, core internet"
7253-UVNDW,0,"Mid-life, month-to-month, core internet"
0487-VVUVK,1,"Mid-life, long contract, phone-only"
7228-OMTPN,3,"New, month-to-month, core internet"
5063-IUOKK,1,"Mid-life, long contract, phone-only"
4508-OEBEY,2,"Loyal, long contract, bundled"
0027-KWYKW,3,"New, month-to-month, core internet"
2308-STERM,1,"Mid-life, long contract, phone-only"
5982-XMDEX,1,"Mid-life, long contract, phone-only"
6284-AHOOQ,0,"Mid-life, month-to-month, core internet"
6051-PTVNS,1,"Mid-life, long contract, phone-only"
2344-JMOGN,3,"New, month-to-month, core internet"
3799-ISUZQ,0,"Mid-life, month-to-month, core internet"
2877-VDUER,3,"New, month-to-month, core internet"
9152-AMKAK,2,"Loyal, long contract, bundled"
1794-HBQTJ,0,"Mid-life, month-to-month, core internet"
9432-VOFYX,3,"New, month-to-month, core internet"
8049-WJCLQ,3,"New, month-to-month, core internet"
6586-PSJOX,0,"Mid-life, month-to-month, core internet"
2460-FPSYH,3,"New, month-to-month, core internet"
9705-ZJBCG,0,"Mid-life, month-to-month, core internet"
4818-DRBQT,0,"Mid-life, month-to-month, core internet"
1320-HTRDR,3,"New, month-to-month, core internet"
6847-KJLTS,0,"Mid-life, month-to-month, core internet"
9670-BPNXF,2,"Loyal, long contract, bundled"
3913-FCUUW,2,"Loyal, long contract, bundled"
3301-VKTGC,2,"Loyal, long contract, bundled"
1493-AMTIE,1,"Mid-life, long contract, phone-only"
9555-SAHUZ,3,"New, month-to-month, core internet"
0816-TSPHQ,1,"Mid-life, long contract, phone-only"
9932-WBWIK,1,"Mid-life, long contract, phone-only"
4619-EVPHY,0,"Mid-life, month-to-month, core internet"
5286-YHCVC,2,"Loyal, long contract, bundled"
6424-ELEYH,0,"Mid-life, month-to-month, core internet"
4391-RESHN,3,"New, month-to-month, core internet"
9115-YQHGA,3,"New, month-to-month, core internet"
4462-CYWMH,0,"Mid-life, month-to-month, core internet"
8963-MQVYN,1,"Mid-life, long contract, phone-only"
2458-EOMRE,0,"Mid-life, month-to-month, core internet"
9334-GWGOW,3,"New, month-to-month, core internet"
6821-BUXUX,3,"New, month-to-month, core internet"
5028-HTLJB,1,"Mid-life, long contract, phone-only"
9801-GDWGV,3,"New, month-to-month, core internet"
6542-LWGXJ,3,"New, month-to-month, core internet"
5567-GZKQY,1,"Mid-life, long contract, phone-only"
1222-LRYKO,1,"Mid-life, long contract, phone-only"
2320-JRSDE,1,"Mid-life, long contract, phone-only"
2087-QAREY,3,"New, month-to-month, core internet"
0601-WZHJF,3,"New, month-to-month, core internet"
4423-JWZJN,2,"Loyal, long contract, bundled"
5143-WMWOG,1,"Mid-life, long contract, phone-only"
6490-FGZAT,1,"Mid-life, long contract, phone-only"
5393-RXQSZ,3,"New, month-to-month, core internet"
7452-FOLON,1,"Mid-life, long contract, phone-only"
2320-TZRRH,1,"Mid-life, long contract, phone-only"
0231-LXVAP,3,"New, month-to-month, core internet"
9444-JTXHZ,3,"New, month-to-month, core internet"
4942-VZZOM,2,"Loyal, long contract, bundled"
5510-BOIUJ,1,"Mid-life, long contract, phone-only"
7502-BNYGS,0,"Mid-life, month-to-month, core internet"
4291-HYEBC,3,"New, month-to-month, core internet"
6147-CBCRA,1,"Mid-life, long contract, phone-only"
6047-SUHPR,3,"New, month-to-month, core internet"
4471-KXAUH,3,"New, month-to-month, core internet"
9752-ZNQUT,3,"New, month-to-month, core internet"
7638-QVMVY,3,"New, month-to-month, core internet"
1576-PFZIW,2,"Loyal, long contract, bundled"
5666-MBJPT,1,"Mid-life, long contract, phone-only"
7312-XSBAT,3,"New, month-to-month, core internet"
3096-GKWEB,3,"New, month-to-month, core internet"
2371-JQHZZ,3,"New, month-to-month, core internet"
0674-GCDXG,2,"Loyal, long contract, bundled"
1121-QSIVB,2,"Loyal, long contract, bundled"
4396-KLSEH,1,"Mid-life, long contract, phone-only"
3244-DCJWY,3,"New, month-to-month, core internet"
2824-MYYBN,3,"New, month-to-month, core internet"
0875-CABNR,0,"Mid-life, month-to-month, core internet"
6345-HOVES,0,"Mid-life, month-to-month, core internet"
8318-LCNBW,2,"Loyal, long contract, bundled"
6469-QJKZW,1,"Mid-life, long contract, phone-only"
0147-ESWWR,3,"New, month-to-month, core internet"
1217-VASWC,2,"Loyal, long contract, bundled"
7812-FZHPE,1,"Mid-life, long contract, phone-only"
6370-ZVHDV,1,"Mid-life, long contract, phone-only"
5915-DGNVC,2,"Loyal, long contract, bundled"
6260-XLACS,1,"Mid-life, long contract, phone-only"
3566-CAAYU,2,"Loyal, long contract, bundled"
4983-CCWMC,3,"New, month-to-month, core internet"
9103-CXVOK,1,"Mid-life, long contract, phone-only"
2896-TBNBE,3,"New, month-to-month, core internet"
4797-AXPXK,3,"New, month-to-month, core internet"
5229-PRWKT,3,"New, month-to-month, core internet"
6982-UQZLY,1,"Mid-life, long contract, phone-only"
2522-WLNSF,0,"Mid-life, month-to-month, core internet"
3841-CONLJ,3,"New, month-to-month, core internet"
5057-LCOUI,3,"New, month-to-month, core internet"
0193-ESZXP,2,"Loyal, long contract, bundled"
4475-NVTLU,1,"Mid-life, long contract, phone-only"
4369-HTUIF,0,"Mid-life, month-to-month, core internet"
9386-LDCZR,2,"Loyal, long contract, bundled"
9585-KKMFD,1,"Mid-life, long contract, phone-only"
5399-ZIMKF,3,"New, month-to-month, core internet"
0336-KXKFK,2,"Loyal, long contract, bundled"
5619-XZZKR,1,"Mid-life, long contract, phone-only"
3948-FVVRP,3,"New, month-to-month, core internet"
5327-XOKKY,2,"Loyal, long contract, bundled"
0983-TATYJ,3,"New, month-to-month, core internet"
1813-JYWTO,2,"Loyal, long contract, bundled"
0156-FVPTA,3,"New, month-to-month, core internet"
1984-FCOWB,2,"Loyal, long contract, bundled"
0654-HMSHN,3,"New, month-to-month, core internet"
6719-OXYBR,3,"New, month-to-month, core internet"
3312-ZWLGF,3,"New, month-to-month, core internet"
6476-YHMGA,0,"Mid-life, month-to-month, core internet"
5287-QWLKY,2,"Loyal, long contract, bundled"
0795-XCCTE,1,"Mid-life, long contract, phone-only"
0168-XZKBB,3,"New, month-to-month, core internet"
3785-NRHYR,1,"Mid-life, long contract, phone-only"
5196-SGOAK,3,"New, month-to-month, core internet"
4537-DKTAL,3,"New, month-to-month, core internet"
7072-MBHEV,0,"Mid-life, month-to-month, core internet"
5602-BVFMK,1,"Mid-life, long contract, phone-only"
6297-NOOPG,2,"Loyal, long contract, bundled"
1891-UAWWU,3,"New, month-to-month, core internet"
8204-TIFGJ,1,"Mid-life, long contract, phone-only"
8050-DVOJX,2,"Loyal, long contract, bundled"
6108-OQZDQ,3,"New, month-to-month, core internet"
0363-QJVFX,2,"Loyal, long contract, bundled"
8903-XEBGX,3,"New, month-to-month, core internet"
8169-SAEJD,2,"Loyal, long contract, bundled"
9840-DVNDC,0,"Mid-life, month-to-month, core internet"
1089-XZWHH,1,"Mid-life, long contract, phone-only"
2325-WINES,2,"Loyal, long contract, bundled"
6064-ZATLR,0,"Mid-life, month-to-month, core internet"
3096-JRDSO,0,"Mid-life, month-to-month, core internet"
7824-PANSQ,0,"Mid-life, month-to-month, core internet"
8042-JVNFH,3,"New, month-to-month, core internet"
9648-BCHKM,1,"Mid-life, long contract, phone-only"
2888-ADFAO,1,"Mid-life, long contract, phone-only"
8707-HOEDG,2,"Loyal, long contract, bundled"
3374-LXDEV,3,"New, month-to-month, core internet"
4072-IPYLT,0,"Mid-life, month-to-month, core internet"
7167-PCEYD,1,"Mid-life, long contract, phone-only"
4936-YPJNK,1,"Mid-life, long contract, phone-only"
1580-BMCMR,3,"New, month-to-month, core internet"
4817-KEQSP,1,"Mid-life, long contract, phone-only"
6408-WHTEF,2,"Loyal, long contract, bundled"
9251-AWQGT,1,"Mid-life, long contract, phone-only"
8749-CLJXC,1,"Mid-life, long contract, phone-only"
7989-VCQOH,3,"New, month-to-month, core internet"
5049-GLYVG,1,"Mid-life, long contract, phone-only"
4199-QHJNM,2,"Loyal, long contract, bundled"
8882-TLVRW,2,"Loyal, long contract, bundled"
5883-GTGVD,3,"New, month-to-month, core internet"
5135-GRQJV,2,"Loyal, long contract, bundled"
2384-OVPSA,1,"Mid-life, long contract, phone-only"
1371-WEPDS,3,"New, month-to-month, core internet"
3580-GICBM,1,"Mid-life, long contract, phone-only"
4817-QRJSX,0,"Mid-life, month-to-month, core internet"
9730-DRTMJ,2,"Loyal, long contract, bundled"
4686-UXDML,0,"Mid-life, month-to-month, core internet"
3349-ANQNH,2,"Loyal, long contract, bundled"
2398-YPMUR,3,"New, month-to-month, core internet"
0932-YIXYU,1,"Mid-life, long contract, phone-only"
7480-SPLEF,1,"Mid-life, long contract, phone-only"
7636-XUHWW,1,"Mid-life, long contract, phone-only"
1431-CYWMH,1,"Mid-life, long contract, phone-only"
5937-EORGB,3,"New, month-to-month, core internet"
6349-JDHQP,1,"Mid-life, long contract, phone-only"
5539-HIVAK,1,"Mid-life, long contract, phone-only"
5847-MXBEO,1,"Mid-life, long contract, phone-only"
9985-MWVIX,3,"New, month-to-month, core internet"
4583-PARNH,3,"New, month-to-month, core internet"
1116-FRYVH,2,"Loyal, long contract, bundled"
1421-HCERK,2,"Loyal, long contract, bundled"
9633-XQABV,3,"New, month-to-month, core internet"
0716-BQNDX,2,"Loyal, long contract, bundled"
1265-XTECC,2,"Loyal, long contract, bundled"
1183-CANVH,0,"Mid-life, month-to-month, core internet"
1972-XMUWV,2,"Loyal, long contract, bundled"
8679-LZBMD,0,"Mid-life, month-to-month, core internet"
3407-JMJQQ,2,"Loyal, long contract, bundled"
6252-DFGTK,2,"Loyal, long contract, bundled"
1539-LNKHM,1,"Mid-life, long contract, phone-only"
8645-KOMJQ,2,"Loyal, long contract, bundled"
0289-IVARM,3,"New, month-to-month, core internet"
9761-XUJWD,0,"Mid-life, month-to-month, core internet"
4057-FKCZK,2,"Loyal, long contract, bundled"
4291-TPNFG,2,"Loyal, long contract, bundled"
6087-YPWHO,2,"Loyal, long contract, bundled"
3090-QFUVD,1,"Mid-life, long contract, phone-only"
2237-ZFSMY,2,"Loyal, long contract, bundled"
1722-LDZJS,1,"Mid-life, long contract, phone-only"
1818-ESQMW,3,"New, month-to-month, core internet"
4871-JTKJF,3,"New, month-to-month, core internet"
1415-YFWLT,3,"New, month-to-month, core internet"
7401-RUBNK,3,"New, month-to-month, core internet"
0506-YLVKJ,1,"Mid-life, long contract, phone-only"
8661-BOYNW,2,"Loyal, long contract, bundled"
6711-VTNRE,3,"New, month-to-month, core internet"
4815-GBTCD,3,"New, month-to-month, core internet"
2805-AUFQN,1,"Mid-life, long contract, phone-only"
0980-PVMRC,3,"New, month-to-month, core internet"
7233-DRTRF,2,"Loyal, long contract, bundled"
3500-RMZLT,3,"New, month-to-month, core internet"
3873-NFTGI,0,"Mid-life, month-to-month, core internet"
1162-ECVII,2,"Loyal, long contract, bundled"
7048-GXDAY,3,"New, month-to-month, core internet"
8571-ZCMCX,2,"Loyal, long contract, bundled"
1169-WCVAK,0,"Mid-life, month-to-month, core internet"
4548-SDBKE,3,"New, month-to-month, core internet"
8066-POXGX,3,"New, month-to-month, core internet"
7129-CAKJW,0,"Mid-life, month-to-month, core internet"
8695-ARGXZ,3,"New, month-to-month, core internet"
3570-YUEKJ,3,"New, month-to-month, core internet"
4143-OOBWZ,3,"New, month-to-month, core internet"
1555-HAPSU,1,"Mid-life, long contract, phone-only"
1697-NVVGY,0,"Mid-life, month-to-month, core internet"
7854-EKTJL,1,"Mid-life, long contract, phone-only"
8464-EETCQ,1,"Mid-life, long contract, phone-only"
2419-FSORS,2,"Loyal, long contract, bundled"
8132-YPVBX,3,"New, month-to-month, core internet"
9102-IAYHT,3,"New, month-to-month, core internet"
6754-LZUKA,2,"Loyal, long contract, bundled"
3422-LYEPQ,3,"New, month-to-month, core internet"
8099-MZPUJ,2,"Loyal, long contract, bundled"
0787-LHDYT,1,"Mid-life, long contract, phone-only"
2642-DTVCO,3,"New, month-to-month, core internet"
0374-IOEGQ,3,"New, month-to-month, core internet"
4361-JEIVL,3,"New, month-to-month, core internet"
3197-NNYNB,2,"Loyal, long contract, bundled"
3396-DKDEL,2,"Loyal, long contract, bundled"
1752-OZXFY,3,"New, month-to-month, core internet"
9066-QRSDU,1,"Mid-life, long contract, phone-only"
9112-WSNPU,3,"New, month-to-month, core internet"
9867-NNXLC,1,"Mid-life, long contract, phone-only"
5321-NTRKC,2,"Loyal, long contract, bundled"
1363-TXLSL,3,"New, month-to-month, core internet"
9507-EXLTT,0,"Mid-life, month-to-month, core internet"
3161-GETRM,0,"Mid-life, month-to-month, core internet"
0402-OAMEN,1,"Mid-life, long contract, phone-only"
6933-VLYFX,2,"Loyal, long contract, bundled"
6754-WKSHP,1,"Mid-life, long contract, phone-only"
9846-GKXAS,0,"Mid-life, month-to-month, core internet"
6017-PPLPX,3,"New, month-to-month, core internet"
4976-LNFVV,0,"Mid-life, month-to-month, core internet"
5055-MGMGF,2,"Loyal, long contract, bundled"
4641-FROLU,1,"Mid-life, long contract, phone-only"
2862-JVEOY,1,"Mid-life, long contract, phone-only"
2969-QWUBZ,3,"New, month-to-month, core internet"
9822-BIIGN,3,"New, month-to-month, core internet"
2077-MPJQO,3,"New, month-to-month, core internet"
1534-OULXE,0,"Mid-life, month-to-month, core internet"
7136-RVDTZ,3,"New, month-to-month, core internet"
2971-SGAFL,3,"New, month-to-month, core internet"
1480-IVEVR,0,"Mid-life, month-to-month, core internet"
2905-KFQUV,0,"Mid-life, month-to-month, core internet"
4581-SSPWD,3,"New, month-to-month, core internet"
3370-HXOPH,3,"New, month-to-month, core internet"
9391-YZEJW,2,"Loyal, long contract, bundled"
9958-MEKUC,2,"Loyal, long contract, bundled"
0281-CNTZX,1,"Mid-life, long contract, phone-only"
6927-WTFIV,0,"Mid-life, month-to-month, core internet"
4118-CEVPF,2,"Loyal, long contract, bundled"
3398-ZOUAA,3,"New, month-to-month, core internet"
9114-VEPUF,2,"Loyal, long contract, bundled"
7876-BEUTG,3,"New, month-to-month, core internet"
2338-BQEZT,0,"Mid-life, month-to-month, core internet"
9873-MNDKV,3,"New, month-to-month, core internet"
0378-NHQXU,3,"New, month-to-month, core internet"
8241-JUIQO,1,"Mid-life, long contract, phone-only"
2194-IIQOF,2,"Loyal, long contract, bundled"
4512-ZUIYL,0,"Mid-life, month-to-month, core internet"
9631-RXVJM,1,"Mid-life, long contract, phone-only"
9584-EXCDZ,0,"Mid-life, month-to-month, core internet"
7969-AULMZ,3,"New, month-to-month, core internet"
5093-FEGLU,1,"Mid-life, long contract, phone-only"
2621-UDNLU,1,"Mid-life, long contract, phone-only"
7526-IVLYU,1,"Mid-life, long contract, phone-only"
2428-HYUNX,1,"Mid-life, long contract, phone-only"
9214-EKVXR,3,"New, month-to-month, core internet"
3410-MHHUM,2,"Loyal, long contract, bundled"
0568-ONFPC,1,"Mid-life, long contract, phone-only"
0733-VUNUW,0,"Mid-life, month-to-month, core internet"
4550-EVXNY,3,"New, month-to-month, core internet"
2122-YWVYA,3,"New, month-to-month, core internet"
2968-SSGAA,3,"New, month-to-month, core internet"
2296-DKZFP,2,"Loyal, long contract, bundled"
4844-JJWUY,3,"New, month-to-month, core internet"
6777-TGHTM,2,"Loyal, long contract, bundled"
8909-BOLNL,1,"Mid-life, long contract, phone-only"
6603-YRDCJ,2,"Loyal, long contract, bundled"
3538-WZPHD,3,"New, month-to-month, core internet"
3229-USWAR,2,"Loyal, long contract, bundled"
2138-VFAPZ,1,"Mid-life, long contract, phone-only"
6131-JLWZM,1,"Mid-life, long contract, phone-only"
4785-QRJHC,2,"Loyal, long contract, bundled"
0269-XFESX,1,"Mid-life, long contract, phone-only"
1709-EJDOX,1,"Mid-life, long contract, phone-only"
4316-XCSLJ,3,"New, month-to-month, core internet"
8610-WFCJF,3,"New, month-to-month, core internet"
9693-XMUOB,3,"New, month-to-month, core internet"
0383-CLDDA,2,"Loyal, long contract, bundled"
4905-JEFDW,3,"New, month-to-month, core internet"
2709-UQGNP,3,"New, month-to-month, core internet"
3549-ZTMNH,1,"Mid-life, long contract, phone-only"
7881-INRLC,0,"Mid-life, month-to-month, core internet"
8033-ATFAS,3,"New, month-to-month, core internet"
1635-NZATJ,1,"Mid-life, long contract, phone-only"
0562-HKHML,1,"Mid-life, long contract, phone-only"
8277-RVRSV,1,"Mid-life, long contract, phone-only"
9943-VSZUV,3,"New, month-to-month, core internet"
0117-LFRMW,0,"Mid-life, month-to-month, core internet"
6172-FECYY,3,"New, month-to-month, core internet"
7054-ENNGU,3,"New, month-to-month, core internet"
1455-HFBXA,2,"Loyal, long contract, bundled"
9402-CXWPL,2,"Loyal, long contract, bundled"
1628-BIZYP,3,"New, month-to-month, core internet"
1965-AKTSX,3,"New, month-to-month, core internet"
0082-LDZUE,3,"New, month-to-month, core internet"
4786-UKSNZ,1,"Mid-life, long contract, phone-only"
5343-SGUBI,3,"New, month-to-month, core internet"
0856-NAOES,3,"New, month-to-month, core internet"
1976-AZZPJ,3,"New, month-to-month, core internet"
7248-VZQLC,0,"Mid-life, month-to-month, core internet"
6156-UZDLF,0,"Mid-life, month-to-month, core internet"
3099-OONVS,3,"New, month-to-month, core internet"
9500-WBGRP,1,"Mid-life, long contract, phone-only"
5183-KLYEM,2,"Loyal, long contract, bundled"
5144-PQCDZ,1,"Mid-life, long contract, phone-only"
8514-VZHEB,1,"Mid-life, long contract, phone-only"
6625-IUTTT,2,"Loyal, long contract, bundled"
9355-NPPFS,3,"New, month-to-month, core internet"
0068-FIGTF,2,"Loyal, long contract, bundled"
5965-GGPRW,2,"Loyal, long contract, bundled"
8035-PWSEV,3,"New, month-to-month, core internet"
2236-HILPA,1,"Mid-life, long contract, phone-only"
1840-BIUOG,3,"New, month-to-month, core internet"
1356-MKYSK,0,"Mid-life, month-to-month, core internet"
6080-LNESI,1,"Mid-life, long contract, phone-only"
1830-IPXVJ,1,"Mid-life, long contract, phone-only"
5828-DWPIL,3,"New, month-to-month, core internet"
8398-TBIYD,2,"Loyal, long contract, bundled"
0011-IGKFF,3,"New, month-to-month, core internet"
4192-GORJT,3,"New, month-to-month, core internet"
6496-SLWHQ,3,"New, month-to-month, core internet"
9912-GVSEQ,3,"New, month-to-month, core internet"
2931-FSOHN,3,"New, month-to-month, core internet"
9418-RUKPH,1,"Mid-life, long contract, phone-only"
5383-MMTWC,3,"New, month-to-month, core internet"
9971-ZWPBF,2,"Loyal, long contract, bundled"
4712-AUQZO,3,"New, month-to-month, core internet"
9711-FJTBX,2,"Loyal, long contract, bundled"
2908-ZTPNF,0,"Mid-life, month-to-month, core internet"
7240-ETPTR,3,"New, month-to-month, core internet"
2202-CUYXZ,3,"New, month-to-month, core internet"
5995-OIGLP,3,"New, month-to-month, core internet"
8421-WZOOW,2,"Loyal, long contract, bundled"
6261-RCVNS,2,"Loyal, long contract, bundled"
7951-QKZPL,1,"Mid-life, long contract, phone-only"
1414-YADCW,2,"Loyal, long contract, bundled"
8756-RDDLT,3,"New, month-to-month, core internet"
2862-PFNIK,3,"New, month-to-month, core internet"
5816-QVHRX,0,"Mid-life, month-to-month, core internet"
4430-YHXGG,1,"Mid-life, long contract, phone-only"
6888-SBYAI,3,"New, month-to-month, core internet"
7395-XWZOY,0,"Mid-life, month-to-month, core internet"
7169-YWAMK,2,"Loyal, long contract, bundled"
3640-PHQXK,3,"New, month-to-month, core internet"
6877-LGWXO,3,"New, month-to-month, core internet"
6859-RKMZJ,0,"Mid-life, month-to-month, core internet"
2729-VNVAP,1,"Mid-life, long contract, phone-only"
2957-JIRMN,3,"New, month-to-month, core internet"
2049-BAFNW,3,"New, month-to-month, core internet"
3842-QTGDL,0,"Mid-life, month-to-month, core internet"
7163-OCEQI,2,"Loyal, long contract, bundled"
9782-LGXMC,0,"Mid-life, month-to-month, core internet"
5975-BAICR,0,"Mid-life, month-to-month, core internet"
8019-ENHXU,3,"New, month-to-month, core internet"
5167-GBFRE,0,"Mid-life, month-to-month, core internet"
9033-EOXWV,3,"New, month-to-month, core internet"
4673-KKSLS,3,"New, month-to-month, core internet"
4853-OITSN,3,"New, month-to-month, core internet"
9800-OUIGR,1,"Mid-life, long contract, phone-only"
1324-NLTJE,0,"Mid-life, month-to-month, core internet"
2324-EFHVG,2,"Loyal, long contract, bundled"
7094-MSZAO,1,"Mid-life, long contract, phone-only"
1522-VVDMG,3,"New, month-to-month, core internet"
6907-CQGPN,3,"New, month-to-month, core internet"
0780-XNZFN,1,"Mid-life, long contract, phone-only"
0239-OXEXL,3,"New, month-to-month, core internet"
2675-IJRGJ,1,"Mid-life, long contract, phone-only"
7049-GKVZY,2,"Loyal, long contract, bundled"
8577-QSOCG,1,"Mid-life, long contract, phone-only"
3721-CNZHX,1,"Mid-life, long contract, phone-only"
0212-ISBBF,3,"New, month-to-month, core internet"
9185-TQCVP,3,"New, month-to-month, core internet"
3585-YNADK,2,"Loyal, long contract, bundled"
5271-DBYSJ,0,"Mid-life, month-to-month, core internet"
1099-GODLO,1,"Mid-life, long contract, phone-only"
6828-HMKWP,1,"Mid-life, long contract, phone-only"
5567-WSELE,3,"New, month-to-month, core internet"
1472-TNCWL,3,"New, month-to-month, core internet"
8063-RJYNF,3,"New, month-to-month, core internet"
0687-ZVTHB,2,"Loyal, long contract, bundled"
2080-GKCWQ,3,"New, month-to-month, core internet"
9661-ACXBS,2,"Loyal, long contract, bundled"
2193-SFWQW,2,"Loyal, long contract, bundled"
5656-JAMLX,1,"Mid-life, long contract, phone-only"
3462-BJQQA,3,"New, month-to-month, core internet"
0442-TDYUO,1,"Mid-life, long contract, phone-only"
6733-LRIZX,2,"Loyal, long contract, bundled"
9503-XJUME,1,"Mid-life, long contract, phone-only"
4367-NHWMM,3,"New, month-to-month, core internet"
3727-RJMEO,3,"New, month-to-month, core internet"
3779-OSWCF,2,"Loyal, long contract, bundled"
6736-DHUQI,2,"Loyal, long contract, bundled"
3915-ODIYG,2,"Loyal, long contract, bundled"
1360-RCYRT,0,"Mid-life, month-to-month, core internet"
2724-FJDYW,2,"Loyal, long contract, bundled"
4451-RWASJ,1,"Mid-life, long contract, phone-only"
6646-VRFOL,2,"Loyal, long contract, bundled"
3460-TJBWI,1,"Mid-life, long contract, phone-only"
5917-HBSDW,1,"Mid-life, long contract, phone-only"
5685-IIXLY,3,"New, month-to-month, core internet"
5671-UUNXD,2,"Loyal, long contract, bundled"
0956-ACVZC,2,"Loyal, long contract, bundled"
2325-NBPZG,3,"New, month-to-month, core internet"
4250-ZBWLV,2,"Loyal, long contract, bundled"
4482-FTFFX,3,"New, month-to-month, core internet"
8859-DZTGQ,1,"Mid-life, long contract, phone-only"
0440-MOGPM,2,"Loyal, long contract, bundled"
0020-JDNXP,2,"Loyal, long contract, bundled"
3752-CQSJI,1,"Mid-life, long contract, phone-only"
5025-GOOKI,1,"Mid-life, long contract, phone-only"
4698-KVLLG,1,"Mid-life, long contract, phone-only"
5095-AESKG,0,"Mid-life, month-to-month, core internet"
2887-JPYLU,0,"Mid-life, month-to-month, core internet"
4770-QAZXN,1,"Mid-life, long contract, phone-only"
4896-CPRPF,1,"Mid-life, long contract, phone-only"
1871-MOWRM,0,"Mid-life, month-to-month, core internet"
9714-EDSUC,3,"New, month-to-month, core internet"
2027-OAQQC,0,"Mid-life, month-to-month, core internet"
0282-NVSJS,3,"New, month-to-month, core internet"
9090-SGQXL,2,"Loyal, long contract, bundled"
6595-YGXIT,3,"New, month-to-month, core internet"
7353-YOWFP,1,"Mid-life, long contract, phone-only"
9835-ZIITK,2,"Loyal, long contract, bundled"
8008-ESFLK,2,"Loyal, long contract, bundled"
7537-CBQUZ,2,"Loyal, long contract, bundled"
1555-DJEQW,2,"Loyal, long contract, bundled"
5649-TJHOV,0,"Mid-life, month-to-month, core internet"
0519-XUZJU,3,"New, month-to-month, core internet"
3363-EWLGO,1,"Mid-life, long contract, phone-only"
4750-UKWJK,1,"Mid-life, long contract, phone-only"
6338-AVWCY,3,"New, month-to-month, core internet"
1689-YQBYY,3,"New, month-to-month, core internet"
4487-ZYJZK,1,"Mid-life, long contract, phone-only"
2959-FENLU,0,"Mid-life, month-to-month, core internet"
0708-LGSMF,3,"New, month-to-month, core internet"
9253-QXKBE,3,"New, month-to-month, core internet"
7634-HLQJR,1,"Mid-life, long contract, phone-only"
0487-RPVUM,2,"Loyal, long contract, bundled"
4079-ULGFR,1,"Mid-life, long contract, phone-only"
2516-XSJKX,2,"Loyal, long contract, bundled"
0057-QBUQH,1,"Mid-life, long contract, phone-only"
9445-SZLCH,0,"Mid-life, month-to-month, core internet"
6599-SFQVE,3,"New, month-to-month, core internet"
8331-ZXFOE,2,"Loyal, long contract, bundled"
4003-FUSHP,0,"Mid-life, month-to-month, core internet"
0356-ERHVT,0,"Mid-life, month-to-month, core internet"
7325-ENZFI,0,"Mid-life, month-to-month, core internet"
4884-ZTHVF,3,"New, month-to-month, core internet"
3920-HIHMQ,3,"New, month-to-month, core internet"
3055-OYMSE,0,"Mid-life, month-to-month, core internet"
0613-WUXUM,1,"Mid-life, long contract, phone-only"
7568-PODML,3,"New, month-to-month, core internet"
4458-KVRBJ,1,"Mid-life, long contract, phone-only"
5349-IECLD,3,"New, month-to-month, core internet"
1397-XKKWR,3,"New, month-to-month, core internet"
3945-GFWQL,3,"New, month-to-month, core internet"
8097-OMULG,2,"Loyal, long contract, bundled"
6013-BHCAW,2,"Loyal, long contract, bundled"
0401-WDBXM,2,"Loyal, long contract, bundled"
3387-PLKUI,1,"Mid-life, long contract, phone-only"
6096-EGVTU,1,"Mid-life, long contract, phone-only"
3797-VTIDR,3,"New, month-to-month, core internet"
5081-NWSUP,3,"New, month-to-month, core internet"
2580-ATZSQ,2,"Loyal, long contract, bundled"
8085-MSNLK,2,"Loyal, long contract, bundled"
9691-HKOVS,2,"Loyal, long contract, bundled"
9881-VCZEP,3,"New, month-to-month, core internet"
9526-BIHHD,3,"New, month-to-month, core internet"
8757-TFHHJ,0,"Mid-life, month-to-month, core internet"
4523-WXCEF,3,"New, month-to-month, core internet"
1468-DEFNC,1,"Mid-life, long contract, phone-only"
5119-KEPFY,0,"Mid-life, month-to-month, core internet"
8364-TRMMK,3,"New, month-to-month, core internet"
0916-KNFAJ,2,"Loyal, long contract, bundled"
8319-QBEHW,0,"Mid-life, month-to-month, core internet"
3063-QFSZL,3,"New, month-to-month, core internet"
8775-LHDJH,3,"New, month-to-month, core internet"
9625-QNLUX,2,"Loyal, long contract, bundled"
3097-NQYSN,3,"New, month-to-month, core internet"
4024-CSNBY,2,"Loyal, long contract, bundled"
7110-BDTWG,2,"Loyal, long contract, bundled"
7493-GVFIO,1,"Mid-life, long contract, phone-only"
0690-SRQID,1,"Mid-life, long contract, phone-only"
9605-WGJVW,3,"New, month-to-month, core internet"
9114-DPSIA,2,"Loyal, long contract, bundled"
4700-UBQMV,0,"Mid-life, month-to-month, core internet"
7711-GQBZC,1,"Mid-life, long contract, phone-only"
3565-UNOCC,0,"Mid-life, month-to-month, core internet"
4627-MIHJH,2,"Loyal, long contract, bundled"
9795-NREXC,2,"Loyal, long contract, bundled"
8573-CGOCC,1,"Mid-life, long contract, phone-only"
7356-AYNJP,1,"Mid-life, long contract, phone-only"
9249-FXSCK,2,"Loyal, long contract, bundled"
5493-SDRDQ,3,"New, month-to-month, core internet"
6286-SUUWT,1,"Mid-life, long contract, phone-only"
4819-HJPIW,3,"New, month-to-month, core internet"
8654-DHAOW,3,"New, month-to-month, core internet"
5438-QMDDL,3,"New, month-to-month, core internet"
9812-GHVRI,0,"Mid-life, month-to-month, core internet"
5553-AOINX,2,"Loyal, long contract, bundled"
1228-ZLNBX,3,"New, month-to-month, core internet"
4226-KKDON,3,"New, month-to-month, core internet"
3831-YCPUO,2,"Loyal, long contract, bundled"
7445-WMRBW,2,"Loyal, long contract, bundled"
3308-DGHKL,1,"Mid-life, long contract, phone-only"
9924-JPRMC,2,"Loyal, long contract, bundled"
0080-EMYVY,0,"Mid-life, month-to-month, core internet"
6218-KNUBD,3,"New, month-to-month, core internet"
7337-CINUD,1,"Mid-life, long contract, phone-only"
7609-NRNCA,1,"Mid-life, long contract, phone-only"
0623-EJQEG,2,"Loyal, long contract, bundled"
7153-CHRBV,2,"Loyal, long contract, bundled"
0871-URUWO,0,"Mid-life, month-to-month, core internet"
9190-MFJLN,0,"Mid-life, month-to-month, core internet"
6198-PNNSZ,2,"Loyal, long contract, bundled"
3317-VLGQT,3,"New, month-to-month, core internet"
4132-POCZS,3,"New, month-to-month, core internet"
5614-DNZCE,2,"Loyal, long contract, bundled"
1095-JUDTC,3,"New, month-to-month, core internet"
3896-RCYYE,0,"Mid-life, month-to-month, core internet"
9638-JIQYA,0,"Mid-life, month-to-month, core internet"
3258-SANFR,0,"Mid-life, month-to-month, core internet"
3726-TBHQT,2,"Loyal, long contract, bundled"
3190-ITQXP,1,"Mid-life, long contract, phone-only"
0870-VEMYL,0,"Mid-life, month-to-month, core internet"
4833-QTJNO,0,"Mid-life, month-to-month, core internet"
3039-MJSLN,1,"Mid-life, long contract, phone-only"
0178-CIIKR,1,"Mid-life, long contract, phone-only"
5385-SUIRI,2,"Loyal, long contract, bundled"
3982-XWFZQ,3,"New, month-to-month, core internet"
5774-QPLTF,1,"Mid-life, long contract, phone-only"
2322-VCZHZ,3,"New, month-to-month, core internet"
5010-IPEAQ,2,"Loyal, long contract, bundled"
4009-ALQFH,3,"New, month-to-month, core internet"
6383-ZTSIW,2,"Loyal, long contract, bundled"
8990-YOZLV,2,"Loyal, long contract, bundled"
3069-SSVSN,3,"New, month-to-month, core internet"
5222-IMUKT,3,"New, month-to-month, core internet"
3627-FCRDW,3,"New, month-to-month, core internet"
7562-GSUHK,0,"Mid-life, month-to-month, core internet"
6685-XSHHU,1,"Mid-life, long contract, phone-only"
8901-UPRHR,2,"Loyal, long contract, bundled"
4903-UYAVB,1,"Mid-life, long contract, phone-only"
0118-JPNOY,0,"Mid-life, month-to-month, core internet"
6776-TLWOI,1,"Mid-life, long contract, phone-only"
3845-FXCYS,1,"Mid-life, long contract, phone-only"
5857-XRECV,1,"Mid-life, long contract, phone-only"
0725-CXOTM,2,"Loyal, long contract, bundled"
4343-EJVQB,3,"New, month-to-month, core internet"
9000-PLFUZ,2,"Loyal, long contract, bundled"
3427-GGZZI,3,"New, month-to-month, core internet"
7779-ORAEL,2,"Loyal, long contract, bundled"
0644-OQMDK,3,"New, month-to-month, core internet"
4077-CROMM,3,"New, month-to-month, core internet"
3154-CFSZG,3,"New, month-to-month, core internet"
2868-MZAGQ,3,"New, month-to-month, core internet"
4847-QNOKA,0,"Mid-life, month-to-month, core internet"
2220-IAHLS,1,"Mid-life, long contract, phone-only"
1658-XUHBX,0,"Mid-life, month-to-month, core internet"
6379-RXJRQ,3,"New, month-to-month, core internet"
2378-HTWFW,0,"Mid-life, month-to-month, core internet"
8650-RHRKE,3,"New, month-to-month, core internet"
4377-VDHYI,3,"New, month-to-month, core internet"
0475-RIJEP,3,"New, month-to-month, core internet"
1260-TTRXI,3,"New, month-to-month, core internet"
3719-TDVQB,1,"Mid-life, long contract, phone-only"
6328-ZPBGN,0,"Mid-life, month-to-month, core internet"
0201-MIBOL,2,"Loyal, long contract, bundled"
4937-QPZPO,2,"Loyal, long contract, bundled"
2925-VDZHY,2,"Loyal, long contract, bundled"
6981-TDRFT,2,"Loyal, long contract, bundled"
3413-CSSTH,0,"Mid-life, month-to-month, core internet"
8033-VCZGH,2,"Loyal, long contract, bundled"
4789-KWMXN,2,"Loyal, long contract, bundled"
0224-NIJLP,1,"Mid-life, long contract, phone-only"
7542-CYDDM,1,"Mid-life, long contract, phone-only"
4718-WXBGI,2,"Loyal, long contract, bundled"
2867-UIMSS,3,"New, month-to-month, core internet"
8495-PRWFH,3,"New, month-to-month, core internet"
0439-IFYUN,3,"New, month-to-month, core internet"
5716-LIBJC,2,"Loyal, long contract, bundled"
2868-LLSKM,2,"Loyal, long contract, bundled"
8111-RKSPX,0,"Mid-life, month-to-month, core internet"
2988-QRAJY,2,"Loyal, long contract, bundled"
1585-MQSSU,3,"New, month-to-month, core internet"
0071-NDAFP,1,"Mid-life, long contract, phone-only"
2856-NNASM,3,"New, month-to-month, core internet"
7328-ZJAJO,1,"Mid-life, long contract, phone-only"
6458-CYIDZ,3,"New, month-to-month, core internet"
8559-CIZFV,2,"Loyal, long contract, bundled"
1090-PYKCI,2,"Loyal, long contract, bundled"
3058-WQDRE,0,"Mid-life, month-to-month, core internet"
7547-EKNFS,0,"Mid-life, month-to-month, core internet"
2279-AXJJK,0,"Mid-life, month-to-month, core internet"
6769-DYBQN,3,"New, month-to-month, core internet"
0909-SELIE,2,"Loyal, long contract, bundled"
3417-TSCIC,1,"Mid-life, long contract, phone-only"
1042-HFUCW,0,"Mid-life, month-to-month, core internet"
4439-JMPMT,3,"New, month-to-month, core internet"
6537-OTKMY,3,"New, month-to-month, core internet"
8999-EXMNO,1,"Mid-life, long contract, phone-only"
6725-TPKJO,1,"Mid-life, long contract, phone-only"
2446-BEGGB,3,"New, month-to-month, core internet"
7162-WPHPM,2,"Loyal, long contract, bundled"
1599-MMYRQ,2,"Loyal, long contract, bundled"
8821-KVZKQ,2,"Loyal, long contract, bundled"
1496-GGSUK,3,"New, month-to-month, core internet"
6434-TTGJP,2,"Loyal, long contract, bundled"
0042-JVWOJ,1,"Mid-life, long contract, phone-only"
0130-SXOUN,0,"Mid-life, month-to-month, core internet"
2575-GFSOE,3,"New, month-to-month, core internet"
2330-PQGDQ,2,"Loyal, long contract, bundled"
1452-UZOSF,2,"Loyal, long contract, bundled"
2097-YVPKN,1,"Mid-life, long contract, phone-only"
2842-JTCCU,0,"Mid-life, month-to-month, core internet"
8597-CTXVJ,2,"Loyal, long contract, bundled"
6631-HMANX,2,"Loyal, long contract, bundled"
9962-BFPDU,1,"Mid-life, long contract, phone-only"
3296-SILRA,3,"New, month-to-month, core internet"
9681-OXGVC,3,"New, month-to-month, core internet"
6394-HHHZM,1,"Mid-life, long contract, phone-only"
5995-LFTLE,1,"Mid-life, long contract, phone-only"
5180-UCIIQ,3,"New, month-to-month, core internet"
1932-UEDCX,0,"Mid-life, month-to-month, core internet"
7153-OANIO,3,"New, month-to-month, core internet"
5188-HGMLP,0,"Mid-life, month-to-month, core internet"
0665-XHDJU,2,"Loyal, long contract, bundled"
6521-YYTYI,3,"New, month-to-month, core internet"
8878-HMWBV,3,"New, month-to-month, core internet"
8265-HKSOW,2,"Loyal, long contract, bundled"
3544-FBCAS,2,"Loyal, long contract, bundled"
5331-RGMTT,0,"Mid-life, month-to-month, core internet"
4759-PXTAN,2,"Loyal, long contract, bundled"
7054-DMVAS,2,"Loyal, long contract, bundled"
3428-MMGUB,2,"Loyal, long contract, bundled"
6549-BTYPG,2,"Loyal, long contract, bundled"
7823-JSOAG,3,"New, month-to-month, core internet"
3705-RHRFR,2,"Loyal, long contract, bundled"
9374-YOLBJ,1,"Mid-life, long contract, phone-only"
9074-KGVOX,0,"Mid-life, month-to-month, core internet"
6128-DAFVY,0,"Mid-life, month-to-month, core internet"
9933-QRGTX,2,"Loyal, long contract, bundled"
4476-OSWTN,2,"Loyal, long contract, bundled"
3751-KTZEL,3,"New, month-to-month, core internet"
1977-STDKI,3,"New, month-to-month, core internet"
5066-GFJMM,1,"Mid-life, long contract, phone-only"
2661-GKBTK,2,"Loyal, long contract, bundled"
0458-HEUZG,3,"New, month-to-month, core internet"
7268-WNTCP,1,"Mid-life, long contract, phone-only"
0824-VWDPO,2,"Loyal, long contract, bundled"
8409-WQJUX,3,"New, month-to-month, core internet"
2578-JQPHZ,2,"Loyal, long contract, bundled"
3278-FSIXX,3,"New, month-to-month, core internet"
5813-UECBU,0,"Mid-life, month-to-month, core internet"
0328-GRPMV,3,"New, month-to-month, core internet"
9746-UGFAC,1,"Mid-life, long contract, phone-only"
2946-KIQSP,3,"New, month-to-month, core internet"
0625-AFOHS,1,"Mid-life, long contract, phone-only"
6726-WEXXK,3,"New, month-to-month, core internet"
4636-OLWOE,2,"Loyal, long contract, bundled"
4342-HENTK,3,"New, month-to-month, core internet"
4685-ERGHK,3,"New, month-to-month, core internet"
0885-HMGPY,2,"Loyal, long contract, bundled"
5003-OKNNK,1,"Mid-life, long contract, phone-only"
4195-SMMNX,1,"Mid-life, long contract, phone-only"
7208-PSIHR,2,"Loyal, long contract, bundled"
4012-ZTHBR,3,"New, month-to-month, core internet"
0489-WMEMG,3,"New, month-to-month, core internet"
7435-ZNUYY,1,"Mid-life, long contract, phone-only"
1354-YZFNB,1,"Mid-life, long contract, phone-only"
6956-SMUCM,0,"Mid-life, month-to-month, core internet"
2985-FMWYF,3,"New, month-to-month, core internet"
2812-ENYMO,0,"Mid-life, month-to-month, core internet"
2717-HVIZY,1,"Mid-life, long contract, phone-only"
3223-WZWJM,3,"New, month-to-month, core internet"
3422-GALYP,3,"New, month-to-month, core internet"
9053-JZFKV,2,"Loyal, long contract, bundled"
2530-ENDWQ,2,"Loyal, long contract, bundled"
2890-WFBHU,2,"Loyal, long contract, bundled"
0327-WFZSY,2,"Loyal, long contract, bundled"
7977-HXJKU,1,"Mid-life, long contract, phone-only"
6615-ZGEDR,1,"Mid-life, long contract, phone-only"
7033-CLAMM,1,"Mid-life, long contract, phone-only"
4023-RTIQM,0,"Mid-life, month-to-month, core internet"
0864-FVJNJ,2,"Loyal, long contract, bundled"
7356-IWLFW,0,"Mid-life, month-to-month, core internet"
9541-PWTWO,2,"Loyal, long contract, bundled"
3967-VQOGC,1,"Mid-life, long contract, phone-only"
7872-RDDLZ,3,"New, month-to-month, core internet"
9250-WYPLL,3,"New, month-to-month, core internet"
6308-CQRBU,2,"Loyal, long contract, bundled"
2754-XBHTB,0,"Mid-life, month-to-month, core internet"
1597-LHYNC,3,"New, month-to-month, core internet"
0186-CAERR,2,"Loyal, long contract, bundled"
3043-SUDUA,1,"Mid-life, long contract, phone-only"
5442-BHQNG,3,"New, month-to-month, core internet"
2169-RRLFW,1,"Mid-life, long contract, phone-only"
5872-OEQNH,2,"Loyal, long contract, bundled"
3162-KKZXO,2,"Loyal, long contract, bundled"
7055-VKGDA,2,"Loyal, long contract, bundled"
0754-UKWQP,3,"New, month-to-month, core internet"
8873-GLDMH,3,"New, month-to-month, core internet"
5696-JVVQY,2,"Loyal, long contract, bundled"
8946-BFWSG,1,"Mid-life, long contract, phone-only"
7493-TPUWZ,3,"New, month-to-month, core internet"
0547-HURJB,1,"Mid-life, long contract, phone-only"
8904-OPDCK,0,"Mid-life, month-to-month, core internet"
8845-LWKGE,3,"New, month-to-month, core internet"
1577-HKTFG,1,"Mid-life, long contract, phone-only"
8752-STIVR,3,"New, month-to-month, core internet"
0691-NIKRI,2,"Loyal, long contract, bundled"
5022-JNQEQ,3,"New, month-to-month, core internet"
4558-FANTW,3,"New, month-to-month, core internet"
3249-VHRIP,2,"Loyal, long contract, bundled"
3736-BLEPA,0,"Mid-life, month-to-month, core internet"
4701-LKOZD,2,"Loyal, long contract, bundled"
6603-QWSPR,2,"Loyal, long contract, bundled"
9921-QFQUL,3,"New, month-to-month, core internet"
1929-ZCBHE,3,"New, month-to-month, core internet"
4378-MYPGO,2,"Loyal, long contract, bundled"
8651-ENBZX,2,"Loyal, long contract, bundled"
4129-LYCOI,2,"Loyal, long contract, bundled"
7798-JVXYM,3,"New, month-to-month, core internet"
8647-SDTWQ,3,"New, month-to-month, core internet"
2696-ECXKC,2,"Loyal, long contract, bundled"
2081-KJSQF,1,"Mid-life, long contract, phone-only"
7623-TRNQN,3,"New, month-to-month, core internet"
3323-CPBWR,0,"Mid-life, month-to-month, core internet"
9330-IJWIO,3,"New, month-to-month, core internet"
3384-CTMSF,2,"Loyal, long contract, bundled"
0902-RFHOF,1,"Mid-life, long contract, phone-only"
9286-DOJGF,0,"Mid-life, month-to-month, core internet"
6048-QBXKL,0,"Mid-life, month-to-month, core internet"
9661-MHUMO,0,"Mid-life, month-to-month, core internet"
7718-RXDGG,0,"Mid-life, month-to-month, core internet"
1025-FALIX,0,"Mid-life, month-to-month, core internet"
3451-VAWLI,1,"Mid-life, long contract, phone-only"
3407-QGWLG,1,"Mid-life, long contract, phone-only"
1842-EZJMK,2,"Loyal, long contract, bundled"
2347-WKKAE,3,"New, month-to-month, core internet"
8735-DCXNF,0,"Mid-life, month-to-month, core internet"
3214-IYUUQ,2,"Loyal, long contract, bundled"
1936-UAFEH,2,"Loyal, long contract, bundled"
3587-PMCOY,3,"New, month-to-month, core internet"
8079-XRJRS,2,"Loyal, long contract, bundled"
1027-LKKQQ,2,"Loyal, long contract, bundled"
7148-XZPHA,3,"New, month-to-month, core internet"
8073-IJDCM,1,"Mid-life, long contract, phone-only"
5309-TAIKL,0,"Mid-life, month-to-month, core internet"
6856-RAURS,3,"New, month-to-month, core internet"
8778-LMWTJ,3,"New, month-to-month, core internet"
9717-IOAAF,1,"Mid-life, long contract, phone-only"
8884-ADFVN,3,"New, month-to-month, core internet"
2845-KDHVX,2,"Loyal, long contract, bundled"
0848-SOMKO,2,"Loyal, long contract, bundled"
2720-WGKHP,3,"New, month-to-month, core internet"
6734-FQAJX,2,"Loyal, long contract, bundled"
2869-ADAWR,0,"Mid-life, month-to-month, core internet"
1535-VTJOQ,1,"Mid-life, long contract, phone-only"
6368-TZZDT,1,"Mid-life, long contract, phone-only"
0943-ZQPXH,0,"Mid-life, month-to-month, core internet"
1293-BSEUN,1,"Mid-life, long contract, phone-only"
9894-EZEWG,0,"Mid-life, month-to-month, core internet"
1302-TPUBN,1,"Mid-life, long contract, phone-only"
7851-FLGGQ,3,"New, month-to-month, core internet"
0637-UBJRP,3,"New, month-to-month, core internet"
0940-OUQEC,0,"Mid-life, month-to-month, core internet"
2378-VTKDH,2,"Loyal, long contract, bundled"
0927-CNGRH,1,"Mid-life, long contract, phone-only"
8608-OZTLB,2,"Loyal, long contract, bundled"
2335-GSODA,3,"New, month-to-month, core internet"
1952-DVVSW,1,"Mid-life, long contract, phone-only"
0702-PGIBZ,3,"New, month-to-month, core internet"
6656-GULJQ,2,"Loyal, long contract, bundled"
9853-JFZDU,3,"New, month-to-month, core internet"
1963-VAUKV,1,"Mid-life, long contract, phone-only"
3777-XROBG,1,"Mid-life, long contract, phone-only"
6994-FGRHH,2,"Loyal, long contract, bundled"
4000-VGMQP,2,"Loyal, long contract, bundled"
3999-WRNGR,3,"New, month-to-month, core internet"
3466-RITXD,0,"Mid-life, month-to-month, core internet"
2680-XKKNJ,0,"Mid-life, month-to-month, core internet"
3058-HJCUY,2,"Loyal, long contract, bundled"
2974-GGUXS,0,"Mid-life, month-to-month, core internet"
7994-XIRTR,2,"Loyal, long contract, bundled"
3259-FDWOY,2,"Loyal, long contract, bundled"
2101-RANCD,3,"New, month-to-month, core internet"
7921-BEPCI,2,"Loyal, long contract, bundled"
0807-ZABDG,3,"New, month-to-month, core internet"
8510-TMWYB,2,"Loyal, long contract, bundled"
3258-ZKPAI,2,"Loyal, long contract, bundled"
1428-IEDPR,2,"Loyal, long contract, bundled"
5298-GSTLM,2,"Loyal, long contract, bundled"
4450-YOOHP,0,"Mid-life, month-to-month, core internet"
6728-CZFEI,3,"New, month-to-month, core internet"
5748-RNCJT,2,"Loyal, long contract, bundled"
3653-NCRDJ,1,"Mid-life, long contract, phone-only"
6121-TNHBO,2,"Loyal, long contract, bundled"
5119-NZPTV,3,"New, month-to-month, core internet"
6519-ZHPXP,2,"Loyal, long contract, bundled"
7739-LAXOG,0,"Mid-life, month-to-month, core internet"
3472-QPRCH,1,"Mid-life, long contract, phone-only"
8224-UAXBZ,2,"Loyal, long contract, bundled"
9610-WCESF,2,"Loyal, long contract, bundled"
9776-CLUJA,3,"New, month-to-month, core internet"
2486-WYVVE,2,"Loyal, long contract, bundled"
3865-ZYKAD,0,"Mid-life, month-to-month, core internet"
1422-DGUBX,3,"New, month-to-month, core internet"
2999-AANRQ,2,"Loyal, long contract, bundled"
8668-KNZTI,3,"New, month-to-month, core internet"
0480-KYJVA,1,"Mid-life, long contract, phone-only"
6034-ZRYCV,2,"Loyal, long contract, bundled"
9746-YKGXB,0,"Mid-life, month-to-month, core internet"
3926-YZVVX,0,"Mid-life, month-to-month, core internet"
6000-UKLWI,1,"Mid-life, long contract, phone-only"
2079-FBMZK,3,"New, month-to-month, core internet"
6332-FBZRI,2,"Loyal, long contract, bundled"
2096-XOTMO,1,"Mid-life, long contract, phone-only"
3266-FTKHB,1,"Mid-life, long contract, phone-only"
8221-EQDGL,3,"New, month-to-month, core internet"
2346-LOCWC,1,"Mid-life, long contract, phone-only"
6608-QQLVK,3,"New, month-to-month, core internet"
0298-XACET,2,"Loyal, long contract, bundled"
7560-QJAVJ,2,"Loyal, long contract, bundled"
2995-YWTCD,1,"Mid-life, long contract, phone-only"
3551-HUAZH,3,"New, month-to-month, core internet"
9137-UIYPG,2,"Loyal, long contract, bundled"
2809-ZMYOQ,3,"New, month-to-month, core internet"
5084-OOVCJ,0,"Mid-life, month-to-month, core internet"
0254-WWRKD,0,"Mid-life, month-to-month, core internet"
7727-SHVZV,1,"Mid-life, long contract, phone-only"
6302-JGYRJ,2,"Loyal, long contract, bundled"
5339-PXDVH,3,"New, month-to-month, core internet"
2205-LPVGL,2,"Loyal, long contract, bundled"
8782-NUUOL,2,"Loyal, long contract, bundled"
3685-YLCMQ,2,"Loyal, long contract, bundled"
7601-WFVZV,1,"Mid-life, long contract, phone-only"
4609-KNNWG,1,"Mid-life, long contract, phone-only"
4868-AADLV,2,"Loyal, long contract, bundled"
9529-OFXHY,0,"Mid-life, month-to-month, core internet"
8634-MPHTR,3,"New, month-to-month, core internet"
2669-QVCRG,0,"Mid-life, month-to-month, core internet"
2478-EEWWM,3,"New, month-to-month, core internet"
9174-IHETN,0,"Mid-life, month-to-month, core internet"
2233-TXSIU,0,"Mid-life, month-to-month, core internet"
9644-UMGQA,3,"New, month-to-month, core internet"
3256-EZDBI,0,"Mid-life, month-to-month, core internet"
8761-NSOBC,3,"New, month-to-month, core internet"
0419-YAAPX,0,"Mid-life, month-to-month, core internet"
8413-VONUO,3,"New, month-to-month, core internet"
0872-CASZJ,2,"Loyal, long contract, bundled"
4726-DLWQN,0,"Mid-life, month-to-month, core internet"
8164-OCKUJ,1,"Mid-life, long contract, phone-only"
3094-JOJAI,3,"New, month-to-month, core internet"
9494-MRNYX,3,"New, month-to-month, core internet"
2599-CZABP,3,"New, month-to-month, core internet"
7945-PRBVF,1,"Mid-life, long contract, phone-only"
4544-RXFMG,3,"New, month-to-month, core internet"
0859-YGKFW,1,"Mid-life, long contract, phone-only"
1150-FTQGN,2,"Loyal, long contract, bundled"
9223-UCPVT,3,"New, month-to-month, core internet"
7196-LIWRH,1,"Mid-life, long contract, phone-only"
5448-VWNAM,3,"New, month-to-month, core internet"
1177-XZBJL,2,"Loyal, long contract, bundled"
3518-FSTWG,2,"Loyal, long contract, bundled"
9330-VOFSZ,2,"Loyal, long contract, bundled"
4351-QLCSU,0,"Mid-life, month-to-month, core internet"
0939-EREMR,3,"New, month-to-month, core internet"
9389-ACWBI,0,"Mid-life, month-to-month, core internet"
5419-JPRRN,3,"New, month-to-month, core internet"
3644-QXEHN,3,"New, month-to-month, core internet"
2911-IJORQ,2,"Loyal, long contract, bundled"
5921-NGYRH,3,"New, month-to-month, core internet"
2100-BDNSN,0,"Mid-life, month-to-month, core internet"
5998-DZLYR,2,"Loyal, long contract, bundled"
0488-GSLFR,3,"New, month-to-month, core internet"
9318-NKNFC,1,"Mid-life, long contract, phone-only"
3985-HOYPM,1,"Mid-life, long contract, phone-only"
9728-FTTVZ,3,"New, month-to-month, core internet"
9548-LERKT,1,"Mid-life, long contract, phone-only"
6576-FBXOJ,3,"New, month-to-month, core internet"
4310-KEDTB,3,"New, month-to-month, core internet"
7254-IQWOZ,3,"New, month-to-month, core internet"
2474-BRUCM,3,"New, month-to-month, core internet"
4062-HBMOS,2,"Loyal, long contract, bundled"
0742-NXBGR,3,"New, month-to-month, core internet"
2676-ISHSF,1,"Mid-life, long contract, phone-only"
9236-NDUCW,3,"New, month-to-month, core internet"
4753-PADAS,2,"Loyal, long contract, bundled"
6103-QCKFX,0,"Mid-life, month-to-month, core internet"
7781-EWARA,2,"Loyal, long contract, bundled"
6110-OHIHY,3,"New, month-to-month, core internet"
7018-FPXHH,2,"Loyal, long contract, bundled"
5889-LFOLL,3,"New, month-to-month, core internet"
5708-EVONK,0,"Mid-life, month-to-month, core internet"
8708-XPXHZ,3,"New, month-to-month, core internet"
0616-ATFGB,3,"New, month-to-month, core internet"
0572-ZJKLT,2,"Loyal, long contract, bundled"
5135-RDDQL,0,"Mid-life, month-to-month, core internet"
1353-LJWEM,3,"New, month-to-month, core internet"
1794-SWWKL,0,"Mid-life, month-to-month, core internet"
6166-YIPFO,2,"Loyal, long contract, bundled"
7016-BPGEU,0,"Mid-life, month-to-month, core internet"
6876-ADESB,3,"New, month-to-month, core internet"
9332-GYWLO,3,"New, month-to-month, core internet"
1963-SVUCV,3,"New, month-to-month, core internet"
4184-VODJZ,2,"Loyal, long contract, bundled"
0220-EBGCE,3,"New, month-to-month, core internet"
1092-WPIVQ,1,"Mid-life, long contract, phone-only"
7233-IOQNP,0,"Mid-life, month-to-month, core internet"
2834-JKOOW,3,"New, month-to-month, core internet"
2754-VDLTR,3,"New, month-to-month, core internet"
2400-FEQME,1,"Mid-life, long contract, phone-only"
3190-XFANI,2,"Loyal, long contract, bundled"
7551-DACSP,3,"New, month-to-month, core internet"
4957-SREEC,1,"Mid-life, long contract, phone-only"
7235-NXZCP,3,"New, month-to-month, core internet"
0230-UBYPQ,0,"Mid-life, month-to-month, core internet"
4923-ADWXJ,0,"Mid-life, month-to-month, core internet"
1763-KUAAW,1,"Mid-life, long contract, phone-only"
1104-TNLZA,3,"New, month-to-month, core internet"
5195-KPUNQ,2,"Loyal, long contract, bundled"
0520-FDVVT,2,"Loyal, long contract, bundled"
3439-GVUSX,3,"New, month-to-month, core internet"
1444-VVSGW,2,"Loyal, long contract, bundled"
5712-PTIWW,3,"New, month-to-month, core internet"
5949-HGVJL,3,"New, month-to-month, core internet"
5203-XEHAX,3,"New, month-to-month, core internet"
1635-HDGFT,1,"Mid-life, long contract, phone-only"
3315-TOTBP,3,"New, month-to-month, core internet"
8050-XGRVL,0,"Mid-life, month-to-month, core internet"
6661-HBGWL,2,"Loyal, long contract, bundled"
1518-VOWAV,3,"New, month-to-month, core internet"
9828-QHFBK,3,"New, month-to-month, core internet"
3908-MKIMJ,2,"Loyal, long contract, bundled"
5012-YSPJJ,3,"New, month-to-month, core internet"
5909-ECHUI,3,"New, month-to-month, core internet"
1309-BXVOQ,3,"New, month-to-month, core internet"
6728-VOIFY,2,"Loyal, long contract, bundled"
9317-WZPGV,0,"Mid-life, month-to-month, core internet"
4891-NLUBA,2,"Loyal, long contract, bundled"
2856-HYAPG,3,"New, month-to-month, core internet"
8969-PRHFK,1,"Mid-life, long contract, phone-only"
0661-KQHNK,1,"Mid-life, long contract, phone-only"
8709-KRDVL,3,"New, month-to-month, core internet"
4488-PSYCG,1,"Mid-life, long contract, phone-only"
1427-VERSM,2,"Loyal, long contract, bundled"
9801-NOSHQ,1,"Mid-life, long contract, phone-only"
6339-YPSAH,3,"New, month-to-month, core internet"
3621-CEOVK,3,"New, month-to-month, core internet"
6906-ANDWJ,0,"Mid-life, month-to-month, core internet"
2159-TURXX,1,"Mid-life, long contract, phone-only"
1548-FEHVL,2,"Loyal, long contract, bundled"
3795-CAWEX,2,"Loyal, long contract, bundled"
6215-NQCPY,3,"New, month-to-month, core internet"
5647-URDKA,1,"Mid-life, long contract, phone-only"
2229-DPMBI,1,"Mid-life, long contract, phone-only"
9626-WEQRM,3,"New, month-to-month, core internet"
2188-SXWVT,3,"New, month-to-month, core internet"
6258-PVZWJ,2,"Loyal, long contract, bundled"
1094-BKOSX,2,"Loyal, long contract, bundled"
6969-MVBAI,3,"New, month-to-month, core internet"
2978-XXSOG,3,"New, month-to-month, core internet"
2342-CKIAO,1,"Mid-life, long contract, phone-only"
6953-PBDIN,2,"Loyal, long contract, bundled"
3898-BSJYF,2,"Loyal, long contract, bundled"
3938-YFPXD,2,"Loyal, long contract, bundled"
7696-AMHOD,2,"Loyal, long contract, bundled"
2453-SAFNS,2,"Loyal, long contract, bundled"
9558-IHEZX,2,"Loyal, long contract, bundled"
9617-UDPEU,1,"Mid-life, long contract, phone-only"
6340-DACFT,1,"Mid-life, long contract, phone-only"
4955-VCWBI,1,"Mid-life, long contract, phone-only"
6813-GZQCG,1,"Mid-life, long contract, phone-only"
7426-GSWPO,2,"Loyal, long contract, bundled"
3389-KTRXV,1,"Mid-life, long contract, phone-only"
3118-UHVVQ,1,"Mid-life, long contract, phone-only"
1031-IIDEO,3,"New, month-to-month, core internet"
5832-XKAES,0,"Mid-life, month-to-month, core internet"
3205-MXZRA,0,"Mid-life, month-to-month, core internet"
4701-AHWMW,0,"Mid-life, month-to-month, core internet"
8317-BVKSO,1,"Mid-life, long contract, phone-only"
5702-KVQRD,2,"Loyal, long contract, bundled"
0083-PIVIK,2,"Loyal, long contract, bundled"
9210-IAHGH,0,"Mid-life, month-to-month, core internet"
6169-PGNCD,2,"Loyal, long contract, bundled"
0023-XUOPT,3,"New, month-to-month, core internet"
4592-IWTJI,0,"Mid-life, month-to-month, core internet"
4909-JOUPP,2,"Loyal, long contract, bundled"
4657-FWVFY,0,"Mid-life, month-to-month, core internet"
2257-BOVXD,0,"Mid-life, month-to-month, core internet"
7729-JTEEC,3,"New, month-to-month, core internet"
7632-MNYOY,2,"Loyal, long contract, bundled"
6518-LGAOV,3,"New, month-to-month, core internet"
7242-QZLXF,3,"New, month-to-month, core internet"
4576-CSAJH,0,"Mid-life, month-to-month, core internet"
1000-AJSLD,1,"Mid-life, long contract, phone-only"
9696-RMYBA,3,"New, month-to-month, core internet"
8690-UPCZI,2,"Loyal, long contract, bundled"
1062-LHZOD,3,"New, month-to-month, core internet"
9770-LXDBK,1,"Mid-life, long contract, phone-only"
4086-WITJG,1,"Mid-life, long contract, phone-only"
8344-WFMFH,3,"New, month-to-month, core internet"
9600-NAXZN,3,"New, month-to-month, core internet"
8822-KNBHV,2,"Loyal, long contract, bundled"
8404-FYDIB,0,"Mid-life, month-to-month, core internet"
2791-SFVEW,1,"Mid-life, long contract, phone-only"
6457-USBER,3,"New, month-to-month, core internet"
6762-NSODU,1,"Mid-life, long contract, phone-only"
4662-EKDPQ,0,"Mid-life, month-to-month, core internet"
9248-OJYKK,3,"New, month-to-month, core internet"
9888-ZCUMM,2,"Loyal, long contract, bundled"
3398-FSHON,3,"New, month-to-month, core internet"
3319-DWOEP,3,"New, month-to-month, core internet"
1074-WVEVG,1,"Mid-life, long contract, phone-only"
9979-RGMZT,3,"New, month-to-month, core internet"
6437-UDQJM,2,"Loyal, long contract, bundled"
1226-IENZN,3,"New, month-to-month, core internet"
2108-GLPQB,0,"Mid-life, month-to-month, core internet"
9259-PACGQ,3,"New, month-to-month, core internet"
4415-IJZTP,3,"New, month-to-month, core internet"
1465-VINDH,0,"Mid-life, month-to-month, core internet"
5474-LAMUQ,1,"Mid-life, long contract, phone-only"
3468-DRVQJ,3,"New, month-to-month, core internet"
1122-YJBCS,2,"Loyal, long contract, bundled"
4990-ALDGW,1,"Mid-life, long contract, phone-only"
4816-OKWNX,2,"Loyal, long contract, bundled"
3315-IKYZQ,3,"New, month-to-month, core internet"
2810-FTLEM,3,"New, month-to-month, core internet"
4747-LCAQL,3,"New, month-to-month, core internet"
3411-WLRSQ,0,"Mid-life, month-to-month, core internet"
0898-XCGTF,2,"Loyal, long contract, bundled"
8006-PYCSW,1,"Mid-life, long contract, phone-only"
8249-THVEC,1,"Mid-life, long contract, phone-only"
8722-PRFDV,2,"Loyal, long contract, bundled"
2164-SOQXL,1,"Mid-life, long contract, phone-only"
4020-KIUDI,1,"Mid-life, long contract, phone-only"
5850-BDWCY,1,"Mid-life, long contract, phone-only"
2038-YSEZE,3,"New, month-to-month, core internet"
0827-ITJPH,1,"Mid-life, long contract, phone-only"
8799-OXZMD,3,"New, month-to-month, core internet"
1925-TIBLE,3,"New, month-to-month, core internet"
1705-GUHPV,1,"Mid-life, long contract, phone-only"
4779-ZGICK,1,"Mid-life, long contract, phone-only"
0048-PIHNL,1,"Mid-life, long contract, phone-only"
0818-OCPZO,3,"New, month-to-month, core internet"
3967-KXAPS,2,"Loyal, long contract, bundled"
1447-GIQMR,3,"New, month-to-month, core internet"
3704-IEAXF,2,"Loyal, long contract, bundled"
6810-VCAEX,0,"Mid-life, month-to-month, core internet"
0674-EYYZV,3,"New, month-to-month, core internet"
4480-MBMLB,2,"Loyal, long contract, bundled"
1395-OFUWC,0,"Mid-life, month-to-month, core internet"
0822-QGCXA,3,"New, month-to-month, core internet"
0872-NXJYS,3,"New, month-to-month, core internet"
2832-KJCRD,3,"New, month-to-month, core internet"
3588-WSTTJ,3,"New, month-to-month, core internet"
4075-WKNIU,2,"Loyal, long contract, bundled"
5090-EMGTC,2,"Loyal, long contract, bundled"
2346-CZYIL,1,"Mid-life, long contract, phone-only"
3798-EPWRR,3,"New, month-to-month, core internet"
6258-NGCNG,1,"Mid-life, long contract, phone-only"
4186-ZBUEW,2,"Loyal, long contract, bundled"
5274-XHAKY,0,"Mid-life, month-to-month, core internet"
1442-BQPVU,3,"New, month-to-month, core internet"
3978-YNKDD,1,"Mid-life, long contract, phone-only"
4940-KHCWD,2,"Loyal, long contract, bundled"
9412-ARGBX,2,"Loyal, long contract, bundled"
1389-CXMLU,3,"New, month-to-month, core internet"
9589-ABEPT,2,"Loyal, long contract, bundled"
9388-ZEYVT,3,"New, month-to-month, core internet"
0305-SQECB,3,"New, month-to-month, core internet"
7605-SNLQG,0,"Mid-life, month-to-month, core internet"
4670-TABXH,2,"Loyal, long contract, bundled"
5561-NWEVX,3,"New, month-to-month, core internet"
0064-SUDOG,1,"Mid-life, long contract, phone-only"
8561-NMTBD,2,"Loyal, long contract, bundled"
5161-XEUVX,2,"Loyal, long contract, bundled"
8292-FRFZQ,0,"Mid-life, month-to-month, core internet"
8591-NXRCV,0,"Mid-life, month-to-month, core internet"
7895-VONWT,3,"New, month-to-month, core internet"
4526-RMTLL,2,"Loyal, long contract, bundled"
6253-GNHWH,2,"Loyal, long contract, bundled"
4566-NECEV,3,"New, month-to-month, core internet"
8080-POTJR,2,"Loyal, long contract, bundled"
6906-MPARY,2,"Loyal, long contract, bundled"
3662-FXJFO,1,"Mid-life, long contract, phone-only"
8107-RZLNV,2,"Loyal, long contract, bundled"
0516-OOHAR,2,"Loyal, long contract, bundled"
2027-CWDNU,3,"New, month-to-month, core internet"
2737-WFVYW,3,"New, month-to-month, core internet"
9912-OMZDS,2,"Loyal, long contract, bundled"
3733-ZEECP,3,"New, month-to-month, core internet"
7878-RTCZG,1,"Mid-life, long contract, phone-only"
2452-MRMZF,1,"Mid-life, long contract, phone-only"
2272-QAGFO,3,"New, month-to-month, core internet"
7103-IPXPJ,2,"Loyal, long contract, bundled"
4342-HFXWS,2,"Loyal, long contract, bundled"
3545-CNWRG,3,"New, month-to-month, core internet"
1785-BPHTP,3,"New, month-to-month, core internet"
4989-LIXVT,2,"Loyal, long contract, bundled"
7315-WYOAW,3,"New, month-to-month, core internet"
1173-XZPYF,3,"New, month-to-month, core internet"
9850-OWRHQ,0,"Mid-life, month-to-month, core internet"
3768-NLUBH,3,"New, month-to-month, core internet"
8676-TRMJS,3,"New, month-to-month, core internet"
2509-TFPJU,1,"Mid-life, long contract, phone-only"
9530-GRMJG,2,"Loyal, long contract, bundled"
6898-RBTLU,2,"Loyal, long contract, bundled"
5481-NTDOH,2,"Loyal, long contract, bundled"
2068-WWXQZ,1,"Mid-life, long contract, phone-only"
7359-SSBJK,2,"Loyal, long contract, bundled"
2061-VVFST,1,"Mid-life, long contract, phone-only"
0685-MLYYM,3,"New, month-to-month, core internet"
0749-IRGQE,3,"New, month-to-month, core internet"
2380-DAMQP,2,"Loyal, long contract, bundled"
2256-YLYLP,2,"Loyal, long contract, bundled"
1272-ILHFG,1,"Mid-life, long contract, phone-only"
0164-XAIRP,1,"Mid-life, long contract, phone-only"
5666-CYCYZ,3,"New, month-to-month, core internet"
4011-ARPHK,3,"New, month-to-month, core internet"
8182-PNAGI,0,"Mid-life, month-to-month, core internet"
6365-HITVU,2,"Loyal, long contract, bundled"
7558-IMLMT,1,"Mid-life, long contract, phone-only"
9488-FYQAU,2,"Loyal, long contract, bundled"
3590-TCXTB,1,"Mid-life, long contract, phone-only"
6994-KERXL,3,"New, month-to-month, core internet"
7957-RYHQD,0,"Mid-life, month-to-month, core internet"
2180-DXNEG,3,"New, month-to-month, core internet"
1960-UOTYM,2,"Loyal, long contract, bundled"
2740-JFBOK,1,"Mid-life, long contract, phone-only"
6500-JVEGC,2,"Loyal, long contract, bundled"
5515-AKOAJ,3,"New, month-to-month, core internet"
8976-OQHGT,3,"New, month-to-month, core internet"
5245-VDBUR,3,"New, month-to-month, core internet"
6230-BSUXY,3,"New, month-to-month, core internet"
8469-SNFFH,2,"Loyal, long contract, bundled"
2144-ESWKO,0,"Mid-life, month-to-month, core internet"
1241-FPMOF,1,"Mid-life, long contract, phone-only"
9928-BZVLZ,3,"New, month-to-month, core internet"
4114-QMKVN,2,"Loyal, long contract, bundled"
2775-SEFEE,0,"Mid-life, month-to-month, core internet"
9003-CPATH,3,"New, month-to-month, core internet"
1754-GKYPY,0,"Mid-life, month-to-month, core internet"
5294-CDGWY,2,"Loyal, long contract, bundled"
7956-XQWGU,1,"Mid-life, long contract, phone-only"
1591-MQJTP,2,"Loyal, long contract, bundled"
5295-PCJOO,3,"New, month-to-month, core internet"
2369-FEVNO,1,"Mid-life, long contract, phone-only"
9863-JZAIC,3,"New, month-to-month, core internet"
7471-MQPOS,2,"Loyal, long contract, bundled"
7660-HDPJV,3,"New, month-to-month, core internet"
5115-SQAAU,1,"Mid-life, long contract, phone-only"
9845-QOMAD,1,"Mid-life, long contract, phone-only"
7672-VFMXZ,3,"New, month-to-month, core internet"
9739-JLPQJ,2,"Loyal, long contract, bundled"
9916-AYHTC,1,"Mid-life, long contract, phone-only"
3855-ONCAR,3,"New, month-to-month, core internet"
1488-SYSFC,1,"Mid-life, long contract, phone-only"
7931-PXHFC,3,"New, month-to-month, core internet"
3990-QYKBE,3,"New, month-to-month, core internet"
0970-QXPXW,1,"Mid-life, long contract, phone-only"
3259-KNMRR,2,"Loyal, long contract, bundled"
6120-RJKLU,2,"Loyal, long contract, bundled"
9572-WUKSB,3,"New, month-to-month, core internet"
5893-KCLGT,1,"Mid-life, long contract, phone-only"
0076-LVEPS,3,"New, month-to-month, core internet"
3640-JQGJG,0,"Mid-life, month-to-month, core internet"
4919-MOAVT,3,"New, month-to-month, core internet"
1596-OQSPS,3,"New, month-to-month, core internet"
9867-XOBQA,2,"Loyal, long contract, bundled"
9546-KDTRB,1,"Mid-life, long contract, phone-only"
3090-HAWSU,2,"Loyal, long contract, bundled"
9820-RMCQV,0,"Mid-life, month-to-month, core internet"
3174-RKMOW,2,"Loyal, long contract, bundled"
1760-CAZHT,1,"Mid-life, long contract, phone-only"
7839-QRKXN,1,"Mid-life, long contract, phone-only"
8441-SHIPE,1,"Mid-life, long contract, phone-only"
5204-QZXPU,3,"New, month-to-month, core internet"
4597-ELFTS,1,"Mid-life, long contract, phone-only"
1320-GVNHT,2,"Loyal, long contract, bundled"
1047-RNXZV,1,"Mid-life, long contract, phone-only"
3541-ZNUHK,3,"New, month-to-month, core internet"
8450-JOVAH,3,"New, month-to-month, core internet"
8725-JEDFD,3,"New, month-to-month, core internet"
7562-UXTPG,3,"New, month-to-month, core internet"
8071-SBTRN,2,"Loyal, long contract, bundled"
1113-IUJYX,2,"Loyal, long contract, bundled"
6668-CNMFP,0,"Mid-life, month-to-month, core internet"
5626-MGTUK,0,"Mid-life, month-to-month, core internet"
5681-LLOEI,2,"Loyal, long contract, bundled"
8212-DJRCH,3,"New, month-to-month, core internet"
4323-OHFOW,2,"Loyal, long contract, bundled"
4933-BSAIP,1,"Mid-life, long contract, phone-only"
2030-BTZRO,1,"Mid-life, long contract, phone-only"
1116-DXXDF,2,"Loyal, long contract, bundled"
9274-CNFMO,3,"New, month-to-month, core internet"
7758-XKCBS,3,"New, month-to-month, core internet"
8992-JQYUN,3,"New, month-to-month, core internet"
6563-VNPMN,0,"Mid-life, month-to-month, core internet"
0617-AQNWT,2,"Loyal, long contract, bundled"
2267-WTPYD,0,"Mid-life, month-to-month, core internet"
0270-THENM,2,"Loyal, long contract, bundled"
2446-PLQVO,3,"New, month-to-month, core internet"
4707-MAXGU,1,"Mid-life, long contract, phone-only"
2710-WYVXG,3,"New, month-to-month, core internet"
3005-NFMTA,3,"New, month-to-month, core internet"
6300-BWMJX,3,"New, month-to-month, core internet"
8784-CGILN,0,"Mid-life, month-to-month, core internet"
5389-FFVKB,0,"Mid-life, month-to-month, core internet"
7009-LGECI,0,"Mid-life, month-to-month, core internet"
8444-WRIDW,0,"Mid-life, month-to-month, core internet"
5022-KVDQT,3,"New, month-to-month, core internet"
7976-CICYS,1,"Mid-life, long contract, phone-only"
1036-GUDCL,2,"Loyal, long contract, bundled"
2005-DWQZJ,1,"Mid-life, long contract, phone-only"
8148-WOCMK,1,"Mid-life, long contract, phone-only"
7815-PDTHL,1,"Mid-life, long contract, phone-only"
9451-LPGOO,3,"New, month-to-month, core internet"
9173-IVZVP,1,"Mid-life, long contract, phone-only"
9129-UXERG,0,"Mid-life, month-to-month, core internet"
3635-JBPSG,3,"New, month-to-month, core internet"
7964-ZRKKG,2,"Loyal, long contract, bundled"
5868-YWPDW,3,"New, month-to-month, core internet"
6229-LSCKB,3,"New, month-to-month, core internet"
2025-JKFWI,3,"New, month-to-month, core internet"
4078-SAYYN,3,"New, month-to-month, core internet"
1724-IQWNM,1,"Mid-life, long contract, phone-only"
8217-QYOHV,3,"New, month-to-month, core internet"
5546-QUERU,1,"Mid-life, long contract, phone-only"
9940-HPQPG,0,"Mid-life, month-to-month, core internet"
6897-UUBNU,3,"New, month-to-month, core internet"
6127-IYJOZ,3,"New, month-to-month, core internet"
6618-RYATB,3,"New, month-to-month, core internet"
8930-XOTDP,3,"New, month-to-month, core internet"
5916-QEWPT,0,"Mid-life, month-to-month, core internet"
5060-TQUQN,0,"Mid-life, month-to-month, core internet"
0531-XBKMM,2,"Loyal, long contract, bundled"
8465-SBRXP,2,"Loyal, long contract, bundled"
2408-PSJVE,3,"New, month-to-month, core internet"
9079-YEXQJ,2,"Loyal, long contract, bundled"
9700-ZCLOT,1,"Mid-life, long contract, phone-only"
8738-JOKAR,2,"Loyal, long contract, bundled"
4534-WGCIR,1,"Mid-life, long contract, phone-only"
1930-WNXSB,3,"New, month-to-month, core internet"
2685-SREOM,3,"New, month-to-month, core internet"
3508-CFVZL,2,"Loyal, long contract, bundled"
0402-CQAJN,0,"Mid-life, month-to-month, core internet"
6692-UDPJC,3,"New, month-to-month, core internet"
1273-MTETI,3,"New, month-to-month, core internet"
0657-DOGUM,0,"Mid-life, month-to-month, core internet"
5480-HPRRX,3,"New, month-to-month, core internet"
8792-AOROI,3,"New, month-to-month, core internet"
0295-PPHDO,3,"New, month-to-month, core internet"
5146-YYFRZ,1,"Mid-life, long contract, phone-only"
1195-OIYEJ,3,"New, month-to-month, core internet"
5906-CVLHP,0,"Mid-life, month-to-month, core internet"
3452-SRFEG,0,"Mid-life, month-to-month, core internet"
4070-OKWVH,0,"Mid-life, month-to-month, core internet"
5297-MDOIR,2,"Loyal, long contract, bundled"
6369-MCAKO,2,"Loyal, long contract, bundled"
4926-UMJZD,3,"New, month-to-month, core internet"
6848-HJTXY,1,"Mid-life, long contract, phone-only"
6341-AEVKX,2,"Loyal, long contract, bundled"
4501-EQDRN,0,"Mid-life, month-to-month, core internet"
2990-HWIML,3,"New, month-to-month, core internet"
0682-USIXD,3,"New, month-to-month, core internet"
6976-BWGLQ,1,"Mid-life, long contract, phone-only"
7078-NVFAM,3,"New, month-to-month, core internet"
8065-QBYTO,2,"Loyal, long contract, bundled"
2133-TSRRM,2,"Loyal, long contract, bundled"
7384-GHBPI,3,"New, month-to-month, core internet"
7603-USHJS,0,"Mid-life, month-to-month, core internet"
7234-FECYN,3,"New, month-to-month, core internet"
2511-ALLCS,1,"Mid-life, long contract, phone-only"
3191-CSNMG,3,"New, month-to-month, core internet"
7952-OBOYL,3,"New, month-to-month, core internet"
7470-DYNOE,3,"New, month-to-month, core internet"
7853-OETYL,3,"New, month-to-month, core internet"
1545-ACTAS,2,"Loyal, long contract, bundled"
5876-HZVZM,0,"Mid-life, month-to-month, core internet"
1400-MMYXY,3,"New, month-to-month, core internet"
5126-RCXYW,2,"Loyal, long contract, bundled"
3085-QUOZK,3,"New, month-to-month, core internet"
2363-BJLSL,2,"Loyal, long contract, bundled"
1956-YIFGE,2,"Loyal, long contract, bundled"
3926-CUQZX,0,"Mid-life, month-to-month, core internet"
7921-LMDFQ,2,"Loyal, long contract, bundled"
2925-MXLSX,2,"Loyal, long contract, bundled"
5820-PTRYM,2,"Loyal, long contract, bundled"
9609-BENEA,2,"Loyal, long contract, bundled"
6211-WHMYA,3,"New, month-to-month, core internet"
4459-BBGHE,3,"New, month-to-month, core internet"
9945-PSVIP,1,"Mid-life, long contract, phone-only"
1041-RXHRA,0,"Mid-life, month-to-month, core internet"
1750-CSKKM,3,"New, month-to-month, core internet"
9108-EJFJP,3,"New, month-to-month, core internet"
0530-IJVDB,2,"Loyal, long contract, bundled"
0508-SQWPL,1,"Mid-life, long contract, phone-only"
2215-ZAFGX,3,"New, month-to-month, core internet"
8213-TAZPM,2,"Loyal, long contract, bundled"
7142-HVGBG,2,"Loyal, long contract, bundled"
1304-SEGFY,2,"Loyal, long contract, bundled"
7242-EDTYC,1,"Mid-life, long contract, phone-only"
2904-GGUAZ,2,"Loyal, long contract, bundled"
8267-ZNYVZ,2,"Loyal, long contract, bundled"
5136-GFPMB,0,"Mid-life, month-to-month, core internet"
2595-KIWPV,1,"Mid-life, long contract, phone-only"
5243-SAOTC,0,"Mid-life, month-to-month, core internet"
9398-MMQTO,0,"Mid-life, month-to-month, core internet"
7619-PLRLP,2,"Loyal, long contract, bundled"
6457-GIRWB,3,"New, month-to-month, core internet"
6508-NJYRO,1,"Mid-life, long contract, phone-only"
1450-SKCVI,3,"New, month-to-month, core internet"
4710-NKCAW,0,"Mid-life, month-to-month, core internet"
5306-BVTKJ,0,"Mid-life, month-to-month, core internet"
0357-NVCRI,1,"Mid-life, long contract, phone-only"
5570-PTWEH,0,"Mid-life, month-to-month, core internet"
2371-KFUOG,2,"Loyal, long contract, bundled"
0463-ZSDNT,0,"Mid-life, month-to-month, core internet"
6502-MJQAE,3,"New, month-to-month, core internet"
6257-DTAYD,2,"Loyal, long contract, bundled"
4616-ULAOA,2,"Loyal, long contract, bundled"
7693-LCKZL,3,"New, month-to-month, core internet"
7746-AWNQW,3,"New, month-to-month, core internet"
5996-EBTKM,2,"Loyal, long contract, bundled"
2758-RNWXS,2,"Loyal, long contract, bundled"
2314-TNDJQ,2,"Loyal, long contract, bundled"
2405-LBMUW,2,"Loyal, long contract, bundled"
3454-JFUBC,1,"Mid-life, long contract, phone-only"
0032-PGELS,0,"Mid-life, month-to-month, core internet"
9039-ZVJDC,1,"Mid-life, long contract, phone-only"
6797-LNAQX,2,"Loyal, long contract, bundled"
9013-AQORL,0,"Mid-life, month-to-month, core internet"
2898-MRKPI,2,"Loyal, long contract, bundled"
2750-BJLSB,2,"Loyal, long contract, bundled"
3648-GZPHF,3,"New, month-to-month, core internet"
2075-RMJIK,3,"New, month-to-month, core internet"
9588-YRFHY,1,"Mid-life, long contract, phone-only"
6394-MFYNG,2,"Loyal, long contract, bundled"
1564-NTYXF,3,"New, month-to-month, core internet"
9364-YKUVW,1,"Mid-life, long contract, phone-only"
5392-AKEMH,3,"New, month-to-month, core internet"
2451-YMUXS,2,"Loyal, long contract, bundled"
3914-FDRHP,3,"New, month-to-month, core internet"
3078-ZKNTS,1,"Mid-life, long contract, phone-only"
1024-KPRBB,3,"New, month-to-month, core internet"
4690-PKDQG,3,"New, month-to-month, core internet"
8155-IBNHG,0,"Mid-life, month-to-month, core internet"
0886-QGENL,3,"New, month-to-month, core internet"
9547-ITEFG,0,"Mid-life, month-to-month, core internet"
1264-FUHCX,2,"Loyal, long contract, bundled"
7789-CRUVC,2,"Loyal, long contract, bundled"
6598-KELSS,0,"Mid-life, month-to-month, core internet"
8739-WWKDU,3,"New, month-to-month, core internet"
8685-WHQPW,0,"Mid-life, month-to-month, core internet"
4745-LSPLO,1,"Mid-life, long contract, phone-only"
8083-YTZES,3,"New, month-to-month, core internet"
7240-FQLHE,0,"Mid-life, month-to-month, core internet"
6664-FPDAC,2,"Loyal, long contract, bundled"
9972-VAFJJ,2,"Loyal, long contract, bundled"
0422-UXFAP,2,"Loyal, long contract, bundled"
1904-WAJAA,2,"Loyal, long contract, bundled"
5130-YPIRV,2,"Loyal, long contract, bundled"
2843-CQMEG,3,"New, month-to-month, core internet"
6439-PKTRR,2,"Loyal, long contract, bundled"
5351-QESIO,3,"New, month-to-month, core internet"
0786-VSSUD,3,"New, month-to-month, core internet"
5568-DMXZS,3,"New, month-to-month, core internet"
8468-FZTOE,2,"Loyal, long contract, bundled"
6633-SYEUS,0,"Mid-life, month-to-month, core internet"
6447-GORXK,0,"Mid-life, month-to-month, core internet"
6967-PEJLL,3,"New, month-to-month, core internet"
3976-BWUCK,0,"Mid-life, month-to-month, core internet"
5981-ZVXOT,2,"Loyal, long contract, bundled"
1684-FLBGS,0,"Mid-life, month-to-month, core internet"
1389-WNUIB,0,"Mid-life, month-to-month, core internet"
0376-OIWME,3,"New, month-to-month, core internet"
3585-ISXZP,0,"Mid-life, month-to-month, core internet"
0218-QNVAS,2,"Loyal, long contract, bundled"
6583-QGCSI,3,"New, month-to-month, core internet"
0804-YGEQV,1,"Mid-life, long contract, phone-only"
7164-BPTUT,2,"Loyal, long contract, bundled"
4174-LPGTI,2,"Loyal, long contract, bundled"
2523-EWWZL,3,"New, month-to-month, core internet"
0928-XUTSN,3,"New, month-to-month, core internet"
2108-XWMPY,3,"New, month-to-month, core internet"
0052-YNYOT,1,"Mid-life, long contract, phone-only"
6304-IJFSQ,3,"New, month-to-month, core internet"
9586-JGQKH,2,"Loyal, long contract, bundled"
4501-VCPFK,3,"New, month-to-month, core internet"
6075-SLNIL,0,"Mid-life, month-to-month, core internet"
9347-AERRL,1,"Mid-life, long contract, phone-only"
0093-XWZFY,2,"Loyal, long contract, bundled"
2274-XUATA,2,"Loyal, long contract, bundled"
1980-KXVPM,0,"Mid-life, month-to-month, core internet"
7703-ZEKEF,3,"New, month-to-month, core internet"
0723-DRCLG,3,"New, month-to-month, core internet"
5482-NUPNA,3,"New, month-to-month, core internet"
6691-CCIHA,2,"Loyal, long contract, bundled"
1685-BQULA,0,"Mid-life, month-to-month, core internet"
9053-EJUNL,3,"New, month-to-month, core internet"
0666-UXTJO,0,"Mid-life, month-to-month, core internet"
1471-GIQKQ,3,"New, month-to-month, core internet"
4807-IZYOZ,1,"Mid-life, long contract, phone-only"
1122-JWTJW,3,"New, month-to-month, core internet"
9710-NJERN,1,"Mid-life, long contract, phone-only"
9837-FWLCH,1,"Mid-life, long contract, phone-only"
1699-HPSBG,3,"New, month-to-month, core internet"
7203-OYKCT,2,"Loyal, long contract, bundled"
1035-IPQPU,2,"Loyal, long contract, bundled"
7398-LXGYX,0,"Mid-life, month-to-month, core internet"
2823-LKABH,0,"Mid-life, month-to-month, core internet"
8775-CEBBJ,0,"Mid-life, month-to-month, core internet"
0550-DCXLH,3,"New, month-to-month, core internet"
9281-CEDRU,2,"Loyal, long contract, bundled"
2235-DWLJU,3,"New, month-to-month, core internet"
0871-OPBXW,1,"Mid-life, long contract, phone-only"
3605-JISKB,2,"Loyal, long contract, bundled"
6894-LFHLY,3,"New, month-to-month, core internet"
9767-FFLEM,0,"Mid-life, month-to-month, core internet"
0639-TSIQW,2,"Loyal, long contract, bundled"
8456-QDAVC,0,"Mid-life, month-to-month, core internet"
7750-EYXWZ,2,"Loyal, long contract, bundled"
2569-WGERO,1,"Mid-life, long contract, phone-only"
6840-RESVB,2,"Loyal, long contract, bundled"
2234-XADUH,2,"Loyal, long contract, bundled"
4801-JZAZL,3,"New, month-to-month, core internet"
8361-LTMKD,3,"New, month-to-month, core internet"
3186-AJIEK,2,"Loyal, long contract, bundled"
