customer_id,model_name,churn_probability,risk_tier,scored_at,split,targeted
0002-ORFBO,pytorch_tabular_net,0.1455200016498565,Low,2026-10-01T07:22:18Z,train,0
0003-MKNFE,pytorch_tabular_net,0.2883799970149994,Medium,2026-10-01T07:22:18Z,train,0
0004-TLHLJ,pytorch_tabular_net,0.746399998664856,Critical,2026-10-01T07:22:18Z,train,1
0011-IGKFF,pytorch_tabular_net,0.6881300210952759,Critical,2026-10-01T07:22:18Z,train,1
0013-EXCHZ,pytorch_tabular_net,0.7896100282669067,Critical,2026-10-01T07:22:18Z,train,1
0013-MHZWF,pytorch_tabular_net,0.2065100073814392,Medium,2026-10-01T07:22:18Z,train,0
0013-SMEOE,pytorch_tabular_net,0.0429500006139278,Low,2026-10-01T07:22:18Z,test,0
0014-BMAQU,pytorch_tabular_net,0.0489699989557266,Low,2026-10-01T07:22:18Z,test,0
0015-UOCOJ,pytorch_tabular_net,0.5608599781990051,High,2026-10-01T07:22:18Z,test,1
0016-QLJIS,pytorch_tabular_net,0.0182099994271993,Low,2026-10-01T07:22:18Z,train,0
0017-DINOC,pytorch_tabular_net,0.0306400004774332,Low,2026-10-01T07:22:18Z,train,0
0017-IUDMW,pytorch_tabular_net,0.0422899983823299,Low,2026-10-01T07:22:18Z,train,0
0018-NYROU,pytorch_tabular_net,0.7055400013923645,Critical,2026-10-01T07:22:18Z,test,1
0019-EFAEP,pytorch_tabular_net,0.03226999938488,Low,2026-10-01T07:22:18Z,valid,0
0019-GFNTW,pytorch_tabular_net,0.009239999577403,Low,2026-10-01T07:22:18Z,valid,0
0020-INWCK,pytorch_tabular_net,0.0393100008368492,Low,2026-10-01T07:22:18Z,train,0
0020-JDNXP,pytorch_tabular_net,0.0488100014626979,Low,2026-10-01T07:22:18Z,train,0
0021-IKXGC,pytorch_tabular_net,0.8672400116920471,Critical,2026-10-01T07:22:18Z,train,1
0022-TCJCI,pytorch_tabular_net,0.1312499940395355,Low,2026-10-01T07:22:18Z,train,0
0023-HGHWL,pytorch_tabular_net,0.8628399968147278,Critical,2026-10-01T07:22:18Z,train,1
0023-UYUPN,pytorch_tabular_net,0.0312799997627735,Low,2026-10-01T07:22:18Z,train,0
0023-XUOPT,pytorch_tabular_net,0.5968400239944458,High,2026-10-01T07:22:18Z,test,1
0027-KWYKW,pytorch_tabular_net,0.6115800142288208,Critical,2026-10-01T07:22:18Z,test,1
0030-FNXPP,pytorch_tabular_net,0.1562899947166443,Low,2026-10-01T07:22:18Z,train,0
0031-PVLZI,pytorch_tabular_net,0.1071199998259544,Low,2026-10-01T07:22:18Z,train,0
0032-PGELS,pytorch_tabular_net,0.3840300142765045,Medium,2026-10-01T07:22:18Z,train,1
0036-IHMOT,pytorch_tabular_net,0.123269997537136,Low,2026-10-01T07:22:18Z,train,0
0040-HALCW,pytorch_tabular_net,0.014220000244677,Low,2026-10-01T07:22:18Z,train,0
0042-JVWOJ,pytorch_tabular_net,0.0327900014817714,Low,2026-10-01T07:22:18Z,train,0
0042-RLHYP,pytorch_tabular_net,0.0115299997851252,Low,2026-10-01T07:22:18Z,valid,0
0048-LUMLS,pytorch_tabular_net,0.158050000667572,Low,2026-10-01T07:22:18Z,train,0
0048-PIHNL,pytorch_tabular_net,0.0159699991345405,Low,2026-10-01T07:22:18Z,valid,0
0052-DCKON,pytorch_tabular_net,0.2160400003194809,Medium,2026-10-01T07:22:18Z,train,0
0052-YNYOT,pytorch_tabular_net,0.0138400001451373,Low,2026-10-01T07:22:18Z,train,0
0056-EPFBG,pytorch_tabular_net,0.0165500007569789,Low,2026-10-01T07:22:18Z,train,0
0057-QBUQH,pytorch_tabular_net,0.0157999992370605,Low,2026-10-01T07:22:18Z,train,0
0058-EVZWM,pytorch_tabular_net,0.2750099897384643,Medium,2026-10-01T07:22:18Z,train,0
0060-FUALY,pytorch_tabular_net,0.3759399950504303,Medium,2026-10-01T07:22:18Z,train,1
0064-SUDOG,pytorch_tabular_net,0.0143299996852874,Low,2026-10-01T07:22:18Z,valid,0
0064-YIJGF,pytorch_tabular_net,0.3751899898052215,Medium,2026-10-01T07:22:18Z,train,1
0067-DKWBL,pytorch_tabular_net,0.6654300093650818,Critical,2026-10-01T07:22:18Z,train,1
0068-FIGTF,pytorch_tabular_net,0.0847100019454956,Low,2026-10-01T07:22:18Z,train,0
0071-NDAFP,pytorch_tabular_net,0.0145500004291534,Low,2026-10-01T07:22:18Z,train,0
0074-HDKDG,pytorch_tabular_net,0.0633800029754638,Low,2026-10-01T07:22:18Z,test,0
0076-LVEPS,pytorch_tabular_net,0.1131500005722045,Low,2026-10-01T07:22:18Z,train,0
0078-XZMHT,pytorch_tabular_net,0.0239599999040365,Low,2026-10-01T07:22:18Z,train,0
0080-EMYVY,pytorch_tabular_net,0.0991000011563301,Low,2026-10-01T07:22:18Z,train,0
0080-OROZO,pytorch_tabular_net,0.2893899977207184,Medium,2026-10-01T07:22:18Z,train,0
0082-LDZUE,pytorch_tabular_net,0.6548900008201599,Critical,2026-10-01T07:22:18Z,valid,1
0082-OQIQY,pytorch_tabular_net,0.453790009021759,High,2026-10-01T07:22:18Z,valid,1
0083-PIVIK,pytorch_tabular_net,0.0862800031900405,Low,2026-10-01T07:22:18Z,train,0
0089-IIQKO,pytorch_tabular_net,0.3726600110530853,Medium,2026-10-01T07:22:18Z,train,1
0093-EXYQL,pytorch_tabular_net,0.5686500072479248,High,2026-10-01T07:22:18Z,train,1
0093-XWZFY,pytorch_tabular_net,0.5395100116729736,High,2026-10-01T07:22:18Z,train,1
0094-OIFMO,pytorch_tabular_net,0.7759799957275391,Critical,2026-10-01T07:22:18Z,train,1
0096-BXERS,pytorch_tabular_net,0.3851799964904785,Medium,2026-10-01T07:22:18Z,valid,1
0096-FCPUF,pytorch_tabular_net,0.1736299991607666,Low,2026-10-01T07:22:18Z,train,0
0098-BOWSO,pytorch_tabular_net,0.0861599966883659,Low,2026-10-01T07:22:18Z,train,0
0100-DUVFC,pytorch_tabular_net,0.3948999941349029,Medium,2026-10-01T07:22:18Z,valid,1
0103-CSITQ,pytorch_tabular_net,0.2133100032806396,Medium,2026-10-01T07:22:18Z,train,0
0104-PPXDV,pytorch_tabular_net,0.0374800004065036,Low,2026-10-01T07:22:18Z,valid,0
0106-GHRQR,pytorch_tabular_net,0.1726599931716919,Low,2026-10-01T07:22:18Z,train,0
0106-UGRDO,pytorch_tabular_net,0.0473700016736984,Low,2026-10-01T07:22:18Z,train,0
0107-WESLM,pytorch_tabular_net,0.374779999256134,Medium,2026-10-01T07:22:18Z,test,1
0107-YHINA,pytorch_tabular_net,0.8891299962997437,Critical,2026-10-01T07:22:18Z,test,1
0111-KLBQG,pytorch_tabular_net,0.3776699900627136,Medium,2026-10-01T07:22:18Z,train,1
0112-QAWRZ,pytorch_tabular_net,0.5890700221061707,High,2026-10-01T07:22:18Z,train,1
0112-QWPNC,pytorch_tabular_net,0.1400499939918518,Low,2026-10-01T07:22:18Z,train,0
0114-IGABW,pytorch_tabular_net,0.0145500004291534,Low,2026-10-01T07:22:18Z,test,0
0114-PEGZZ,pytorch_tabular_net,0.5663300156593323,High,2026-10-01T07:22:18Z,test,1
0114-RSRRW,pytorch_tabular_net,0.1079099997878074,Low,2026-10-01T07:22:18Z,valid,0
0115-TFERT,pytorch_tabular_net,0.5625,High,2026-10-01T07:22:18Z,train,1
0117-LFRMW,pytorch_tabular_net,0.1002599969506263,Low,2026-10-01T07:22:18Z,test,0
0118-JPNOY,pytorch_tabular_net,0.4461899995803833,High,2026-10-01T07:22:18Z,train,1
0121-SNYRK,pytorch_tabular_net,0.0364699997007846,Low,2026-10-01T07:22:18Z,valid,0
0122-OAHPZ,pytorch_tabular_net,0.6868600249290466,Critical,2026-10-01T07:22:18Z,test,1
0123-CRBRT,pytorch_tabular_net,0.0164199993014335,Low,2026-10-01T07:22:18Z,train,0
0125-LZQXK,pytorch_tabular_net,0.5801200270652771,High,2026-10-01T07:22:18Z,train,1
0128-MKWSG,pytorch_tabular_net,0.0682799965143203,Low,2026-10-01T07:22:18Z,train,0
0129-KPTWJ,pytorch_tabular_net,0.4004699885845184,High,2026-10-01T07:22:18Z,valid,1
0129-QMPDR,pytorch_tabular_net,0.0227400008589029,Low,2026-10-01T07:22:18Z,train,0
0130-SXOUN,pytorch_tabular_net,0.2445999979972839,Medium,2026-10-01T07:22:18Z,train,0
0133-BMFZO,pytorch_tabular_net,0.6609899997711182,Critical,2026-10-01T07:22:18Z,test,1
0134-XWXCE,pytorch_tabular_net,0.0871900022029876,Low,2026-10-01T07:22:18Z,test,0
0135-NMXAP,pytorch_tabular_net,0.6331200003623962,Critical,2026-10-01T07:22:18Z,train,1
0136-IFMYD,pytorch_tabular_net,0.1401100009679794,Low,2026-10-01T07:22:18Z,train,0
0137-OCGAB,pytorch_tabular_net,0.8292499780654907,Critical,2026-10-01T07:22:18Z,train,1
0137-UDEUO,pytorch_tabular_net,0.1578100025653839,Low,2026-10-01T07:22:18Z,train,0
0139-IVFJG,pytorch_tabular_net,0.7452099919319153,Critical,2026-10-01T07:22:18Z,test,1
0141-YEAYS,pytorch_tabular_net,0.4769400060176849,High,2026-10-01T07:22:18Z,train,1
0142-GVYSN,pytorch_tabular_net,0.0890799984335899,Low,2026-10-01T07:22:18Z,train,0
0147-ESWWR,pytorch_tabular_net,0.4776700139045715,High,2026-10-01T07:22:18Z,valid,1
0148-DCDOS,pytorch_tabular_net,0.623420000076294,Critical,2026-10-01T07:22:18Z,train,1
0151-ONTOV,pytorch_tabular_net,0.6862099766731262,Critical,2026-10-01T07:22:18Z,train,1
0156-FVPTA,pytorch_tabular_net,0.1379999965429306,Low,2026-10-01T07:22:18Z,valid,0
0164-APGRB,pytorch_tabular_net,0.0521599985659122,Low,2026-10-01T07:22:18Z,train,0
0164-XAIRP,pytorch_tabular_net,0.0183499995619058,Low,2026-10-01T07:22:18Z,train,0
0168-XZKBB,pytorch_tabular_net,0.6185100078582764,Critical,2026-10-01T07:22:18Z,train,1
0174-QRVVY,pytorch_tabular_net,0.0157299991697073,Low,2026-10-01T07:22:18Z,train,0
0177-PXBAT,pytorch_tabular_net,0.4388599991798401,High,2026-10-01T07:22:18Z,train,1
0178-CIIKR,pytorch_tabular_net,0.1561899930238723,Low,2026-10-01T07:22:18Z,train,0
0178-SZBHO,pytorch_tabular_net,0.3576000034809112,Medium,2026-10-01T07:22:18Z,train,1
0181-RITDD,pytorch_tabular_net,0.0434099994599819,Low,2026-10-01T07:22:18Z,test,0
0186-CAERR,pytorch_tabular_net,0.2282799929380417,Medium,2026-10-01T07:22:18Z,valid,0
0187-QSXOE,pytorch_tabular_net,0.7129700183868408,Critical,2026-10-01T07:22:18Z,train,1
0187-WZNAB,pytorch_tabular_net,0.1505600064992904,Low,2026-10-01T07:22:18Z,train,0
0188-GWFLE,pytorch_tabular_net,0.1887300014495849,Low,2026-10-01T07:22:18Z,train,0
0191-EQUUH,pytorch_tabular_net,0.010080000385642,Low,2026-10-01T07:22:18Z,train,0
0191-ZHSKZ,pytorch_tabular_net,0.242819994688034,Medium,2026-10-01T07:22:18Z,train,0
0193-ESZXP,pytorch_tabular_net,0.2271399945020675,Medium,2026-10-01T07:22:18Z,test,0
0195-IESCP,pytorch_tabular_net,0.7137399911880493,Critical,2026-10-01T07:22:18Z,test,1
0196-JTUQI,pytorch_tabular_net,0.6376299858093262,Critical,2026-10-01T07:22:18Z,train,1
0196-VULGZ,pytorch_tabular_net,0.7358700037002563,Critical,2026-10-01T07:22:18Z,train,1
0197-PNKNK,pytorch_tabular_net,0.0315699987113475,Low,2026-10-01T07:22:18Z,valid,0
0201-MIBOL,pytorch_tabular_net,0.0835400000214576,Low,2026-10-01T07:22:18Z,valid,0
0201-OAMXR,pytorch_tabular_net,0.2132900059223175,Medium,2026-10-01T07:22:18Z,train,0
0203-HHYIJ,pytorch_tabular_net,0.0320799984037876,Low,2026-10-01T07:22:18Z,test,0
0206-OYVOC,pytorch_tabular_net,0.0092599997296929,Low,2026-10-01T07:22:18Z,train,0
0206-TBWLC,pytorch_tabular_net,0.2048600018024444,Medium,2026-10-01T07:22:18Z,train,0
0207-MDKNV,pytorch_tabular_net,0.4881100058555603,High,2026-10-01T07:22:18Z,valid,1
0208-BPQEJ,pytorch_tabular_net,0.0709099993109703,Low,2026-10-01T07:22:18Z,train,0
0212-ISBBF,pytorch_tabular_net,0.482450008392334,High,2026-10-01T07:22:18Z,train,1
0214-JHPFW,pytorch_tabular_net,0.0144699998199939,Low,2026-10-01T07:22:18Z,train,0
0215-BQKGS,pytorch_tabular_net,0.3688899874687195,Medium,2026-10-01T07:22:18Z,train,1
0218-QNVAS,pytorch_tabular_net,0.1725700050592422,Low,2026-10-01T07:22:18Z,train,0
0219-QAERP,pytorch_tabular_net,0.023930000141263,Low,2026-10-01T07:22:18Z,test,0
0219-YTZUE,pytorch_tabular_net,0.7498700022697449,Critical,2026-10-01T07:22:18Z,train,1
0220-EBGCE,pytorch_tabular_net,0.811240017414093,Critical,2026-10-01T07:22:18Z,train,1
0221-NAUXK,pytorch_tabular_net,0.0440099984407424,Low,2026-10-01T07:22:18Z,train,0
0221-WMXNQ,pytorch_tabular_net,0.5379800200462341,High,2026-10-01T07:22:18Z,train,1
0222-CNVPT,pytorch_tabular_net,0.4755100011825561,High,2026-10-01T07:22:18Z,valid,1
0224-HJAPT,pytorch_tabular_net,0.4190100133419037,High,2026-10-01T07:22:18Z,test,1
0224-NIJLP,pytorch_tabular_net,0.0137599995359778,Low,2026-10-01T07:22:18Z,test,0
0224-RLWWD,pytorch_tabular_net,0.7494999766349792,Critical,2026-10-01T07:22:18Z,train,1
0225-ZORZP,pytorch_tabular_net,0.5501499772071838,High,2026-10-01T07:22:18Z,train,1
0228-MAUWC,pytorch_tabular_net,0.1737699955701828,Low,2026-10-01T07:22:18Z,train,0
0229-LFJAF,pytorch_tabular_net,0.0280600003898143,Low,2026-10-01T07:22:18Z,train,0
0230-UBYPQ,pytorch_tabular_net,0.0832799971103668,Low,2026-10-01T07:22:18Z,train,0
0230-WEQUW,pytorch_tabular_net,0.017119999974966,Low,2026-10-01T07:22:18Z,train,0
0231-LXVAP,pytorch_tabular_net,0.7363100051879883,Critical,2026-10-01T07:22:18Z,valid,1
0233-FTHAV,pytorch_tabular_net,0.0590800009667873,Low,2026-10-01T07:22:18Z,train,0
0234-TEVTT,pytorch_tabular_net,0.0293400008231401,Low,2026-10-01T07:22:18Z,train,0
0235-KGSLC,pytorch_tabular_net,0.7930399775505066,Critical,2026-10-01T07:22:18Z,train,1
0236-HFWSV,pytorch_tabular_net,0.7720800042152405,Critical,2026-10-01T07:22:18Z,train,1
0237-YFUTL,pytorch_tabular_net,0.237419992685318,Medium,2026-10-01T07:22:18Z,train,0
0238-WHBIQ,pytorch_tabular_net,0.0250100009143352,Low,2026-10-01T07:22:18Z,valid,0
0239-OXEXL,pytorch_tabular_net,0.1149000003933906,Low,2026-10-01T07:22:18Z,train,0
0244-LGNFY,pytorch_tabular_net,0.017510000616312,Low,2026-10-01T07:22:18Z,train,0
0247-SLUJI,pytorch_tabular_net,0.1823299974203109,Low,2026-10-01T07:22:18Z,train,0
0248-IPDFW,pytorch_tabular_net,0.7608799934387207,Critical,2026-10-01T07:22:18Z,valid,1
0248-PGHBZ,pytorch_tabular_net,0.0401399992406368,Low,2026-10-01T07:22:18Z,train,0
0253-ZTEOB,pytorch_tabular_net,0.0390999987721443,Low,2026-10-01T07:22:18Z,test,0
0254-FNMCI,pytorch_tabular_net,0.0410499982535839,Low,2026-10-01T07:22:18Z,train,0
0254-KCJGT,pytorch_tabular_net,0.067220002412796,Low,2026-10-01T07:22:18Z,test,0
0254-WWRKD,pytorch_tabular_net,0.0285299997776746,Low,2026-10-01T07:22:18Z,test,0
0256-LTHVJ,pytorch_tabular_net,0.4498699903488159,High,2026-10-01T07:22:18Z,train,1
0257-KXZGU,pytorch_tabular_net,0.0578400008380413,Low,2026-10-01T07:22:18Z,train,0
0257-ZESQC,pytorch_tabular_net,0.3076899945735931,Medium,2026-10-01T07:22:18Z,valid,0
0258-NOKBL,pytorch_tabular_net,0.6345700025558472,Critical,2026-10-01T07:22:18Z,test,1
0259-GBZSH,pytorch_tabular_net,0.8634700179100037,Critical,2026-10-01T07:22:18Z,train,1
0260-ZDLGK,pytorch_tabular_net,0.2553499937057495,Medium,2026-10-01T07:22:18Z,valid,0
0263-FJTQO,pytorch_tabular_net,0.0461300015449523,Low,2026-10-01T07:22:18Z,train,0
0264-CNITK,pytorch_tabular_net,0.0114399995654821,Low,2026-10-01T07:22:18Z,train,0
0265-EDXBD,pytorch_tabular_net,0.599049985408783,High,2026-10-01T07:22:18Z,train,1
0265-PSUAE,pytorch_tabular_net,0.3577199876308441,Medium,2026-10-01T07:22:18Z,train,1
0266-CLZKZ,pytorch_tabular_net,0.0457400009036064,Low,2026-10-01T07:22:18Z,train,0
0266-GMEAO,pytorch_tabular_net,0.0573699995875358,Low,2026-10-01T07:22:18Z,train,0
0268-QKIWO,pytorch_tabular_net,0.1955700069665908,Low,2026-10-01T07:22:18Z,train,0
0269-XFESX,pytorch_tabular_net,0.0193499997258186,Low,2026-10-01T07:22:18Z,test,0
0270-THENM,pytorch_tabular_net,0.0193399991840124,Low,2026-10-01T07:22:18Z,test,0
0274-JKUJR,pytorch_tabular_net,0.4081400036811828,High,2026-10-01T07:22:18Z,test,1
0277-BKSQP,pytorch_tabular_net,0.483130007982254,High,2026-10-01T07:22:18Z,train,1
0277-ORXQS,pytorch_tabular_net,0.0351499989628791,Low,2026-10-01T07:22:18Z,train,0
0278-YXOOG,pytorch_tabular_net,0.1157199963927269,Low,2026-10-01T07:22:18Z,test,0
0280-XJGEX,pytorch_tabular_net,0.4538500010967254,High,2026-10-01T07:22:18Z,test,1
0281-CNTZX,pytorch_tabular_net,0.0162899997085332,Low,2026-10-01T07:22:18Z,test,0
0282-NVSJS,pytorch_tabular_net,0.4343900084495544,High,2026-10-01T07:22:18Z,train,1
0285-INHLN,pytorch_tabular_net,0.1196700036525726,Low,2026-10-01T07:22:18Z,train,0
0289-IVARM,pytorch_tabular_net,0.096170000731945,Low,2026-10-01T07:22:18Z,test,0
0292-WEGCH,pytorch_tabular_net,0.093419998884201,Low,2026-10-01T07:22:18Z,train,0
0295-PPHDO,pytorch_tabular_net,0.8999900221824646,Critical,2026-10-01T07:22:18Z,valid,1
0295-QVKPB,pytorch_tabular_net,0.2806099951267242,Medium,2026-10-01T07:22:18Z,train,0
0297-RBCSG,pytorch_tabular_net,0.1033200025558471,Low,2026-10-01T07:22:18Z,train,0
0298-XACET,pytorch_tabular_net,0.0152899995446205,Low,2026-10-01T07:22:18Z,test,0
0301-FIDRB,pytorch_tabular_net,0.0124800000339746,Low,2026-10-01T07:22:18Z,valid,0
0301-KOBTQ,pytorch_tabular_net,0.0208999998867511,Low,2026-10-01T07:22:18Z,train,0
0302-JOIVN,pytorch_tabular_net,0.6950500011444092,Critical,2026-10-01T07:22:18Z,train,1
0303-UNCIP,pytorch_tabular_net,0.0786899998784065,Low,2026-10-01T07:22:18Z,valid,0
0303-WMMRN,pytorch_tabular_net,0.1746699959039688,Low,2026-10-01T07:22:18Z,train,0
0305-SQECB,pytorch_tabular_net,0.0529300011694431,Low,2026-10-01T07:22:18Z,valid,0
0306-JAELE,pytorch_tabular_net,0.6700599789619446,Critical,2026-10-01T07:22:18Z,test,1
0307-BCOPK,pytorch_tabular_net,0.0186000000685453,Low,2026-10-01T07:22:18Z,test,0
0308-GIQJT,pytorch_tabular_net,0.1984799951314926,Low,2026-10-01T07:22:18Z,train,0
0308-IVGOK,pytorch_tabular_net,0.1348399966955185,Low,2026-10-01T07:22:18Z,train,0
0310-MVLET,pytorch_tabular_net,0.4725100100040436,High,2026-10-01T07:22:18Z,train,1
0310-SUCIN,pytorch_tabular_net,0.0565100014209747,Low,2026-10-01T07:22:18Z,test,0
0310-VQXAM,pytorch_tabular_net,0.0892100036144256,Low,2026-10-01T07:22:18Z,valid,0
0311-QYWSS,pytorch_tabular_net,0.3910500109195709,Medium,2026-10-01T07:22:18Z,train,1
0311-UNPFF,pytorch_tabular_net,0.4899100065231323,High,2026-10-01T07:22:18Z,train,1
0314-TKOSI,pytorch_tabular_net,0.1726900041103363,Low,2026-10-01T07:22:18Z,train,0
0315-LVCRK,pytorch_tabular_net,0.5150200128555298,High,2026-10-01T07:22:18Z,train,1
0318-QUUOB,pytorch_tabular_net,0.850570023059845,Critical,2026-10-01T07:22:18Z,train,1
0318-ZOPWS,pytorch_tabular_net,0.0122899999842047,Low,2026-10-01T07:22:18Z,train,0
0319-QZTCO,pytorch_tabular_net,0.3171800076961517,Medium,2026-10-01T07:22:18Z,train,0
0320-DWVTU,pytorch_tabular_net,0.0138900000602006,Low,2026-10-01T07:22:18Z,train,0
0320-JDNQG,pytorch_tabular_net,0.3475500047206878,Medium,2026-10-01T07:22:18Z,train,1
0322-CHQRU,pytorch_tabular_net,0.4469200074672699,High,2026-10-01T07:22:18Z,train,1
0322-YINQP,pytorch_tabular_net,0.5339999794960022,High,2026-10-01T07:22:18Z,test,1
0323-XWWTN,pytorch_tabular_net,0.0558499991893768,Low,2026-10-01T07:22:18Z,test,0
0324-BRPCJ,pytorch_tabular_net,0.4070799946784973,High,2026-10-01T07:22:18Z,train,1
0325-XBFAC,pytorch_tabular_net,0.7630599737167358,Critical,2026-10-01T07:22:18Z,train,1
0326-VDYXE,pytorch_tabular_net,0.3398000001907348,Medium,2026-10-01T07:22:18Z,train,0
0327-WFZSY,pytorch_tabular_net,0.3400799930095672,Medium,2026-10-01T07:22:18Z,train,1
0328-GRPMV,pytorch_tabular_net,0.8151100277900696,Critical,2026-10-01T07:22:18Z,valid,1
0329-GTIAJ,pytorch_tabular_net,0.7453699707984924,Critical,2026-10-01T07:22:18Z,train,1
0330-BGYZE,pytorch_tabular_net,0.1854200065135955,Low,2026-10-01T07:22:18Z,train,0
0330-IVZHA,pytorch_tabular_net,0.4795399904251098,High,2026-10-01T07:22:18Z,train,1
0334-GDDSO,pytorch_tabular_net,0.8077300190925598,Critical,2026-10-01T07:22:18Z,train,1
0334-ZFJSR,pytorch_tabular_net,0.0754600018262863,Low,2026-10-01T07:22:18Z,train,0
0336-KXKFK,pytorch_tabular_net,0.025560000911355,Low,2026-10-01T07:22:18Z,train,0
0336-PIKEI,pytorch_tabular_net,0.0447500012814998,Low,2026-10-01T07:22:18Z,test,0
0337-CNPZE,pytorch_tabular_net,0.6405500173568726,Critical,2026-10-01T07:22:18Z,train,1
0343-QLUZP,pytorch_tabular_net,0.0111600002273917,Low,2026-10-01T07:22:18Z,test,0
0345-HKJVM,pytorch_tabular_net,0.7788800001144409,Critical,2026-10-01T07:22:18Z,train,1
0345-XMMUG,pytorch_tabular_net,0.0702899992465972,Low,2026-10-01T07:22:18Z,train,0
0347-UBKUZ,pytorch_tabular_net,0.0638099983334541,Low,2026-10-01T07:22:18Z,train,0
0348-SDKOL,pytorch_tabular_net,0.3453100025653839,Medium,2026-10-01T07:22:18Z,valid,1
0354-VXMJC,pytorch_tabular_net,0.0133899999782443,Low,2026-10-01T07:22:18Z,test,0
0354-WYROK,pytorch_tabular_net,0.3371700048446655,Medium,2026-10-01T07:22:18Z,test,0
0356-ERHVT,pytorch_tabular_net,0.2402800023555755,Medium,2026-10-01T07:22:18Z,train,0
0356-OBMAC,pytorch_tabular_net,0.0558600015938282,Low,2026-10-01T07:22:18Z,train,0
0357-NVCRI,pytorch_tabular_net,0.065760001540184,Low,2026-10-01T07:22:18Z,valid,0
0361-HJRDX,pytorch_tabular_net,0.0173899997025728,Low,2026-10-01T07:22:18Z,train,0
0362-RAOQO,pytorch_tabular_net,0.017400000244379,Low,2026-10-01T07:22:18Z,train,0
0362-ZBZWJ,pytorch_tabular_net,0.4866800010204315,High,2026-10-01T07:22:18Z,train,1
0363-QJVFX,pytorch_tabular_net,0.4245699942111969,High,2026-10-01T07:22:18Z,train,1
0363-SVHYR,pytorch_tabular_net,0.0244299992918968,Low,2026-10-01T07:22:18Z,train,0
0365-BZUWY,pytorch_tabular_net,0.7595099806785583,Critical,2026-10-01T07:22:18Z,train,1
0365-GXEZS,pytorch_tabular_net,0.2959800064563751,Medium,2026-10-01T07:22:18Z,train,0
0365-TRTPY,pytorch_tabular_net,0.1642400026321411,Low,2026-10-01T07:22:18Z,train,0
0366-NQSHS,pytorch_tabular_net,0.1747999936342239,Low,2026-10-01T07:22:18Z,train,0
0369-ZGOVK,pytorch_tabular_net,0.1082900017499923,Low,2026-10-01T07:22:18Z,train,0
0373-AIVNJ,pytorch_tabular_net,0.0710000023245811,Low,2026-10-01T07:22:18Z,train,0
0374-AACSZ,pytorch_tabular_net,0.4489499926567077,High,2026-10-01T07:22:18Z,train,1
0374-FIUCA,pytorch_tabular_net,0.0182199999690055,Low,2026-10-01T07:22:18Z,train,0
0374-IOEGQ,pytorch_tabular_net,0.3996599912643432,Medium,2026-10-01T07:22:18Z,train,1
0375-HVGXO,pytorch_tabular_net,0.8130999803543091,Critical,2026-10-01T07:22:18Z,train,1
0376-OIWME,pytorch_tabular_net,0.420960009098053,High,2026-10-01T07:22:18Z,train,1
0376-YMCJC,pytorch_tabular_net,0.5825499892234802,High,2026-10-01T07:22:18Z,train,1
0377-JBKKT,pytorch_tabular_net,0.0882700011134147,Low,2026-10-01T07:22:18Z,train,0
0378-CJKPV,pytorch_tabular_net,0.0437400005757808,Low,2026-10-01T07:22:18Z,train,0
0378-NHQXU,pytorch_tabular_net,0.5230000019073486,High,2026-10-01T07:22:18Z,train,1
0378-TOVMS,pytorch_tabular_net,0.6200900077819824,Critical,2026-10-01T07:22:18Z,train,1
0378-XSZPU,pytorch_tabular_net,0.0489399991929531,Low,2026-10-01T07:22:18Z,valid,0
0379-DJQHR,pytorch_tabular_net,0.0216499995440244,Low,2026-10-01T07:22:18Z,train,0
0380-NEAVX,pytorch_tabular_net,0.3881900012493133,Medium,2026-10-01T07:22:18Z,train,1
0380-ZCSBI,pytorch_tabular_net,0.1194100007414817,Low,2026-10-01T07:22:18Z,train,0
0383-CLDDA,pytorch_tabular_net,0.0311500001698732,Low,2026-10-01T07:22:18Z,train,0
0384-LPITE,pytorch_tabular_net,0.1043300032615661,Low,2026-10-01T07:22:18Z,train,0
0384-RVBPI,pytorch_tabular_net,0.1461600065231323,Low,2026-10-01T07:22:18Z,train,0
0386-CWRGM,pytorch_tabular_net,0.0068700001575052,Low,2026-10-01T07:22:18Z,test,0
0388-EOPEX,pytorch_tabular_net,0.6180099844932556,Critical,2026-10-01T07:22:18Z,test,1
0390-DCFDQ,pytorch_tabular_net,0.8331900238990784,Critical,2026-10-01T07:22:18Z,train,1
0392-BZIUW,pytorch_tabular_net,0.0576799996197223,Low,2026-10-01T07:22:18Z,test,0
0394-YONDK,pytorch_tabular_net,0.0156199997290968,Low,2026-10-01T07:22:18Z,train,0
0396-HUJBP,pytorch_tabular_net,0.1943800002336502,Low,2026-10-01T07:22:18Z,train,0
0396-UKGAI,pytorch_tabular_net,0.1008599996566772,Low,2026-10-01T07:22:18Z,valid,0
0396-YCHWO,pytorch_tabular_net,0.66593998670578,Critical,2026-10-01T07:22:18Z,train,1
0397-GZBBC,pytorch_tabular_net,0.4187400043010711,High,2026-10-01T07:22:18Z,valid,1
0397-ZXWQF,pytorch_tabular_net,0.0199500005692243,Low,2026-10-01T07:22:18Z,train,0
0401-WDBXM,pytorch_tabular_net,0.0791800022125244,Low,2026-10-01T07:22:18Z,train,0
0402-CQAJN,pytorch_tabular_net,0.5062000155448914,High,2026-10-01T07:22:18Z,valid,1
0402-OAMEN,pytorch_tabular_net,0.0109000001102685,Low,2026-10-01T07:22:18Z,test,0
0404-AHASP,pytorch_tabular_net,0.0173700004816055,Low,2026-10-01T07:22:18Z,train,0
0404-SWRVG,pytorch_tabular_net,0.776170015335083,Critical,2026-10-01T07:22:18Z,test,1
0406-BPDVR,pytorch_tabular_net,0.2793799936771393,Medium,2026-10-01T07:22:18Z,train,0
0407-BDJKB,pytorch_tabular_net,0.500029981136322,High,2026-10-01T07:22:18Z,train,1
0409-WTMPL,pytorch_tabular_net,0.2446900010108947,Medium,2026-10-01T07:22:18Z,train,0
0410-IPFTY,pytorch_tabular_net,0.3187899887561798,Medium,2026-10-01T07:22:18Z,test,0
0411-EZJZE,pytorch_tabular_net,0.6863300204277039,Critical,2026-10-01T07:22:18Z,test,1
0412-UCCNP,pytorch_tabular_net,0.0301099997013807,Low,2026-10-01T07:22:18Z,test,0
0415-MOSGF,pytorch_tabular_net,0.4785799980163574,High,2026-10-01T07:22:18Z,train,1
0419-YAAPX,pytorch_tabular_net,0.333730012178421,Medium,2026-10-01T07:22:18Z,train,0
0420-BWTPW,pytorch_tabular_net,0.2727999985218048,Medium,2026-10-01T07:22:18Z,train,0
0420-HLGXF,pytorch_tabular_net,0.7193499803543091,Critical,2026-10-01T07:22:18Z,train,1
0420-TXVSG,pytorch_tabular_net,0.0293400008231401,Low,2026-10-01T07:22:18Z,train,0
0422-OHQHQ,pytorch_tabular_net,0.0152899995446205,Low,2026-10-01T07:22:18Z,test,0
0422-UXFAP,pytorch_tabular_net,0.3662700057029724,Medium,2026-10-01T07:22:18Z,train,1
0423-UDIJQ,pytorch_tabular_net,0.2732099890708923,Medium,2026-10-01T07:22:18Z,train,0
0426-TIRNE,pytorch_tabular_net,0.2489099949598312,Medium,2026-10-01T07:22:18Z,train,0
0428-AXXLJ,pytorch_tabular_net,0.0329499989748001,Low,2026-10-01T07:22:18Z,train,0
0428-IKYCP,pytorch_tabular_net,0.4091799855232239,High,2026-10-01T07:22:18Z,train,1
0430-IHCDJ,pytorch_tabular_net,0.4370200037956238,High,2026-10-01T07:22:18Z,train,1
0431-APWVY,pytorch_tabular_net,0.2927800118923187,Medium,2026-10-01T07:22:18Z,train,0
0432-CAJZV,pytorch_tabular_net,0.6110699772834778,Critical,2026-10-01T07:22:18Z,train,1
0434-CSFON,pytorch_tabular_net,0.6058300137519836,Critical,2026-10-01T07:22:18Z,valid,1
0436-TWFFZ,pytorch_tabular_net,0.0227799993008375,Low,2026-10-01T07:22:18Z,valid,0
0439-IFYUN,pytorch_tabular_net,0.5716500282287598,High,2026-10-01T07:22:18Z,train,1
0440-EKDCF,pytorch_tabular_net,0.0271300002932548,Low,2026-10-01T07:22:18Z,train,0
0440-MOGPM,pytorch_tabular_net,0.193120002746582,Low,2026-10-01T07:22:18Z,train,0
0440-QEXBZ,pytorch_tabular_net,0.1297399997711181,Low,2026-10-01T07:22:18Z,train,0
0440-UEDAI,pytorch_tabular_net,0.1360300034284591,Low,2026-10-01T07:22:18Z,train,0
0442-TDYUO,pytorch_tabular_net,0.0104599995538592,Low,2026-10-01T07:22:18Z,train,0
0442-ZXKVS,pytorch_tabular_net,0.264849990606308,Medium,2026-10-01T07:22:18Z,train,0
0447-BEMNG,pytorch_tabular_net,0.1562400013208389,Low,2026-10-01T07:22:18Z,train,0
0447-RXSGD,pytorch_tabular_net,0.5827100276947021,High,2026-10-01T07:22:18Z,train,1
0454-OKRCT,pytorch_tabular_net,0.0368399992585182,Low,2026-10-01T07:22:18Z,test,0
0455-ENTCR,pytorch_tabular_net,0.0512700006365776,Low,2026-10-01T07:22:18Z,test,0
0455-XFASS,pytorch_tabular_net,0.7112600207328796,Critical,2026-10-01T07:22:18Z,test,1
0458-HEUZG,pytorch_tabular_net,0.0164700001478195,Low,2026-10-01T07:22:18Z,valid,0
0459-SPZHJ,pytorch_tabular_net,0.0252100005745887,Low,2026-10-01T07:22:18Z,train,0
0461-CVKMU,pytorch_tabular_net,0.2253399938344955,Medium,2026-10-01T07:22:18Z,valid,0
0463-TXOAK,pytorch_tabular_net,0.0207499992102384,Low,2026-10-01T07:22:18Z,valid,0
0463-WZZKO,pytorch_tabular_net,0.2160400003194809,Medium,2026-10-01T07:22:18Z,train,0
0463-ZSDNT,pytorch_tabular_net,0.2693099975585937,Medium,2026-10-01T07:22:18Z,train,0
0464-WJTKO,pytorch_tabular_net,0.0115700000897049,Low,2026-10-01T07:22:18Z,train,0
0468-YRPXN,pytorch_tabular_net,0.3956699967384338,Medium,2026-10-01T07:22:18Z,test,1
0471-ARVMX,pytorch_tabular_net,0.2642799913883209,Medium,2026-10-01T07:22:18Z,valid,0
0471-LVHGK,pytorch_tabular_net,0.3005500137805938,Medium,2026-10-01T07:22:18Z,train,0
0475-RIJEP,pytorch_tabular_net,0.3884899914264679,Medium,2026-10-01T07:22:18Z,valid,1
0479-HMSWA,pytorch_tabular_net,0.0833700001239776,Low,2026-10-01T07:22:18Z,train,0
0480-BIXDE,pytorch_tabular_net,0.5946099758148193,High,2026-10-01T07:22:18Z,test,1
0480-KYJVA,pytorch_tabular_net,0.0110299997031688,Low,2026-10-01T07:22:18Z,train,0
0481-SUMCB,pytorch_tabular_net,0.2915999889373779,Medium,2026-10-01T07:22:18Z,train,0
0484-FFVBJ,pytorch_tabular_net,0.139610007405281,Low,2026-10-01T07:22:18Z,train,0
0484-JPBRU,pytorch_tabular_net,0.0744900032877922,Low,2026-10-01T07:22:18Z,train,0
0485-ZBSLN,pytorch_tabular_net,0.0154699999839067,Low,2026-10-01T07:22:18Z,valid,0
0486-HECZI,pytorch_tabular_net,0.4168699979782104,High,2026-10-01T07:22:18Z,train,1
0486-LGCCH,pytorch_tabular_net,0.0126299997791647,Low,2026-10-01T07:22:18Z,test,0
0487-CRLZF,pytorch_tabular_net,0.0237700007855892,Low,2026-10-01T07:22:18Z,test,0
0487-RPVUM,pytorch_tabular_net,0.1857299953699112,Low,2026-10-01T07:22:18Z,train,0
0487-VVUVK,pytorch_tabular_net,0.068240001797676,Low,2026-10-01T07:22:18Z,train,0
0488-GSLFR,pytorch_tabular_net,0.8142399787902832,Critical,2026-10-01T07:22:18Z,valid,1
0489-WMEMG,pytorch_tabular_net,0.1197400018572807,Low,2026-10-01T07:22:18Z,train,0
0491-KAPQG,pytorch_tabular_net,0.5228700041770935,High,2026-10-01T07:22:18Z,train,1
0495-RVCBF,pytorch_tabular_net,0.8303599953651428,Critical,2026-10-01T07:22:18Z,train,1
0495-ZBNGW,pytorch_tabular_net,0.6715499758720398,Critical,2026-10-01T07:22:18Z,test,1
0496-AHOOK,pytorch_tabular_net,0.1015300005674362,Low,2026-10-01T07:22:18Z,train,0
0504-HHAPI,pytorch_tabular_net,0.5336300134658813,High,2026-10-01T07:22:18Z,train,1
0505-SPOOW,pytorch_tabular_net,0.0114000001922249,Low,2026-10-01T07:22:18Z,train,0
0506-LVNGN,pytorch_tabular_net,0.6995199918746948,Critical,2026-10-01T07:22:18Z,train,1
0506-YLVKJ,pytorch_tabular_net,0.0138600002974271,Low,2026-10-01T07:22:18Z,test,0
0508-OOLTO,pytorch_tabular_net,0.7337300181388855,Critical,2026-10-01T07:22:18Z,train,1
0508-SQWPL,pytorch_tabular_net,0.0133899999782443,Low,2026-10-01T07:22:18Z,train,0
0511-JTEOY,pytorch_tabular_net,0.686680018901825,Critical,2026-10-01T07:22:18Z,train,1
0512-FLFDW,pytorch_tabular_net,0.2377000004053115,Medium,2026-10-01T07:22:18Z,train,0
0513-RBGPE,pytorch_tabular_net,0.0309800002723932,Low,2026-10-01T07:22:18Z,test,0
0515-YPMCW,pytorch_tabular_net,0.7918699979782104,Critical,2026-10-01T07:22:18Z,valid,1
0516-OOHAR,pytorch_tabular_net,0.1560200005769729,Low,2026-10-01T07:22:18Z,train,0
0516-QREYC,pytorch_tabular_net,0.1444299966096878,Low,2026-10-01T07:22:18Z,test,0
0516-UXRMT,pytorch_tabular_net,0.1040799990296363,Low,2026-10-01T07:22:18Z,train,0
0516-VRYBW,pytorch_tabular_net,0.0243400000035762,Low,2026-10-01T07:22:18Z,train,0
0516-WJVXC,pytorch_tabular_net,0.2797400057315826,Medium,2026-10-01T07:22:18Z,train,0
0519-DRGTI,pytorch_tabular_net,0.0487800016999244,Low,2026-10-01T07:22:18Z,valid,0
0519-XUZJU,pytorch_tabular_net,0.6858599781990051,Critical,2026-10-01T07:22:18Z,train,1
0520-FDVVT,pytorch_tabular_net,0.261489987373352,Medium,2026-10-01T07:22:18Z,train,0
0523-VNGTF,pytorch_tabular_net,0.3501299917697906,Medium,2026-10-01T07:22:18Z,valid,1
0524-IAVZO,pytorch_tabular_net,0.5753499865531921,High,2026-10-01T07:22:18Z,test,1
0526-SXDJP,pytorch_tabular_net,0.0128499995917081,Low,2026-10-01T07:22:18Z,train,0
0529-ONKER,pytorch_tabular_net,0.527970016002655,High,2026-10-01T07:22:18Z,train,1
0530-IJVDB,pytorch_tabular_net,0.1037800014019012,Low,2026-10-01T07:22:18Z,test,0
0531-XBKMM,pytorch_tabular_net,0.0333699993789196,Low,2026-10-01T07:22:18Z,train,0
0531-ZZJWQ,pytorch_tabular_net,0.5062100291252136,High,2026-10-01T07:22:18Z,test,1
0533-BNWKF,pytorch_tabular_net,0.4778699874877929,High,2026-10-01T07:22:18Z,valid,1
0533-UCAAU,pytorch_tabular_net,0.1454800069332122,Low,2026-10-01T07:22:18Z,valid,0
0536-ACXIP,pytorch_tabular_net,0.0635000020265579,Low,2026-10-01T07:22:18Z,train,0
0536-BGFMZ,pytorch_tabular_net,0.0413100011646747,Low,2026-10-01T07:22:18Z,train,0
0536-ESJEP,pytorch_tabular_net,0.0396299995481967,Low,2026-10-01T07:22:18Z,train,0
0537-QYZZN,pytorch_tabular_net,0.5438500046730042,High,2026-10-01T07:22:18Z,train,1
0541-FITGH,pytorch_tabular_net,0.326200008392334,Medium,2026-10-01T07:22:18Z,train,0
0547-HURJB,pytorch_tabular_net,0.0833399966359138,Low,2026-10-01T07:22:18Z,valid,0
0549-CYCQN,pytorch_tabular_net,0.090389996767044,Low,2026-10-01T07:22:18Z,train,0
0550-DCXLH,pytorch_tabular_net,0.1262000054121017,Low,2026-10-01T07:22:18Z,train,0
0556-FJEGU,pytorch_tabular_net,0.0304700005799531,Low,2026-10-01T07:22:18Z,train,0
0557-ASKVU,pytorch_tabular_net,0.0783099979162216,Low,2026-10-01T07:22:18Z,train,0
0559-CKHUS,pytorch_tabular_net,0.0088200001046061,Low,2026-10-01T07:22:18Z,train,0
0562-FGDCR,pytorch_tabular_net,0.0207700002938509,Low,2026-10-01T07:22:18Z,train,0
0562-HKHML,pytorch_tabular_net,0.0155600002035498,Low,2026-10-01T07:22:18Z,train,0
0562-KBDVM,pytorch_tabular_net,0.0079699996858835,Low,2026-10-01T07:22:18Z,train,0
0564-JJHGS,pytorch_tabular_net,0.7997400164604187,Critical,2026-10-01T07:22:18Z,valid,1
0564-MUUQK,pytorch_tabular_net,0.4324800074100494,High,2026-10-01T07:22:18Z,valid,1
0565-IYCGT,pytorch_tabular_net,0.0965299978852272,Low,2026-10-01T07:22:18Z,test,0
0565-JUPYD,pytorch_tabular_net,0.1706500053405761,Low,2026-10-01T07:22:18Z,valid,0
0567-GGCAC,pytorch_tabular_net,0.2026199996471405,Medium,2026-10-01T07:22:18Z,test,0
0567-XRHCU,pytorch_tabular_net,0.0099200000986456,Low,2026-10-01T07:22:18Z,valid,0
0568-ONFPC,pytorch_tabular_net,0.1839700043201446,Low,2026-10-01T07:22:18Z,train,0
0570-BFQHT,pytorch_tabular_net,0.4236199855804443,High,2026-10-01T07:22:18Z,valid,1
0572-ZJKLT,pytorch_tabular_net,0.0249000005424022,Low,2026-10-01T07:22:18Z,train,0
0575-CUQOV,pytorch_tabular_net,0.3135899901390075,Medium,2026-10-01T07:22:18Z,valid,0
0576-WNXXC,pytorch_tabular_net,0.6240900158882141,Critical,2026-10-01T07:22:18Z,train,1
0577-WHMEV,pytorch_tabular_net,0.3590900003910064,Medium,2026-10-01T07:22:18Z,test,1
0578-SKVMF,pytorch_tabular_net,0.3844799995422363,Medium,2026-10-01T07:22:18Z,train,1
0580-PIQHM,pytorch_tabular_net,0.1122199967503547,Low,2026-10-01T07:22:18Z,train,0
0581-BXBUB,pytorch_tabular_net,0.6234599947929382,Critical,2026-10-01T07:22:18Z,train,1
0581-MDMPW,pytorch_tabular_net,0.5584700107574463,High,2026-10-01T07:22:18Z,train,1
0582-AVCLN,pytorch_tabular_net,0.0077399997971951,Low,2026-10-01T07:22:18Z,train,0
0584-BJQGZ,pytorch_tabular_net,0.1912900060415268,Low,2026-10-01T07:22:18Z,valid,0
0585-EGDDA,pytorch_tabular_net,0.4017499983310699,High,2026-10-01T07:22:18Z,train,1
0587-DMGBH,pytorch_tabular_net,0.3272800147533417,Medium,2026-10-01T07:22:18Z,train,0
0594-UFTUL,pytorch_tabular_net,0.0932400003075599,Low,2026-10-01T07:22:18Z,train,0
0595-ITUDF,pytorch_tabular_net,0.3212800025939941,Medium,2026-10-01T07:22:18Z,train,0
0596-BQCEQ,pytorch_tabular_net,0.3692300021648407,Medium,2026-10-01T07:22:18Z,train,1
0599-XNYDO,pytorch_tabular_net,0.4138700067996979,High,2026-10-01T07:22:18Z,train,1
0601-WZHJF,pytorch_tabular_net,0.5428699851036072,High,2026-10-01T07:22:18Z,train,1
0602-DDUML,pytorch_tabular_net,0.0173700004816055,Low,2026-10-01T07:22:18Z,train,0
0603-OLQDC,pytorch_tabular_net,0.2414599955081939,Medium,2026-10-01T07:22:18Z,train,0
0603-TPMIB,pytorch_tabular_net,0.0073699997738003,Low,2026-10-01T07:22:18Z,train,0
0604-THJFP,pytorch_tabular_net,0.0267900004982948,Low,2026-10-01T07:22:18Z,train,0
0607-DAAHE,pytorch_tabular_net,0.0201600007712841,Low,2026-10-01T07:22:18Z,train,0
0607-MVMGC,pytorch_tabular_net,0.0688600018620491,Low,2026-10-01T07:22:18Z,train,0
0608-JDVEC,pytorch_tabular_net,0.0118800001218914,Low,2026-10-01T07:22:18Z,train,0
0611-DFXKO,pytorch_tabular_net,0.6196900010108948,Critical,2026-10-01T07:22:18Z,train,1
0612-RTZZA,pytorch_tabular_net,0.7650499939918518,Critical,2026-10-01T07:22:18Z,train,1
0613-WUXUM,pytorch_tabular_net,0.009180000051856,Low,2026-10-01T07:22:18Z,test,0
0616-ATFGB,pytorch_tabular_net,0.7735199928283691,Critical,2026-10-01T07:22:18Z,test,1
0617-AQNWT,pytorch_tabular_net,0.0095399999991059,Low,2026-10-01T07:22:18Z,train,0
0617-FHSGK,pytorch_tabular_net,0.2557100057601928,Medium,2026-10-01T07:22:18Z,train,0
0618-XWMSS,pytorch_tabular_net,0.2458299994468689,Medium,2026-10-01T07:22:18Z,test,0
0619-OLYUR,pytorch_tabular_net,0.0695699974894523,Low,2026-10-01T07:22:18Z,test,0
0620-DLSLK,pytorch_tabular_net,0.583869993686676,High,2026-10-01T07:22:18Z,train,1
0620-XEFWH,pytorch_tabular_net,0.1075899973511695,Low,2026-10-01T07:22:18Z,train,0
0621-CXBKL,pytorch_tabular_net,0.0069599999114871,Low,2026-10-01T07:22:18Z,train,0
0621-HJWXJ,pytorch_tabular_net,0.1633200049400329,Low,2026-10-01T07:22:18Z,valid,0
0621-JFHOL,pytorch_tabular_net,0.035360001027584,Low,2026-10-01T07:22:18Z,valid,0
0621-TSSMU,pytorch_tabular_net,0.0229100007563829,Low,2026-10-01T07:22:18Z,train,0
0621-TWIEM,pytorch_tabular_net,0.4663800001144409,High,2026-10-01T07:22:18Z,train,1
0623-EJQEG,pytorch_tabular_net,0.1415600031614303,Low,2026-10-01T07:22:18Z,train,0
0623-GDISB,pytorch_tabular_net,0.5115600228309631,High,2026-10-01T07:22:18Z,train,1
0623-IIHUG,pytorch_tabular_net,0.5455999970436096,High,2026-10-01T07:22:18Z,valid,1
0625-AFOHS,pytorch_tabular_net,0.0074700000695884,Low,2026-10-01T07:22:18Z,train,0
0626-QXNGV,pytorch_tabular_net,0.0147399995476007,Low,2026-10-01T07:22:18Z,train,0
0628-CNQRM,pytorch_tabular_net,0.0571799986064434,Low,2026-10-01T07:22:18Z,train,0
0634-SZPQA,pytorch_tabular_net,0.563319981098175,High,2026-10-01T07:22:18Z,train,1
0635-WKOLD,pytorch_tabular_net,0.0743599981069564,Low,2026-10-01T07:22:18Z,train,0
0637-KVDLV,pytorch_tabular_net,0.8073700070381165,Critical,2026-10-01T07:22:18Z,test,1
0637-UBJRP,pytorch_tabular_net,0.4025200009346008,High,2026-10-01T07:22:18Z,test,1
0637-YLETY,pytorch_tabular_net,0.6600300073623657,Critical,2026-10-01T07:22:18Z,train,1
0639-TSIQW,pytorch_tabular_net,0.3052200078964233,Medium,2026-10-01T07:22:18Z,train,0
0640-YJTPY,pytorch_tabular_net,0.016610000282526,Low,2026-10-01T07:22:18Z,valid,0
0641-EVBOJ,pytorch_tabular_net,0.4962500035762787,High,2026-10-01T07:22:18Z,train,1
0643-OKLRP,pytorch_tabular_net,0.3236899971961975,Medium,2026-10-01T07:22:18Z,test,0
0644-OQMDK,pytorch_tabular_net,0.7064300179481506,Critical,2026-10-01T07:22:18Z,train,1
0650-BWOZN,pytorch_tabular_net,0.5698999762535095,High,2026-10-01T07:22:18Z,train,1
0654-HMSHN,pytorch_tabular_net,0.6032699942588806,Critical,2026-10-01T07:22:18Z,valid,1
0654-PQKDW,pytorch_tabular_net,0.031429998576641,Low,2026-10-01T07:22:18Z,valid,0
0655-RBDUG,pytorch_tabular_net,0.7938200235366821,Critical,2026-10-01T07:22:18Z,train,1
0655-YDGFJ,pytorch_tabular_net,0.1054800003767013,Low,2026-10-01T07:22:18Z,train,0
0657-DOGUM,pytorch_tabular_net,0.0380400009453296,Low,2026-10-01T07:22:18Z,test,0
0661-KBKPA,pytorch_tabular_net,0.1444499939680099,Low,2026-10-01T07:22:18Z,train,0
0661-KQHNK,pytorch_tabular_net,0.0269399993121624,Low,2026-10-01T07:22:18Z,train,0
0661-WCQNQ,pytorch_tabular_net,0.0921100005507469,Low,2026-10-01T07:22:18Z,train,0
0661-XEYAN,pytorch_tabular_net,0.8497599959373474,Critical,2026-10-01T07:22:18Z,train,1
0665-XHDJU,pytorch_tabular_net,0.1884700059890747,Low,2026-10-01T07:22:18Z,train,0
0666-UXTJO,pytorch_tabular_net,0.3742800056934356,Medium,2026-10-01T07:22:18Z,train,1
0667-NSRGI,pytorch_tabular_net,0.0605599991977214,Low,2026-10-01T07:22:18Z,train,0
0668-OGMHD,pytorch_tabular_net,0.158720001578331,Low,2026-10-01T07:22:18Z,test,0
0670-ANMUU,pytorch_tabular_net,0.197050005197525,Low,2026-10-01T07:22:18Z,train,0
0670-KDOMA,pytorch_tabular_net,0.3460200130939483,Medium,2026-10-01T07:22:18Z,train,1
0673-IGUQO,pytorch_tabular_net,0.2294699996709823,Medium,2026-10-01T07:22:18Z,train,0
0674-DGMAQ,pytorch_tabular_net,0.6072400212287903,Critical,2026-10-01T07:22:18Z,train,1
0674-EYYZV,pytorch_tabular_net,0.7269899845123291,Critical,2026-10-01T07:22:18Z,train,1
0674-GCDXG,pytorch_tabular_net,0.0226900000125169,Low,2026-10-01T07:22:18Z,train,0
0675-NCDYU,pytorch_tabular_net,0.0426900014281272,Low,2026-10-01T07:22:18Z,train,0
0678-RLHVP,pytorch_tabular_net,0.0863400027155876,Low,2026-10-01T07:22:18Z,test,0
0679-IDSTG,pytorch_tabular_net,0.8149499893188477,Critical,2026-10-01T07:22:18Z,train,1
0679-TDGAK,pytorch_tabular_net,0.0926999971270561,Low,2026-10-01T07:22:18Z,train,0
0680-DFNNY,pytorch_tabular_net,0.7887899875640869,Critical,2026-10-01T07:22:18Z,test,1
0682-USIXD,pytorch_tabular_net,0.4901700019836426,High,2026-10-01T07:22:18Z,test,1
0684-AOSIH,pytorch_tabular_net,0.7898799777030945,Critical,2026-10-01T07:22:18Z,train,1
0685-MLYYM,pytorch_tabular_net,0.719789981842041,Critical,2026-10-01T07:22:18Z,train,1
0687-ZVTHB,pytorch_tabular_net,0.0563700012862682,Low,2026-10-01T07:22:18Z,valid,0
0689-DSXGL,pytorch_tabular_net,0.0873700007796287,Low,2026-10-01T07:22:18Z,train,0
0689-NKYLF,pytorch_tabular_net,0.6667400002479553,Critical,2026-10-01T07:22:18Z,train,1
0690-SRQID,pytorch_tabular_net,0.1984400004148483,Low,2026-10-01T07:22:18Z,train,0
0691-IFBQW,pytorch_tabular_net,0.3655399978160858,Medium,2026-10-01T07:22:18Z,test,1
0691-JVSYA,pytorch_tabular_net,0.1443900018930435,Low,2026-10-01T07:22:18Z,test,0
0691-NIKRI,pytorch_tabular_net,0.3403199911117553,Medium,2026-10-01T07:22:18Z,train,1
0696-UKTOX,pytorch_tabular_net,0.0996899977326393,Low,2026-10-01T07:22:18Z,test,0
0697-ZMSWS,pytorch_tabular_net,0.7841399908065796,Critical,2026-10-01T07:22:18Z,train,1
0699-NDKJM,pytorch_tabular_net,0.2313999980688095,Medium,2026-10-01T07:22:18Z,train,0
0701-RFGFI,pytorch_tabular_net,0.4626399874687195,High,2026-10-01T07:22:18Z,train,1
0701-TJSEF,pytorch_tabular_net,0.1746000051498413,Low,2026-10-01T07:22:18Z,train,0
0702-PGIBZ,pytorch_tabular_net,0.7526699900627136,Critical,2026-10-01T07:22:18Z,train,1
0704-VCUMB,pytorch_tabular_net,0.0117699997499585,Low,2026-10-01T07:22:18Z,test,0
0707-HOVVN,pytorch_tabular_net,0.0358799993991851,Low,2026-10-01T07:22:18Z,train,0
0708-LGSMF,pytorch_tabular_net,0.3063899874687195,Medium,2026-10-01T07:22:18Z,valid,0
0708-SJDIS,pytorch_tabular_net,0.1142399981617927,Low,2026-10-01T07:22:18Z,train,0
0709-TVGUR,pytorch_tabular_net,0.7180200219154358,Critical,2026-10-01T07:22:18Z,train,1
0716-BQNDX,pytorch_tabular_net,0.0678099989891052,Low,2026-10-01T07:22:18Z,train,0
0719-SYFRB,pytorch_tabular_net,0.2015600055456161,Medium,2026-10-01T07:22:18Z,valid,0
0722-SVSFK,pytorch_tabular_net,0.7171099781990051,Critical,2026-10-01T07:22:18Z,train,1
0722-TROQR,pytorch_tabular_net,0.8159199953079224,Critical,2026-10-01T07:22:18Z,test,1
0723-DRCLG,pytorch_tabular_net,0.8720099925994873,Critical,2026-10-01T07:22:18Z,train,1
0723-FDLAY,pytorch_tabular_net,0.1209499984979629,Low,2026-10-01T07:22:18Z,train,0
0723-VSOBE,pytorch_tabular_net,0.1196599975228309,Low,2026-10-01T07:22:18Z,train,0
0725-CXOTM,pytorch_tabular_net,0.1482699960470199,Low,2026-10-01T07:22:18Z,train,0
0727-BMPLR,pytorch_tabular_net,0.374210000038147,Medium,2026-10-01T07:22:18Z,train,1
0727-BNRLG,pytorch_tabular_net,0.0602700002491474,Low,2026-10-01T07:22:18Z,train,0
0727-IWKVK,pytorch_tabular_net,0.6815099716186523,Critical,2026-10-01T07:22:18Z,test,1
0730-BGQGF,pytorch_tabular_net,0.0248600002378225,Low,2026-10-01T07:22:18Z,train,0
0730-KOAVE,pytorch_tabular_net,0.4512999951839447,High,2026-10-01T07:22:18Z,train,1
0731-EBJQB,pytorch_tabular_net,0.0182099994271993,Low,2026-10-01T07:22:18Z,test,0
0732-OCQOC,pytorch_tabular_net,0.0138400001451373,Low,2026-10-01T07:22:18Z,train,0
0733-VUNUW,pytorch_tabular_net,0.185029998421669,Low,2026-10-01T07:22:18Z,test,0
0734-OXWBT,pytorch_tabular_net,0.2603600025177002,Medium,2026-10-01T07:22:18Z,train,0
0739-UUAJR,pytorch_tabular_net,0.014560000039637,Low,2026-10-01T07:22:18Z,train,0
0742-LAFQK,pytorch_tabular_net,0.0407899990677833,Low,2026-10-01T07:22:18Z,train,0
0742-MOABM,pytorch_tabular_net,0.2105399966239929,Medium,2026-10-01T07:22:18Z,test,0
0742-NXBGR,pytorch_tabular_net,0.8416100144386292,Critical,2026-10-01T07:22:18Z,train,1
0743-HNPFG,pytorch_tabular_net,0.0677699968218803,Low,2026-10-01T07:22:18Z,test,0
0743-HRVFF,pytorch_tabular_net,0.0934600010514259,Low,2026-10-01T07:22:18Z,train,0
0744-BIKKF,pytorch_tabular_net,0.0399699993431568,Low,2026-10-01T07:22:18Z,test,0
0744-GKNGE,pytorch_tabular_net,0.1326500028371811,Low,2026-10-01T07:22:18Z,valid,0
0746-JTRFU,pytorch_tabular_net,0.7554399967193604,Critical,2026-10-01T07:22:18Z,test,1
0748-RDGGM,pytorch_tabular_net,0.1582099944353103,Low,2026-10-01T07:22:18Z,train,0
0749-IRGQE,pytorch_tabular_net,0.5078200101852417,High,2026-10-01T07:22:18Z,train,1
0750-EBAIU,pytorch_tabular_net,0.1203100010752677,Low,2026-10-01T07:22:18Z,valid,0
0750-EKNGL,pytorch_tabular_net,0.1013500019907951,Low,2026-10-01T07:22:18Z,valid,0
0754-EEBDC,pytorch_tabular_net,0.016839999705553,Low,2026-10-01T07:22:18Z,train,0
0754-UKWQP,pytorch_tabular_net,0.8422200083732605,Critical,2026-10-01T07:22:18Z,test,1
0756-MPZRL,pytorch_tabular_net,0.0409100018441677,Low,2026-10-01T07:22:18Z,valid,0
0757-WCUUZ,pytorch_tabular_net,0.0293099991977214,Low,2026-10-01T07:22:18Z,valid,0
0761-AETCS,pytorch_tabular_net,0.2945800125598907,Medium,2026-10-01T07:22:18Z,train,0
0769-MURVM,pytorch_tabular_net,0.0115999998524785,Low,2026-10-01T07:22:18Z,train,0
0771-CHWSK,pytorch_tabular_net,0.032490000128746,Low,2026-10-01T07:22:18Z,train,0
0771-WLCLA,pytorch_tabular_net,0.6306800246238708,Critical,2026-10-01T07:22:18Z,train,1
0772-GYEQQ,pytorch_tabular_net,0.7347699999809265,Critical,2026-10-01T07:22:18Z,train,1
0774-IFUVM,pytorch_tabular_net,0.2439599931240081,Medium,2026-10-01T07:22:18Z,test,0
0774-RMNUW,pytorch_tabular_net,0.0205899998545646,Low,2026-10-01T07:22:18Z,train,0
0778-NELLA,pytorch_tabular_net,0.5860300064086914,High,2026-10-01T07:22:18Z,train,1
0780-XNZFN,pytorch_tabular_net,0.0204099994152784,Low,2026-10-01T07:22:18Z,train,0
0781-LKXBR,pytorch_tabular_net,0.8467000126838684,Critical,2026-10-01T07:22:18Z,train,1
0784-GTUUK,pytorch_tabular_net,0.0333499982953071,Low,2026-10-01T07:22:18Z,train,0
0784-ZQJZX,pytorch_tabular_net,0.0218000002205371,Low,2026-10-01T07:22:18Z,test,0
0786-IVLAW,pytorch_tabular_net,0.1344700008630752,Low,2026-10-01T07:22:18Z,train,0
0786-VSSUD,pytorch_tabular_net,0.6868799924850464,Critical,2026-10-01T07:22:18Z,train,1
0787-LHDYT,pytorch_tabular_net,0.1220000013709068,Low,2026-10-01T07:22:18Z,train,0
0788-DXBFY,pytorch_tabular_net,0.0262299999594688,Low,2026-10-01T07:22:18Z,train,0
0793-TWELN,pytorch_tabular_net,0.7057700157165527,Critical,2026-10-01T07:22:18Z,train,1
0794-YVSGE,pytorch_tabular_net,0.0166200008243322,Low,2026-10-01T07:22:18Z,test,0
0795-GMVQO,pytorch_tabular_net,0.2150599956512451,Medium,2026-10-01T07:22:18Z,test,0
0795-LAFGP,pytorch_tabular_net,0.0274400003254413,Low,2026-10-01T07:22:18Z,train,0
0795-XCCTE,pytorch_tabular_net,0.0389899984002113,Low,2026-10-01T07:22:18Z,train,0
0799-DDIHE,pytorch_tabular_net,0.1769800037145614,Low,2026-10-01T07:22:18Z,test,0
0804-XBFBV,pytorch_tabular_net,0.2656799852848053,Medium,2026-10-01T07:22:18Z,train,0
0804-YGEQV,pytorch_tabular_net,0.0194899998605251,Low,2026-10-01T07:22:18Z,train,0
0807-ZABDG,pytorch_tabular_net,0.2998400032520294,Medium,2026-10-01T07:22:18Z,train,0
0810-BDHAW,pytorch_tabular_net,0.1106899976730346,Low,2026-10-01T07:22:18Z,test,0
0810-DHDBD,pytorch_tabular_net,0.0595000013709068,Low,2026-10-01T07:22:18Z,train,0
0811-GSDTP,pytorch_tabular_net,0.1661500036716461,Low,2026-10-01T07:22:18Z,train,0
0812-WUPTB,pytorch_tabular_net,0.7152500152587891,Critical,2026-10-01T07:22:18Z,train,1
0813-TAXXS,pytorch_tabular_net,0.062389999628067,Low,2026-10-01T07:22:18Z,train,0
0815-MFZGM,pytorch_tabular_net,0.04746999964118,Low,2026-10-01T07:22:18Z,test,0
0816-TSPHQ,pytorch_tabular_net,0.1737699955701828,Low,2026-10-01T07:22:18Z,valid,0
0817-HSUSE,pytorch_tabular_net,0.5259000062942505,High,2026-10-01T07:22:18Z,train,1
0818-OCPZO,pytorch_tabular_net,0.5880799889564514,High,2026-10-01T07:22:18Z,train,1
0820-FNRNX,pytorch_tabular_net,0.1887200027704239,Low,2026-10-01T07:22:18Z,train,0
0822-GAVAP,pytorch_tabular_net,0.6867899894714355,Critical,2026-10-01T07:22:18Z,test,1
0822-QGCXA,pytorch_tabular_net,0.2014899998903274,Medium,2026-10-01T07:22:18Z,train,0
0823-HSCDJ,pytorch_tabular_net,0.5275300145149231,High,2026-10-01T07:22:18Z,train,1
0824-VWDPO,pytorch_tabular_net,0.1089000031352043,Low,2026-10-01T07:22:18Z,train,0
0825-CPPQH,pytorch_tabular_net,0.0116800004616379,Low,2026-10-01T07:22:18Z,train,0
0827-ITJPH,pytorch_tabular_net,0.0254699997603893,Low,2026-10-01T07:22:18Z,train,0
0829-DDVLK,pytorch_tabular_net,0.0359899997711181,Low,2026-10-01T07:22:18Z,valid,0
0829-XXPLX,pytorch_tabular_net,0.4155299961566925,High,2026-10-01T07:22:18Z,test,1
0831-JNISG,pytorch_tabular_net,0.0118599999696016,Low,2026-10-01T07:22:18Z,train,0
0835-DUUIQ,pytorch_tabular_net,0.0215199999511241,Low,2026-10-01T07:22:18Z,train,0
0835-JKADZ,pytorch_tabular_net,0.0672900006175041,Low,2026-10-01T07:22:18Z,train,0
0836-SEYLU,pytorch_tabular_net,0.3483799993991852,Medium,2026-10-01T07:22:18Z,train,1
0839-JTCUD,pytorch_tabular_net,0.0173300001770257,Low,2026-10-01T07:22:18Z,train,0
0839-QNXME,pytorch_tabular_net,0.0187400002032518,Low,2026-10-01T07:22:18Z,train,0
0840-DCNZE,pytorch_tabular_net,0.0852599963545799,Low,2026-10-01T07:22:18Z,train,0
0840-DFEZH,pytorch_tabular_net,0.7324399948120117,Critical,2026-10-01T07:22:18Z,train,1
0841-NULXI,pytorch_tabular_net,0.8119199872016907,Critical,2026-10-01T07:22:18Z,train,1
0842-IWYCP,pytorch_tabular_net,0.0599200017750263,Low,2026-10-01T07:22:18Z,test,0
0843-WTBXE,pytorch_tabular_net,0.2133899927139282,Medium,2026-10-01T07:22:18Z,test,0
0847-HGRML,pytorch_tabular_net,0.0204900000244379,Low,2026-10-01T07:22:18Z,valid,0
0848-SOMKO,pytorch_tabular_net,0.0146300001069903,Low,2026-10-01T07:22:18Z,train,0
0848-ZGQIJ,pytorch_tabular_net,0.504360020160675,High,2026-10-01T07:22:18Z,train,1
0851-DFJKB,pytorch_tabular_net,0.1257400065660476,Low,2026-10-01T07:22:18Z,train,0
0853-NWIFK,pytorch_tabular_net,0.2146500051021576,Medium,2026-10-01T07:22:18Z,test,0
0853-TWRVK,pytorch_tabular_net,0.0289399996399879,Low,2026-10-01T07:22:18Z,train,0
0854-UYHZD,pytorch_tabular_net,0.0097099998965859,Low,2026-10-01T07:22:18Z,test,0
0856-NAOES,pytorch_tabular_net,0.2951799929141998,Medium,2026-10-01T07:22:18Z,train,0
0859-YGKFW,pytorch_tabular_net,0.0200299993157386,Low,2026-10-01T07:22:18Z,valid,0
0862-PRCBS,pytorch_tabular_net,0.0846299976110458,Low,2026-10-01T07:22:18Z,train,0
0864-FVJNJ,pytorch_tabular_net,0.1819799989461898,Low,2026-10-01T07:22:18Z,train,0
0866-QLSIR,pytorch_tabular_net,0.0446299985051155,Low,2026-10-01T07:22:18Z,valid,0
0867-LDTTC,pytorch_tabular_net,0.1720100045204162,Low,2026-10-01T07:22:18Z,train,0
0867-MKZVY,pytorch_tabular_net,0.3048399984836578,Medium,2026-10-01T07:22:18Z,test,0
0868-VJRDR,pytorch_tabular_net,0.0715899989008903,Low,2026-10-01T07:22:18Z,train,0
0869-PAPRP,pytorch_tabular_net,0.3909699916839599,Medium,2026-10-01T07:22:18Z,train,1
0870-VEMYL,pytorch_tabular_net,0.2838999927043915,Medium,2026-10-01T07:22:18Z,test,0
0871-OPBXW,pytorch_tabular_net,0.2607299983501434,Medium,2026-10-01T07:22:18Z,valid,0
0871-URUWO,pytorch_tabular_net,0.7168800234794617,Critical,2026-10-01T07:22:18Z,valid,1
0872-CASZJ,pytorch_tabular_net,0.050000000745058,Low,2026-10-01T07:22:18Z,valid,0
0872-JCPIB,pytorch_tabular_net,0.1755400002002716,Low,2026-10-01T07:22:18Z,train,0
0872-NXJYS,pytorch_tabular_net,0.6375899910926819,Critical,2026-10-01T07:22:18Z,train,1
0875-CABNR,pytorch_tabular_net,0.6904100179672241,Critical,2026-10-01T07:22:18Z,train,1
0876-WDUUZ,pytorch_tabular_net,0.6141700148582458,Critical,2026-10-01T07:22:18Z,valid,1
0877-SDMBN,pytorch_tabular_net,0.1847199946641922,Low,2026-10-01T07:22:18Z,test,0
0880-FVFWF,pytorch_tabular_net,0.3282800018787384,Medium,2026-10-01T07:22:18Z,valid,0
0880-TKATG,pytorch_tabular_net,0.7681800127029419,Critical,2026-10-01T07:22:18Z,train,1
0883-EIBTI,pytorch_tabular_net,0.1913100033998489,Low,2026-10-01T07:22:18Z,test,0
0885-HMGPY,pytorch_tabular_net,0.0285700000822544,Low,2026-10-01T07:22:18Z,train,0
0886-QGENL,pytorch_tabular_net,0.5385599732398987,High,2026-10-01T07:22:18Z,valid,1
0887-HJGAR,pytorch_tabular_net,0.6505699753761292,Critical,2026-10-01T07:22:18Z,train,1
0887-WBJVH,pytorch_tabular_net,0.1818400025367736,Low,2026-10-01T07:22:18Z,train,0
0895-DQHEW,pytorch_tabular_net,0.5016300082206726,High,2026-10-01T07:22:18Z,valid,1
0895-LMRSF,pytorch_tabular_net,0.1647700071334839,Low,2026-10-01T07:22:18Z,train,0
0895-LNKRC,pytorch_tabular_net,0.0261000003665685,Low,2026-10-01T07:22:18Z,train,0
0895-UADGO,pytorch_tabular_net,0.0334299989044666,Low,2026-10-01T07:22:18Z,train,0
0897-FEGMU,pytorch_tabular_net,0.7827000021934509,Critical,2026-10-01T07:22:18Z,train,1
0898-XCGTF,pytorch_tabular_net,0.2489400058984756,Medium,2026-10-01T07:22:18Z,train,0
0899-LIIBW,pytorch_tabular_net,0.6255800127983093,Critical,2026-10-01T07:22:18Z,train,1
0899-WZRSD,pytorch_tabular_net,0.3138000071048736,Medium,2026-10-01T07:22:18Z,train,0
0902-RFHOF,pytorch_tabular_net,0.017340000718832,Low,2026-10-01T07:22:18Z,train,0
0902-XKXPN,pytorch_tabular_net,0.0163400005549192,Low,2026-10-01T07:22:18Z,valid,0
0906-QVPMS,pytorch_tabular_net,0.0623300001025199,Low,2026-10-01T07:22:18Z,train,0
0907-HQNTS,pytorch_tabular_net,0.0660699978470802,Low,2026-10-01T07:22:18Z,train,0
0909-SDHNU,pytorch_tabular_net,0.1268399953842163,Low,2026-10-01T07:22:18Z,valid,0
0909-SELIE,pytorch_tabular_net,0.0152700003236532,Low,2026-10-01T07:22:18Z,train,0
0913-XWSCN,pytorch_tabular_net,0.2317599952220916,Medium,2026-10-01T07:22:18Z,valid,0
0916-KNFAJ,pytorch_tabular_net,0.0283199995756149,Low,2026-10-01T07:22:18Z,train,0
0916-QOFDP,pytorch_tabular_net,0.7307400107383728,Critical,2026-10-01T07:22:18Z,train,1
0917-EZOLA,pytorch_tabular_net,0.1160300001502037,Low,2026-10-01T07:22:18Z,train,0
0921-OHLVP,pytorch_tabular_net,0.4738099873065948,High,2026-10-01T07:22:18Z,train,1
0923-PNFUB,pytorch_tabular_net,0.692799985408783,Critical,2026-10-01T07:22:18Z,train,1
0924-BJCRC,pytorch_tabular_net,0.2616400122642517,Medium,2026-10-01T07:22:18Z,train,0
0925-VYDLG,pytorch_tabular_net,0.7480199933052063,Critical,2026-10-01T07:22:18Z,train,1
0927-CNGRH,pytorch_tabular_net,0.1975799947977066,Low,2026-10-01T07:22:18Z,train,0
0927-LCSMG,pytorch_tabular_net,0.4811500012874603,High,2026-10-01T07:22:18Z,train,1
0928-JMXNP,pytorch_tabular_net,0.7853599786758423,Critical,2026-10-01T07:22:18Z,valid,1
0928-XUTSN,pytorch_tabular_net,0.5613099932670593,High,2026-10-01T07:22:18Z,train,1
0929-HYQEW,pytorch_tabular_net,0.3744300007820129,Medium,2026-10-01T07:22:18Z,train,1
0929-PECLO,pytorch_tabular_net,0.2866599857807159,Medium,2026-10-01T07:22:18Z,valid,0
0930-EHUZA,pytorch_tabular_net,0.070200003683567,Low,2026-10-01T07:22:18Z,test,0
0931-MHTEM,pytorch_tabular_net,0.1748999953269958,Low,2026-10-01T07:22:18Z,train,0
0932-YIXYU,pytorch_tabular_net,0.0168500002473592,Low,2026-10-01T07:22:18Z,train,0
0936-NQLJU,pytorch_tabular_net,0.0123199997469782,Low,2026-10-01T07:22:18Z,train,0
0939-EREMR,pytorch_tabular_net,0.1010200008749961,Low,2026-10-01T07:22:18Z,valid,0
0939-YAPAF,pytorch_tabular_net,0.6891999840736389,Critical,2026-10-01T07:22:18Z,train,1
0940-OUQEC,pytorch_tabular_net,0.5309600234031677,High,2026-10-01T07:22:18Z,train,1
0942-KOWSM,pytorch_tabular_net,0.0184099990874528,Low,2026-10-01T07:22:18Z,train,0
0943-ZQPXH,pytorch_tabular_net,0.3622399866580963,Medium,2026-10-01T07:22:18Z,train,1
0945-TSONX,pytorch_tabular_net,0.0315600000321865,Low,2026-10-01T07:22:18Z,train,0
0946-CLJTI,pytorch_tabular_net,0.6050300002098083,Critical,2026-10-01T07:22:18Z,valid,1
0946-FKYTX,pytorch_tabular_net,0.0320000015199184,Low,2026-10-01T07:22:18Z,valid,0
0947-IDHRQ,pytorch_tabular_net,0.6525499820709229,Critical,2026-10-01T07:22:18Z,train,1
0947-MUGVO,pytorch_tabular_net,0.6010199785232544,Critical,2026-10-01T07:22:18Z,train,1
0952-KMEEH,pytorch_tabular_net,0.5633999705314636,High,2026-10-01T07:22:18Z,test,1
0953-LGOVU,pytorch_tabular_net,0.1492999941110611,Low,2026-10-01T07:22:18Z,train,0
0956-ACVZC,pytorch_tabular_net,0.1497199982404709,Low,2026-10-01T07:22:18Z,train,0
0956-SYCWG,pytorch_tabular_net,0.0285100005567073,Low,2026-10-01T07:22:18Z,test,0
0958-YHXGP,pytorch_tabular_net,0.5509799718856812,High,2026-10-01T07:22:18Z,test,1
0959-WHOKV,pytorch_tabular_net,0.2538500130176544,Medium,2026-10-01T07:22:18Z,valid,0
0960-HUWBM,pytorch_tabular_net,0.0708699971437454,Low,2026-10-01T07:22:18Z,train,0
0961-ZWLVI,pytorch_tabular_net,0.2325599938631057,Medium,2026-10-01T07:22:18Z,test,0
0962-CQPWQ,pytorch_tabular_net,0.011490000411868,Low,2026-10-01T07:22:18Z,train,0
0963-ZBDRN,pytorch_tabular_net,0.3920899927616119,Medium,2026-10-01T07:22:18Z,train,1
0967-BMLBD,pytorch_tabular_net,0.0269699990749359,Low,2026-10-01T07:22:18Z,valid,0
0968-GSIKN,pytorch_tabular_net,0.7911199927330017,Critical,2026-10-01T07:22:18Z,train,1
0969-RGKCU,pytorch_tabular_net,0.0181200001388788,Low,2026-10-01T07:22:18Z,valid,0
0970-ETWGE,pytorch_tabular_net,0.8599799871444702,Critical,2026-10-01T07:22:18Z,train,1
0970-QXPXW,pytorch_tabular_net,0.2504799962043762,Medium,2026-10-01T07:22:18Z,test,0
0971-QIFJK,pytorch_tabular_net,0.0114099998027086,Low,2026-10-01T07:22:18Z,train,0
0973-KYVNF,pytorch_tabular_net,0.0156299993395805,Low,2026-10-01T07:22:18Z,train,0
0975-UYDTX,pytorch_tabular_net,0.1333799958229065,Low,2026-10-01T07:22:18Z,test,0
0975-VOOVL,pytorch_tabular_net,0.3806299865245819,Medium,2026-10-01T07:22:18Z,train,1
0979-MOZQI,pytorch_tabular_net,0.0292000006884336,Low,2026-10-01T07:22:18Z,train,0
0979-PHULV,pytorch_tabular_net,0.4043799936771393,High,2026-10-01T07:22:18Z,train,1
0980-FEXWF,pytorch_tabular_net,0.0546800009906291,Low,2026-10-01T07:22:18Z,train,0
0980-PVMRC,pytorch_tabular_net,0.2922199964523315,Medium,2026-10-01T07:22:18Z,train,0
0983-TATYJ,pytorch_tabular_net,0.0430399999022483,Low,2026-10-01T07:22:18Z,train,0
0988-AADSA,pytorch_tabular_net,0.0121600003913044,Low,2026-10-01T07:22:18Z,train,0
0988-JRWWP,pytorch_tabular_net,0.5880600214004517,High,2026-10-01T07:22:18Z,train,1
0991-BRRFB,pytorch_tabular_net,0.1712899953126907,Low,2026-10-01T07:22:18Z,train,0
0993-OSGPT,pytorch_tabular_net,0.0517500005662441,Low,2026-10-01T07:22:18Z,train,0
0997-YTLNY,pytorch_tabular_net,0.0938299968838691,Low,2026-10-01T07:22:18Z,train,0
0999-QXNSA,pytorch_tabular_net,0.5323699712753296,High,2026-10-01T07:22:18Z,train,1
1000-AJSLD,pytorch_tabular_net,0.326449990272522,Medium,2026-10-01T07:22:18Z,train,0
1004-NOZNR,pytorch_tabular_net,0.1124299988150596,Low,2026-10-01T07:22:18Z,test,0
1009-IRMNA,pytorch_tabular_net,0.1292800009250641,Low,2026-10-01T07:22:18Z,test,0
1010-DIAUQ,pytorch_tabular_net,0.6109200119972229,Critical,2026-10-01T07:22:18Z,test,1
1013-QCWAM,pytorch_tabular_net,0.4149399995803833,High,2026-10-01T07:22:18Z,train,1
1015-JPFYW,pytorch_tabular_net,0.0307400003075599,Low,2026-10-01T07:22:18Z,train,0
1015-OWJKI,pytorch_tabular_net,0.232910007238388,Medium,2026-10-01T07:22:18Z,train,0
1016-DJTSV,pytorch_tabular_net,0.6340000033378601,Critical,2026-10-01T07:22:18Z,test,1
1017-FBQMM,pytorch_tabular_net,0.2550599873065948,Medium,2026-10-01T07:22:18Z,train,0
1020-JPQOW,pytorch_tabular_net,0.1455699950456619,Low,2026-10-01T07:22:18Z,train,0
1022-RKXDR,pytorch_tabular_net,0.0158500000834465,Low,2026-10-01T07:22:18Z,valid,0
1023-BQXZE,pytorch_tabular_net,0.0354200005531311,Low,2026-10-01T07:22:18Z,valid,0
1024-GUALD,pytorch_tabular_net,0.7627000212669373,Critical,2026-10-01T07:22:18Z,train,1
1024-KPRBB,pytorch_tabular_net,0.2089499980211258,Medium,2026-10-01T07:22:18Z,train,0
1024-VRZHF,pytorch_tabular_net,0.6910200119018555,Critical,2026-10-01T07:22:18Z,train,1
1025-FALIX,pytorch_tabular_net,0.3853799998760223,Medium,2026-10-01T07:22:18Z,train,1
1027-LKKQQ,pytorch_tabular_net,0.017850000411272,Low,2026-10-01T07:22:18Z,test,0
1028-FFNJK,pytorch_tabular_net,0.4760099947452545,High,2026-10-01T07:22:18Z,valid,1
1029-QFBEN,pytorch_tabular_net,0.2316399961709976,Medium,2026-10-01T07:22:18Z,valid,0
1031-IIDEO,pytorch_tabular_net,0.8161500096321106,Critical,2026-10-01T07:22:18Z,train,1
1032-MAELW,pytorch_tabular_net,0.0511900000274181,Low,2026-10-01T07:22:18Z,train,0
1035-IPQPU,pytorch_tabular_net,0.4534499943256378,High,2026-10-01T07:22:18Z,test,1
1036-GUDCL,pytorch_tabular_net,0.033789999783039,Low,2026-10-01T07:22:18Z,train,0
1038-RQOST,pytorch_tabular_net,0.0515099987387657,Low,2026-10-01T07:22:18Z,test,0
1038-ZAGBI,pytorch_tabular_net,0.0213099997490644,Low,2026-10-01T07:22:18Z,train,0
1041-RXHRA,pytorch_tabular_net,0.1254200041294098,Low,2026-10-01T07:22:18Z,test,0
1042-HFUCW,pytorch_tabular_net,0.1174200028181076,Low,2026-10-01T07:22:18Z,train,0
1043-UXOVO,pytorch_tabular_net,0.0534799993038177,Low,2026-10-01T07:22:18Z,train,0
1043-YCUTE,pytorch_tabular_net,0.0213099997490644,Low,2026-10-01T07:22:18Z,train,0
1045-LTCYT,pytorch_tabular_net,0.0816299989819526,Low,2026-10-01T07:22:18Z,train,0
1047-NNCBF,pytorch_tabular_net,0.3041599988937378,Medium,2026-10-01T07:22:18Z,train,0
1047-RNXZV,pytorch_tabular_net,0.0109299998730421,Low,2026-10-01T07:22:18Z,train,0
1049-FYSYG,pytorch_tabular_net,0.3924599885940552,Medium,2026-10-01T07:22:18Z,test,1
1051-EQPZR,pytorch_tabular_net,0.0315500013530254,Low,2026-10-01T07:22:18Z,train,0
1051-GEJLJ,pytorch_tabular_net,0.1960500031709671,Low,2026-10-01T07:22:18Z,test,0
1052-QJIBV,pytorch_tabular_net,0.0108099998906254,Low,2026-10-01T07:22:18Z,test,0
1053-MXTTK,pytorch_tabular_net,0.0273199994117021,Low,2026-10-01T07:22:18Z,train,0
1057-FOGLZ,pytorch_tabular_net,0.0568200014531612,Low,2026-10-01T07:22:18Z,valid,0
1060-ENTOF,pytorch_tabular_net,0.1661199927330017,Low,2026-10-01T07:22:18Z,train,0
1061-PNTHC,pytorch_tabular_net,0.3261500000953674,Medium,2026-10-01T07:22:18Z,valid,0
1062-LHZOD,pytorch_tabular_net,0.8143399953842163,Critical,2026-10-01T07:22:18Z,train,1
1063-DHQJF,pytorch_tabular_net,0.0698499977588653,Low,2026-10-01T07:22:18Z,valid,0
1064-FBXNK,pytorch_tabular_net,0.0399000011384487,Low,2026-10-01T07:22:18Z,train,0
1066-JKSGK,pytorch_tabular_net,0.2301799952983856,Medium,2026-10-01T07:22:18Z,train,0
1069-QJOEE,pytorch_tabular_net,0.0187899991869926,Low,2026-10-01T07:22:18Z,train,0
1069-XAIEM,pytorch_tabular_net,0.8837400078773499,Critical,2026-10-01T07:22:18Z,train,1
1073-XXCZD,pytorch_tabular_net,0.0166200008243322,Low,2026-10-01T07:22:18Z,train,0
1074-AMIOH,pytorch_tabular_net,0.2101500034332275,Medium,2026-10-01T07:22:18Z,train,0
1074-WVEVG,pytorch_tabular_net,0.009689999744296,Low,2026-10-01T07:22:18Z,test,0
1075-BGWOH,pytorch_tabular_net,0.7989799976348877,Critical,2026-10-01T07:22:18Z,train,1
1077-HUUJM,pytorch_tabular_net,0.6263800263404846,Critical,2026-10-01T07:22:18Z,test,1
1078-TDCRN,pytorch_tabular_net,0.7379900217056274,Critical,2026-10-01T07:22:18Z,test,1
1080-BWSYE,pytorch_tabular_net,0.0322300009429454,Low,2026-10-01T07:22:18Z,train,0
1084-MNSMJ,pytorch_tabular_net,0.0159699991345405,Low,2026-10-01T07:22:18Z,train,0
1084-UQCHV,pytorch_tabular_net,0.623170018196106,Critical,2026-10-01T07:22:18Z,train,1
1085-LDWAM,pytorch_tabular_net,0.0201399996876716,Low,2026-10-01T07:22:18Z,train,0
1086-LXKFY,pytorch_tabular_net,0.8023399710655212,Critical,2026-10-01T07:22:18Z,train,1
1087-GRUYI,pytorch_tabular_net,0.0162300001829862,Low,2026-10-01T07:22:18Z,train,0
1087-UDSIH,pytorch_tabular_net,0.2154799997806549,Medium,2026-10-01T07:22:18Z,train,0
1088-AUUZZ,pytorch_tabular_net,0.0293499995023012,Low,2026-10-01T07:22:18Z,valid,0
1088-CNNKB,pytorch_tabular_net,0.0742599964141845,Low,2026-10-01T07:22:18Z,train,0
1089-HDMKP,pytorch_tabular_net,0.3770399987697601,Medium,2026-10-01T07:22:18Z,valid,1
1089-XZWHH,pytorch_tabular_net,0.0113000003620982,Low,2026-10-01T07:22:18Z,train,0
1090-ESELR,pytorch_tabular_net,0.0725300014019012,Low,2026-10-01T07:22:18Z,train,0
1090-PYKCI,pytorch_tabular_net,0.1077599972486496,Low,2026-10-01T07:22:18Z,train,0
1091-SOZGA,pytorch_tabular_net,0.2137400060892105,Medium,2026-10-01T07:22:18Z,test,0
1092-GANHU,pytorch_tabular_net,0.5756099820137024,High,2026-10-01T07:22:18Z,train,1
1092-WPIVQ,pytorch_tabular_net,0.0098099997267127,Low,2026-10-01T07:22:18Z,test,0
1093-YSWCA,pytorch_tabular_net,0.0291799996048212,Low,2026-10-01T07:22:18Z,train,0
1094-BKOSX,pytorch_tabular_net,0.0268799997866153,Low,2026-10-01T07:22:18Z,test,0
1095-JUDTC,pytorch_tabular_net,0.5475500226020813,High,2026-10-01T07:22:18Z,train,1
1095-WGNGG,pytorch_tabular_net,0.1017400026321411,Low,2026-10-01T07:22:18Z,train,0
1096-ADRUX,pytorch_tabular_net,0.065880000591278,Low,2026-10-01T07:22:18Z,train,0
1097-FSPVW,pytorch_tabular_net,0.0818099975585937,Low,2026-10-01T07:22:18Z,train,0
1098-KFQEC,pytorch_tabular_net,0.0105200000107288,Low,2026-10-01T07:22:18Z,train,0
1098-TDVUQ,pytorch_tabular_net,0.328929990530014,Medium,2026-10-01T07:22:18Z,valid,0
1099-BTKWT,pytorch_tabular_net,0.0901900008320808,Low,2026-10-01T07:22:18Z,train,0
1099-GODLO,pytorch_tabular_net,0.0239700004458427,Low,2026-10-01T07:22:18Z,train,0
1100-DDVRV,pytorch_tabular_net,0.5166299939155579,High,2026-10-01T07:22:18Z,train,1
1101-SSWAG,pytorch_tabular_net,0.3779299855232239,Medium,2026-10-01T07:22:18Z,train,1
1104-FEJAM,pytorch_tabular_net,0.151759997010231,Low,2026-10-01T07:22:18Z,train,0
1104-TNLZA,pytorch_tabular_net,0.4908399879932403,High,2026-10-01T07:22:18Z,train,1
1106-HRLKZ,pytorch_tabular_net,0.0101500004529953,Low,2026-10-01T07:22:18Z,train,0
1110-KYLGQ,pytorch_tabular_net,0.3036499917507171,Medium,2026-10-01T07:22:18Z,train,0
1112-CUNAO,pytorch_tabular_net,0.6445099711418152,Critical,2026-10-01T07:22:18Z,train,1
1113-IUJYX,pytorch_tabular_net,0.1992799937725067,Low,2026-10-01T07:22:18Z,train,0
1114-CENIM,pytorch_tabular_net,0.1492799967527389,Low,2026-10-01T07:22:18Z,train,0
1116-DXXDF,pytorch_tabular_net,0.0839800015091896,Low,2026-10-01T07:22:18Z,train,0
1116-FRYVH,pytorch_tabular_net,0.0065799998119473,Low,2026-10-01T07:22:18Z,train,0
1120-BMWUB,pytorch_tabular_net,0.1520300060510635,Low,2026-10-01T07:22:18Z,train,0
1121-QSIVB,pytorch_tabular_net,0.1540600061416626,Low,2026-10-01T07:22:18Z,train,0
1122-JWTJW,pytorch_tabular_net,0.8149899840354919,Critical,2026-10-01T07:22:18Z,train,1
1122-YJBCS,pytorch_tabular_net,0.0709799975156784,Low,2026-10-01T07:22:18Z,train,0
1125-SNVCK,pytorch_tabular_net,0.1246400028467178,Low,2026-10-01T07:22:18Z,valid,0
1131-ALZWV,pytorch_tabular_net,0.025510000064969,Low,2026-10-01T07:22:18Z,train,0
1131-QQZEB,pytorch_tabular_net,0.0295000001788139,Low,2026-10-01T07:22:18Z,test,0
1131-SUEKT,pytorch_tabular_net,0.1743000000715255,Low,2026-10-01T07:22:18Z,train,0
1133-KXCGE,pytorch_tabular_net,0.0177200008183717,Low,2026-10-01T07:22:18Z,valid,0
1134-YWTYF,pytorch_tabular_net,0.1523000001907348,Low,2026-10-01T07:22:18Z,test,0
1135-HIORI,pytorch_tabular_net,0.2845599949359894,Medium,2026-10-01T07:22:18Z,test,0
1135-LMECX,pytorch_tabular_net,0.2502099871635437,Medium,2026-10-01T07:22:18Z,train,0
1136-XGEQU,pytorch_tabular_net,0.0684399977326393,Low,2026-10-01T07:22:18Z,valid,0
1137-DGOWI,pytorch_tabular_net,0.0534199997782707,Low,2026-10-01T07:22:18Z,train,0
1139-WUOAH,pytorch_tabular_net,0.019710000604391,Low,2026-10-01T07:22:18Z,train,0
1140-UKVZG,pytorch_tabular_net,0.0761500000953674,Low,2026-10-01T07:22:18Z,train,0
1142-IHLOO,pytorch_tabular_net,0.1312099993228912,Low,2026-10-01T07:22:18Z,test,0
1142-WACZW,pytorch_tabular_net,0.5172799825668335,High,2026-10-01T07:22:18Z,train,1
1143-NMNQJ,pytorch_tabular_net,0.8373799920082092,Critical,2026-10-01T07:22:18Z,train,1
1150-FTQGN,pytorch_tabular_net,0.0622100010514259,Low,2026-10-01T07:22:18Z,train,0
1150-WFARN,pytorch_tabular_net,0.045949999243021,Low,2026-10-01T07:22:18Z,train,0
1153-GNOLC,pytorch_tabular_net,0.1966100037097931,Low,2026-10-01T07:22:18Z,train,0
1154-HYWWO,pytorch_tabular_net,0.069470003247261,Low,2026-10-01T07:22:18Z,train,0
1156-ZFYDO,pytorch_tabular_net,0.293610006570816,Medium,2026-10-01T07:22:18Z,train,0
1157-BQCUW,pytorch_tabular_net,0.8450999855995178,Critical,2026-10-01T07:22:18Z,valid,1
1159-WFSGR,pytorch_tabular_net,0.063969999551773,Low,2026-10-01T07:22:18Z,test,0
1162-ECVII,pytorch_tabular_net,0.0869299992918968,Low,2026-10-01T07:22:18Z,train,0
1163-ONYEY,pytorch_tabular_net,0.1023399978876113,Low,2026-10-01T07:22:18Z,train,0
1163-VIPRI,pytorch_tabular_net,0.0571600012481212,Low,2026-10-01T07:22:18Z,train,0
1166-PQLGG,pytorch_tabular_net,0.0116100003942847,Low,2026-10-01T07:22:18Z,train,0
1167-OYZJF,pytorch_tabular_net,0.0200200006365776,Low,2026-10-01T07:22:18Z,valid,0
1169-SAOCL,pytorch_tabular_net,0.2716000080108642,Medium,2026-10-01T07:22:18Z,test,0
1169-WCVAK,pytorch_tabular_net,0.40242999792099,High,2026-10-01T07:22:18Z,train,1
1170-SASML,pytorch_tabular_net,0.1486700028181076,Low,2026-10-01T07:22:18Z,train,0
1171-TYKUR,pytorch_tabular_net,0.0595000013709068,Low,2026-10-01T07:22:18Z,train,0
1172-VIYBP,pytorch_tabular_net,0.0320100001990795,Low,2026-10-01T07:22:18Z,train,0
1173-NOEYG,pytorch_tabular_net,0.328110009431839,Medium,2026-10-01T07:22:18Z,train,0
1173-XZPYF,pytorch_tabular_net,0.7838900089263916,Critical,2026-10-01T07:22:18Z,train,1
1174-FGIFN,pytorch_tabular_net,0.2718099951744079,Medium,2026-10-01T07:22:18Z,train,0
1177-XZBJL,pytorch_tabular_net,0.0381200015544891,Low,2026-10-01T07:22:18Z,valid,0
1178-PZGAB,pytorch_tabular_net,0.0325799994170665,Low,2026-10-01T07:22:18Z,train,0
1179-INLAT,pytorch_tabular_net,0.0718799978494644,Low,2026-10-01T07:22:18Z,train,0
1183-CANVH,pytorch_tabular_net,0.047860000282526,Low,2026-10-01T07:22:18Z,train,0
1184-PJVDB,pytorch_tabular_net,0.748199999332428,Critical,2026-10-01T07:22:18Z,test,1
1187-WILMM,pytorch_tabular_net,0.0223999992012977,Low,2026-10-01T07:22:18Z,train,0
1193-RTSLK,pytorch_tabular_net,0.3045200109481811,Medium,2026-10-01T07:22:18Z,train,0
1194-BHJYC,pytorch_tabular_net,0.030859999358654,Low,2026-10-01T07:22:18Z,valid,0
1194-HVAIF,pytorch_tabular_net,0.4602200090885162,High,2026-10-01T07:22:18Z,train,1
1194-SPVSP,pytorch_tabular_net,0.2092600017786026,Medium,2026-10-01T07:22:18Z,test,0
1195-OIYEJ,pytorch_tabular_net,0.6817200183868408,Critical,2026-10-01T07:22:18Z,train,1
1196-AMORA,pytorch_tabular_net,0.5797299742698669,High,2026-10-01T07:22:18Z,test,1
1197-BVMVG,pytorch_tabular_net,0.8044099807739258,Critical,2026-10-01T07:22:18Z,train,1
1200-TUZHR,pytorch_tabular_net,0.7270200252532959,Critical,2026-10-01T07:22:18Z,train,1
1202-KKGFU,pytorch_tabular_net,0.1250600069761276,Low,2026-10-01T07:22:18Z,train,0
1205-WNWPJ,pytorch_tabular_net,0.3117499947547912,Medium,2026-10-01T07:22:18Z,test,0
1206-EHBDD,pytorch_tabular_net,0.0176599994301795,Low,2026-10-01T07:22:18Z,valid,0
1207-BLKSA,pytorch_tabular_net,0.0072499997913837,Low,2026-10-01T07:22:18Z,test,0
1208-DNHLN,pytorch_tabular_net,0.1535100042819976,Low,2026-10-01T07:22:18Z,train,0
1208-NBVFH,pytorch_tabular_net,0.3106800019741058,Medium,2026-10-01T07:22:18Z,train,0
1209-VFFOC,pytorch_tabular_net,0.0130899995565414,Low,2026-10-01T07:22:18Z,train,0
1212-GLHMD,pytorch_tabular_net,0.603659987449646,Critical,2026-10-01T07:22:18Z,test,1
1213-NGCUN,pytorch_tabular_net,0.3226900100708008,Medium,2026-10-01T07:22:18Z,train,0
1215-EXRMO,pytorch_tabular_net,0.0096800001338124,Low,2026-10-01T07:22:18Z,train,0
1215-FIGMP,pytorch_tabular_net,0.311489999294281,Medium,2026-10-01T07:22:18Z,valid,0
1215-VFYVK,pytorch_tabular_net,0.2132299989461898,Medium,2026-10-01T07:22:18Z,test,0
1216-BGTSP,pytorch_tabular_net,0.4238600134849548,High,2026-10-01T07:22:18Z,train,1
1216-JWVUX,pytorch_tabular_net,0.4956400096416473,High,2026-10-01T07:22:18Z,test,1
1217-VASWC,pytorch_tabular_net,0.2385500073432922,Medium,2026-10-01T07:22:18Z,train,0
1218-VKFPE,pytorch_tabular_net,0.062899999320507,Low,2026-10-01T07:22:18Z,test,0
1219-NNDDO,pytorch_tabular_net,0.6424400210380554,Critical,2026-10-01T07:22:18Z,train,1
1221-GHZEP,pytorch_tabular_net,0.0132400002330541,Low,2026-10-01T07:22:18Z,train,0
1222-KJNZD,pytorch_tabular_net,0.0541200004518032,Low,2026-10-01T07:22:18Z,valid,0
1222-LRYKO,pytorch_tabular_net,0.134780004620552,Low,2026-10-01T07:22:18Z,train,0
1223-UNPKS,pytorch_tabular_net,0.0109999999403953,Low,2026-10-01T07:22:18Z,valid,0
1226-IENZN,pytorch_tabular_net,0.598800003528595,High,2026-10-01T07:22:18Z,valid,1
1226-JZNKR,pytorch_tabular_net,0.025170000270009,Low,2026-10-01T07:22:18Z,test,0
1226-UDFZR,pytorch_tabular_net,0.5178800225257874,High,2026-10-01T07:22:18Z,valid,1
1227-UDMZR,pytorch_tabular_net,0.0175000000745058,Low,2026-10-01T07:22:18Z,valid,0
1228-FZFRV,pytorch_tabular_net,0.3252300024032593,Medium,2026-10-01T07:22:18Z,train,0
1228-ZLNBX,pytorch_tabular_net,0.2902100086212158,Medium,2026-10-01T07:22:18Z,train,0
1229-RCALF,pytorch_tabular_net,0.2334599941968917,Medium,2026-10-01T07:22:18Z,valid,0
1230-QAJDW,pytorch_tabular_net,0.4859800040721893,High,2026-10-01T07:22:18Z,train,1
1231-YNDEK,pytorch_tabular_net,0.0189900007098913,Low,2026-10-01T07:22:18Z,train,0
1236-WFCDV,pytorch_tabular_net,0.5211799740791321,High,2026-10-01T07:22:18Z,train,1
1237-WIYYZ,pytorch_tabular_net,0.0700099989771843,Low,2026-10-01T07:22:18Z,train,0
1240-HCBOH,pytorch_tabular_net,0.0078099998645484,Low,2026-10-01T07:22:18Z,test,0
1240-KNSEZ,pytorch_tabular_net,0.326449990272522,Medium,2026-10-01T07:22:18Z,train,0
1241-EZFMJ,pytorch_tabular_net,0.0168299991637468,Low,2026-10-01T07:22:18Z,train,0
1241-FPMOF,pytorch_tabular_net,0.0112800002098083,Low,2026-10-01T07:22:18Z,train,0
1245-HARPS,pytorch_tabular_net,0.0093200001865625,Low,2026-10-01T07:22:18Z,valid,0
1247-QBVSH,pytorch_tabular_net,0.0575300008058548,Low,2026-10-01T07:22:18Z,train,0
1248-DYXUB,pytorch_tabular_net,0.0112899998202919,Low,2026-10-01T07:22:18Z,train,0
1251-KRREG,pytorch_tabular_net,0.5810199975967407,High,2026-10-01T07:22:18Z,train,1
1251-STYSZ,pytorch_tabular_net,0.7555800080299377,Critical,2026-10-01T07:22:18Z,train,1
1254-IZEYF,pytorch_tabular_net,0.7272400259971619,Critical,2026-10-01T07:22:18Z,train,1
1257-SXUXQ,pytorch_tabular_net,0.0968900024890899,Low,2026-10-01T07:22:18Z,train,0
1258-YMZNM,pytorch_tabular_net,0.3569099903106689,Medium,2026-10-01T07:22:18Z,valid,1
1260-TTRXI,pytorch_tabular_net,0.374669998884201,Medium,2026-10-01T07:22:18Z,train,1
1261-FWTTE,pytorch_tabular_net,0.5456799864768982,High,2026-10-01T07:22:18Z,train,1
1262-OPMFY,pytorch_tabular_net,0.4899600148200989,High,2026-10-01T07:22:18Z,train,1
1264-BYWMS,pytorch_tabular_net,0.5682100057601929,High,2026-10-01T07:22:18Z,test,1
1264-FUHCX,pytorch_tabular_net,0.1618999987840652,Low,2026-10-01T07:22:18Z,valid,0
1265-BCFEO,pytorch_tabular_net,0.0250899996608495,Low,2026-10-01T07:22:18Z,train,0
1265-HVPZB,pytorch_tabular_net,0.0449800007045269,Low,2026-10-01T07:22:18Z,test,0
1265-XTECC,pytorch_tabular_net,0.2208600044250488,Medium,2026-10-01T07:22:18Z,train,0
1265-ZFOSD,pytorch_tabular_net,0.0101100001484155,Low,2026-10-01T07:22:18Z,train,0
1266-NZYUI,pytorch_tabular_net,0.0141500001773238,Low,2026-10-01T07:22:18Z,train,0
1268-ASBGA,pytorch_tabular_net,0.689490020275116,Critical,2026-10-01T07:22:18Z,test,1
1269-FOYWN,pytorch_tabular_net,0.0177800003439188,Low,2026-10-01T07:22:18Z,test,0
1270-XKUCC,pytorch_tabular_net,0.0073899999260902,Low,2026-10-01T07:22:18Z,train,0
1271-SJBGZ,pytorch_tabular_net,0.5918599963188171,High,2026-10-01T07:22:18Z,train,1
1271-UODNO,pytorch_tabular_net,0.0632499977946281,Low,2026-10-01T07:22:18Z,train,0
1272-ILHFG,pytorch_tabular_net,0.0193099994212389,Low,2026-10-01T07:22:18Z,train,0
1273-MTETI,pytorch_tabular_net,0.8706499934196472,Critical,2026-10-01T07:22:18Z,test,1
1282-IHQAC,pytorch_tabular_net,0.0842799991369247,Low,2026-10-01T07:22:18Z,train,0
1285-OKIPP,pytorch_tabular_net,0.7387599945068359,Critical,2026-10-01T07:22:18Z,train,1
1291-CUOCY,pytorch_tabular_net,0.070880003273487,Low,2026-10-01T07:22:18Z,valid,0
1293-BSEUN,pytorch_tabular_net,0.009349999949336,Low,2026-10-01T07:22:18Z,train,0
1293-HHSHJ,pytorch_tabular_net,0.0121099995449185,Low,2026-10-01T07:22:18Z,test,0
1297-VQDRP,pytorch_tabular_net,0.1864700019359588,Low,2026-10-01T07:22:18Z,test,0
1298-PHBTI,pytorch_tabular_net,0.0642800033092498,Low,2026-10-01T07:22:18Z,train,0
1299-AURJA,pytorch_tabular_net,0.0109099997207522,Low,2026-10-01T07:22:18Z,train,0
1301-LOPVR,pytorch_tabular_net,0.0802799984812736,Low,2026-10-01T07:22:18Z,train,0
1302-TPUBN,pytorch_tabular_net,0.0204399991780519,Low,2026-10-01T07:22:18Z,train,0
1302-UHBDD,pytorch_tabular_net,0.501479983329773,High,2026-10-01T07:22:18Z,train,1
1303-SRDOK,pytorch_tabular_net,0.0500200018286705,Low,2026-10-01T07:22:18Z,train,0
1304-BCCFO,pytorch_tabular_net,0.4022499918937683,High,2026-10-01T07:22:18Z,train,1
1304-NECVQ,pytorch_tabular_net,0.8636900186538696,Critical,2026-10-01T07:22:18Z,train,1
1304-SEGFY,pytorch_tabular_net,0.1004799976944923,Low,2026-10-01T07:22:18Z,valid,0
1306-RPWXZ,pytorch_tabular_net,0.0152500001713633,Low,2026-10-01T07:22:18Z,train,0
1307-ATKGB,pytorch_tabular_net,0.4965200126171112,High,2026-10-01T07:22:18Z,train,1
1307-TVUFB,pytorch_tabular_net,0.3063200116157532,Medium,2026-10-01T07:22:18Z,train,0
1309-BXVOQ,pytorch_tabular_net,0.6507800221443176,Critical,2026-10-01T07:22:18Z,train,1
1309-XGFSN,pytorch_tabular_net,0.1784200072288513,Low,2026-10-01T07:22:18Z,valid,0
1310-QRITU,pytorch_tabular_net,0.3814699947834015,Medium,2026-10-01T07:22:18Z,test,1
1319-YLZJG,pytorch_tabular_net,0.5096499919891357,High,2026-10-01T07:22:18Z,train,1
1320-GVNHT,pytorch_tabular_net,0.0685900002717971,Low,2026-10-01T07:22:18Z,valid,0
1320-HTRDR,pytorch_tabular_net,0.769349992275238,Critical,2026-10-01T07:22:18Z,test,1
1320-REHCS,pytorch_tabular_net,0.4765700101852417,High,2026-10-01T07:22:18Z,train,1
1322-AGOQM,pytorch_tabular_net,0.1199999973177909,Low,2026-10-01T07:22:18Z,train,0
1323-OOEPC,pytorch_tabular_net,0.4107800126075744,High,2026-10-01T07:22:18Z,train,1
1324-NLTJE,pytorch_tabular_net,0.3439599871635437,Medium,2026-10-01T07:22:18Z,valid,1
1325-USMEC,pytorch_tabular_net,0.0531999990344047,Low,2026-10-01T07:22:18Z,test,0
1328-EUZHC,pytorch_tabular_net,0.0083999997004866,Low,2026-10-01T07:22:18Z,valid,0
1329-VHWNP,pytorch_tabular_net,0.3234699964523315,Medium,2026-10-01T07:22:18Z,train,0
1333-PBMXB,pytorch_tabular_net,0.0192900002002716,Low,2026-10-01T07:22:18Z,test,0
1334-FJSVR,pytorch_tabular_net,0.79448002576828,Critical,2026-10-01T07:22:18Z,train,1
1334-PDUKM,pytorch_tabular_net,0.0576700009405612,Low,2026-10-01T07:22:18Z,test,0
1335-HQMKX,pytorch_tabular_net,0.2954199910163879,Medium,2026-10-01T07:22:18Z,train,0
1335-MXCSE,pytorch_tabular_net,0.0279099997133016,Low,2026-10-01T07:22:18Z,valid,0
1335-NTIUC,pytorch_tabular_net,0.5544800162315369,High,2026-10-01T07:22:18Z,valid,1
1336-EZFZY,pytorch_tabular_net,0.1360799968242645,Low,2026-10-01T07:22:18Z,test,0
1337-BOZWO,pytorch_tabular_net,0.0647599995136261,Low,2026-10-01T07:22:18Z,train,0
1338-CECEE,pytorch_tabular_net,0.0401900000870227,Low,2026-10-01T07:22:18Z,test,0
1342-JPNKI,pytorch_tabular_net,0.6570600271224976,Critical,2026-10-01T07:22:18Z,train,1
1343-EHPYB,pytorch_tabular_net,0.5303699970245361,High,2026-10-01T07:22:18Z,test,1
1345-GKDZZ,pytorch_tabular_net,0.0982799977064132,Low,2026-10-01T07:22:18Z,train,0
1345-ZUKID,pytorch_tabular_net,0.0253500007092952,Low,2026-10-01T07:22:18Z,test,0
1346-PJWTK,pytorch_tabular_net,0.1325899958610534,Low,2026-10-01T07:22:18Z,train,0
1346-UFHAX,pytorch_tabular_net,0.5831500291824341,High,2026-10-01T07:22:18Z,train,1
1347-KTTTA,pytorch_tabular_net,0.1804099977016449,Low,2026-10-01T07:22:18Z,valid,0
1349-WXNGG,pytorch_tabular_net,0.2083400040864944,Medium,2026-10-01T07:22:18Z,train,0
1352-HNSAW,pytorch_tabular_net,0.0378200002014637,Low,2026-10-01T07:22:18Z,train,0
1352-VHKAJ,pytorch_tabular_net,0.1097199991345405,Low,2026-10-01T07:22:18Z,valid,0
1353-GHZOS,pytorch_tabular_net,0.0848100036382675,Low,2026-10-01T07:22:18Z,train,0
1353-LJWEM,pytorch_tabular_net,0.229090005159378,Medium,2026-10-01T07:22:18Z,train,0
1354-YZFNB,pytorch_tabular_net,0.0160600002855062,Low,2026-10-01T07:22:18Z,train,0
1355-KUSBG,pytorch_tabular_net,0.3258399963378906,Medium,2026-10-01T07:22:18Z,valid,0
1356-MKYSK,pytorch_tabular_net,0.1766999959945678,Low,2026-10-01T07:22:18Z,train,0
1357-BIJKI,pytorch_tabular_net,0.4382599890232086,High,2026-10-01T07:22:18Z,train,1
1357-MVDOZ,pytorch_tabular_net,0.224150002002716,Medium,2026-10-01T07:22:18Z,train,0
1360-JYXKQ,pytorch_tabular_net,0.2371300011873245,Medium,2026-10-01T07:22:18Z,test,0
1360-RCYRT,pytorch_tabular_net,0.2249200046062469,Medium,2026-10-01T07:22:18Z,train,0
1360-XFJMR,pytorch_tabular_net,0.2137800008058548,Medium,2026-10-01T07:22:18Z,train,0
1363-TXLSL,pytorch_tabular_net,0.8410500288009644,Critical,2026-10-01T07:22:18Z,test,1
1370-GGAWX,pytorch_tabular_net,0.2243500053882599,Medium,2026-10-01T07:22:18Z,valid,0
1371-DWPAZ,pytorch_tabular_net,0.1422100067138672,Low,2026-10-01T07:22:18Z,train,0
1371-OJCEK,pytorch_tabular_net,0.0170000009238719,Low,2026-10-01T07:22:18Z,train,0
1371-WEPDS,pytorch_tabular_net,0.159400001168251,Low,2026-10-01T07:22:18Z,train,0
1373-ORVIZ,pytorch_tabular_net,0.3001900017261505,Medium,2026-10-01T07:22:18Z,train,0
1374-DMZUI,pytorch_tabular_net,0.8918700218200684,Critical,2026-10-01T07:22:18Z,train,1
1376-HHBDV,pytorch_tabular_net,0.1026500016450882,Low,2026-10-01T07:22:18Z,train,0
1379-FRVEB,pytorch_tabular_net,0.7184600234031677,Critical,2026-10-01T07:22:18Z,train,1
1383-EZRWL,pytorch_tabular_net,0.1043500006198883,Low,2026-10-01T07:22:18Z,train,0
1384-RCUXW,pytorch_tabular_net,0.4750100076198578,High,2026-10-01T07:22:18Z,valid,1
1385-TQOZW,pytorch_tabular_net,0.167260006070137,Low,2026-10-01T07:22:18Z,test,0
1386-ZIKUV,pytorch_tabular_net,0.1381199955940246,Low,2026-10-01T07:22:18Z,test,0
1389-CXMLU,pytorch_tabular_net,0.8153799772262573,Critical,2026-10-01T07:22:18Z,valid,1
1389-WNUIB,pytorch_tabular_net,0.1324400007724762,Low,2026-10-01T07:22:18Z,train,0
1391-UBDAR,pytorch_tabular_net,0.4815199971199035,High,2026-10-01T07:22:18Z,valid,1
1393-IMKZG,pytorch_tabular_net,0.8256400227546692,Critical,2026-10-01T07:22:18Z,train,1
1394-SUIUH,pytorch_tabular_net,0.2935599982738495,Medium,2026-10-01T07:22:18Z,valid,0
1395-OFUWC,pytorch_tabular_net,0.1475300043821334,Low,2026-10-01T07:22:18Z,train,0
1395-WSWXR,pytorch_tabular_net,0.0130200004205107,Low,2026-10-01T07:22:18Z,train,0
1396-QWFBJ,pytorch_tabular_net,0.3569700121879577,Medium,2026-10-01T07:22:18Z,test,1
1397-XKKWR,pytorch_tabular_net,0.0936800017952919,Low,2026-10-01T07:22:18Z,train,0
1399-OUPJN,pytorch_tabular_net,0.0118300002068281,Low,2026-10-01T07:22:18Z,train,0
1399-UBQIU,pytorch_tabular_net,0.4547800123691559,High,2026-10-01T07:22:18Z,train,1
1400-MMYXY,pytorch_tabular_net,0.8810300230979919,Critical,2026-10-01T07:22:18Z,train,1
1400-WIVLL,pytorch_tabular_net,0.1279900074005127,Low,2026-10-01T07:22:18Z,test,0
1401-FTHFQ,pytorch_tabular_net,0.0276500005275011,Low,2026-10-01T07:22:18Z,train,0
1402-PTHGN,pytorch_tabular_net,0.0550200007855892,Low,2026-10-01T07:22:18Z,train,0
1403-GYAFU,pytorch_tabular_net,0.0154400002211332,Low,2026-10-01T07:22:18Z,train,0
1403-LKLIK,pytorch_tabular_net,0.0109999999403953,Low,2026-10-01T07:22:18Z,test,0
1406-PUQVY,pytorch_tabular_net,0.6265100240707397,Critical,2026-10-01T07:22:18Z,train,1
1407-DIGZV,pytorch_tabular_net,0.0160300005227327,Low,2026-10-01T07:22:18Z,train,0
1409-PHXTF,pytorch_tabular_net,0.1635400056838989,Low,2026-10-01T07:22:18Z,test,0
1410-RSCMR,pytorch_tabular_net,0.1015300005674362,Low,2026-10-01T07:22:18Z,test,0
1414-YADCW,pytorch_tabular_net,0.0348899997770786,Low,2026-10-01T07:22:18Z,valid,0
1415-YFWLT,pytorch_tabular_net,0.8588500022888184,Critical,2026-10-01T07:22:18Z,train,1
1421-HCERK,pytorch_tabular_net,0.437610000371933,High,2026-10-01T07:22:18Z,train,1
1422-DGUBX,pytorch_tabular_net,0.2263199985027313,Medium,2026-10-01T07:22:18Z,valid,0
1423-BMPBQ,pytorch_tabular_net,0.2903000116348266,Medium,2026-10-01T07:22:18Z,train,0
1427-VERSM,pytorch_tabular_net,0.326990008354187,Medium,2026-10-01T07:22:18Z,test,0
1428-GTBJJ,pytorch_tabular_net,0.5444300174713135,High,2026-10-01T07:22:18Z,valid,1
1428-IEDPR,pytorch_tabular_net,0.1087400019168853,Low,2026-10-01T07:22:18Z,test,0
1429-UYJSV,pytorch_tabular_net,0.0221999995410442,Low,2026-10-01T07:22:18Z,train,0
1430-SFQSA,pytorch_tabular_net,0.0339099988341331,Low,2026-10-01T07:22:18Z,train,0
1431-AIDJQ,pytorch_tabular_net,0.0201299991458654,Low,2026-10-01T07:22:18Z,valid,0
1431-CYWMH,pytorch_tabular_net,0.0554599985480308,Low,2026-10-01T07:22:18Z,train,0
1432-FPAXX,pytorch_tabular_net,0.253930002450943,Medium,2026-10-01T07:22:18Z,test,0
1436-ZMJAN,pytorch_tabular_net,0.2981899976730346,Medium,2026-10-01T07:22:18Z,test,0
1439-LCGVL,pytorch_tabular_net,0.0129100000485777,Low,2026-10-01T07:22:18Z,train,0
1442-BQPVU,pytorch_tabular_net,0.2111900001764297,Medium,2026-10-01T07:22:18Z,valid,0
1442-OKRJE,pytorch_tabular_net,0.1426700055599212,Low,2026-10-01T07:22:18Z,train,0
1444-VVSGW,pytorch_tabular_net,0.2527300119400024,Medium,2026-10-01T07:22:18Z,train,0
1447-GIQMR,pytorch_tabular_net,0.821619987487793,Critical,2026-10-01T07:22:18Z,valid,1
1447-PJGGA,pytorch_tabular_net,0.0612500011920928,Low,2026-10-01T07:22:18Z,train,0
1448-CYWKC,pytorch_tabular_net,0.239109992980957,Medium,2026-10-01T07:22:18Z,test,0
1448-PWKYE,pytorch_tabular_net,0.7498700022697449,Critical,2026-10-01T07:22:18Z,train,1
1449-XQEMT,pytorch_tabular_net,0.2105699926614761,Medium,2026-10-01T07:22:18Z,valid,0
1450-GALXR,pytorch_tabular_net,0.7740700244903564,Critical,2026-10-01T07:22:18Z,valid,1
1450-SKCVI,pytorch_tabular_net,0.2424899935722351,Medium,2026-10-01T07:22:18Z,test,0
1452-KIOVK,pytorch_tabular_net,0.5554400086402893,High,2026-10-01T07:22:18Z,train,1
1452-UZOSF,pytorch_tabular_net,0.0516199991106987,Low,2026-10-01T07:22:18Z,train,0
1452-VOQCH,pytorch_tabular_net,0.8452900052070618,Critical,2026-10-01T07:22:18Z,train,1
1452-XRSJV,pytorch_tabular_net,0.0825200006365776,Low,2026-10-01T07:22:18Z,train,0
1453-RZFON,pytorch_tabular_net,0.3536500036716461,Medium,2026-10-01T07:22:18Z,train,1
1455-ESIQH,pytorch_tabular_net,0.8600000143051147,Critical,2026-10-01T07:22:18Z,train,1
1455-HFBXA,pytorch_tabular_net,0.0443300008773803,Low,2026-10-01T07:22:18Z,train,0
1455-UGQVH,pytorch_tabular_net,0.8451600074768066,Critical,2026-10-01T07:22:18Z,train,1
1456-TWCGB,pytorch_tabular_net,0.2268799990415573,Medium,2026-10-01T07:22:18Z,train,0
1459-QNFQT,pytorch_tabular_net,0.0150699997320771,Low,2026-10-01T07:22:18Z,test,0
1460-UZPRJ,pytorch_tabular_net,0.0099099995568394,Low,2026-10-01T07:22:18Z,train,0
1465-LNTLJ,pytorch_tabular_net,0.2415300011634826,Medium,2026-10-01T07:22:18Z,train,0
1465-VINDH,pytorch_tabular_net,0.7302700281143188,Critical,2026-10-01T07:22:18Z,train,1
1465-WCZVT,pytorch_tabular_net,0.1254300028085708,Low,2026-10-01T07:22:18Z,valid,0
1468-DEFNC,pytorch_tabular_net,0.0270700007677078,Low,2026-10-01T07:22:18Z,train,0
1469-LBJQJ,pytorch_tabular_net,0.457179993391037,High,2026-10-01T07:22:18Z,train,1
1470-PSXNM,pytorch_tabular_net,0.3098100125789642,Medium,2026-10-01T07:22:18Z,valid,0
1471-GIQKQ,pytorch_tabular_net,0.4880099892616272,High,2026-10-01T07:22:18Z,train,1
1472-TNCWL,pytorch_tabular_net,0.5109900236129761,High,2026-10-01T07:22:18Z,train,1
1474-JUWSM,pytorch_tabular_net,0.0568899996578693,Low,2026-10-01T07:22:18Z,train,0
1475-VWVDO,pytorch_tabular_net,0.6894299983978271,Critical,2026-10-01T07:22:18Z,train,1
1478-VPOAD,pytorch_tabular_net,0.5418300032615662,High,2026-10-01T07:22:18Z,train,1
1480-BKXGA,pytorch_tabular_net,0.0782399997115135,Low,2026-10-01T07:22:18Z,train,0
1480-IVEVR,pytorch_tabular_net,0.155799999833107,Low,2026-10-01T07:22:18Z,test,0
1481-ZUWZA,pytorch_tabular_net,0.4627499878406524,High,2026-10-01T07:22:18Z,train,1
1482-OXZSY,pytorch_tabular_net,0.5228999853134155,High,2026-10-01T07:22:18Z,valid,1
1485-YDHMM,pytorch_tabular_net,0.1691900044679641,Low,2026-10-01T07:22:18Z,train,0
1488-PBLJN,pytorch_tabular_net,0.0384499989449977,Low,2026-10-01T07:22:18Z,train,0
1488-SYSFC,pytorch_tabular_net,0.0735500007867813,Low,2026-10-01T07:22:18Z,train,0
1492-KGETH,pytorch_tabular_net,0.049550000578165,Low,2026-10-01T07:22:18Z,valid,0
1492-QGCLU,pytorch_tabular_net,0.1098200008273124,Low,2026-10-01T07:22:18Z,train,0
1493-AMTIE,pytorch_tabular_net,0.275840014219284,Medium,2026-10-01T07:22:18Z,train,0
1494-EJZDW,pytorch_tabular_net,0.0109000001102685,Low,2026-10-01T07:22:18Z,test,0
1496-GGSUK,pytorch_tabular_net,0.8497400283813477,Critical,2026-10-01T07:22:18Z,train,1
1498-DQNRX,pytorch_tabular_net,0.0402900017797946,Low,2026-10-01T07:22:18Z,train,0
1498-NHTLT,pytorch_tabular_net,0.0229499991983175,Low,2026-10-01T07:22:18Z,train,0
1501-SGHBW,pytorch_tabular_net,0.3898200094699859,Medium,2026-10-01T07:22:18Z,train,1
1502-XFCVR,pytorch_tabular_net,0.1872400045394897,Low,2026-10-01T07:22:18Z,train,0
1506-YJTYT,pytorch_tabular_net,0.0375499986112117,Low,2026-10-01T07:22:18Z,train,0
1508-DFXCU,pytorch_tabular_net,0.6472100019454956,Critical,2026-10-01T07:22:18Z,valid,1
1513-XNPPH,pytorch_tabular_net,0.5411700010299683,High,2026-10-01T07:22:18Z,test,1
1518-OMDIK,pytorch_tabular_net,0.1882199943065643,Low,2026-10-01T07:22:18Z,train,0
1518-VOWAV,pytorch_tabular_net,0.3468399941921234,Medium,2026-10-01T07:22:18Z,train,1
1522-VVDMG,pytorch_tabular_net,0.5954099893569946,High,2026-10-01T07:22:18Z,train,1
1525-LNLOJ,pytorch_tabular_net,0.0427200011909008,Low,2026-10-01T07:22:18Z,test,0
1527-SXDPN,pytorch_tabular_net,0.0439199991524219,Low,2026-10-01T07:22:18Z,test,0
1530-ZTDOZ,pytorch_tabular_net,0.1402000039815902,Low,2026-10-01T07:22:18Z,train,0
1534-OULXE,pytorch_tabular_net,0.0267399996519088,Low,2026-10-01T07:22:18Z,test,0
1535-VTJOQ,pytorch_tabular_net,0.0218000002205371,Low,2026-10-01T07:22:18Z,test,0
1536-HBSWP,pytorch_tabular_net,0.6133700013160706,Critical,2026-10-01T07:22:18Z,test,1
1536-YHDOE,pytorch_tabular_net,0.0967999994754791,Low,2026-10-01T07:22:18Z,train,0
1539-LNKHM,pytorch_tabular_net,0.0737800002098083,Low,2026-10-01T07:22:18Z,train,0
1541-ETJZO,pytorch_tabular_net,0.4646599888801574,High,2026-10-01T07:22:18Z,train,1
1543-LLLFT,pytorch_tabular_net,0.2749800086021423,Medium,2026-10-01T07:22:18Z,train,0
1544-JJMYL,pytorch_tabular_net,0.0795399993658065,Low,2026-10-01T07:22:18Z,test,0
1545-ACTAS,pytorch_tabular_net,0.1564200073480606,Low,2026-10-01T07:22:18Z,test,0
1545-JFUML,pytorch_tabular_net,0.0808999985456466,Low,2026-10-01T07:22:18Z,train,0
1548-ARAGG,pytorch_tabular_net,0.3577699959278106,Medium,2026-10-01T07:22:18Z,train,1
1548-FEHVL,pytorch_tabular_net,0.3502100110054016,Medium,2026-10-01T07:22:18Z,train,1
1550-EENBN,pytorch_tabular_net,0.4905799925327301,High,2026-10-01T07:22:18Z,train,1
1550-LOAHA,pytorch_tabular_net,0.2042399942874908,Medium,2026-10-01T07:22:18Z,test,0
1552-AAGRX,pytorch_tabular_net,0.4444600045681,High,2026-10-01T07:22:18Z,train,1
1552-CZCLL,pytorch_tabular_net,0.0382900014519691,Low,2026-10-01T07:22:18Z,train,0
1552-TKMXS,pytorch_tabular_net,0.0505699999630451,Low,2026-10-01T07:22:18Z,train,0
1555-DJEQW,pytorch_tabular_net,0.0380199998617172,Low,2026-10-01T07:22:18Z,valid,0
1555-HAPSU,pytorch_tabular_net,0.0108000002801418,Low,2026-10-01T07:22:18Z,valid,0
1557-EMYVT,pytorch_tabular_net,0.0776100009679794,Low,2026-10-01T07:22:18Z,test,0
1559-DTODC,pytorch_tabular_net,0.3572500050067901,Medium,2026-10-01T07:22:18Z,train,1
1561-BWHIN,pytorch_tabular_net,0.017230000346899,Low,2026-10-01T07:22:18Z,train,0
1563-IWQEX,pytorch_tabular_net,0.0740699991583824,Low,2026-10-01T07:22:18Z,train,0
1564-HJUVY,pytorch_tabular_net,0.3004699945449829,Medium,2026-10-01T07:22:18Z,train,0
1564-NTYXF,pytorch_tabular_net,0.748449981212616,Critical,2026-10-01T07:22:18Z,test,1
1565-RHDJD,pytorch_tabular_net,0.5511900186538696,High,2026-10-01T07:22:18Z,train,1
1567-DSCIC,pytorch_tabular_net,0.8024500012397766,Critical,2026-10-01T07:22:18Z,valid,1
1568-BEKZM,pytorch_tabular_net,0.0535899996757507,Low,2026-10-01T07:22:18Z,train,0
1568-LJSZU,pytorch_tabular_net,0.0197599995881319,Low,2026-10-01T07:22:18Z,train,0
1569-TTNYJ,pytorch_tabular_net,0.7821099758148193,Critical,2026-10-01T07:22:18Z,test,1
1571-SAVHK,pytorch_tabular_net,0.6394100189208984,Critical,2026-10-01T07:22:18Z,train,1
1573-LGXBA,pytorch_tabular_net,0.1564099937677383,Low,2026-10-01T07:22:18Z,train,0
1574-DYCWE,pytorch_tabular_net,0.0068600000813603,Low,2026-10-01T07:22:18Z,train,0
1575-KRZZE,pytorch_tabular_net,0.2864100039005279,Medium,2026-10-01T07:22:18Z,test,0
1576-PFZIW,pytorch_tabular_net,0.0695599988102912,Low,2026-10-01T07:22:18Z,train,0
1577-HKTFG,pytorch_tabular_net,0.0524399988353252,Low,2026-10-01T07:22:18Z,train,0
1579-KLYDT,pytorch_tabular_net,0.7957199811935425,Critical,2026-10-01T07:22:18Z,train,1
1580-BMCMR,pytorch_tabular_net,0.5362200140953064,High,2026-10-01T07:22:18Z,train,1
1582-RAFML,pytorch_tabular_net,0.3659699857234955,Medium,2026-10-01T07:22:18Z,valid,1
1583-IHQZE,pytorch_tabular_net,0.6088100075721741,Critical,2026-10-01T07:22:18Z,train,1
1585-MQSSU,pytorch_tabular_net,0.090379998087883,Low,2026-10-01T07:22:18Z,train,0
1587-FKLZB,pytorch_tabular_net,0.3977499902248382,Medium,2026-10-01T07:22:18Z,valid,1
1589-AGTLK,pytorch_tabular_net,0.5678200125694275,High,2026-10-01T07:22:18Z,train,1
1591-MQJTP,pytorch_tabular_net,0.1843000054359436,Low,2026-10-01T07:22:18Z,valid,0
1591-NFNLQ,pytorch_tabular_net,0.2602500021457672,Medium,2026-10-01T07:22:18Z,train,0
1591-XWLGB,pytorch_tabular_net,0.0117100002244114,Low,2026-10-01T07:22:18Z,test,0
1596-BBVTG,pytorch_tabular_net,0.3203499913215637,Medium,2026-10-01T07:22:18Z,test,0
1596-OQSPS,pytorch_tabular_net,0.2104700058698654,Medium,2026-10-01T07:22:18Z,train,0
1597-FZREH,pytorch_tabular_net,0.3913600146770477,Medium,2026-10-01T07:22:18Z,train,1
1597-LHYNC,pytorch_tabular_net,0.6030600070953369,Critical,2026-10-01T07:22:18Z,train,1
1599-EAHXY,pytorch_tabular_net,0.0203300006687641,Low,2026-10-01T07:22:18Z,train,0
1599-MMYRQ,pytorch_tabular_net,0.0802100002765655,Low,2026-10-01T07:22:18Z,train,0
1600-DILPE,pytorch_tabular_net,0.2732000052928924,Medium,2026-10-01T07:22:18Z,train,0
1602-IJQQE,pytorch_tabular_net,0.7505000233650208,Critical,2026-10-01T07:22:18Z,train,1
1608-GMEWB,pytorch_tabular_net,0.5125799775123596,High,2026-10-01T07:22:18Z,train,1
1612-EOHDH,pytorch_tabular_net,0.5402600169181824,High,2026-10-01T07:22:18Z,train,1
1614-JBEBI,pytorch_tabular_net,0.1266999989748001,Low,2026-10-01T07:22:18Z,train,0
1618-CFHME,pytorch_tabular_net,0.7828400135040283,Critical,2026-10-01T07:22:18Z,train,1
1619-YWUBB,pytorch_tabular_net,0.0146399997174739,Low,2026-10-01T07:22:18Z,test,0
1621-YNCJH,pytorch_tabular_net,0.0364399999380111,Low,2026-10-01T07:22:18Z,train,0
1622-HSHSF,pytorch_tabular_net,0.348470002412796,Medium,2026-10-01T07:22:18Z,train,1
1623-NLDOT,pytorch_tabular_net,0.0225699990987777,Low,2026-10-01T07:22:18Z,test,0
1624-NALOJ,pytorch_tabular_net,0.7341799736022949,Critical,2026-10-01T07:22:18Z,valid,1
1624-WOIWJ,pytorch_tabular_net,0.5367900133132935,High,2026-10-01T07:22:18Z,train,1
1625-JAIIY,pytorch_tabular_net,0.2606100142002105,Medium,2026-10-01T07:22:18Z,train,0
1626-ERCMM,pytorch_tabular_net,0.7455499768257141,Critical,2026-10-01T07:22:18Z,train,1
1627-AFWVJ,pytorch_tabular_net,0.0083799995481967,Low,2026-10-01T07:22:18Z,valid,0
1628-BIZYP,pytorch_tabular_net,0.7857800126075745,Critical,2026-10-01T07:22:18Z,train,1
1629-DQQVB,pytorch_tabular_net,0.1387300044298172,Low,2026-10-01T07:22:18Z,train,0
1635-FJFCC,pytorch_tabular_net,0.4728699922561645,High,2026-10-01T07:22:18Z,train,1
1635-HDGFT,pytorch_tabular_net,0.0109000001102685,Low,2026-10-01T07:22:18Z,train,0
1635-NZATJ,pytorch_tabular_net,0.0311900004744529,Low,2026-10-01T07:22:18Z,train,0
1636-NTNCO,pytorch_tabular_net,0.7742199897766113,Critical,2026-10-01T07:22:18Z,valid,1
1640-PLFMP,pytorch_tabular_net,0.8153200149536133,Critical,2026-10-01T07:22:18Z,test,1
1641-BYBTK,pytorch_tabular_net,0.1594099998474121,Low,2026-10-01T07:22:18Z,test,0
1641-RQDAY,pytorch_tabular_net,0.5879799723625183,High,2026-10-01T07:22:18Z,train,1
1642-HMARX,pytorch_tabular_net,0.0200299993157386,Low,2026-10-01T07:22:18Z,valid,0
1644-IRKSF,pytorch_tabular_net,0.3124200105667114,Medium,2026-10-01T07:22:18Z,valid,0
1656-DRSMG,pytorch_tabular_net,0.3467299938201904,Medium,2026-10-01T07:22:18Z,train,1
1657-DYMBM,pytorch_tabular_net,0.0162499994039535,Low,2026-10-01T07:22:18Z,train,0
1658-BYGOY,pytorch_tabular_net,0.7775999903678894,Critical,2026-10-01T07:22:18Z,train,1
1658-TJVOA,pytorch_tabular_net,0.6857500076293945,Critical,2026-10-01T07:22:18Z,train,1
1658-XUHBX,pytorch_tabular_net,0.3343000113964081,Medium,2026-10-01T07:22:18Z,train,0
1660-HSOOQ,pytorch_tabular_net,0.7068700194358826,Critical,2026-10-01T07:22:18Z,train,1
1661-CZBAU,pytorch_tabular_net,0.0684899985790252,Low,2026-10-01T07:22:18Z,test,0
1663-MHLHE,pytorch_tabular_net,0.2325299978256225,Medium,2026-10-01T07:22:18Z,test,0
1666-JXLKU,pytorch_tabular_net,0.6975299715995789,Critical,2026-10-01T07:22:18Z,train,1
1666-JZPZT,pytorch_tabular_net,0.1263200044631958,Low,2026-10-01T07:22:18Z,test,0
1670-SVOWZ,pytorch_tabular_net,0.3618499934673309,Medium,2026-10-01T07:22:18Z,train,1
1676-MQAOA,pytorch_tabular_net,0.0328699983656406,Low,2026-10-01T07:22:18Z,train,0
1678-FYZOW,pytorch_tabular_net,0.8167499899864197,Critical,2026-10-01T07:22:18Z,train,1
1679-JRFBR,pytorch_tabular_net,0.2051700055599212,Medium,2026-10-01T07:22:18Z,test,0
1680-VDCWW,pytorch_tabular_net,0.0290099997073411,Low,2026-10-01T07:22:18Z,train,0
1682-VCOIO,pytorch_tabular_net,0.0202099997550249,Low,2026-10-01T07:22:18Z,train,0
1684-FLBGS,pytorch_tabular_net,0.1333000063896179,Low,2026-10-01T07:22:18Z,test,0
1685-BQULA,pytorch_tabular_net,0.3854900002479553,Medium,2026-10-01T07:22:18Z,train,1
1685-VAYJF,pytorch_tabular_net,0.2194200009107589,Medium,2026-10-01T07:22:18Z,test,0
1686-STUHN,pytorch_tabular_net,0.024550000205636,Low,2026-10-01T07:22:18Z,train,0
1689-MRZQR,pytorch_tabular_net,0.349370002746582,Medium,2026-10-01T07:22:18Z,valid,1
1689-YQBYY,pytorch_tabular_net,0.6279100179672241,Critical,2026-10-01T07:22:18Z,train,1
1696-HXOWK,pytorch_tabular_net,0.0812499970197677,Low,2026-10-01T07:22:18Z,valid,0
1696-MZVAU,pytorch_tabular_net,0.090829998254776,Low,2026-10-01T07:22:18Z,train,0
1697-BCSHV,pytorch_tabular_net,0.1005299985408783,Low,2026-10-01T07:22:18Z,train,0
1697-LYYYX,pytorch_tabular_net,0.0142999999225139,Low,2026-10-01T07:22:18Z,train,0
1697-NVVGY,pytorch_tabular_net,0.1808499991893768,Low,2026-10-01T07:22:18Z,train,0
1698-XFZCI,pytorch_tabular_net,0.3371700048446655,Medium,2026-10-01T07:22:18Z,train,0
1699-HPSBG,pytorch_tabular_net,0.219650000333786,Medium,2026-10-01T07:22:18Z,train,0
1699-TLDLZ,pytorch_tabular_net,0.0089199999347329,Low,2026-10-01T07:22:18Z,train,0
1699-UOTXU,pytorch_tabular_net,0.0278299991041421,Low,2026-10-01T07:22:18Z,train,0
1702-CCFNJ,pytorch_tabular_net,0.0357999987900257,Low,2026-10-01T07:22:18Z,train,0
1703-MGIAB,pytorch_tabular_net,0.2897599935531616,Medium,2026-10-01T07:22:18Z,train,0
1704-NRWYE,pytorch_tabular_net,0.745639979839325,Critical,2026-10-01T07:22:18Z,test,1
1705-GUHPV,pytorch_tabular_net,0.0070699998177587,Low,2026-10-01T07:22:18Z,train,0
1707-HABPF,pytorch_tabular_net,0.0909899994730949,Low,2026-10-01T07:22:18Z,test,0
1708-PBBOA,pytorch_tabular_net,0.0432300008833408,Low,2026-10-01T07:22:18Z,train,0
1709-EJDOX,pytorch_tabular_net,0.0068700001575052,Low,2026-10-01T07:22:18Z,train,0
1710-RCXUS,pytorch_tabular_net,0.2465600073337555,Medium,2026-10-01T07:22:18Z,train,0
1716-LSAMB,pytorch_tabular_net,0.0288399998098611,Low,2026-10-01T07:22:18Z,train,0
1722-LDZJS,pytorch_tabular_net,0.0183499995619058,Low,2026-10-01T07:22:18Z,test,0
1723-HKXJQ,pytorch_tabular_net,0.5931500196456909,High,2026-10-01T07:22:18Z,valid,1
1724-BQUHA,pytorch_tabular_net,0.78684002161026,Critical,2026-10-01T07:22:18Z,valid,1
1724-IQWNM,pytorch_tabular_net,0.3096100091934204,Medium,2026-10-01T07:22:18Z,train,0
1725-IQNIY,pytorch_tabular_net,0.0493000000715255,Low,2026-10-01T07:22:18Z,train,0
1725-MIMXW,pytorch_tabular_net,0.3089900016784668,Medium,2026-10-01T07:22:18Z,train,0
1728-BQDMA,pytorch_tabular_net,0.4492399990558624,High,2026-10-01T07:22:18Z,test,1
1728-CXQBE,pytorch_tabular_net,0.3972800076007843,Medium,2026-10-01T07:22:18Z,test,1
1729-VLAZJ,pytorch_tabular_net,0.0259899999946355,Low,2026-10-01T07:22:18Z,train,0
1730-VFMWO,pytorch_tabular_net,0.0550299994647502,Low,2026-10-01T07:22:18Z,valid,0
1730-ZMAME,pytorch_tabular_net,0.5151399970054626,High,2026-10-01T07:22:18Z,train,1
1731-TVIUK,pytorch_tabular_net,0.6916800141334534,Critical,2026-10-01T07:22:18Z,train,1
1732-FEKLD,pytorch_tabular_net,0.1153400018811225,Low,2026-10-01T07:22:18Z,train,0
1732-VHUBQ,pytorch_tabular_net,0.1023899987339973,Low,2026-10-01T07:22:18Z,valid,0
1734-ZMNTZ,pytorch_tabular_net,0.0133600002154707,Low,2026-10-01T07:22:18Z,train,0
1735-XMJVH,pytorch_tabular_net,0.1195499971508979,Low,2026-10-01T07:22:18Z,test,0
1740-CSDJP,pytorch_tabular_net,0.7761200070381165,Critical,2026-10-01T07:22:18Z,train,1
1741-WTPON,pytorch_tabular_net,0.0725400000810623,Low,2026-10-01T07:22:18Z,train,0
1744-JHKYS,pytorch_tabular_net,0.0611400008201599,Low,2026-10-01T07:22:18Z,train,0
1746-TGTWV,pytorch_tabular_net,0.6328200101852417,Critical,2026-10-01T07:22:18Z,test,1
1750-CSKKM,pytorch_tabular_net,0.3058499991893768,Medium,2026-10-01T07:22:18Z,train,0
1751-NCDLI,pytorch_tabular_net,0.6495100259780884,Critical,2026-10-01T07:22:18Z,train,1
1752-OZXFY,pytorch_tabular_net,0.0640600025653839,Low,2026-10-01T07:22:18Z,valid,0
1754-GKYPY,pytorch_tabular_net,0.4989100098609924,High,2026-10-01T07:22:18Z,train,1
1755-FZQEC,pytorch_tabular_net,0.016780000180006,Low,2026-10-01T07:22:18Z,valid,0
1755-RMCXH,pytorch_tabular_net,0.1396899968385696,Low,2026-10-01T07:22:18Z,train,0
1757-TCATG,pytorch_tabular_net,0.0184099990874528,Low,2026-10-01T07:22:18Z,valid,0
1760-CAZHT,pytorch_tabular_net,0.0519799999892711,Low,2026-10-01T07:22:18Z,test,0
1761-AEZZR,pytorch_tabular_net,0.84197998046875,Critical,2026-10-01T07:22:18Z,train,1
1763-KUAAW,pytorch_tabular_net,0.0574400015175342,Low,2026-10-01T07:22:18Z,train,0
1763-WQFUK,pytorch_tabular_net,0.3687300086021423,Medium,2026-10-01T07:22:18Z,test,1
1764-VUUMT,pytorch_tabular_net,0.0212200004607439,Low,2026-10-01T07:22:18Z,train,0
1766-GKNMI,pytorch_tabular_net,0.5243200063705444,High,2026-10-01T07:22:18Z,train,1
1767-CJKBA,pytorch_tabular_net,0.0118100000545382,Low,2026-10-01T07:22:18Z,train,0
1767-TGTKO,pytorch_tabular_net,0.4988200068473816,High,2026-10-01T07:22:18Z,test,1
1768-HNVGJ,pytorch_tabular_net,0.1785600036382675,Low,2026-10-01T07:22:18Z,train,0
1768-ZAIFU,pytorch_tabular_net,0.8576700091362,Critical,2026-10-01T07:22:18Z,train,1
1769-GRUIK,pytorch_tabular_net,0.4689500033855438,High,2026-10-01T07:22:18Z,test,1
1771-OADNZ,pytorch_tabular_net,0.6153799891471863,Critical,2026-10-01T07:22:18Z,valid,1
1775-KWJKQ,pytorch_tabular_net,0.0226000007241964,Low,2026-10-01T07:22:18Z,valid,0
1776-SPBWV,pytorch_tabular_net,0.0203699991106987,Low,2026-10-01T07:22:18Z,train,0
1777-JYQPJ,pytorch_tabular_net,0.4760299921035766,High,2026-10-01T07:22:18Z,train,1
1779-PWPMG,pytorch_tabular_net,0.0560600012540817,Low,2026-10-01T07:22:18Z,train,0
1784-BXEFA,pytorch_tabular_net,0.1074500009417533,Low,2026-10-01T07:22:18Z,train,0
1784-EZDKJ,pytorch_tabular_net,0.3265300095081329,Medium,2026-10-01T07:22:18Z,train,0
1785-BPHTP,pytorch_tabular_net,0.3653999865055084,Medium,2026-10-01T07:22:18Z,train,1
1790-NESIO,pytorch_tabular_net,0.0137799996882677,Low,2026-10-01T07:22:18Z,train,0
1791-PQHBB,pytorch_tabular_net,0.4423199892044067,High,2026-10-01T07:22:18Z,train,1
1792-UXAFY,pytorch_tabular_net,0.6715599894523621,Critical,2026-10-01T07:22:18Z,train,1
1794-HBQTJ,pytorch_tabular_net,0.5515900254249573,High,2026-10-01T07:22:18Z,train,1
1794-SWWKL,pytorch_tabular_net,0.1655900031328201,Low,2026-10-01T07:22:18Z,train,0
1796-JANOW,pytorch_tabular_net,0.1880300045013427,Low,2026-10-01T07:22:18Z,valid,0
1803-BGNBD,pytorch_tabular_net,0.2565500140190124,Medium,2026-10-01T07:22:18Z,valid,0
1809-DMJHQ,pytorch_tabular_net,0.2529700100421905,Medium,2026-10-01T07:22:18Z,train,0
1810-BOHSY,pytorch_tabular_net,0.218189999461174,Medium,2026-10-01T07:22:18Z,train,0
1810-MVMAI,pytorch_tabular_net,0.0886199995875358,Low,2026-10-01T07:22:18Z,train,0
1813-JLKWR,pytorch_tabular_net,0.013829999603331,Low,2026-10-01T07:22:18Z,train,0
1813-JYWTO,pytorch_tabular_net,0.0246399994939565,Low,2026-10-01T07:22:18Z,test,0
1814-DKOLC,pytorch_tabular_net,0.1520700007677078,Low,2026-10-01T07:22:18Z,test,0
1814-WFGVS,pytorch_tabular_net,0.013150000013411,Low,2026-10-01T07:22:18Z,train,0
1816-FLZDK,pytorch_tabular_net,0.5251399874687195,High,2026-10-01T07:22:18Z,train,1
1818-ESQMW,pytorch_tabular_net,0.3759100139141083,Medium,2026-10-01T07:22:18Z,train,1
1820-DJFPH,pytorch_tabular_net,0.0135700004175305,Low,2026-10-01T07:22:18Z,test,0
1820-TQVEV,pytorch_tabular_net,0.7986099720001221,Critical,2026-10-01T07:22:18Z,train,1
1821-BUCWY,pytorch_tabular_net,0.0275299996137619,Low,2026-10-01T07:22:18Z,train,0
1830-GGFNM,pytorch_tabular_net,0.0387500002980232,Low,2026-10-01T07:22:18Z,test,0
1830-IPXVJ,pytorch_tabular_net,0.0109200002625584,Low,2026-10-01T07:22:18Z,train,0
1832-PEUTS,pytorch_tabular_net,0.0650499984622001,Low,2026-10-01T07:22:18Z,train,0
1833-TCXKK,pytorch_tabular_net,0.4299899935722351,High,2026-10-01T07:22:18Z,train,1
1833-VGRUM,pytorch_tabular_net,0.8699300289154053,Critical,2026-10-01T07:22:18Z,train,1
1834-ABKHQ,pytorch_tabular_net,0.033670000731945,Low,2026-10-01T07:22:18Z,train,0
1834-WULEG,pytorch_tabular_net,0.0161499995738267,Low,2026-10-01T07:22:18Z,train,0
1837-YQUCE,pytorch_tabular_net,0.013489999808371,Low,2026-10-01T07:22:18Z,train,0
1839-FBNFR,pytorch_tabular_net,0.0149800004437565,Low,2026-10-01T07:22:18Z,train,0
1839-UMACK,pytorch_tabular_net,0.0272000003606081,Low,2026-10-01T07:22:18Z,train,0
1840-BIUOG,pytorch_tabular_net,0.2426899969577789,Medium,2026-10-01T07:22:18Z,train,0
1841-YSJGV,pytorch_tabular_net,0.0961000025272369,Low,2026-10-01T07:22:18Z,train,0
1842-EZJMK,pytorch_tabular_net,0.3153600096702575,Medium,2026-10-01T07:22:18Z,train,0
1843-TLSGD,pytorch_tabular_net,0.0096199996769428,Low,2026-10-01T07:22:18Z,train,0
1845-CSBRZ,pytorch_tabular_net,0.3090499937534332,Medium,2026-10-01T07:22:18Z,train,0
1845-ZLLIG,pytorch_tabular_net,0.5886800289154053,High,2026-10-01T07:22:18Z,test,1
1846-XWOQN,pytorch_tabular_net,0.8362500071525574,Critical,2026-10-01T07:22:18Z,train,1
1848-LBZHY,pytorch_tabular_net,0.2487400025129318,Medium,2026-10-01T07:22:18Z,train,0
1849-RJYIG,pytorch_tabular_net,0.3782899975776672,Medium,2026-10-01T07:22:18Z,train,1
1850-AKQEP,pytorch_tabular_net,0.0860499963164329,Low,2026-10-01T07:22:18Z,train,0
1852-QSWCD,pytorch_tabular_net,0.0161000005900859,Low,2026-10-01T07:22:18Z,test,0
1852-XEMDW,pytorch_tabular_net,0.0974899977445602,Low,2026-10-01T07:22:18Z,test,0
1853-ARAAQ,pytorch_tabular_net,0.3983100056648254,Medium,2026-10-01T07:22:18Z,train,1
1853-UDXBW,pytorch_tabular_net,0.825469970703125,Critical,2026-10-01T07:22:18Z,train,1
1855-AGAWH,pytorch_tabular_net,0.3991599977016449,Medium,2026-10-01T07:22:18Z,train,1
1855-CFULU,pytorch_tabular_net,0.2904799878597259,Medium,2026-10-01T07:22:18Z,test,0
1862-QRWPE,pytorch_tabular_net,0.0116999996826052,Low,2026-10-01T07:22:18Z,train,0
1862-SKORY,pytorch_tabular_net,0.559719979763031,High,2026-10-01T07:22:18Z,train,1
1866-DIOQZ,pytorch_tabular_net,0.0797099992632865,Low,2026-10-01T07:22:18Z,test,0
1866-NXPSP,pytorch_tabular_net,0.047860000282526,Low,2026-10-01T07:22:18Z,train,0
1866-OBPNR,pytorch_tabular_net,0.588379979133606,High,2026-10-01T07:22:18Z,train,1
1866-RZZQS,pytorch_tabular_net,0.7088199853897095,Critical,2026-10-01T07:22:18Z,train,1
1866-ZSLJM,pytorch_tabular_net,0.0935999974608421,Low,2026-10-01T07:22:18Z,train,0
1867-BDVFH,pytorch_tabular_net,0.7230600118637085,Critical,2026-10-01T07:22:18Z,valid,1
1867-TJHTS,pytorch_tabular_net,0.1577699929475784,Low,2026-10-01T07:22:18Z,test,0
1871-MOWRM,pytorch_tabular_net,0.2378399968147277,Medium,2026-10-01T07:22:18Z,train,0
1872-EBWSC,pytorch_tabular_net,0.0132799996063113,Low,2026-10-01T07:22:18Z,train,0
1875-QIVME,pytorch_tabular_net,0.8733299970626831,Critical,2026-10-01T07:22:18Z,train,1
1877-HKBQX,pytorch_tabular_net,0.0670799985527992,Low,2026-10-01T07:22:18Z,train,0
1891-FZYSA,pytorch_tabular_net,0.4903300106525421,High,2026-10-01T07:22:18Z,train,1
1891-QRQSA,pytorch_tabular_net,0.0644299983978271,Low,2026-10-01T07:22:18Z,train,0
1891-UAWWU,pytorch_tabular_net,0.6299099922180176,Critical,2026-10-01T07:22:18Z,train,1
1894-IGFSG,pytorch_tabular_net,0.5216599702835083,High,2026-10-01T07:22:18Z,valid,1
1895-QTKDO,pytorch_tabular_net,0.458050012588501,High,2026-10-01T07:22:18Z,valid,1
1897-OKVMW,pytorch_tabular_net,0.0186199992895126,Low,2026-10-01T07:22:18Z,train,0
1897-RCFUM,pytorch_tabular_net,0.0181499999016523,Low,2026-10-01T07:22:18Z,train,0
1898-JSNDC,pytorch_tabular_net,0.0834499970078468,Low,2026-10-01T07:22:18Z,train,0
1899-VXWXM,pytorch_tabular_net,0.3361200094223022,Medium,2026-10-01T07:22:18Z,train,0
1902-XBTFB,pytorch_tabular_net,0.569130003452301,High,2026-10-01T07:22:18Z,train,1
1904-WAJAA,pytorch_tabular_net,0.0214799996465444,Low,2026-10-01T07:22:18Z,valid,0
1905-OEILC,pytorch_tabular_net,0.2506900131702423,Medium,2026-10-01T07:22:18Z,train,0
1907-UBQFC,pytorch_tabular_net,0.6270700097084045,Critical,2026-10-01T07:22:18Z,train,1
1907-YLNYW,pytorch_tabular_net,0.3038800060749054,Medium,2026-10-01T07:22:18Z,valid,0
1910-FMXJM,pytorch_tabular_net,0.3219900131225586,Medium,2026-10-01T07:22:18Z,train,0
1915-IOFGU,pytorch_tabular_net,0.7297899723052979,Critical,2026-10-01T07:22:18Z,train,1
1915-OAKWD,pytorch_tabular_net,0.0377499982714653,Low,2026-10-01T07:22:18Z,train,0
1918-ZBFQJ,pytorch_tabular_net,0.6190800070762634,Critical,2026-10-01T07:22:18Z,train,1
1919-RTPQD,pytorch_tabular_net,0.2845099866390228,Medium,2026-10-01T07:22:18Z,train,0
1921-KYSAY,pytorch_tabular_net,0.095660001039505,Low,2026-10-01T07:22:18Z,train,0
1925-GMVBW,pytorch_tabular_net,0.165470004081726,Low,2026-10-01T07:22:18Z,test,0
1925-LFCZZ,pytorch_tabular_net,0.1404500007629394,Low,2026-10-01T07:22:18Z,valid,0
1925-TIBLE,pytorch_tabular_net,0.7539899945259094,Critical,2026-10-01T07:22:18Z,train,1
1926-QUZNN,pytorch_tabular_net,0.0126299997791647,Low,2026-10-01T07:22:18Z,train,0
1927-QEWMY,pytorch_tabular_net,0.0118500003591179,Low,2026-10-01T07:22:18Z,test,0
1928-BXYIV,pytorch_tabular_net,0.4762299954891205,High,2026-10-01T07:22:18Z,train,1
1929-ZCBHE,pytorch_tabular_net,0.0280399993062019,Low,2026-10-01T07:22:18Z,train,0
1930-BZLHI,pytorch_tabular_net,0.0264599993824958,Low,2026-10-01T07:22:18Z,train,0
1930-QPBVZ,pytorch_tabular_net,0.0376899987459182,Low,2026-10-01T07:22:18Z,test,0
1930-WNXSB,pytorch_tabular_net,0.3885999917984009,Medium,2026-10-01T07:22:18Z,test,1
1932-UEDCX,pytorch_tabular_net,0.4890500009059906,High,2026-10-01T07:22:18Z,valid,1
1934-MKPXS,pytorch_tabular_net,0.0182099994271993,Low,2026-10-01T07:22:18Z,test,0
1934-SJVJK,pytorch_tabular_net,0.2301799952983856,Medium,2026-10-01T07:22:18Z,test,0
1935-IMVBB,pytorch_tabular_net,0.3019199967384338,Medium,2026-10-01T07:22:18Z,test,0
1936-CZAKF,pytorch_tabular_net,0.069470003247261,Low,2026-10-01T07:22:18Z,train,0
1936-UAFEH,pytorch_tabular_net,0.0931100025773048,Low,2026-10-01T07:22:18Z,test,0
1937-OTUKY,pytorch_tabular_net,0.0280200000852346,Low,2026-10-01T07:22:18Z,train,0
1941-HOSAM,pytorch_tabular_net,0.8299800157546997,Critical,2026-10-01T07:22:18Z,train,1
1942-OQFRW,pytorch_tabular_net,0.5218499898910522,High,2026-10-01T07:22:18Z,test,1
1945-XISKS,pytorch_tabular_net,0.0062799998559057,Low,2026-10-01T07:22:18Z,train,0
1950-KSVVJ,pytorch_tabular_net,0.208419993519783,Medium,2026-10-01T07:22:18Z,train,0
1951-IEYXM,pytorch_tabular_net,0.0219299998134374,Low,2026-10-01T07:22:18Z,train,0
1952-DVVSW,pytorch_tabular_net,0.0210999995470047,Low,2026-10-01T07:22:18Z,valid,0
1955-IBMMB,pytorch_tabular_net,0.0180900003761053,Low,2026-10-01T07:22:18Z,valid,0
1956-YIFGE,pytorch_tabular_net,0.3627499938011169,Medium,2026-10-01T07:22:18Z,train,1
1958-RNRKS,pytorch_tabular_net,0.1750999987125396,Low,2026-10-01T07:22:18Z,test,0
1960-UOTYM,pytorch_tabular_net,0.0289799999445676,Low,2026-10-01T07:22:18Z,train,0
1960-UYCNN,pytorch_tabular_net,0.7137100100517273,Critical,2026-10-01T07:22:18Z,train,1
1963-SVUCV,pytorch_tabular_net,0.5181999802589417,High,2026-10-01T07:22:18Z,train,1
1963-VAUKV,pytorch_tabular_net,0.2495000064373016,Medium,2026-10-01T07:22:18Z,train,0
1964-SVLEA,pytorch_tabular_net,0.026520000770688,Low,2026-10-01T07:22:18Z,train,0
1965-AKTSX,pytorch_tabular_net,0.6851099729537964,Critical,2026-10-01T07:22:18Z,valid,1
1965-DDBWU,pytorch_tabular_net,0.48403000831604,High,2026-10-01T07:22:18Z,valid,1
1970-KKFWL,pytorch_tabular_net,0.0158600006252527,Low,2026-10-01T07:22:18Z,valid,0
1971-DTCZB,pytorch_tabular_net,0.0191399995237588,Low,2026-10-01T07:22:18Z,test,0
1972-XMUWV,pytorch_tabular_net,0.0297299996018409,Low,2026-10-01T07:22:18Z,valid,0
1976-AZZPJ,pytorch_tabular_net,0.2417899966239929,Medium,2026-10-01T07:22:18Z,train,0
1976-CFOCS,pytorch_tabular_net,0.5957599878311157,High,2026-10-01T07:22:18Z,test,1
1977-STDKI,pytorch_tabular_net,0.8297799825668335,Critical,2026-10-01T07:22:18Z,valid,1
1980-KXVPM,pytorch_tabular_net,0.8215600252151489,Critical,2026-10-01T07:22:18Z,train,1
1981-INRFU,pytorch_tabular_net,0.8395799994468689,Critical,2026-10-01T07:22:18Z,train,1
1982-FEBTD,pytorch_tabular_net,0.0165400002151727,Low,2026-10-01T07:22:18Z,train,0
1984-FCOWB,pytorch_tabular_net,0.2577300071716308,Medium,2026-10-01T07:22:18Z,train,0
1984-GPTEH,pytorch_tabular_net,0.069920003414154,Low,2026-10-01T07:22:18Z,test,0
1985-MBRYP,pytorch_tabular_net,0.0146199995651841,Low,2026-10-01T07:22:18Z,train,0
1986-PHGZF,pytorch_tabular_net,0.490229994058609,High,2026-10-01T07:22:18Z,train,1
1987-AUELQ,pytorch_tabular_net,0.0126700000837445,Low,2026-10-01T07:22:18Z,valid,0
1989-PRJHP,pytorch_tabular_net,0.6068000197410583,Critical,2026-10-01T07:22:18Z,train,1
1991-VOPLL,pytorch_tabular_net,0.0884300023317337,Low,2026-10-01T07:22:18Z,train,0
1996-DBMUS,pytorch_tabular_net,0.2466499954462051,Medium,2026-10-01T07:22:18Z,test,0
1998-VHJHK,pytorch_tabular_net,0.013829999603331,Low,2026-10-01T07:22:18Z,valid,0
2000-DHJUY,pytorch_tabular_net,0.0283400006592273,Low,2026-10-01T07:22:18Z,train,0
2000-MPKCA,pytorch_tabular_net,0.2797499895095825,Medium,2026-10-01T07:22:18Z,train,0
2001-EWBQU,pytorch_tabular_net,0.0755100026726722,Low,2026-10-01T07:22:18Z,test,0
2001-MCUUW,pytorch_tabular_net,0.1297699958086013,Low,2026-10-01T07:22:18Z,valid,0
2002-MZHWP,pytorch_tabular_net,0.2493800073862075,Medium,2026-10-01T07:22:18Z,train,0
2003-CKLOR,pytorch_tabular_net,0.3158499896526336,Medium,2026-10-01T07:22:18Z,train,0
2004-OCQXK,pytorch_tabular_net,0.8316599726676941,Critical,2026-10-01T07:22:18Z,test,1
2005-DWQZJ,pytorch_tabular_net,0.013770000077784,Low,2026-10-01T07:22:18Z,train,0
2007-QVGAW,pytorch_tabular_net,0.0134500004351139,Low,2026-10-01T07:22:18Z,train,0
2011-TRQYE,pytorch_tabular_net,0.3944900035858154,Medium,2026-10-01T07:22:18Z,train,1
2012-NWRPA,pytorch_tabular_net,0.8352900147438049,Critical,2026-10-01T07:22:18Z,train,1
2013-SGDXK,pytorch_tabular_net,0.7851499915122986,Critical,2026-10-01T07:22:18Z,test,1
2014-MKGMH,pytorch_tabular_net,0.4059700071811676,High,2026-10-01T07:22:18Z,train,1
2017-CCBLH,pytorch_tabular_net,0.0157399997115135,Low,2026-10-01T07:22:18Z,test,0
2018-PZKMU,pytorch_tabular_net,0.5303599834442139,High,2026-10-01T07:22:18Z,train,1
2018-QKYGT,pytorch_tabular_net,0.8108900189399719,Critical,2026-10-01T07:22:18Z,test,1
2019-HDCZY,pytorch_tabular_net,0.1557600051164627,Low,2026-10-01T07:22:18Z,test,0
2023-VQFDL,pytorch_tabular_net,0.0849199965596199,Low,2026-10-01T07:22:18Z,valid,0
2024-BASKD,pytorch_tabular_net,0.8321300148963928,Critical,2026-10-01T07:22:18Z,valid,1
2025-JKFWI,pytorch_tabular_net,0.6360300183296204,Critical,2026-10-01T07:22:18Z,test,1
2026-TGDHM,pytorch_tabular_net,0.6299999952316284,Critical,2026-10-01T07:22:18Z,valid,1
2027-CWDNU,pytorch_tabular_net,0.3921099901199341,Medium,2026-10-01T07:22:18Z,train,1
2027-DNKIV,pytorch_tabular_net,0.0488499999046325,Low,2026-10-01T07:22:18Z,test,0
2027-FECZV,pytorch_tabular_net,0.7906699776649475,Critical,2026-10-01T07:22:18Z,train,1
2027-OAQQC,pytorch_tabular_net,0.2522700130939483,Medium,2026-10-01T07:22:18Z,test,0
2027-WKXMW,pytorch_tabular_net,0.3429700136184692,Medium,2026-10-01T07:22:18Z,train,1
2030-BTZRO,pytorch_tabular_net,0.0219700001180171,Low,2026-10-01T07:22:18Z,train,0
2034-CGRHZ,pytorch_tabular_net,0.6891199946403503,Critical,2026-10-01T07:22:18Z,train,1
2034-GDRCN,pytorch_tabular_net,0.8032699823379517,Critical,2026-10-01T07:22:18Z,train,1
2037-SGXHH,pytorch_tabular_net,0.5969700217247009,High,2026-10-01T07:22:18Z,train,1
2037-XJFUP,pytorch_tabular_net,0.3654899895191192,Medium,2026-10-01T07:22:18Z,test,1
2038-LLMLM,pytorch_tabular_net,0.5160199999809265,High,2026-10-01T07:22:18Z,valid,1
2038-OEQZH,pytorch_tabular_net,0.6141999959945679,Critical,2026-10-01T07:22:18Z,train,1
2038-YSEZE,pytorch_tabular_net,0.0694300010800361,Low,2026-10-01T07:22:18Z,train,0
2039-JONDJ,pytorch_tabular_net,0.0528399981558322,Low,2026-10-01T07:22:18Z,train,0
2040-LDIWQ,pytorch_tabular_net,0.0259899999946355,Low,2026-10-01T07:22:18Z,valid,0
2040-OBMLJ,pytorch_tabular_net,0.1494500041007995,Low,2026-10-01T07:22:18Z,train,0
2040-VZIKE,pytorch_tabular_net,0.3781200051307678,Medium,2026-10-01T07:22:18Z,train,1
2040-XBAVJ,pytorch_tabular_net,0.0591799989342689,Low,2026-10-01T07:22:18Z,train,0
2041-JIJCI,pytorch_tabular_net,0.5535299777984619,High,2026-10-01T07:22:18Z,train,1
2043-WVTQJ,pytorch_tabular_net,0.3760600090026855,Medium,2026-10-01T07:22:18Z,train,1
2045-BMBTJ,pytorch_tabular_net,0.4172399938106537,High,2026-10-01T07:22:18Z,train,1
2049-BAFNW,pytorch_tabular_net,0.4475399851799011,High,2026-10-01T07:22:18Z,train,1
2050-ONYDQ,pytorch_tabular_net,0.0108500001952052,Low,2026-10-01T07:22:18Z,train,0
2054-PJOCK,pytorch_tabular_net,0.0741299986839294,Low,2026-10-01T07:22:18Z,train,0
2055-BFOCC,pytorch_tabular_net,0.0885799974203109,Low,2026-10-01T07:22:18Z,test,0
2055-PDADH,pytorch_tabular_net,0.7724999785423279,Critical,2026-10-01T07:22:18Z,test,1
2055-SIFSS,pytorch_tabular_net,0.0718600004911422,Low,2026-10-01T07:22:18Z,valid,0
2056-EVGZL,pytorch_tabular_net,0.1211699992418289,Low,2026-10-01T07:22:18Z,train,0
2057-BOYKM,pytorch_tabular_net,0.0293700005859136,Low,2026-10-01T07:22:18Z,test,0
2057-ZBLPD,pytorch_tabular_net,0.602590024471283,Critical,2026-10-01T07:22:18Z,train,1
2058-DCJBE,pytorch_tabular_net,0.6615399718284607,Critical,2026-10-01T07:22:18Z,train,1
2061-VVFST,pytorch_tabular_net,0.0465800017118454,Low,2026-10-01T07:22:18Z,test,0
2065-MMKGR,pytorch_tabular_net,0.2382300049066543,Medium,2026-10-01T07:22:18Z,train,0
2067-QYTCF,pytorch_tabular_net,0.3157199919223785,Medium,2026-10-01T07:22:18Z,train,0
2068-WWXQZ,pytorch_tabular_net,0.0203600004315376,Low,2026-10-01T07:22:18Z,train,0
2070-FNEXE,pytorch_tabular_net,0.3765000104904175,Medium,2026-10-01T07:22:18Z,train,1
2070-XYMFH,pytorch_tabular_net,0.5959100127220154,High,2026-10-01T07:22:18Z,train,1
2072-ZVJJX,pytorch_tabular_net,0.0170499999076128,Low,2026-10-01T07:22:18Z,test,0
2073-QBVBI,pytorch_tabular_net,0.0224399995058774,Low,2026-10-01T07:22:18Z,train,0
2074-GKOWZ,pytorch_tabular_net,0.7589399814605713,Critical,2026-10-01T07:22:18Z,train,1
2074-GUHPQ,pytorch_tabular_net,0.510200023651123,High,2026-10-01T07:22:18Z,train,1
2075-PUEPR,pytorch_tabular_net,0.0154400002211332,Low,2026-10-01T07:22:18Z,train,0
2075-RMJIK,pytorch_tabular_net,0.2658900022506714,Medium,2026-10-01T07:22:18Z,valid,0
2077-DDHJK,pytorch_tabular_net,0.0169099997729063,Low,2026-10-01T07:22:18Z,train,0
2077-MPJQO,pytorch_tabular_net,0.7937600016593933,Critical,2026-10-01T07:22:18Z,valid,1
2079-FBMZK,pytorch_tabular_net,0.5729399919509888,High,2026-10-01T07:22:18Z,test,1
2080-CAZNM,pytorch_tabular_net,0.6294500231742859,Critical,2026-10-01T07:22:18Z,test,1
2080-GKCWQ,pytorch_tabular_net,0.6024600267410278,Critical,2026-10-01T07:22:18Z,valid,1
2080-SRCDE,pytorch_tabular_net,0.2432399988174438,Medium,2026-10-01T07:22:18Z,train,0
2081-KJSQF,pytorch_tabular_net,0.3257299959659576,Medium,2026-10-01T07:22:18Z,train,0
2081-VEYEH,pytorch_tabular_net,0.6926400065422058,Critical,2026-10-01T07:22:18Z,valid,1
2082-CEFLT,pytorch_tabular_net,0.6929200291633606,Critical,2026-10-01T07:22:18Z,train,1
2082-OJVTK,pytorch_tabular_net,0.6700199842453003,Critical,2026-10-01T07:22:18Z,train,1
2085-BOJKI,pytorch_tabular_net,0.3206799924373626,Medium,2026-10-01T07:22:18Z,train,0
2085-JVGAD,pytorch_tabular_net,0.0496300011873245,Low,2026-10-01T07:22:18Z,train,0
2087-QAREY,pytorch_tabular_net,0.1793300062417984,Low,2026-10-01T07:22:18Z,train,0
2088-IEBAU,pytorch_tabular_net,0.0242800004780292,Low,2026-10-01T07:22:18Z,valid,0
2091-GPPIQ,pytorch_tabular_net,0.0401000007987022,Low,2026-10-01T07:22:18Z,train,0
2091-MJTFX,pytorch_tabular_net,0.2397300004959106,Medium,2026-10-01T07:22:18Z,test,0
2091-RFFBA,pytorch_tabular_net,0.5519499778747559,High,2026-10-01T07:22:18Z,train,1
2096-XOTMO,pytorch_tabular_net,0.0533699989318847,Low,2026-10-01T07:22:18Z,valid,0
2097-YVPKN,pytorch_tabular_net,0.0123300002887845,Low,2026-10-01T07:22:18Z,train,0
2100-BDNSN,pytorch_tabular_net,0.2351499944925308,Medium,2026-10-01T07:22:18Z,valid,0
2101-RANCD,pytorch_tabular_net,0.3135299980640411,Medium,2026-10-01T07:22:18Z,valid,0
2103-ZRXFN,pytorch_tabular_net,0.5412099957466125,High,2026-10-01T07:22:18Z,train,1
2105-PHWON,pytorch_tabular_net,0.3762300014495849,Medium,2026-10-01T07:22:18Z,train,1
2107-FBPTK,pytorch_tabular_net,0.7196800112724304,Critical,2026-10-01T07:22:18Z,train,1
2108-GLPQB,pytorch_tabular_net,0.1389899998903274,Low,2026-10-01T07:22:18Z,train,0
2108-XWMPY,pytorch_tabular_net,0.5007699728012085,High,2026-10-01T07:22:18Z,train,1
2108-YKQTY,pytorch_tabular_net,0.3164100050926208,Medium,2026-10-01T07:22:18Z,test,0
2111-DWYHN,pytorch_tabular_net,0.2280099987983703,Medium,2026-10-01T07:22:18Z,test,0
2114-MGINA,pytorch_tabular_net,0.5422199964523315,High,2026-10-01T07:22:18Z,train,1
2115-BFTIW,pytorch_tabular_net,0.2023700028657913,Medium,2026-10-01T07:22:18Z,test,0
2120-SMPEX,pytorch_tabular_net,0.0596100017428398,Low,2026-10-01T07:22:18Z,train,0
2121-JAFOM,pytorch_tabular_net,0.0438399985432624,Low,2026-10-01T07:22:18Z,valid,0
2122-SZZZD,pytorch_tabular_net,0.0300299990922212,Low,2026-10-01T07:22:18Z,train,0
2122-YWVYA,pytorch_tabular_net,0.4065000116825104,High,2026-10-01T07:22:18Z,train,1
2123-AGEEN,pytorch_tabular_net,0.7706599831581116,Critical,2026-10-01T07:22:18Z,train,1
2123-VSCOT,pytorch_tabular_net,0.0225099995732307,Low,2026-10-01T07:22:18Z,train,0
2126-GSEGL,pytorch_tabular_net,0.0197899993509054,Low,2026-10-01T07:22:18Z,train,0
2129-ALKBS,pytorch_tabular_net,0.0781600028276443,Low,2026-10-01T07:22:18Z,train,0
2133-TSRRM,pytorch_tabular_net,0.3638499975204468,Medium,2026-10-01T07:22:18Z,train,1
2135-DQWAQ,pytorch_tabular_net,0.7329800128936768,Critical,2026-10-01T07:22:18Z,train,1
2135-RXIHG,pytorch_tabular_net,0.6927800178527832,Critical,2026-10-01T07:22:18Z,train,1
2137-DQMEV,pytorch_tabular_net,0.0393199995160102,Low,2026-10-01T07:22:18Z,train,0
2138-VFAPZ,pytorch_tabular_net,0.0137999998405575,Low,2026-10-01T07:22:18Z,train,0
2139-FQHLM,pytorch_tabular_net,0.3427099883556366,Medium,2026-10-01T07:22:18Z,train,1
2141-RRYGO,pytorch_tabular_net,0.3868499994277954,Medium,2026-10-01T07:22:18Z,train,1
2143-LJULT,pytorch_tabular_net,0.0148999998345971,Low,2026-10-01T07:22:18Z,test,0
2144-BFDSO,pytorch_tabular_net,0.3183099925518036,Medium,2026-10-01T07:22:18Z,test,0
2144-ESWKO,pytorch_tabular_net,0.0543299987912178,Low,2026-10-01T07:22:18Z,valid,0
2146-EGVDT,pytorch_tabular_net,0.0146199995651841,Low,2026-10-01T07:22:18Z,test,0
2150-OEGBV,pytorch_tabular_net,0.0278699994087219,Low,2026-10-01T07:22:18Z,test,0
2150-UWTFY,pytorch_tabular_net,0.0723399966955185,Low,2026-10-01T07:22:18Z,valid,0
2150-WLKUW,pytorch_tabular_net,0.0431599989533424,Low,2026-10-01T07:22:18Z,train,0
2153-MREFK,pytorch_tabular_net,0.1762000024318695,Low,2026-10-01T07:22:18Z,train,0
2154-KVJFF,pytorch_tabular_net,0.5286300182342529,High,2026-10-01T07:22:18Z,valid,1
2155-AMQRX,pytorch_tabular_net,0.2294099926948547,Medium,2026-10-01T07:22:18Z,test,0
2157-MXBJS,pytorch_tabular_net,0.4505900144577026,High,2026-10-01T07:22:18Z,train,1
2159-TURXX,pytorch_tabular_net,0.146589994430542,Low,2026-10-01T07:22:18Z,test,0
2160-GPFXD,pytorch_tabular_net,0.0421000011265277,Low,2026-10-01T07:22:18Z,valid,0
2162-FRZAA,pytorch_tabular_net,0.0085899997502565,Low,2026-10-01T07:22:18Z,train,0
2164-SOQXL,pytorch_tabular_net,0.0475100018084049,Low,2026-10-01T07:22:18Z,test,0
2165-VOEGB,pytorch_tabular_net,0.1721599996089935,Low,2026-10-01T07:22:18Z,train,0
2167-FQSTQ,pytorch_tabular_net,0.0199699997901916,Low,2026-10-01T07:22:18Z,valid,0
2169-RRLFW,pytorch_tabular_net,0.0126700000837445,Low,2026-10-01T07:22:18Z,train,0
2171-UDMFD,pytorch_tabular_net,0.0619900003075599,Low,2026-10-01T07:22:18Z,train,0
2172-EJXVF,pytorch_tabular_net,0.3227800130844116,Medium,2026-10-01T07:22:18Z,valid,0
2176-LVPNX,pytorch_tabular_net,0.0389899984002113,Low,2026-10-01T07:22:18Z,train,0
2176-OSJUV,pytorch_tabular_net,0.0258099995553493,Low,2026-10-01T07:22:18Z,train,0
2178-PMGCJ,pytorch_tabular_net,0.3353300094604492,Medium,2026-10-01T07:22:18Z,test,0
2180-DXNEG,pytorch_tabular_net,0.6868100166320801,Critical,2026-10-01T07:22:18Z,test,1
2181-TIDSV,pytorch_tabular_net,0.0181699991226196,Low,2026-10-01T07:22:18Z,test,0
2181-UAESM,pytorch_tabular_net,0.3599199950695038,Medium,2026-10-01T07:22:18Z,train,1
2186-QZEYA,pytorch_tabular_net,0.2860499918460846,Medium,2026-10-01T07:22:18Z,train,0
2187-LZGPL,pytorch_tabular_net,0.6044700145721436,Critical,2026-10-01T07:22:18Z,train,1
2187-PKZAY,pytorch_tabular_net,0.4106999933719635,High,2026-10-01T07:22:18Z,train,1
2188-SXWVT,pytorch_tabular_net,0.0259300004690885,Low,2026-10-01T07:22:18Z,test,0
2189-UXTKY,pytorch_tabular_net,0.1887499988079071,Low,2026-10-01T07:22:18Z,test,0
2189-WWOEW,pytorch_tabular_net,0.4887700080871582,High,2026-10-01T07:22:18Z,train,1
2190-BCXEC,pytorch_tabular_net,0.3149400055408478,Medium,2026-10-01T07:22:18Z,test,0
2190-PHBHR,pytorch_tabular_net,0.0436399988830089,Low,2026-10-01T07:22:18Z,train,0
2192-CKRLV,pytorch_tabular_net,0.0124000003561377,Low,2026-10-01T07:22:18Z,valid,0
2192-OZITF,pytorch_tabular_net,0.0208700001239776,Low,2026-10-01T07:22:18Z,train,0
2193-SFWQW,pytorch_tabular_net,0.0467099994421005,Low,2026-10-01T07:22:18Z,valid,0
2194-IIQOF,pytorch_tabular_net,0.0210800003260374,Low,2026-10-01T07:22:18Z,train,0
2195-VVRJF,pytorch_tabular_net,0.238319993019104,Medium,2026-10-01T07:22:18Z,train,0
2195-ZRVAX,pytorch_tabular_net,0.34757000207901,Medium,2026-10-01T07:22:18Z,valid,1
2197-OMWGI,pytorch_tabular_net,0.0278200004249811,Low,2026-10-01T07:22:18Z,train,0
2200-DSAAL,pytorch_tabular_net,0.0470499992370605,Low,2026-10-01T07:22:18Z,train,0
2202-CUYXZ,pytorch_tabular_net,0.8505100011825562,Critical,2026-10-01T07:22:18Z,train,1
2202-OUTMO,pytorch_tabular_net,0.0920000001788139,Low,2026-10-01T07:22:18Z,train,0
2203-GHNWN,pytorch_tabular_net,0.4915899932384491,High,2026-10-01T07:22:18Z,train,1
2205-LPVGL,pytorch_tabular_net,0.095550000667572,Low,2026-10-01T07:22:18Z,train,0
2205-YMZZJ,pytorch_tabular_net,0.7838199734687805,Critical,2026-10-01T07:22:18Z,train,1
2207-NHRJK,pytorch_tabular_net,0.4421800076961517,High,2026-10-01T07:22:18Z,test,1
2207-OBZNX,pytorch_tabular_net,0.2815800011157989,Medium,2026-10-01T07:22:18Z,train,0
2207-QPJED,pytorch_tabular_net,0.29967001080513,Medium,2026-10-01T07:22:18Z,train,0
2207-RYYRL,pytorch_tabular_net,0.0109599996358156,Low,2026-10-01T07:22:18Z,train,0
2208-MPXIO,pytorch_tabular_net,0.0139100002124905,Low,2026-10-01T07:22:18Z,train,0
2208-NKVVH,pytorch_tabular_net,0.0109200002625584,Low,2026-10-01T07:22:18Z,train,0
2208-NQBCT,pytorch_tabular_net,0.2146600037813186,Medium,2026-10-01T07:22:18Z,valid,0
2208-UGTGR,pytorch_tabular_net,0.4524900019168854,High,2026-10-01T07:22:18Z,train,1
2209-XADXF,pytorch_tabular_net,0.5534999966621399,High,2026-10-01T07:22:18Z,valid,1
2211-RMNHO,pytorch_tabular_net,0.017680000513792,Low,2026-10-01T07:22:18Z,train,0
2212-LYASK,pytorch_tabular_net,0.102860003709793,Low,2026-10-01T07:22:18Z,train,0
2215-ZAFGX,pytorch_tabular_net,0.7771199941635132,Critical,2026-10-01T07:22:18Z,valid,1
2219-MVUSO,pytorch_tabular_net,0.2670899927616119,Medium,2026-10-01T07:22:18Z,test,0
2220-IAHLS,pytorch_tabular_net,0.2598899900913238,Medium,2026-10-01T07:22:18Z,train,0
2223-GDSHL,pytorch_tabular_net,0.0511000007390975,Low,2026-10-01T07:22:18Z,train,0
2223-KAGMX,pytorch_tabular_net,0.0906200036406517,Low,2026-10-01T07:22:18Z,train,0
2225-ZRGSG,pytorch_tabular_net,0.0198400001972913,Low,2026-10-01T07:22:18Z,train,0
2226-ICFDO,pytorch_tabular_net,0.0219199992716312,Low,2026-10-01T07:22:18Z,train,0
2227-JRSJX,pytorch_tabular_net,0.4300400018692016,High,2026-10-01T07:22:18Z,train,1
2228-BZDEE,pytorch_tabular_net,0.0070699998177587,Low,2026-10-01T07:22:18Z,train,0
2229-DPMBI,pytorch_tabular_net,0.0116100003942847,Low,2026-10-01T07:22:18Z,train,0
2229-VWQJH,pytorch_tabular_net,0.2304800003767013,Medium,2026-10-01T07:22:18Z,train,0
2230-XTUWL,pytorch_tabular_net,0.0069099999964237,Low,2026-10-01T07:22:18Z,train,0
2232-DMLXU,pytorch_tabular_net,0.5159500241279602,High,2026-10-01T07:22:18Z,valid,1
2233-FAGXV,pytorch_tabular_net,0.2267599999904632,Medium,2026-10-01T07:22:18Z,train,0
2233-TXSIU,pytorch_tabular_net,0.0606900006532669,Low,2026-10-01T07:22:18Z,train,0
2234-EOFPT,pytorch_tabular_net,0.0287900008261203,Low,2026-10-01T07:22:18Z,valid,0
2234-XADUH,pytorch_tabular_net,0.1711699962615966,Low,2026-10-01T07:22:18Z,train,0
2235-DWLJU,pytorch_tabular_net,0.7857999801635742,Critical,2026-10-01T07:22:18Z,train,1
2235-EZAIK,pytorch_tabular_net,0.0252199992537498,Low,2026-10-01T07:22:18Z,train,0
2235-ZGKPT,pytorch_tabular_net,0.4570800065994262,High,2026-10-01T07:22:18Z,train,1
2236-HILPA,pytorch_tabular_net,0.0147700002416968,Low,2026-10-01T07:22:18Z,test,0
2237-ZFSMY,pytorch_tabular_net,0.1569599956274032,Low,2026-10-01T07:22:18Z,train,0
2239-CFOUJ,pytorch_tabular_net,0.0513699986040592,Low,2026-10-01T07:22:18Z,valid,0
2239-CGBUZ,pytorch_tabular_net,0.0409700013697147,Low,2026-10-01T07:22:18Z,test,0
2239-JALAW,pytorch_tabular_net,0.2595700025558471,Medium,2026-10-01T07:22:18Z,valid,0
2240-HSJQD,pytorch_tabular_net,0.3569799959659576,Medium,2026-10-01T07:22:18Z,valid,1
2242-MFOTG,pytorch_tabular_net,0.068570002913475,Low,2026-10-01T07:22:18Z,test,0
2243-FNMMI,pytorch_tabular_net,0.0571100004017353,Low,2026-10-01T07:22:18Z,train,0
2245-ADZFJ,pytorch_tabular_net,0.0364199988543987,Low,2026-10-01T07:22:18Z,train,0
2249-YPRNG,pytorch_tabular_net,0.6581599712371826,Critical,2026-10-01T07:22:18Z,train,1
2250-IVBWA,pytorch_tabular_net,0.1589599996805191,Low,2026-10-01T07:22:18Z,train,0
2251-PYLPB,pytorch_tabular_net,0.0199299994856119,Low,2026-10-01T07:22:18Z,train,0
2252-ISRNH,pytorch_tabular_net,0.5417900085449219,High,2026-10-01T07:22:18Z,train,1
2252-JHJGE,pytorch_tabular_net,0.2639800012111664,Medium,2026-10-01T07:22:18Z,train,0
2252-NKNSI,pytorch_tabular_net,0.0520699992775917,Low,2026-10-01T07:22:18Z,train,0
2253-KPMNB,pytorch_tabular_net,0.006450000219047,Low,2026-10-01T07:22:18Z,train,0
2254-DLXRI,pytorch_tabular_net,0.8275799751281738,Critical,2026-10-01T07:22:18Z,train,1
2256-YLYLP,pytorch_tabular_net,0.0267799999564886,Low,2026-10-01T07:22:18Z,train,0
2257-BOVXD,pytorch_tabular_net,0.2338400036096573,Medium,2026-10-01T07:22:18Z,train,0
2259-OUUSZ,pytorch_tabular_net,0.2023900002241134,Medium,2026-10-01T07:22:18Z,train,0
2260-USTRB,pytorch_tabular_net,0.6761000156402588,Critical,2026-10-01T07:22:18Z,test,1
2262-SLNVK,pytorch_tabular_net,0.7290800213813782,Critical,2026-10-01T07:22:18Z,train,1
2263-SFSQZ,pytorch_tabular_net,0.0156900007277727,Low,2026-10-01T07:22:18Z,train,0
2265-CYWIV,pytorch_tabular_net,0.5975000262260437,High,2026-10-01T07:22:18Z,test,1
2266-FUBDZ,pytorch_tabular_net,0.0118300002068281,Low,2026-10-01T07:22:18Z,train,0
2266-SJNAT,pytorch_tabular_net,0.1628700047731399,Low,2026-10-01T07:22:18Z,train,0
2267-FPIMA,pytorch_tabular_net,0.2776800096035003,Medium,2026-10-01T07:22:18Z,test,0
2267-WTPYD,pytorch_tabular_net,0.2701900005340576,Medium,2026-10-01T07:22:18Z,train,0
2270-CHBFN,pytorch_tabular_net,0.2888799905776977,Medium,2026-10-01T07:22:18Z,test,0
2272-JKMSI,pytorch_tabular_net,0.2683899998664856,Medium,2026-10-01T07:22:18Z,train,0
2272-QAGFO,pytorch_tabular_net,0.6976199746131897,Critical,2026-10-01T07:22:18Z,train,1
2272-UOINI,pytorch_tabular_net,0.2437999993562698,Medium,2026-10-01T07:22:18Z,train,0
2272-WUSPA,pytorch_tabular_net,0.0642300024628639,Low,2026-10-01T07:22:18Z,valid,0
2273-QCKXA,pytorch_tabular_net,0.3633700013160705,Medium,2026-10-01T07:22:18Z,test,1
2274-XUATA,pytorch_tabular_net,0.0389899984002113,Low,2026-10-01T07:22:18Z,train,0
2275-RBYQS,pytorch_tabular_net,0.6652399897575378,Critical,2026-10-01T07:22:18Z,test,1
2276-YDAVZ,pytorch_tabular_net,0.8364499807357788,Critical,2026-10-01T07:22:18Z,train,1
2277-AXSDC,pytorch_tabular_net,0.0206499993801116,Low,2026-10-01T07:22:18Z,test,0
2277-BKJKN,pytorch_tabular_net,0.0781600028276443,Low,2026-10-01T07:22:18Z,train,0
2277-DJJDL,pytorch_tabular_net,0.3983199894428253,Medium,2026-10-01T07:22:18Z,test,1
2277-VWCNI,pytorch_tabular_net,0.4621599912643432,High,2026-10-01T07:22:18Z,train,1
2279-AXJJK,pytorch_tabular_net,0.164680004119873,Low,2026-10-01T07:22:18Z,train,0
2282-YGNOR,pytorch_tabular_net,0.064970001578331,Low,2026-10-01T07:22:18Z,valid,0
2284-VFLKH,pytorch_tabular_net,0.1820099949836731,Low,2026-10-01T07:22:18Z,test,0
2292-XQWSV,pytorch_tabular_net,0.0807299986481666,Low,2026-10-01T07:22:18Z,test,0
2293-IJWPS,pytorch_tabular_net,0.3141700029373169,Medium,2026-10-01T07:22:18Z,test,0
2294-DMMUS,pytorch_tabular_net,0.126010000705719,Low,2026-10-01T07:22:18Z,train,0
2294-SALNE,pytorch_tabular_net,0.1014200001955032,Low,2026-10-01T07:22:18Z,train,0
2296-DKZFP,pytorch_tabular_net,0.0151100000366568,Low,2026-10-01T07:22:18Z,train,0
2300-RQGOI,pytorch_tabular_net,0.0076899998821318,Low,2026-10-01T07:22:18Z,test,0
2302-ANTDP,pytorch_tabular_net,0.3304499983787536,Medium,2026-10-01T07:22:18Z,test,0
2302-OUZXB,pytorch_tabular_net,0.0366300009191036,Low,2026-10-01T07:22:18Z,train,0
2303-PJYHN,pytorch_tabular_net,0.1914799958467483,Low,2026-10-01T07:22:18Z,train,0
2305-MRGLV,pytorch_tabular_net,0.134890004992485,Low,2026-10-01T07:22:18Z,train,0
2307-FYNNL,pytorch_tabular_net,0.1335300058126449,Low,2026-10-01T07:22:18Z,train,0
2308-STERM,pytorch_tabular_net,0.2358099967241287,Medium,2026-10-01T07:22:18Z,train,0
2309-OSFEU,pytorch_tabular_net,0.4747399985790252,High,2026-10-01T07:22:18Z,train,1
2311-QYMUQ,pytorch_tabular_net,0.455159991979599,High,2026-10-01T07:22:18Z,valid,1
2314-TNDJQ,pytorch_tabular_net,0.0093700001016259,Low,2026-10-01T07:22:18Z,test,0
2316-ESMLS,pytorch_tabular_net,0.0597900003194808,Low,2026-10-01T07:22:18Z,test,0
2320-JRSDE,pytorch_tabular_net,0.3150399923324585,Medium,2026-10-01T07:22:18Z,train,0
2320-SLKMB,pytorch_tabular_net,0.2783800065517425,Medium,2026-10-01T07:22:18Z,valid,0
2320-TZRRH,pytorch_tabular_net,0.016279999166727,Low,2026-10-01T07:22:18Z,test,0
2320-YKQBO,pytorch_tabular_net,0.1014999970793724,Low,2026-10-01T07:22:18Z,valid,0
2321-OMBXY,pytorch_tabular_net,0.0708599984645843,Low,2026-10-01T07:22:18Z,test,0
2322-VCZHZ,pytorch_tabular_net,0.4247600138187408,High,2026-10-01T07:22:18Z,train,1
2323-ARSVR,pytorch_tabular_net,0.0576799996197223,Low,2026-10-01T07:22:18Z,train,0
2324-AALNO,pytorch_tabular_net,0.017349999397993,Low,2026-10-01T07:22:18Z,valid,0
2324-EFHVG,pytorch_tabular_net,0.0816100016236305,Low,2026-10-01T07:22:18Z,train,0
2325-NBPZG,pytorch_tabular_net,0.6883699893951416,Critical,2026-10-01T07:22:18Z,train,1
2325-WINES,pytorch_tabular_net,0.4124799966812134,High,2026-10-01T07:22:18Z,train,1
2325-ZUSFD,pytorch_tabular_net,0.0605500005185604,Low,2026-10-01T07:22:18Z,valid,0
2330-PQGDQ,pytorch_tabular_net,0.0533000007271766,Low,2026-10-01T07:22:18Z,train,0
2332-EFBJY,pytorch_tabular_net,0.0785100013017654,Low,2026-10-01T07:22:18Z,valid,0
2332-TODQS,pytorch_tabular_net,0.0235300008207559,Low,2026-10-01T07:22:18Z,train,0
2333-KWEWW,pytorch_tabular_net,0.0263899993151426,Low,2026-10-01T07:22:18Z,train,0
2335-GSODA,pytorch_tabular_net,0.010029999539256,Low,2026-10-01T07:22:18Z,train,0
2338-BQEZT,pytorch_tabular_net,0.1237799972295761,Low,2026-10-01T07:22:18Z,train,0
2342-CKIAO,pytorch_tabular_net,0.1883700042963028,Low,2026-10-01T07:22:18Z,train,0
2344-JMOGN,pytorch_tabular_net,0.586650013923645,High,2026-10-01T07:22:18Z,train,1
2346-CZYIL,pytorch_tabular_net,0.024219999089837,Low,2026-10-01T07:22:18Z,train,0
2346-DJQTB,pytorch_tabular_net,0.1418299973011016,Low,2026-10-01T07:22:18Z,test,0
2346-LOCWC,pytorch_tabular_net,0.010590000078082,Low,2026-10-01T07:22:18Z,train,0
2347-WKKAE,pytorch_tabular_net,0.4470899999141693,High,2026-10-01T07:22:18Z,train,1
2348-KCJLT,pytorch_tabular_net,0.032660000026226,Low,2026-10-01T07:22:18Z,train,0
2351-BKRZW,pytorch_tabular_net,0.0186500009149312,Low,2026-10-01T07:22:18Z,valid,0
2351-RRBUE,pytorch_tabular_net,0.0216600000858306,Low,2026-10-01T07:22:18Z,valid,0
2357-COQEK,pytorch_tabular_net,0.687690019607544,Critical,2026-10-01T07:22:18Z,train,1
2359-KLTEK,pytorch_tabular_net,0.3527800142765045,Medium,2026-10-01T07:22:18Z,train,1
2359-KMGLI,pytorch_tabular_net,0.5128200054168701,High,2026-10-01T07:22:18Z,train,1
2359-QWQUL,pytorch_tabular_net,0.1745799928903579,Low,2026-10-01T07:22:18Z,test,0
2360-RDGRO,pytorch_tabular_net,0.4782800078392029,High,2026-10-01T07:22:18Z,test,1
2361-FJWNO,pytorch_tabular_net,0.0718500018119812,Low,2026-10-01T07:22:18Z,train,0
2361-UPSND,pytorch_tabular_net,0.0422700010240078,Low,2026-10-01T07:22:18Z,train,0
2362-IBOOY,pytorch_tabular_net,0.4873799979686737,High,2026-10-01T07:22:18Z,train,1
2363-BJLSL,pytorch_tabular_net,0.0528500005602836,Low,2026-10-01T07:22:18Z,train,0
2364-UFROM,pytorch_tabular_net,0.1095699965953826,Low,2026-10-01T07:22:18Z,train,0
2368-GAKKQ,pytorch_tabular_net,0.0408300012350082,Low,2026-10-01T07:22:18Z,train,0
2369-FEVNO,pytorch_tabular_net,0.3274300098419189,Medium,2026-10-01T07:22:18Z,train,0
2369-UAPKZ,pytorch_tabular_net,0.7620499730110168,Critical,2026-10-01T07:22:18Z,test,1
2371-JQHZZ,pytorch_tabular_net,0.726069986820221,Critical,2026-10-01T07:22:18Z,train,1
2371-JUNGC,pytorch_tabular_net,0.0824899971485138,Low,2026-10-01T07:22:18Z,train,0
2371-KFUOG,pytorch_tabular_net,0.1391000002622604,Low,2026-10-01T07:22:18Z,train,0
2372-HWUHI,pytorch_tabular_net,0.4584400057792663,High,2026-10-01T07:22:18Z,test,1
2373-NTKOD,pytorch_tabular_net,0.4540199935436249,High,2026-10-01T07:22:18Z,valid,1
2378-HTWFW,pytorch_tabular_net,0.4999899864196777,High,2026-10-01T07:22:18Z,test,1
2378-VTKDH,pytorch_tabular_net,0.456710010766983,High,2026-10-01T07:22:18Z,train,1
2378-YIZKA,pytorch_tabular_net,0.01621999964118,Low,2026-10-01T07:22:18Z,train,0
2379-ENZGV,pytorch_tabular_net,0.7194799780845642,Critical,2026-10-01T07:22:18Z,train,1
2379-GYFLQ,pytorch_tabular_net,0.2147600054740905,Medium,2026-10-01T07:22:18Z,test,0
2380-DAMQP,pytorch_tabular_net,0.0435599982738494,Low,2026-10-01T07:22:18Z,train,0
2382-BCKQJ,pytorch_tabular_net,0.3610599935054779,Medium,2026-10-01T07:22:18Z,train,1
2384-OVPSA,pytorch_tabular_net,0.0181200001388788,Low,2026-10-01T07:22:18Z,train,0
2386-LAHRK,pytorch_tabular_net,0.6946799755096436,Critical,2026-10-01T07:22:18Z,train,1
2386-OWURY,pytorch_tabular_net,0.3295600116252899,Medium,2026-10-01T07:22:18Z,train,0
2387-KDZQY,pytorch_tabular_net,0.0337500013411045,Low,2026-10-01T07:22:18Z,train,0
2388-LAESQ,pytorch_tabular_net,0.0561599992215633,Low,2026-10-01T07:22:18Z,train,0
2391-IPLOP,pytorch_tabular_net,0.1285900026559829,Low,2026-10-01T07:22:18Z,train,0
2391-SOORI,pytorch_tabular_net,0.2904700040817261,Medium,2026-10-01T07:22:18Z,train,0
2393-DIVAI,pytorch_tabular_net,0.2144600003957748,Medium,2026-10-01T07:22:18Z,train,0
2397-BRLOM,pytorch_tabular_net,0.4899300038814544,High,2026-10-01T07:22:18Z,train,1
2398-YPMUR,pytorch_tabular_net,0.6652299761772156,Critical,2026-10-01T07:22:18Z,train,1
2400-FEQME,pytorch_tabular_net,0.0105299996212124,Low,2026-10-01T07:22:18Z,train,0
2400-XIWIO,pytorch_tabular_net,0.0224500000476837,Low,2026-10-01T07:22:18Z,test,0
2402-TAIRZ,pytorch_tabular_net,0.0935999974608421,Low,2026-10-01T07:22:18Z,train,0
2403-BCASL,pytorch_tabular_net,0.3536899983882904,Medium,2026-10-01T07:22:18Z,train,1
2404-JIBFC,pytorch_tabular_net,0.0238400008529424,Low,2026-10-01T07:22:18Z,train,0
2405-LBMUW,pytorch_tabular_net,0.0419799983501434,Low,2026-10-01T07:22:18Z,test,0
2408-PSJVE,pytorch_tabular_net,0.0554700009524822,Low,2026-10-01T07:22:18Z,test,0
2408-TZMJL,pytorch_tabular_net,0.3516899943351745,Medium,2026-10-01T07:22:18Z,valid,1
2408-WITXK,pytorch_tabular_net,0.6736599802970886,Critical,2026-10-01T07:22:18Z,test,1
2410-CIYFZ,pytorch_tabular_net,0.1527000069618225,Low,2026-10-01T07:22:18Z,train,0
2418-TPEUN,pytorch_tabular_net,0.0135199995711445,Low,2026-10-01T07:22:18Z,train,0
2419-FSORS,pytorch_tabular_net,0.1104099974036216,Low,2026-10-01T07:22:18Z,train,0
2424-WVHPL,pytorch_tabular_net,0.6817799806594849,Critical,2026-10-01T07:22:18Z,train,1
2428-HYUNX,pytorch_tabular_net,0.0307599995285272,Low,2026-10-01T07:22:18Z,train,0
2428-ZMCTB,pytorch_tabular_net,0.1193799972534179,Low,2026-10-01T07:22:18Z,train,0
2429-AYKKO,pytorch_tabular_net,0.0204399991780519,Low,2026-10-01T07:22:18Z,valid,0
2430-RRYUW,pytorch_tabular_net,0.0454300008714199,Low,2026-10-01T07:22:18Z,valid,0
2430-USGXP,pytorch_tabular_net,0.736840009689331,Critical,2026-10-01T07:22:18Z,valid,1
2432-TFSMK,pytorch_tabular_net,0.3667399883270263,Medium,2026-10-01T07:22:18Z,train,1
2433-KMEAS,pytorch_tabular_net,0.3001700043678283,Medium,2026-10-01T07:22:18Z,train,0
2434-EEVDB,pytorch_tabular_net,0.0405299998819828,Low,2026-10-01T07:22:18Z,train,0
2436-QBZFP,pytorch_tabular_net,0.2319899946451187,Medium,2026-10-01T07:22:18Z,train,0
2439-LYPMQ,pytorch_tabular_net,0.6841099858283997,Critical,2026-10-01T07:22:18Z,train,1
2439-QKJUL,pytorch_tabular_net,0.1164899989962577,Low,2026-10-01T07:22:18Z,train,0
2446-BEGGB,pytorch_tabular_net,0.8042399883270264,Critical,2026-10-01T07:22:18Z,train,1
2446-PLQVO,pytorch_tabular_net,0.799589991569519,Critical,2026-10-01T07:22:18Z,train,1
2446-ZKVAF,pytorch_tabular_net,0.1340599954128265,Low,2026-10-01T07:22:18Z,train,0
2450-ZKEED,pytorch_tabular_net,0.065930001437664,Low,2026-10-01T07:22:18Z,train,0
2451-YMUXS,pytorch_tabular_net,0.0551999993622303,Low,2026-10-01T07:22:18Z,train,0
2452-KDRRH,pytorch_tabular_net,0.4820800125598907,High,2026-10-01T07:22:18Z,train,1
2452-MRMZF,pytorch_tabular_net,0.025510000064969,Low,2026-10-01T07:22:18Z,train,0
2452-SNHFZ,pytorch_tabular_net,0.1859100013971328,Low,2026-10-01T07:22:18Z,valid,0
2453-SAFNS,pytorch_tabular_net,0.0874800011515617,Low,2026-10-01T07:22:18Z,valid,0
2454-RPBRZ,pytorch_tabular_net,0.7100499868392944,Critical,2026-10-01T07:22:18Z,train,1
2455-USLMV,pytorch_tabular_net,0.4144699871540069,High,2026-10-01T07:22:18Z,train,1
2458-EOMRE,pytorch_tabular_net,0.1773400008678436,Low,2026-10-01T07:22:18Z,train,0
2460-FPSYH,pytorch_tabular_net,0.4026499986648559,High,2026-10-01T07:22:18Z,test,1
2460-NGXBJ,pytorch_tabular_net,0.6057500243186951,Critical,2026-10-01T07:22:18Z,train,1
2462-XIIJB,pytorch_tabular_net,0.8311700224876404,Critical,2026-10-01T07:22:18Z,train,1
2465-BLLEU,pytorch_tabular_net,0.3281599879264831,Medium,2026-10-01T07:22:18Z,train,0
2466-FCCPT,pytorch_tabular_net,0.0180500000715255,Low,2026-10-01T07:22:18Z,test,0
2466-NEJOJ,pytorch_tabular_net,0.0731600001454353,Low,2026-10-01T07:22:18Z,train,0
2468-SJFLM,pytorch_tabular_net,0.6975899934768677,Critical,2026-10-01T07:22:18Z,train,1
2469-DTSGX,pytorch_tabular_net,0.0846699997782707,Low,2026-10-01T07:22:18Z,train,0
2472-OVKUP,pytorch_tabular_net,0.6781399846076965,Critical,2026-10-01T07:22:18Z,train,1
2474-BRUCM,pytorch_tabular_net,0.4829399883747101,High,2026-10-01T07:22:18Z,valid,1
2474-LCNUE,pytorch_tabular_net,0.1690299957990646,Low,2026-10-01T07:22:18Z,train,0
2475-MROZF,pytorch_tabular_net,0.4017699956893921,High,2026-10-01T07:22:18Z,test,1
2476-YGEFM,pytorch_tabular_net,0.4787000119686126,High,2026-10-01T07:22:18Z,train,1
2478-EEWWM,pytorch_tabular_net,0.4027200043201446,High,2026-10-01T07:22:18Z,test,1
2479-BRAMR,pytorch_tabular_net,0.3185600042343139,Medium,2026-10-01T07:22:18Z,valid,0
2480-EJWYP,pytorch_tabular_net,0.1854200065135955,Low,2026-10-01T07:22:18Z,train,0
2480-JZOSN,pytorch_tabular_net,0.3090299963951111,Medium,2026-10-01T07:22:18Z,test,0
2480-SQIOB,pytorch_tabular_net,0.3380599915981293,Medium,2026-10-01T07:22:18Z,train,0
2481-SBOYW,pytorch_tabular_net,0.0185400005429983,Low,2026-10-01T07:22:18Z,test,0
2482-CZGBB,pytorch_tabular_net,0.536870002746582,High,2026-10-01T07:22:18Z,train,1
2483-XSSMZ,pytorch_tabular_net,0.0496799983084201,Low,2026-10-01T07:22:18Z,train,0
2484-DGXPZ,pytorch_tabular_net,0.0571600012481212,Low,2026-10-01T07:22:18Z,test,0
2485-ITVKB,pytorch_tabular_net,0.7023000121116638,Critical,2026-10-01T07:22:18Z,test,1
2486-WYVVE,pytorch_tabular_net,0.2024600058794021,Medium,2026-10-01T07:22:18Z,test,0
2495-INZWQ,pytorch_tabular_net,0.7689499855041504,Critical,2026-10-01T07:22:18Z,train,1
2495-KZNFB,pytorch_tabular_net,0.4497799873352051,High,2026-10-01T07:22:18Z,valid,1
2495-TTHBQ,pytorch_tabular_net,0.0584999993443489,Low,2026-10-01T07:22:18Z,train,0
2498-XLDZR,pytorch_tabular_net,0.0114700002595782,Low,2026-10-01T07:22:18Z,train,0
2499-AJYUA,pytorch_tabular_net,0.0690099969506263,Low,2026-10-01T07:22:18Z,train,0
2501-XWWTZ,pytorch_tabular_net,0.4134599864482879,High,2026-10-01T07:22:18Z,train,1
2504-DSHIH,pytorch_tabular_net,0.5481899976730347,High,2026-10-01T07:22:18Z,train,1
2506-CLAKW,pytorch_tabular_net,0.459879994392395,High,2026-10-01T07:22:18Z,train,1
2506-TNFCO,pytorch_tabular_net,0.8411999940872192,Critical,2026-10-01T07:22:18Z,test,1
2507-QZPQS,pytorch_tabular_net,0.3829399943351745,Medium,2026-10-01T07:22:18Z,valid,1
2509-TFPJU,pytorch_tabular_net,0.0188900008797645,Low,2026-10-01T07:22:18Z,train,0
2511-ALLCS,pytorch_tabular_net,0.0115700000897049,Low,2026-10-01T07:22:18Z,train,0
2511-MORQY,pytorch_tabular_net,0.0288900006562471,Low,2026-10-01T07:22:18Z,train,0
2514-GINMM,pytorch_tabular_net,0.841949999332428,Critical,2026-10-01T07:22:18Z,train,1
2516-VQRRV,pytorch_tabular_net,0.8315799832344055,Critical,2026-10-01T07:22:18Z,train,1
2516-XSJKX,pytorch_tabular_net,0.0250400006771087,Low,2026-10-01T07:22:18Z,test,0
2519-ERQOJ,pytorch_tabular_net,0.5363500118255615,High,2026-10-01T07:22:18Z,valid,1
2519-FAKOD,pytorch_tabular_net,0.5229600071907043,High,2026-10-01T07:22:18Z,train,1
2519-LBNQL,pytorch_tabular_net,0.4527300000190735,High,2026-10-01T07:22:18Z,train,1
2519-TWKFS,pytorch_tabular_net,0.1228599995374679,Low,2026-10-01T07:22:18Z,valid,0
2520-SGTTA,pytorch_tabular_net,0.0649399980902671,Low,2026-10-01T07:22:18Z,train,0
2521-NPUZR,pytorch_tabular_net,0.032999999821186,Low,2026-10-01T07:22:18Z,train,0
2522-AHJXR,pytorch_tabular_net,0.268530011177063,Medium,2026-10-01T07:22:18Z,train,0
2522-WLNSF,pytorch_tabular_net,0.0468299984931945,Low,2026-10-01T07:22:18Z,train,0
2523-EWWZL,pytorch_tabular_net,0.4396499991416931,High,2026-10-01T07:22:18Z,test,1
2525-GVKQU,pytorch_tabular_net,0.0076399999670684,Low,2026-10-01T07:22:18Z,test,0
2528-HFYZX,pytorch_tabular_net,0.6130099892616272,Critical,2026-10-01T07:22:18Z,test,1
2530-ENDWQ,pytorch_tabular_net,0.0990099981427192,Low,2026-10-01T07:22:18Z,train,0
2530-FMFXO,pytorch_tabular_net,0.1419200003147125,Low,2026-10-01T07:22:18Z,train,0
2533-QVMSK,pytorch_tabular_net,0.1200300008058548,Low,2026-10-01T07:22:18Z,test,0
2533-TIBIX,pytorch_tabular_net,0.2815299928188324,Medium,2026-10-01T07:22:18Z,train,0
2535-PBCGC,pytorch_tabular_net,0.0170900002121925,Low,2026-10-01T07:22:18Z,test,0
2538-OIMXF,pytorch_tabular_net,0.4660899937152862,High,2026-10-01T07:22:18Z,train,1
2541-YGPKE,pytorch_tabular_net,0.0750600025057792,Low,2026-10-01T07:22:18Z,train,0
2542-HYGIQ,pytorch_tabular_net,0.2586100101470947,Medium,2026-10-01T07:22:18Z,test,0
2545-EBUPK,pytorch_tabular_net,0.8702399730682373,Critical,2026-10-01T07:22:18Z,train,1
2545-LXYVJ,pytorch_tabular_net,0.0170000009238719,Low,2026-10-01T07:22:18Z,train,0
2546-KZAAT,pytorch_tabular_net,0.0900000035762786,Low,2026-10-01T07:22:18Z,valid,0
2550-AEVRU,pytorch_tabular_net,0.0273000001907348,Low,2026-10-01T07:22:18Z,train,0
2550-QHZGP,pytorch_tabular_net,0.035300001502037,Low,2026-10-01T07:22:18Z,train,0
2558-BUOZZ,pytorch_tabular_net,0.0971900001168251,Low,2026-10-01T07:22:18Z,train,0
2560-PPCHE,pytorch_tabular_net,0.2014199942350387,Medium,2026-10-01T07:22:18Z,valid,0
2560-QTSBS,pytorch_tabular_net,0.017459999769926,Low,2026-10-01T07:22:18Z,train,0
2560-WBWXF,pytorch_tabular_net,0.0202099997550249,Low,2026-10-01T07:22:18Z,test,0
2565-JSLRY,pytorch_tabular_net,0.4267399907112121,High,2026-10-01T07:22:18Z,train,1
2568-BRGYX,pytorch_tabular_net,0.6527400016784668,Critical,2026-10-01T07:22:18Z,test,1
2568-OIADY,pytorch_tabular_net,0.6965199708938599,Critical,2026-10-01T07:22:18Z,train,1
2569-WGERO,pytorch_tabular_net,0.0129599999636411,Low,2026-10-01T07:22:18Z,train,0
2573-GYRUU,pytorch_tabular_net,0.4413299858570099,High,2026-10-01T07:22:18Z,valid,1
2575-GFSOE,pytorch_tabular_net,0.7119500041007996,Critical,2026-10-01T07:22:18Z,valid,1
2576-HXMPA,pytorch_tabular_net,0.2595300078392029,Medium,2026-10-01T07:22:18Z,train,0
2577-GVSIL,pytorch_tabular_net,0.1161599978804588,Low,2026-10-01T07:22:18Z,train,0
2578-JQPHZ,pytorch_tabular_net,0.0536300018429756,Low,2026-10-01T07:22:18Z,test,0
2580-ASVVY,pytorch_tabular_net,0.023429999127984,Low,2026-10-01T07:22:18Z,train,0
2580-ATZSQ,pytorch_tabular_net,0.0213900003582239,Low,2026-10-01T07:22:18Z,train,0
2581-VKIRT,pytorch_tabular_net,0.0230000000447034,Low,2026-10-01T07:22:18Z,train,0
2582-FFFZR,pytorch_tabular_net,0.4611699879169464,High,2026-10-01T07:22:18Z,test,1
2585-KTFRE,pytorch_tabular_net,0.1840099990367889,Low,2026-10-01T07:22:18Z,train,0
2586-CWXVV,pytorch_tabular_net,0.1587100028991699,Low,2026-10-01T07:22:18Z,train,0
2587-EKXTS,pytorch_tabular_net,0.5457800030708313,High,2026-10-01T07:22:18Z,train,1
2587-YNLES,pytorch_tabular_net,0.0125500001013278,Low,2026-10-01T07:22:18Z,train,0
2589-AYCRP,pytorch_tabular_net,0.0170000009238719,Low,2026-10-01T07:22:18Z,train,0
2592-HODOV,pytorch_tabular_net,0.0412699989974498,Low,2026-10-01T07:22:18Z,test,0
2592-SEIFQ,pytorch_tabular_net,0.5094799995422363,High,2026-10-01T07:22:18Z,train,1
2592-YKDIF,pytorch_tabular_net,0.249559998512268,Medium,2026-10-01T07:22:18Z,valid,0
2595-KIWPV,pytorch_tabular_net,0.0200900007039308,Low,2026-10-01T07:22:18Z,test,0
2599-CIPQE,pytorch_tabular_net,0.0439199991524219,Low,2026-10-01T07:22:18Z,train,0
2599-CZABP,pytorch_tabular_net,0.124669998884201,Low,2026-10-01T07:22:18Z,train,0
2603-HVKCG,pytorch_tabular_net,0.5663800239562988,High,2026-10-01T07:22:18Z,test,1
2604-IJPDU,pytorch_tabular_net,0.3767200112342834,Medium,2026-10-01T07:22:18Z,test,1
2604-XVDAM,pytorch_tabular_net,0.1589100062847137,Low,2026-10-01T07:22:18Z,train,0
2606-PKWJB,pytorch_tabular_net,0.0175400003790855,Low,2026-10-01T07:22:18Z,test,0
2606-RMDHZ,pytorch_tabular_net,0.616349995136261,Critical,2026-10-01T07:22:18Z,train,1
2607-DHDAK,pytorch_tabular_net,0.0189100001007318,Low,2026-10-01T07:22:18Z,train,0
2607-FBDFF,pytorch_tabular_net,0.3538599908351898,Medium,2026-10-01T07:22:18Z,train,1
2608-BHKFN,pytorch_tabular_net,0.661870002746582,Critical,2026-10-01T07:22:18Z,train,1
2609-IAICY,pytorch_tabular_net,0.8524699807167053,Critical,2026-10-01T07:22:18Z,test,1
2612-PHGOX,pytorch_tabular_net,0.0335800014436244,Low,2026-10-01T07:22:18Z,train,0
2612-RANWT,pytorch_tabular_net,0.7348499894142151,Critical,2026-10-01T07:22:18Z,train,1
2612-RRIDN,pytorch_tabular_net,0.758430004119873,Critical,2026-10-01T07:22:18Z,valid,1
2615-YVMYX,pytorch_tabular_net,0.4161199927330017,High,2026-10-01T07:22:18Z,test,1
2616-FLVQC,pytorch_tabular_net,0.0117300003767013,Low,2026-10-01T07:22:18Z,train,0
2616-UUTFK,pytorch_tabular_net,0.1422300040721893,Low,2026-10-01T07:22:18Z,train,0
2619-WFQWU,pytorch_tabular_net,0.7899900078773499,Critical,2026-10-01T07:22:18Z,train,1
2621-UDNLU,pytorch_tabular_net,0.1503899991512298,Low,2026-10-01T07:22:18Z,train,0
2623-DRYAM,pytorch_tabular_net,0.3205400109291076,Medium,2026-10-01T07:22:18Z,valid,0
2625-TRCZQ,pytorch_tabular_net,0.3166899979114532,Medium,2026-10-01T07:22:18Z,train,0
2626-URJFX,pytorch_tabular_net,0.6531199812889099,Critical,2026-10-01T07:22:18Z,valid,1
2626-VEEWG,pytorch_tabular_net,0.0185400005429983,Low,2026-10-01T07:22:18Z,test,0
2632-IVXVF,pytorch_tabular_net,0.0415199995040893,Low,2026-10-01T07:22:18Z,train,0
2632-TACXW,pytorch_tabular_net,0.0113800000399351,Low,2026-10-01T07:22:18Z,valid,0
2632-UCGVD,pytorch_tabular_net,0.3367699980735779,Medium,2026-10-01T07:22:18Z,train,0
2634-HCZGT,pytorch_tabular_net,0.1441300064325332,Low,2026-10-01T07:22:18Z,train,0
2636-ALXXZ,pytorch_tabular_net,0.8353099822998047,Critical,2026-10-01T07:22:18Z,test,1
2636-OHFMN,pytorch_tabular_net,0.736020028591156,Critical,2026-10-01T07:22:18Z,train,1
2636-SJDOU,pytorch_tabular_net,0.1059800013899803,Low,2026-10-01T07:22:18Z,train,0
2637-FKFSY,pytorch_tabular_net,0.484279990196228,High,2026-10-01T07:22:18Z,train,1
2639-UGMAZ,pytorch_tabular_net,0.2702800035476684,Medium,2026-10-01T07:22:18Z,test,0
2640-LYMOV,pytorch_tabular_net,0.2522200047969818,Medium,2026-10-01T07:22:18Z,train,0
2640-PMGFL,pytorch_tabular_net,0.4608300030231476,High,2026-10-01T07:22:18Z,train,1
2642-DTVCO,pytorch_tabular_net,0.7528799772262573,Critical,2026-10-01T07:22:18Z,train,1
2642-MAWLJ,pytorch_tabular_net,0.0116800004616379,Low,2026-10-01T07:22:18Z,test,0
2645-QTLMB,pytorch_tabular_net,0.7200599908828735,Critical,2026-10-01T07:22:18Z,train,1
2649-HWLYB,pytorch_tabular_net,0.0219400003552436,Low,2026-10-01T07:22:18Z,test,0
2650-GYRYL,pytorch_tabular_net,0.0235799998044967,Low,2026-10-01T07:22:18Z,train,0
2651-ZCBXV,pytorch_tabular_net,0.1311900019645691,Low,2026-10-01T07:22:18Z,train,0
2654-VBVPB,pytorch_tabular_net,0.2483700066804886,Medium,2026-10-01T07:22:18Z,train,0
2656-FMOKZ,pytorch_tabular_net,0.606689989566803,Critical,2026-10-01T07:22:18Z,test,1
2656-TABEH,pytorch_tabular_net,0.8502200245857239,Critical,2026-10-01T07:22:18Z,train,1
2657-ALMWY,pytorch_tabular_net,0.378030002117157,Medium,2026-10-01T07:22:18Z,train,1
2657-VPXTA,pytorch_tabular_net,0.7609900236129761,Critical,2026-10-01T07:22:18Z,train,1
2659-VXMWZ,pytorch_tabular_net,0.3210000097751617,Medium,2026-10-01T07:22:18Z,train,0
2660-EMUBI,pytorch_tabular_net,0.7832000255584717,Critical,2026-10-01T07:22:18Z,train,1
2661-GKBTK,pytorch_tabular_net,0.0353100001811981,Low,2026-10-01T07:22:18Z,train,0
2662-NNTDK,pytorch_tabular_net,0.0313000008463859,Low,2026-10-01T07:22:18Z,train,0
2664-XJZNO,pytorch_tabular_net,0.0446299985051155,Low,2026-10-01T07:22:18Z,train,0
2665-NPTGL,pytorch_tabular_net,0.5830699801445007,High,2026-10-01T07:22:18Z,train,1
2667-WYLWJ,pytorch_tabular_net,0.0322300009429454,Low,2026-10-01T07:22:18Z,valid,0
2668-TZSPS,pytorch_tabular_net,0.2294699996709823,Medium,2026-10-01T07:22:18Z,train,0
2669-OIDSD,pytorch_tabular_net,0.2854500114917755,Medium,2026-10-01T07:22:18Z,test,0
2669-QVCRG,pytorch_tabular_net,0.3390600085258484,Medium,2026-10-01T07:22:18Z,valid,0
2672-DZUOY,pytorch_tabular_net,0.7945500016212463,Critical,2026-10-01T07:22:18Z,train,1
2672-HUYVI,pytorch_tabular_net,0.596310019493103,High,2026-10-01T07:22:18Z,test,1
2672-OJQZP,pytorch_tabular_net,0.4783700108528137,High,2026-10-01T07:22:18Z,train,1
2672-TGEFF,pytorch_tabular_net,0.6118800044059753,Critical,2026-10-01T07:22:18Z,train,1
2673-CXQEU,pytorch_tabular_net,0.2531599998474121,Medium,2026-10-01T07:22:18Z,train,0
2673-ZALNP,pytorch_tabular_net,0.0328200012445449,Low,2026-10-01T07:22:18Z,train,0
2674-MIAHT,pytorch_tabular_net,0.7098900079727173,Critical,2026-10-01T07:22:18Z,test,1
2674-MLXMN,pytorch_tabular_net,0.414359986782074,High,2026-10-01T07:22:18Z,train,1
2675-DHUTR,pytorch_tabular_net,0.501579999923706,High,2026-10-01T07:22:18Z,train,1
2675-IJRGJ,pytorch_tabular_net,0.0204799994826316,Low,2026-10-01T07:22:18Z,train,0
2675-OTVVJ,pytorch_tabular_net,0.4740900099277496,High,2026-10-01T07:22:18Z,train,1
2676-ISHSF,pytorch_tabular_net,0.2298199981451034,Medium,2026-10-01T07:22:18Z,test,0
2676-OXPPQ,pytorch_tabular_net,0.2483099997043609,Medium,2026-10-01T07:22:18Z,train,0
2676-SSLTO,pytorch_tabular_net,0.0519400015473365,Low,2026-10-01T07:22:18Z,valid,0
2680-XKKNJ,pytorch_tabular_net,0.1044400036334991,Low,2026-10-01T07:22:18Z,train,0
2682-KEVRP,pytorch_tabular_net,0.0507600009441375,Low,2026-10-01T07:22:18Z,train,0
2683-BPJSO,pytorch_tabular_net,0.4581100046634674,High,2026-10-01T07:22:18Z,test,1
2683-JXWQQ,pytorch_tabular_net,0.0706299990415573,Low,2026-10-01T07:22:18Z,test,0
2684-EIWEO,pytorch_tabular_net,0.4026800096035003,High,2026-10-01T07:22:18Z,valid,1
2685-SREOM,pytorch_tabular_net,0.7147600054740906,Critical,2026-10-01T07:22:18Z,train,1
2688-BHGOG,pytorch_tabular_net,0.6642699837684631,Critical,2026-10-01T07:22:18Z,train,1
2690-DVRVK,pytorch_tabular_net,0.0322600007057189,Low,2026-10-01T07:22:18Z,valid,0
2691-NZETQ,pytorch_tabular_net,0.7697499990463257,Critical,2026-10-01T07:22:18Z,test,1
2692-AQCPF,pytorch_tabular_net,0.2219700068235397,Medium,2026-10-01T07:22:18Z,train,0
2692-BUCFV,pytorch_tabular_net,0.4974400103092193,High,2026-10-01T07:22:18Z,train,1
2692-PFYTJ,pytorch_tabular_net,0.4235399961471557,High,2026-10-01T07:22:18Z,test,1
2694-CIUMO,pytorch_tabular_net,0.5989400148391724,High,2026-10-01T07:22:18Z,train,1
2696-ECXKC,pytorch_tabular_net,0.1657200008630752,Low,2026-10-01T07:22:18Z,test,0
2696-NARTR,pytorch_tabular_net,0.3418500125408172,Medium,2026-10-01T07:22:18Z,test,1
2696-RZVZW,pytorch_tabular_net,0.0187400002032518,Low,2026-10-01T07:22:18Z,train,0
2697-NQBPF,pytorch_tabular_net,0.4855299890041351,High,2026-10-01T07:22:18Z,train,1
2700-LUEVA,pytorch_tabular_net,0.2113900035619735,Medium,2026-10-01T07:22:18Z,train,0
2703-AMTUL,pytorch_tabular_net,0.0323599986732006,Low,2026-10-01T07:22:18Z,test,0
2706-QZIHY,pytorch_tabular_net,0.0111600002273917,Low,2026-10-01T07:22:18Z,valid,0
2709-UQGNP,pytorch_tabular_net,0.232350006699562,Medium,2026-10-01T07:22:18Z,train,0
2710-WYVXG,pytorch_tabular_net,0.0581000000238418,Low,2026-10-01T07:22:18Z,train,0
2712-SYWAY,pytorch_tabular_net,0.4887000024318695,High,2026-10-01T07:22:18Z,train,1
2716-GFZOR,pytorch_tabular_net,0.2732000052928924,Medium,2026-10-01T07:22:18Z,train,0
2717-HVIZY,pytorch_tabular_net,0.0833000019192695,Low,2026-10-01T07:22:18Z,train,0
2718-GAXQD,pytorch_tabular_net,0.408840000629425,High,2026-10-01T07:22:18Z,test,1
2718-YSKCS,pytorch_tabular_net,0.0182199999690055,Low,2026-10-01T07:22:18Z,train,0
2719-BDAQO,pytorch_tabular_net,0.5406799912452698,High,2026-10-01T07:22:18Z,train,1
2720-FVBQP,pytorch_tabular_net,0.4343700110912323,High,2026-10-01T07:22:18Z,train,1
2720-WGKHP,pytorch_tabular_net,0.8681600093841553,Critical,2026-10-01T07:22:18Z,train,1
2722-JMONI,pytorch_tabular_net,0.6807600259780884,Critical,2026-10-01T07:22:18Z,train,1
2722-VOJQL,pytorch_tabular_net,0.3001500070095062,Medium,2026-10-01T07:22:18Z,train,0
2724-FJDYW,pytorch_tabular_net,0.0524800010025501,Low,2026-10-01T07:22:18Z,train,0
2725-IWWBA,pytorch_tabular_net,0.0323700010776519,Low,2026-10-01T07:22:18Z,train,0
2725-KXXWT,pytorch_tabular_net,0.8476600050926208,Critical,2026-10-01T07:22:18Z,train,1
2725-TTRIQ,pytorch_tabular_net,0.0219700001180171,Low,2026-10-01T07:22:18Z,train,0
2729-VNVAP,pytorch_tabular_net,0.0107699995860457,Low,2026-10-01T07:22:18Z,train,0
2731-GJRDG,pytorch_tabular_net,0.3214499950408935,Medium,2026-10-01T07:22:18Z,valid,0
2732-ISEZX,pytorch_tabular_net,0.1616600006818771,Low,2026-10-01T07:22:18Z,valid,0
2737-WFVYW,pytorch_tabular_net,0.7751500010490417,Critical,2026-10-01T07:22:18Z,train,1
2737-YNGYW,pytorch_tabular_net,0.7655400037765503,Critical,2026-10-01T07:22:18Z,test,1
2739-CACDQ,pytorch_tabular_net,0.6897100210189819,Critical,2026-10-01T07:22:18Z,test,1
2739-CCZMB,pytorch_tabular_net,0.1203700006008148,Low,2026-10-01T07:22:18Z,valid,0
2740-JFBOK,pytorch_tabular_net,0.2063400000333786,Medium,2026-10-01T07:22:18Z,train,0
2740-TVLFN,pytorch_tabular_net,0.7633900046348572,Critical,2026-10-01T07:22:18Z,test,1
2746-DIJLO,pytorch_tabular_net,0.100330002605915,Low,2026-10-01T07:22:18Z,test,0
2748-MYRVK,pytorch_tabular_net,0.1243499964475631,Low,2026-10-01T07:22:18Z,train,0
2749-CTKAJ,pytorch_tabular_net,0.01638999953866,Low,2026-10-01T07:22:18Z,train,0
2750-BJLSB,pytorch_tabular_net,0.1845699995756149,Low,2026-10-01T07:22:18Z,train,0
2753-JMMCV,pytorch_tabular_net,0.0277800001204013,Low,2026-10-01T07:22:18Z,train,0
2754-SDJRD,pytorch_tabular_net,0.8073899745941162,Critical,2026-10-01T07:22:18Z,valid,1
2754-VDLTR,pytorch_tabular_net,0.7143399715423584,Critical,2026-10-01T07:22:18Z,train,1
2754-XBHTB,pytorch_tabular_net,0.5938599705696106,High,2026-10-01T07:22:18Z,train,1
2758-RNWXS,pytorch_tabular_net,0.1299300044775009,Low,2026-10-01T07:22:18Z,train,0
2761-OCIAX,pytorch_tabular_net,0.7358999848365784,Critical,2026-10-01T07:22:18Z,train,1
2761-XECQW,pytorch_tabular_net,0.696619987487793,Critical,2026-10-01T07:22:18Z,train,1
2770-NSVDG,pytorch_tabular_net,0.2313800007104873,Medium,2026-10-01T07:22:18Z,train,0
2773-MADBQ,pytorch_tabular_net,0.0081599997356534,Low,2026-10-01T07:22:18Z,test,0
2773-OVBPK,pytorch_tabular_net,0.062780000269413,Low,2026-10-01T07:22:18Z,train,0
2774-LVQUS,pytorch_tabular_net,0.681190013885498,Critical,2026-10-01T07:22:18Z,train,1
2775-SEFEE,pytorch_tabular_net,0.3863199949264526,Medium,2026-10-01T07:22:18Z,train,1
2777-PHDEI,pytorch_tabular_net,0.8013100028038025,Critical,2026-10-01T07:22:18Z,train,1
2778-OCLGR,pytorch_tabular_net,0.4471800029277801,High,2026-10-01T07:22:18Z,train,1
2782-JEEBU,pytorch_tabular_net,0.2140299975872039,Medium,2026-10-01T07:22:18Z,train,0
2782-LFZVW,pytorch_tabular_net,0.3788299858570099,Medium,2026-10-01T07:22:18Z,train,1
2786-GCDPI,pytorch_tabular_net,0.5477799773216248,High,2026-10-01T07:22:18Z,train,1
2788-CJQAQ,pytorch_tabular_net,0.0259099993854761,Low,2026-10-01T07:22:18Z,train,0
2789-CZANW,pytorch_tabular_net,0.0613100007176399,Low,2026-10-01T07:22:18Z,train,0
2789-HQBOU,pytorch_tabular_net,0.7139800190925598,Critical,2026-10-01T07:22:18Z,train,1
2790-XUYMV,pytorch_tabular_net,0.1017699986696243,Low,2026-10-01T07:22:18Z,train,0
2791-SFVEW,pytorch_tabular_net,0.1239700019359588,Low,2026-10-01T07:22:18Z,train,0
2792-LSHWX,pytorch_tabular_net,0.6561800241470337,Critical,2026-10-01T07:22:18Z,train,1
2792-VPPET,pytorch_tabular_net,0.2373300045728683,Medium,2026-10-01T07:22:18Z,valid,0
2794-XIMMO,pytorch_tabular_net,0.1985400021076202,Low,2026-10-01T07:22:18Z,train,0
2796-NNUFI,pytorch_tabular_net,0.009290000423789,Low,2026-10-01T07:22:18Z,test,0
2796-UUZZO,pytorch_tabular_net,0.2029999941587448,Medium,2026-10-01T07:22:18Z,valid,0
2798-NYLMZ,pytorch_tabular_net,0.0678099989891052,Low,2026-10-01T07:22:18Z,train,0
2799-ARNLO,pytorch_tabular_net,0.7464699745178223,Critical,2026-10-01T07:22:18Z,train,1
2799-TSLAG,pytorch_tabular_net,0.014390000142157,Low,2026-10-01T07:22:18Z,train,0
2800-QQUSO,pytorch_tabular_net,0.5004100203514099,High,2026-10-01T07:22:18Z,train,1
2800-VEQXM,pytorch_tabular_net,0.7630299925804138,Critical,2026-10-01T07:22:18Z,valid,1
2801-NISEI,pytorch_tabular_net,0.1239299997687339,Low,2026-10-01T07:22:18Z,train,0
2804-ETQDK,pytorch_tabular_net,0.0136299999430775,Low,2026-10-01T07:22:18Z,train,0
2805-AUFQN,pytorch_tabular_net,0.0197899993509054,Low,2026-10-01T07:22:18Z,train,0
2805-EDJPQ,pytorch_tabular_net,0.1313499957323074,Low,2026-10-01T07:22:18Z,train,0
2806-MLNTI,pytorch_tabular_net,0.2918199896812439,Medium,2026-10-01T07:22:18Z,train,0
2808-CHTDM,pytorch_tabular_net,0.0094299996271729,Low,2026-10-01T07:22:18Z,train,0
2809-ILCYT,pytorch_tabular_net,0.0257099997252225,Low,2026-10-01T07:22:18Z,train,0
2809-ZMYOQ,pytorch_tabular_net,0.7263399958610535,Critical,2026-10-01T07:22:18Z,train,1
2810-FTLEM,pytorch_tabular_net,0.2408999949693679,Medium,2026-10-01T07:22:18Z,train,0
2811-POVEX,pytorch_tabular_net,0.4248400032520294,High,2026-10-01T07:22:18Z,train,1
2812-ENYMO,pytorch_tabular_net,0.1637600064277649,Low,2026-10-01T07:22:18Z,valid,0
2812-REYAT,pytorch_tabular_net,0.018130000680685,Low,2026-10-01T07:22:18Z,train,0
2812-SFXMJ,pytorch_tabular_net,0.1966699957847595,Low,2026-10-01T07:22:18Z,train,0
2815-CPTUL,pytorch_tabular_net,0.6783300042152405,Critical,2026-10-01T07:22:18Z,train,1
2817-LVCPP,pytorch_tabular_net,0.016440000385046,Low,2026-10-01T07:22:18Z,train,0
2817-NTQDO,pytorch_tabular_net,0.4375500082969665,High,2026-10-01T07:22:18Z,train,1
2819-GWENI,pytorch_tabular_net,0.011629999615252,Low,2026-10-01T07:22:18Z,train,0
2821-WARNZ,pytorch_tabular_net,0.0181799996644258,Low,2026-10-01T07:22:18Z,train,0
2823-LKABH,pytorch_tabular_net,0.4731700122356415,High,2026-10-01T07:22:18Z,train,1
2824-DXNKN,pytorch_tabular_net,0.0225499998778104,Low,2026-10-01T07:22:18Z,train,0
2824-MYYBN,pytorch_tabular_net,0.5285900235176086,High,2026-10-01T07:22:18Z,train,1
2826-DXLQO,pytorch_tabular_net,0.5005800127983093,High,2026-10-01T07:22:18Z,train,1
2826-UWHIS,pytorch_tabular_net,0.1343600004911422,Low,2026-10-01T07:22:18Z,valid,0
2828-SLQPF,pytorch_tabular_net,0.2013899981975555,Medium,2026-10-01T07:22:18Z,valid,0
2829-HYVZP,pytorch_tabular_net,0.0227000005543231,Low,2026-10-01T07:22:18Z,train,0
2830-LEWOA,pytorch_tabular_net,0.1206000000238418,Low,2026-10-01T07:22:18Z,valid,0
2831-EBWRN,pytorch_tabular_net,0.5073800086975098,High,2026-10-01T07:22:18Z,valid,1
2832-KJCRD,pytorch_tabular_net,0.5883200168609619,High,2026-10-01T07:22:18Z,train,1
2832-SCUCO,pytorch_tabular_net,0.2759400010108948,Medium,2026-10-01T07:22:18Z,train,0
2833-SLKDQ,pytorch_tabular_net,0.4629600048065185,High,2026-10-01T07:22:18Z,valid,1
2834-JKOOW,pytorch_tabular_net,0.0292399991303682,Low,2026-10-01T07:22:18Z,valid,0
2834-JRTUA,pytorch_tabular_net,0.0993999987840652,Low,2026-10-01T07:22:18Z,train,0
2834-SPCJV,pytorch_tabular_net,0.2538700103759765,Medium,2026-10-01T07:22:18Z,train,0
2839-RFSQE,pytorch_tabular_net,0.1872200071811676,Low,2026-10-01T07:22:18Z,train,0
2840-XANRC,pytorch_tabular_net,0.6498000025749207,Critical,2026-10-01T07:22:18Z,train,1
2842-BCQGE,pytorch_tabular_net,0.3706600069999695,Medium,2026-10-01T07:22:18Z,train,1
2842-JTCCU,pytorch_tabular_net,0.3363299965858459,Medium,2026-10-01T07:22:18Z,test,0
2843-CQMEG,pytorch_tabular_net,0.1605300009250641,Low,2026-10-01T07:22:18Z,train,0
2845-AFFTX,pytorch_tabular_net,0.7184799909591675,Critical,2026-10-01T07:22:18Z,train,1
2845-HSJCY,pytorch_tabular_net,0.7523499727249146,Critical,2026-10-01T07:22:18Z,valid,1
2845-KDHVX,pytorch_tabular_net,0.0089499996975064,Low,2026-10-01T07:22:18Z,test,0
2848-YXSMW,pytorch_tabular_net,0.015599999576807,Low,2026-10-01T07:22:18Z,train,0
2851-MMUTZ,pytorch_tabular_net,0.1080899983644485,Low,2026-10-01T07:22:18Z,train,0
2851-STERV,pytorch_tabular_net,0.2414200007915496,Medium,2026-10-01T07:22:18Z,train,0
2853-CWQFQ,pytorch_tabular_net,0.4440500140190124,High,2026-10-01T07:22:18Z,train,1
2856-HYAPG,pytorch_tabular_net,0.7264599800109863,Critical,2026-10-01T07:22:18Z,train,1
2856-NNASM,pytorch_tabular_net,0.4974499940872192,High,2026-10-01T07:22:18Z,valid,1
2858-EIMXH,pytorch_tabular_net,0.2773500084877014,Medium,2026-10-01T07:22:18Z,train,0
2858-MOFSQ,pytorch_tabular_net,0.1512099951505661,Low,2026-10-01T07:22:18Z,train,0
2860-RANUS,pytorch_tabular_net,0.6896700263023376,Critical,2026-10-01T07:22:18Z,test,1
2862-JVEOY,pytorch_tabular_net,0.0368699990212917,Low,2026-10-01T07:22:18Z,valid,0
2862-PFNIK,pytorch_tabular_net,0.7675600051879883,Critical,2026-10-01T07:22:18Z,train,1
2863-IMQDR,pytorch_tabular_net,0.0302300006151199,Low,2026-10-01T07:22:18Z,valid,0
2865-TCHJW,pytorch_tabular_net,0.850570023059845,Critical,2026-10-01T07:22:18Z,train,1
2866-IKBTM,pytorch_tabular_net,0.2506200075149536,Medium,2026-10-01T07:22:18Z,train,0
2867-UIMSS,pytorch_tabular_net,0.7390199899673462,Critical,2026-10-01T07:22:18Z,valid,1
2868-LLSKM,pytorch_tabular_net,0.063129998743534,Low,2026-10-01T07:22:18Z,train,0
2868-MZAGQ,pytorch_tabular_net,0.8128600120544434,Critical,2026-10-01T07:22:18Z,test,1
2868-SNELZ,pytorch_tabular_net,0.6928099989891052,Critical,2026-10-01T07:22:18Z,valid,1
2869-ADAWR,pytorch_tabular_net,0.4586000144481659,High,2026-10-01T07:22:18Z,train,1
2873-ZLIWT,pytorch_tabular_net,0.3709200024604797,Medium,2026-10-01T07:22:18Z,train,1
2874-YXVVA,pytorch_tabular_net,0.4270499944686889,High,2026-10-01T07:22:18Z,train,1
2876-GZYZC,pytorch_tabular_net,0.7077900171279907,Critical,2026-10-01T07:22:18Z,train,1
2876-VBBBL,pytorch_tabular_net,0.3460200130939483,Medium,2026-10-01T07:22:18Z,train,1
2877-VDUER,pytorch_tabular_net,0.0430600009858608,Low,2026-10-01T07:22:18Z,valid,0
2878-DHMIN,pytorch_tabular_net,0.0176400002092123,Low,2026-10-01T07:22:18Z,train,0
2878-RMWXY,pytorch_tabular_net,0.0581099987030029,Low,2026-10-01T07:22:18Z,test,0
2880-FPNAE,pytorch_tabular_net,0.8169800043106079,Critical,2026-10-01T07:22:18Z,valid,1
2882-DDZPG,pytorch_tabular_net,0.1017000004649162,Low,2026-10-01T07:22:18Z,train,0
2882-WDTBA,pytorch_tabular_net,0.0219899993389844,Low,2026-10-01T07:22:18Z,train,0
2883-ILGWO,pytorch_tabular_net,0.338019996881485,Medium,2026-10-01T07:22:18Z,train,0
2884-GBPFB,pytorch_tabular_net,0.3615899980068207,Medium,2026-10-01T07:22:18Z,test,1
2885-HIJDH,pytorch_tabular_net,0.0291900001466274,Low,2026-10-01T07:22:18Z,train,0
2886-KEFUM,pytorch_tabular_net,0.3701100051403045,Medium,2026-10-01T07:22:18Z,valid,1
2887-JPYLU,pytorch_tabular_net,0.0662399977445602,Low,2026-10-01T07:22:18Z,valid,0
2888-ADFAO,pytorch_tabular_net,0.0141599997878074,Low,2026-10-01T07:22:18Z,valid,0
2889-FPWRM,pytorch_tabular_net,0.1960300058126449,Low,2026-10-01T07:22:18Z,train,0
2890-WFBHU,pytorch_tabular_net,0.0714100003242492,Low,2026-10-01T07:22:18Z,train,0
2892-GESUL,pytorch_tabular_net,0.0086300000548362,Low,2026-10-01T07:22:18Z,train,0
2894-QOJRX,pytorch_tabular_net,0.3969500064849853,Medium,2026-10-01T07:22:18Z,train,1
2896-TBNBE,pytorch_tabular_net,0.1151600033044815,Low,2026-10-01T07:22:18Z,test,0
2897-DOVND,pytorch_tabular_net,0.7361699938774109,Critical,2026-10-01T07:22:18Z,valid,1
2898-LSJGD,pytorch_tabular_net,0.1405099928379058,Low,2026-10-01T07:22:18Z,valid,0
2898-MRKPI,pytorch_tabular_net,0.2779099941253662,Medium,2026-10-01T07:22:18Z,train,0
2900-PHPLN,pytorch_tabular_net,0.0218000002205371,Low,2026-10-01T07:22:18Z,train,0
2903-YYTBW,pytorch_tabular_net,0.5005900263786316,High,2026-10-01T07:22:18Z,train,1
2904-GGUAZ,pytorch_tabular_net,0.0230199992656707,Low,2026-10-01T07:22:18Z,valid,0
2905-KFQUV,pytorch_tabular_net,0.782800018787384,Critical,2026-10-01T07:22:18Z,train,1
2907-ILJBN,pytorch_tabular_net,0.018190000206232,Low,2026-10-01T07:22:18Z,train,0
2908-WGAXL,pytorch_tabular_net,0.0149100003764033,Low,2026-10-01T07:22:18Z,test,0
2908-ZTPNF,pytorch_tabular_net,0.1424800008535385,Low,2026-10-01T07:22:18Z,train,0
2911-IJORQ,pytorch_tabular_net,0.122089996933937,Low,2026-10-01T07:22:18Z,train,0
2911-UREFD,pytorch_tabular_net,0.2370299994945526,Medium,2026-10-01T07:22:18Z,train,0
2911-WDXMV,pytorch_tabular_net,0.5392900109291077,High,2026-10-01T07:22:18Z,test,1
2916-BQZLN,pytorch_tabular_net,0.5835599899291992,High,2026-10-01T07:22:18Z,train,1
2919-HBCJO,pytorch_tabular_net,0.6487299799919128,Critical,2026-10-01T07:22:18Z,train,1
2920-RNCEZ,pytorch_tabular_net,0.7536600232124329,Critical,2026-10-01T07:22:18Z,valid,1
2921-XWDJH,pytorch_tabular_net,0.3667899966239929,Medium,2026-10-01T07:22:18Z,test,1
2923-ARZLG,pytorch_tabular_net,0.2403700053691864,Medium,2026-10-01T07:22:18Z,train,0
2924-KHUVI,pytorch_tabular_net,0.3143799901008606,Medium,2026-10-01T07:22:18Z,train,0
2925-MXLSX,pytorch_tabular_net,0.1293500065803527,Low,2026-10-01T07:22:18Z,train,0
2925-VDZHY,pytorch_tabular_net,0.0228400006890296,Low,2026-10-01T07:22:18Z,train,0
2926-JEJJC,pytorch_tabular_net,0.0481799989938735,Low,2026-10-01T07:22:18Z,train,0
2927-CVULT,pytorch_tabular_net,0.0216799993067979,Low,2026-10-01T07:22:18Z,train,0
2927-QRRQV,pytorch_tabular_net,0.3434000015258789,Medium,2026-10-01T07:22:18Z,train,1
2928-HLDBA,pytorch_tabular_net,0.1101500019431114,Low,2026-10-01T07:22:18Z,valid,0
2929-ERCFZ,pytorch_tabular_net,0.7470600008964539,Critical,2026-10-01T07:22:18Z,train,1
2929-QNSRW,pytorch_tabular_net,0.367900013923645,Medium,2026-10-01T07:22:18Z,valid,1
2930-UOTMB,pytorch_tabular_net,0.1298899948596954,Low,2026-10-01T07:22:18Z,valid,0
2931-FSOHN,pytorch_tabular_net,0.5255299806594849,High,2026-10-01T07:22:18Z,test,1
2931-SVLTV,pytorch_tabular_net,0.2411199957132339,Medium,2026-10-01T07:22:18Z,train,0
2931-VUVJN,pytorch_tabular_net,0.1603800058364868,Low,2026-10-01T07:22:18Z,test,0
2931-XIQBR,pytorch_tabular_net,0.1333899945020675,Low,2026-10-01T07:22:18Z,train,0
2933-FILNV,pytorch_tabular_net,0.525600016117096,High,2026-10-01T07:22:18Z,train,1
2933-XEUJM,pytorch_tabular_net,0.0291099995374679,Low,2026-10-01T07:22:18Z,train,0
2937-FTHUR,pytorch_tabular_net,0.2029799968004226,Medium,2026-10-01T07:22:18Z,valid,0
2946-KIQSP,pytorch_tabular_net,0.1005999967455864,Low,2026-10-01T07:22:18Z,train,0
2947-DOMLJ,pytorch_tabular_net,0.3499599993228912,Medium,2026-10-01T07:22:18Z,train,1
2951-QOQTK,pytorch_tabular_net,0.5923299789428711,High,2026-10-01T07:22:18Z,train,1
2952-QAYZF,pytorch_tabular_net,0.7950000166893005,Critical,2026-10-01T07:22:18Z,train,1
2954-PIBKO,pytorch_tabular_net,0.0184499993920326,Low,2026-10-01T07:22:18Z,test,0
2955-BJZHG,pytorch_tabular_net,0.5252900123596191,High,2026-10-01T07:22:18Z,train,1
2955-PSXOE,pytorch_tabular_net,0.3257899880409241,Medium,2026-10-01T07:22:18Z,train,0
2956-GGUCQ,pytorch_tabular_net,0.554830014705658,High,2026-10-01T07:22:18Z,train,1
2957-JIRMN,pytorch_tabular_net,0.1114799976348877,Low,2026-10-01T07:22:18Z,train,0
2957-LOLHO,pytorch_tabular_net,0.2756600081920624,Medium,2026-10-01T07:22:18Z,train,0
2958-NHPPS,pytorch_tabular_net,0.0746800005435943,Low,2026-10-01T07:22:18Z,train,0
2959-EEXWB,pytorch_tabular_net,0.2322400063276291,Medium,2026-10-01T07:22:18Z,train,0
2959-FENLU,pytorch_tabular_net,0.6514999866485596,Critical,2026-10-01T07:22:18Z,train,1
2959-MJHIC,pytorch_tabular_net,0.753250002861023,Critical,2026-10-01T07:22:18Z,train,1
2960-NKRSO,pytorch_tabular_net,0.3861100077629089,Medium,2026-10-01T07:22:18Z,train,1
2961-VNFKL,pytorch_tabular_net,0.0147799998521804,Low,2026-10-01T07:22:18Z,train,0
2962-XPMCQ,pytorch_tabular_net,0.5923399925231934,High,2026-10-01T07:22:18Z,train,1
2967-MXRAV,pytorch_tabular_net,0.0517299994826316,Low,2026-10-01T07:22:18Z,train,0
2968-SSGAA,pytorch_tabular_net,0.851069986820221,Critical,2026-10-01T07:22:18Z,train,1
2969-QWUBZ,pytorch_tabular_net,0.5944799780845642,High,2026-10-01T07:22:18Z,train,1
2969-VAPYH,pytorch_tabular_net,0.0683799982070922,Low,2026-10-01T07:22:18Z,train,0
2969-WGHQO,pytorch_tabular_net,0.0894199982285499,Low,2026-10-01T07:22:18Z,train,0
2971-SGAFL,pytorch_tabular_net,0.4431500136852264,High,2026-10-01T07:22:18Z,train,1
2972-YDYUW,pytorch_tabular_net,0.1272899955511093,Low,2026-10-01T07:22:18Z,valid,0
2974-GGUXS,pytorch_tabular_net,0.5081300139427185,High,2026-10-01T07:22:18Z,train,1
2977-CEBSX,pytorch_tabular_net,0.0282799992710351,Low,2026-10-01T07:22:18Z,train,0
2978-XXSOG,pytorch_tabular_net,0.1284700036048889,Low,2026-10-01T07:22:18Z,train,0
2979-SXESE,pytorch_tabular_net,0.4907099902629852,High,2026-10-01T07:22:18Z,valid,1
2982-IHMFT,pytorch_tabular_net,0.8587599992752075,Critical,2026-10-01T07:22:18Z,test,1
2982-VPSGI,pytorch_tabular_net,0.8380299806594849,Critical,2026-10-01T07:22:18Z,train,1
2983-ZANRP,pytorch_tabular_net,0.6991299986839294,Critical,2026-10-01T07:22:18Z,train,1
2984-AFWNC,pytorch_tabular_net,0.7724000215530396,Critical,2026-10-01T07:22:18Z,test,1
2984-MIIZL,pytorch_tabular_net,0.6571099758148193,Critical,2026-10-01T07:22:18Z,train,1
2984-RGEYA,pytorch_tabular_net,0.0114700002595782,Low,2026-10-01T07:22:18Z,train,0
2984-TBYKU,pytorch_tabular_net,0.0310900006443262,Low,2026-10-01T07:22:18Z,train,0
2985-FMWYF,pytorch_tabular_net,0.7857800126075745,Critical,2026-10-01T07:22:18Z,train,1
2985-JUUBZ,pytorch_tabular_net,0.3094399869441986,Medium,2026-10-01T07:22:18Z,train,0
2987-BJXIK,pytorch_tabular_net,0.0189500004053115,Low,2026-10-01T07:22:18Z,train,0
2988-GBIVW,pytorch_tabular_net,0.3165200054645538,Medium,2026-10-01T07:22:18Z,train,0
2988-PLAHS,pytorch_tabular_net,0.4821000099182129,High,2026-10-01T07:22:18Z,train,1
2988-QRAJY,pytorch_tabular_net,0.0856899991631507,Low,2026-10-01T07:22:18Z,train,0
2990-HWIML,pytorch_tabular_net,0.8109300136566162,Critical,2026-10-01T07:22:18Z,train,1
2990-IAJSV,pytorch_tabular_net,0.0376400016248226,Low,2026-10-01T07:22:18Z,valid,0
2990-OGYTD,pytorch_tabular_net,0.0173599999397993,Low,2026-10-01T07:22:18Z,train,0
2995-UPRYS,pytorch_tabular_net,0.2860200107097626,Medium,2026-10-01T07:22:18Z,train,0
2995-YWTCD,pytorch_tabular_net,0.0189500004053115,Low,2026-10-01T07:22:18Z,test,0
2996-XAUVF,pytorch_tabular_net,0.017179999500513,Low,2026-10-01T07:22:18Z,test,0
2999-AANRQ,pytorch_tabular_net,0.0546599999070167,Low,2026-10-01T07:22:18Z,test,0
3001-CBHLQ,pytorch_tabular_net,0.6048300266265869,Critical,2026-10-01T07:22:18Z,valid,1
3001-UNBTL,pytorch_tabular_net,0.6545400023460388,Critical,2026-10-01T07:22:18Z,train,1
3002-WQZWT,pytorch_tabular_net,0.4026100039482116,High,2026-10-01T07:22:18Z,test,1
3003-CMDUU,pytorch_tabular_net,0.4389100074768066,High,2026-10-01T07:22:18Z,valid,1
3005-NFMTA,pytorch_tabular_net,0.5981500148773193,High,2026-10-01T07:22:18Z,train,1
3005-TYFRD,pytorch_tabular_net,0.4292699992656708,High,2026-10-01T07:22:18Z,train,1
3006-XIMLN,pytorch_tabular_net,0.8709499835968018,Critical,2026-10-01T07:22:18Z,train,1
3007-FDPEA,pytorch_tabular_net,0.2592900097370147,Medium,2026-10-01T07:22:18Z,train,0
3009-JWMPU,pytorch_tabular_net,0.3776699900627136,Medium,2026-10-01T07:22:18Z,train,1
3011-WQKSZ,pytorch_tabular_net,0.1088799983263015,Low,2026-10-01T07:22:18Z,valid,0
3012-VFFMN,pytorch_tabular_net,0.0864199995994567,Low,2026-10-01T07:22:18Z,train,0
3014-WJKSM,pytorch_tabular_net,0.3683399856090545,Medium,2026-10-01T07:22:18Z,train,1
3016-KSVCP,pytorch_tabular_net,0.2997899949550628,Medium,2026-10-01T07:22:18Z,train,0
3018-TFTSU,pytorch_tabular_net,0.3430399894714355,Medium,2026-10-01T07:22:18Z,train,1
3021-VLNRJ,pytorch_tabular_net,0.046239998191595,Low,2026-10-01T07:22:18Z,train,0
3022-BEXHZ,pytorch_tabular_net,0.0612399987876415,Low,2026-10-01T07:22:18Z,test,0
3023-GFLBR,pytorch_tabular_net,0.3686000108718872,Medium,2026-10-01T07:22:18Z,train,1
3026-ATZYV,pytorch_tabular_net,0.0604900009930133,Low,2026-10-01T07:22:18Z,valid,0
3027-YNWZU,pytorch_tabular_net,0.0124599998816847,Low,2026-10-01T07:22:18Z,test,0
3027-ZTDHO,pytorch_tabular_net,0.8599500060081482,Critical,2026-10-01T07:22:18Z,train,1
3030-YDNRM,pytorch_tabular_net,0.6701700091362,Critical,2026-10-01T07:22:18Z,train,1
3030-YZADT,pytorch_tabular_net,0.1979800015687942,Low,2026-10-01T07:22:18Z,train,0
3030-ZKIWL,pytorch_tabular_net,0.2304099947214126,Medium,2026-10-01T07:22:18Z,train,0
3034-ZBEQN,pytorch_tabular_net,0.0240400005131959,Low,2026-10-01T07:22:18Z,test,0
3038-PQIUY,pytorch_tabular_net,0.100440002977848,Low,2026-10-01T07:22:18Z,train,0
3039-MJSLN,pytorch_tabular_net,0.1224299967288971,Low,2026-10-01T07:22:18Z,train,0
3043-SUDUA,pytorch_tabular_net,0.0592599995434284,Low,2026-10-01T07:22:18Z,valid,0
3043-TYBNO,pytorch_tabular_net,0.2011899948120117,Medium,2026-10-01T07:22:18Z,train,0
3045-XETSH,pytorch_tabular_net,0.7488600015640259,Critical,2026-10-01T07:22:18Z,test,1
3049-NDXFL,pytorch_tabular_net,0.8008800148963928,Critical,2026-10-01T07:22:18Z,test,1
3049-SOLAY,pytorch_tabular_net,0.87882000207901,Critical,2026-10-01T07:22:18Z,valid,1
3050-GBUSH,pytorch_tabular_net,0.7296500205993652,Critical,2026-10-01T07:22:18Z,train,1
3050-RLLXC,pytorch_tabular_net,0.016780000180006,Low,2026-10-01T07:22:18Z,train,0
3055-MJDSB,pytorch_tabular_net,0.4783099889755249,High,2026-10-01T07:22:18Z,train,1
3055-OYMSE,pytorch_tabular_net,0.3200600147247314,Medium,2026-10-01T07:22:18Z,train,0
3055-VTCGS,pytorch_tabular_net,0.0433599986135959,Low,2026-10-01T07:22:18Z,train,0
3057-VJJQE,pytorch_tabular_net,0.0279699992388486,Low,2026-10-01T07:22:18Z,train,0
3058-HJCUY,pytorch_tabular_net,0.4154700040817261,High,2026-10-01T07:22:18Z,train,1
3058-WQDRE,pytorch_tabular_net,0.4278300106525421,High,2026-10-01T07:22:18Z,test,1
3059-NGMXB,pytorch_tabular_net,0.1465599983930587,Low,2026-10-01T07:22:18Z,train,0
3061-BCKYI,pytorch_tabular_net,0.0702899992465972,Low,2026-10-01T07:22:18Z,valid,0
3062-ICYZQ,pytorch_tabular_net,0.2724699974060058,Medium,2026-10-01T07:22:18Z,train,0
3063-QFSZL,pytorch_tabular_net,0.707859992980957,Critical,2026-10-01T07:22:18Z,test,1
3066-RRJIO,pytorch_tabular_net,0.7896400094032288,Critical,2026-10-01T07:22:18Z,train,1
3067-SVMTC,pytorch_tabular_net,0.0277200005948543,Low,2026-10-01T07:22:18Z,train,0
3068-OMWZA,pytorch_tabular_net,0.8927900195121765,Critical,2026-10-01T07:22:18Z,valid,1
3069-SSVSN,pytorch_tabular_net,0.3113400042057037,Medium,2026-10-01T07:22:18Z,train,0
3070-BDOQC,pytorch_tabular_net,0.0570000000298023,Low,2026-10-01T07:22:18Z,train,0
3070-DVEYC,pytorch_tabular_net,0.5593699812889099,High,2026-10-01T07:22:18Z,valid,1
3070-FNFZQ,pytorch_tabular_net,0.0128600001335144,Low,2026-10-01T07:22:18Z,valid,0
3071-MVJCD,pytorch_tabular_net,0.0277900006622076,Low,2026-10-01T07:22:18Z,train,0
3071-VBYPO,pytorch_tabular_net,0.5192700028419495,High,2026-10-01T07:22:18Z,valid,1
3074-GQWYX,pytorch_tabular_net,0.6430400013923645,Critical,2026-10-01T07:22:18Z,valid,1
3077-RSNTJ,pytorch_tabular_net,0.0887399986386299,Low,2026-10-01T07:22:18Z,train,0
3078-ZKNTS,pytorch_tabular_net,0.0190399996936321,Low,2026-10-01T07:22:18Z,train,0
3079-BCHLN,pytorch_tabular_net,0.0205199997872114,Low,2026-10-01T07:22:18Z,train,0
3082-VQXNH,pytorch_tabular_net,0.4870499968528747,High,2026-10-01T07:22:18Z,test,1
3082-WQRVY,pytorch_tabular_net,0.0491800010204315,Low,2026-10-01T07:22:18Z,train,0
3082-YVEKW,pytorch_tabular_net,0.0302099995315074,Low,2026-10-01T07:22:18Z,test,0
3084-DOWLE,pytorch_tabular_net,0.0230299998074769,Low,2026-10-01T07:22:18Z,test,0
3085-QUOZK,pytorch_tabular_net,0.4788599908351898,High,2026-10-01T07:22:18Z,test,1
3086-RUCRN,pytorch_tabular_net,0.1730100065469741,Low,2026-10-01T07:22:18Z,train,0
3088-FVYWK,pytorch_tabular_net,0.0144800003618001,Low,2026-10-01T07:22:18Z,test,0
3088-LHEFH,pytorch_tabular_net,0.5770999789237976,High,2026-10-01T07:22:18Z,test,1
3090-HAWSU,pytorch_tabular_net,0.089879997074604,Low,2026-10-01T07:22:18Z,train,0
3090-LETTY,pytorch_tabular_net,0.277999997138977,Medium,2026-10-01T07:22:18Z,train,0
3090-QFUVD,pytorch_tabular_net,0.2578299939632416,Medium,2026-10-01T07:22:18Z,train,0
3091-FYHKI,pytorch_tabular_net,0.8119400143623352,Critical,2026-10-01T07:22:18Z,test,1
3092-IGHWF,pytorch_tabular_net,0.1110299974679946,Low,2026-10-01T07:22:18Z,test,0
3094-JOJAI,pytorch_tabular_net,0.3323599994182586,Medium,2026-10-01T07:22:18Z,train,0
3096-GKWEB,pytorch_tabular_net,0.7395399808883667,Critical,2026-10-01T07:22:18Z,train,1
3096-IZETN,pytorch_tabular_net,0.4138100147247314,High,2026-10-01T07:22:18Z,valid,1
3096-JRDSO,pytorch_tabular_net,0.4788199961185455,High,2026-10-01T07:22:18Z,train,1
3096-WPXBT,pytorch_tabular_net,0.1215699985623359,Low,2026-10-01T07:22:18Z,train,0
3096-YXENJ,pytorch_tabular_net,0.0444100014865398,Low,2026-10-01T07:22:18Z,train,0
3097-FQTVJ,pytorch_tabular_net,0.0074599999934434,Low,2026-10-01T07:22:18Z,test,0
3097-IDVPU,pytorch_tabular_net,0.156709998846054,Low,2026-10-01T07:22:18Z,train,0
3097-NNSPB,pytorch_tabular_net,0.5218700170516968,High,2026-10-01T07:22:18Z,train,1
3097-NQYSN,pytorch_tabular_net,0.7819300293922424,Critical,2026-10-01T07:22:18Z,valid,1
3097-PYWXL,pytorch_tabular_net,0.1939300000667572,Low,2026-10-01T07:22:18Z,train,0
3099-OONVS,pytorch_tabular_net,0.1024900004267692,Low,2026-10-01T07:22:18Z,valid,0
3104-OWCGK,pytorch_tabular_net,0.1168899983167648,Low,2026-10-01T07:22:18Z,train,0
3106-ULWFW,pytorch_tabular_net,0.6447200179100037,Critical,2026-10-01T07:22:18Z,test,1
3108-PCCGG,pytorch_tabular_net,0.0651099979877471,Low,2026-10-01T07:22:18Z,test,0
3113-IWHLC,pytorch_tabular_net,0.3602800071239471,Medium,2026-10-01T07:22:18Z,valid,1
3115-CZMZD,pytorch_tabular_net,0.0829100012779235,Low,2026-10-01T07:22:18Z,train,0
3115-JPJDD,pytorch_tabular_net,0.0538600012660026,Low,2026-10-01T07:22:18Z,valid,0
3118-UHVVQ,pytorch_tabular_net,0.0129500003531575,Low,2026-10-01T07:22:18Z,train,0
3120-FAZKD,pytorch_tabular_net,0.0177500005811452,Low,2026-10-01T07:22:18Z,valid,0
3125-RAHBV,pytorch_tabular_net,0.0354800000786781,Low,2026-10-01T07:22:18Z,train,0
3126-WQMGH,pytorch_tabular_net,0.1637299954891204,Low,2026-10-01T07:22:18Z,valid,0
3128-YOVTD,pytorch_tabular_net,0.1558499932289123,Low,2026-10-01T07:22:18Z,train,0
3129-AAQOU,pytorch_tabular_net,0.0098299998790025,Low,2026-10-01T07:22:18Z,train,0
3130-ICDUP,pytorch_tabular_net,0.80281001329422,Critical,2026-10-01T07:22:18Z,valid,1
3131-NWVFJ,pytorch_tabular_net,0.0165199991315603,Low,2026-10-01T07:22:18Z,valid,0
3132-TVFDZ,pytorch_tabular_net,0.498879998922348,High,2026-10-01T07:22:18Z,test,1
3133-PZNSR,pytorch_tabular_net,0.0589400008320808,Low,2026-10-01T07:22:18Z,test,0
3134-DSHVC,pytorch_tabular_net,0.0383399985730648,Low,2026-10-01T07:22:18Z,train,0
3137-LUPIX,pytorch_tabular_net,0.4990000128746032,High,2026-10-01T07:22:18Z,train,1
3137-NYQQI,pytorch_tabular_net,0.0839300006628036,Low,2026-10-01T07:22:18Z,train,0
3138-BKYAV,pytorch_tabular_net,0.7205600142478943,Critical,2026-10-01T07:22:18Z,test,1
3143-ILDAL,pytorch_tabular_net,0.2567700147628784,Medium,2026-10-01T07:22:18Z,train,0
3143-JQEGI,pytorch_tabular_net,0.6953700184822083,Critical,2026-10-01T07:22:18Z,train,1
3144-AUDBS,pytorch_tabular_net,0.3404799997806549,Medium,2026-10-01T07:22:18Z,train,1
3144-KMTWZ,pytorch_tabular_net,0.1840700060129165,Low,2026-10-01T07:22:18Z,train,0
3146-JTQHR,pytorch_tabular_net,0.0296400003135204,Low,2026-10-01T07:22:18Z,train,0
3146-MSEGF,pytorch_tabular_net,0.0228100009262561,Low,2026-10-01T07:22:18Z,test,0
3148-AOIQT,pytorch_tabular_net,0.0147500000894069,Low,2026-10-01T07:22:18Z,test,0
3148-BLQJT,pytorch_tabular_net,0.2302999943494796,Medium,2026-10-01T07:22:18Z,train,0
3154-CFSZG,pytorch_tabular_net,0.2408200055360794,Medium,2026-10-01T07:22:18Z,test,0
3154-HMWUU,pytorch_tabular_net,0.0162700004875659,Low,2026-10-01T07:22:18Z,train,0
3156-QLHBO,pytorch_tabular_net,0.1594399958848953,Low,2026-10-01T07:22:18Z,train,0
3158-MOERK,pytorch_tabular_net,0.8270699977874756,Critical,2026-10-01T07:22:18Z,train,1
3160-TYXLT,pytorch_tabular_net,0.1703599989414215,Low,2026-10-01T07:22:18Z,valid,0
3161-GETRM,pytorch_tabular_net,0.465389996767044,High,2026-10-01T07:22:18Z,valid,1
3161-ONRWK,pytorch_tabular_net,0.0474399998784065,Low,2026-10-01T07:22:18Z,train,0
3162-KKZXO,pytorch_tabular_net,0.3568600118160248,Medium,2026-10-01T07:22:18Z,train,1
3162-ZJZFU,pytorch_tabular_net,0.318120002746582,Medium,2026-10-01T07:22:18Z,train,0
3164-AALRN,pytorch_tabular_net,0.4133999943733215,High,2026-10-01T07:22:18Z,train,1
3164-YAXFY,pytorch_tabular_net,0.2757300138473511,Medium,2026-10-01T07:22:18Z,train,0
3165-HDOEW,pytorch_tabular_net,0.6571699976921082,Critical,2026-10-01T07:22:18Z,train,1
3166-PNEOF,pytorch_tabular_net,0.0325799994170665,Low,2026-10-01T07:22:18Z,train,0
3167-SNQPL,pytorch_tabular_net,0.4170899987220764,High,2026-10-01T07:22:18Z,train,1
3170-GWYKC,pytorch_tabular_net,0.2335499972105026,Medium,2026-10-01T07:22:18Z,train,0
3170-NMYVV,pytorch_tabular_net,0.0111300004646182,Low,2026-10-01T07:22:18Z,train,0
3173-NVMPX,pytorch_tabular_net,0.3699199855327606,Medium,2026-10-01T07:22:18Z,train,1
3173-WSSUE,pytorch_tabular_net,0.010870000347495,Low,2026-10-01T07:22:18Z,test,0
3174-AKMAS,pytorch_tabular_net,0.0356200002133846,Low,2026-10-01T07:22:18Z,train,0
3174-RKMOW,pytorch_tabular_net,0.463919997215271,High,2026-10-01T07:22:18Z,train,1
3177-LASXD,pytorch_tabular_net,0.7312600016593933,Critical,2026-10-01T07:22:18Z,test,1
3178-CIFOT,pytorch_tabular_net,0.0385599993169307,Low,2026-10-01T07:22:18Z,train,0
3178-FESZO,pytorch_tabular_net,0.8780500292778015,Critical,2026-10-01T07:22:18Z,train,1
3179-GBRWV,pytorch_tabular_net,0.1510699987411499,Low,2026-10-01T07:22:18Z,valid,0
3181-MIZBN,pytorch_tabular_net,0.0654599964618682,Low,2026-10-01T07:22:18Z,train,0
3181-VTHOE,pytorch_tabular_net,0.0625699982047081,Low,2026-10-01T07:22:18Z,test,0
3186-AJIEK,pytorch_tabular_net,0.0476099997758865,Low,2026-10-01T07:22:18Z,train,0
3186-BAXNB,pytorch_tabular_net,0.7454900145530701,Critical,2026-10-01T07:22:18Z,train,1
3190-FZATL,pytorch_tabular_net,0.066610001027584,Low,2026-10-01T07:22:18Z,valid,0
3190-ITQXP,pytorch_tabular_net,0.0112699996680021,Low,2026-10-01T07:22:18Z,train,0
3190-XFANI,pytorch_tabular_net,0.274370014667511,Medium,2026-10-01T07:22:18Z,test,0
3191-CSNMG,pytorch_tabular_net,0.7826399803161621,Critical,2026-10-01T07:22:18Z,valid,1
3192-LNKRK,pytorch_tabular_net,0.5027700066566467,High,2026-10-01T07:22:18Z,valid,1
3192-NQECA,pytorch_tabular_net,0.0616899989545345,Low,2026-10-01T07:22:18Z,train,0
3194-ORPIK,pytorch_tabular_net,0.3155800104141235,Medium,2026-10-01T07:22:18Z,train,0
3195-TQDZX,pytorch_tabular_net,0.25450000166893,Medium,2026-10-01T07:22:18Z,test,0
3196-NVXLZ,pytorch_tabular_net,0.5528299808502197,High,2026-10-01T07:22:18Z,train,1
3197-ARFOY,pytorch_tabular_net,0.4938800036907196,High,2026-10-01T07:22:18Z,test,1
3197-NNYNB,pytorch_tabular_net,0.0858500003814697,Low,2026-10-01T07:22:18Z,train,0
3198-VELRD,pytorch_tabular_net,0.8256000280380249,Critical,2026-10-01T07:22:18Z,valid,1
3199-NPKCN,pytorch_tabular_net,0.2367700040340423,Medium,2026-10-01T07:22:18Z,test,0
3199-XGZCY,pytorch_tabular_net,0.6519100069999695,Critical,2026-10-01T07:22:18Z,test,1
3200-MNQTF,pytorch_tabular_net,0.0295499991625547,Low,2026-10-01T07:22:18Z,train,0
3205-MXZRA,pytorch_tabular_net,0.0864199995994567,Low,2026-10-01T07:22:18Z,train,0
3207-OYBWH,pytorch_tabular_net,0.2721199989318847,Medium,2026-10-01T07:22:18Z,test,0
3208-YPIOE,pytorch_tabular_net,0.3175599873065948,Medium,2026-10-01T07:22:18Z,train,0
3209-ZPKFI,pytorch_tabular_net,0.0991400033235549,Low,2026-10-01T07:22:18Z,test,0
3211-AAPKX,pytorch_tabular_net,0.5603899955749512,High,2026-10-01T07:22:18Z,train,1
3211-ILJTT,pytorch_tabular_net,0.3727000057697296,Medium,2026-10-01T07:22:18Z,test,1
3212-KXOCR,pytorch_tabular_net,0.0200200006365776,Low,2026-10-01T07:22:18Z,train,0
3213-VVOLG,pytorch_tabular_net,0.1032499969005584,Low,2026-10-01T07:22:18Z,train,0
3214-IYUUQ,pytorch_tabular_net,0.0833899974822998,Low,2026-10-01T07:22:18Z,train,0
3217-FZDMN,pytorch_tabular_net,0.6946799755096436,Critical,2026-10-01T07:22:18Z,train,1
3219-JQRSL,pytorch_tabular_net,0.0360100008547306,Low,2026-10-01T07:22:18Z,train,0
3221-CJMSG,pytorch_tabular_net,0.1741700023412704,Low,2026-10-01T07:22:18Z,test,0
3223-DWFIO,pytorch_tabular_net,0.5864400267601013,High,2026-10-01T07:22:18Z,test,1
3223-WZWJM,pytorch_tabular_net,0.5394399762153625,High,2026-10-01T07:22:18Z,train,1
3224-DFQNQ,pytorch_tabular_net,0.0647599995136261,Low,2026-10-01T07:22:18Z,train,0
3227-WLKLI,pytorch_tabular_net,0.0181799996644258,Low,2026-10-01T07:22:18Z,test,0
3229-USWAR,pytorch_tabular_net,0.0914300009608268,Low,2026-10-01T07:22:18Z,train,0
3230-IUALN,pytorch_tabular_net,0.0193900000303983,Low,2026-10-01T07:22:18Z,train,0
3230-JCNZS,pytorch_tabular_net,0.0381099991500377,Low,2026-10-01T07:22:18Z,train,0
3230-WYKIR,pytorch_tabular_net,0.2271399945020675,Medium,2026-10-01T07:22:18Z,train,0
3234-VKACU,pytorch_tabular_net,0.3691200017929077,Medium,2026-10-01T07:22:18Z,train,1
3235-ETOOB,pytorch_tabular_net,0.5562199950218201,High,2026-10-01T07:22:18Z,train,1
3237-AJGEH,pytorch_tabular_net,0.4598299860954284,High,2026-10-01T07:22:18Z,train,1
3239-TPHPZ,pytorch_tabular_net,0.0164100006222724,Low,2026-10-01T07:22:18Z,train,0
3243-ZHOHY,pytorch_tabular_net,0.018750000745058,Low,2026-10-01T07:22:18Z,train,0
3244-CQPHU,pytorch_tabular_net,0.0983799993991851,Low,2026-10-01T07:22:18Z,train,0
3244-DCJWY,pytorch_tabular_net,0.8153200149536133,Critical,2026-10-01T07:22:18Z,train,1
3247-MHJKM,pytorch_tabular_net,0.2300599962472915,Medium,2026-10-01T07:22:18Z,train,0
3247-ZVOUO,pytorch_tabular_net,0.6703299880027771,Critical,2026-10-01T07:22:18Z,train,1
3249-VHRIP,pytorch_tabular_net,0.0147399995476007,Low,2026-10-01T07:22:18Z,train,0
3249-ZPQRG,pytorch_tabular_net,0.6438199877738953,Critical,2026-10-01T07:22:18Z,train,1
3251-YMVWZ,pytorch_tabular_net,0.0235900003463029,Low,2026-10-01T07:22:18Z,train,0
3253-HKOKL,pytorch_tabular_net,0.123599998652935,Low,2026-10-01T07:22:18Z,train,0
3254-YRILK,pytorch_tabular_net,0.7341499924659729,Critical,2026-10-01T07:22:18Z,train,1
3255-GRXMG,pytorch_tabular_net,0.2836700081825256,Medium,2026-10-01T07:22:18Z,train,0
3256-EZDBI,pytorch_tabular_net,0.4555200040340423,High,2026-10-01T07:22:18Z,train,1
3258-SANFR,pytorch_tabular_net,0.3868800103664398,Medium,2026-10-01T07:22:18Z,train,1
3258-SYSWS,pytorch_tabular_net,0.1210900023579597,Low,2026-10-01T07:22:18Z,test,0
3258-ZKPAI,pytorch_tabular_net,0.0523599982261657,Low,2026-10-01T07:22:18Z,test,0
3259-FDWOY,pytorch_tabular_net,0.0947199985384941,Low,2026-10-01T07:22:18Z,test,0
3259-KNMRR,pytorch_tabular_net,0.0900700017809867,Low,2026-10-01T07:22:18Z,train,0
3259-QMXUN,pytorch_tabular_net,0.0575199984014034,Low,2026-10-01T07:22:18Z,train,0
3261-CQXOL,pytorch_tabular_net,0.0111300004646182,Low,2026-10-01T07:22:18Z,train,0
3262-EIDHV,pytorch_tabular_net,0.0202200002968311,Low,2026-10-01T07:22:18Z,test,0
3266-FTKHB,pytorch_tabular_net,0.013829999603331,Low,2026-10-01T07:22:18Z,train,0
3269-ATYWD,pytorch_tabular_net,0.5577999949455261,High,2026-10-01T07:22:18Z,train,1
3272-VUHPV,pytorch_tabular_net,0.1467999964952469,Low,2026-10-01T07:22:18Z,train,0
3274-NSDWE,pytorch_tabular_net,0.0158200003206729,Low,2026-10-01T07:22:18Z,train,0
3275-RHRNE,pytorch_tabular_net,0.1187999993562698,Low,2026-10-01T07:22:18Z,train,0
3276-HDUEG,pytorch_tabular_net,0.8270000219345093,Critical,2026-10-01T07:22:18Z,test,1
3278-FSIXX,pytorch_tabular_net,0.5408400297164917,High,2026-10-01T07:22:18Z,test,1
3279-DYZQM,pytorch_tabular_net,0.0118000004440546,Low,2026-10-01T07:22:18Z,train,0
3280-MRDOF,pytorch_tabular_net,0.0984100028872489,Low,2026-10-01T07:22:18Z,train,0
3280-NMUVX,pytorch_tabular_net,0.0181799996644258,Low,2026-10-01T07:22:18Z,train,0
3282-ZISZV,pytorch_tabular_net,0.0789700001478195,Low,2026-10-01T07:22:18Z,train,0
3283-WCWXT,pytorch_tabular_net,0.0189699996262788,Low,2026-10-01T07:22:18Z,test,0
3284-SVCRO,pytorch_tabular_net,0.0071800001896917,Low,2026-10-01T07:22:18Z,test,0
3285-UCQVC,pytorch_tabular_net,0.1543699949979782,Low,2026-10-01T07:22:18Z,train,0
3292-PBZEJ,pytorch_tabular_net,0.7335600256919861,Critical,2026-10-01T07:22:18Z,test,1
3295-YVUSR,pytorch_tabular_net,0.7986299991607666,Critical,2026-10-01T07:22:18Z,train,1
3296-SILRA,pytorch_tabular_net,0.8311700224876404,Critical,2026-10-01T07:22:18Z,train,1
3298-QEICA,pytorch_tabular_net,0.0098400004208087,Low,2026-10-01T07:22:18Z,test,0
3301-LSLWQ,pytorch_tabular_net,0.2372799962759018,Medium,2026-10-01T07:22:18Z,valid,0
3301-VKTGC,pytorch_tabular_net,0.0643500015139579,Low,2026-10-01T07:22:18Z,valid,0
3307-TLCUD,pytorch_tabular_net,0.1571100056171417,Low,2026-10-01T07:22:18Z,test,0
3308-DGHKL,pytorch_tabular_net,0.0169300008565187,Low,2026-10-01T07:22:18Z,test,0
3308-JSGML,pytorch_tabular_net,0.0474799983203411,Low,2026-10-01T07:22:18Z,test,0
3308-MHOOC,pytorch_tabular_net,0.3100300133228302,Medium,2026-10-01T07:22:18Z,train,0
3312-UUMZW,pytorch_tabular_net,0.5010700225830078,High,2026-10-01T07:22:18Z,train,1
3312-ZWLGF,pytorch_tabular_net,0.5377699732780457,High,2026-10-01T07:22:18Z,train,1
3313-QKNKB,pytorch_tabular_net,0.2093899995088577,Medium,2026-10-01T07:22:18Z,train,0
3315-IKYZQ,pytorch_tabular_net,0.0525499992072582,Low,2026-10-01T07:22:18Z,train,0
3315-TOTBP,pytorch_tabular_net,0.489870011806488,High,2026-10-01T07:22:18Z,test,1
3316-UWXUY,pytorch_tabular_net,0.2036499977111816,Medium,2026-10-01T07:22:18Z,train,0
3317-HRTNN,pytorch_tabular_net,0.6304500102996826,Critical,2026-10-01T07:22:18Z,train,1
3317-VLGQT,pytorch_tabular_net,0.5867499709129333,High,2026-10-01T07:22:18Z,test,1
3318-ISQFQ,pytorch_tabular_net,0.0905399993062019,Low,2026-10-01T07:22:18Z,train,0
3318-NMQXL,pytorch_tabular_net,0.8039699792861938,Critical,2026-10-01T07:22:18Z,train,1
3318-OSATS,pytorch_tabular_net,0.7099300026893616,Critical,2026-10-01T07:22:18Z,valid,1
3319-DWOEP,pytorch_tabular_net,0.7771000266075134,Critical,2026-10-01T07:22:18Z,train,1
3320-VEOYC,pytorch_tabular_net,0.7637500166893005,Critical,2026-10-01T07:22:18Z,test,1
3323-CPBWR,pytorch_tabular_net,0.5205699801445007,High,2026-10-01T07:22:18Z,train,1
3324-OIRTO,pytorch_tabular_net,0.1269599944353103,Low,2026-10-01T07:22:18Z,train,0
3325-FUYCG,pytorch_tabular_net,0.2816900014877319,Medium,2026-10-01T07:22:18Z,train,0
3327-YBAKM,pytorch_tabular_net,0.1058999970555305,Low,2026-10-01T07:22:18Z,train,0
3329-WDIOK,pytorch_tabular_net,0.7525699734687805,Critical,2026-10-01T07:22:18Z,train,1
3331-HQDTW,pytorch_tabular_net,0.5061100125312805,High,2026-10-01T07:22:18Z,test,1
3334-CTHOL,pytorch_tabular_net,0.6872000098228455,Critical,2026-10-01T07:22:18Z,train,1
3336-JORSO,pytorch_tabular_net,0.6083300113677979,Critical,2026-10-01T07:22:18Z,train,1
3338-CVVEH,pytorch_tabular_net,0.7504199743270874,Critical,2026-10-01T07:22:18Z,train,1
3339-EAQNV,pytorch_tabular_net,0.3093500137329101,Medium,2026-10-01T07:22:18Z,valid,0
3340-QBBFM,pytorch_tabular_net,0.0788000002503395,Low,2026-10-01T07:22:18Z,train,0
3345-JHUEO,pytorch_tabular_net,0.2655900120735168,Medium,2026-10-01T07:22:18Z,train,0
3345-PBBFH,pytorch_tabular_net,0.2331700026988983,Medium,2026-10-01T07:22:18Z,train,0
3346-BRMIS,pytorch_tabular_net,0.5948399901390076,High,2026-10-01T07:22:18Z,train,1
3347-YJZZE,pytorch_tabular_net,0.1012500002980232,Low,2026-10-01T07:22:18Z,train,0
3348-CFRNX,pytorch_tabular_net,0.4219099879264831,High,2026-10-01T07:22:18Z,valid,1
3349-ANQNH,pytorch_tabular_net,0.3546800017356872,Medium,2026-10-01T07:22:18Z,train,1
3351-NGXYI,pytorch_tabular_net,0.5238400101661682,High,2026-10-01T07:22:18Z,test,1
3351-NQLDI,pytorch_tabular_net,0.1456400007009506,Low,2026-10-01T07:22:18Z,train,0
3352-ALMCK,pytorch_tabular_net,0.5863500237464905,High,2026-10-01T07:22:18Z,train,1
3352-RICWQ,pytorch_tabular_net,0.0119000002741813,Low,2026-10-01T07:22:18Z,train,0
3354-OADJP,pytorch_tabular_net,0.0903000012040138,Low,2026-10-01T07:22:18Z,train,0
3359-DSRKA,pytorch_tabular_net,0.0091000003740191,Low,2026-10-01T07:22:18Z,train,0
3363-DTIVD,pytorch_tabular_net,0.1055999994277954,Low,2026-10-01T07:22:18Z,train,0
3363-EWLGO,pytorch_tabular_net,0.1225500032305717,Low,2026-10-01T07:22:18Z,train,0
3365-SAIGS,pytorch_tabular_net,0.5794600248336792,High,2026-10-01T07:22:18Z,valid,1
3370-GQEAL,pytorch_tabular_net,0.4751499891281128,High,2026-10-01T07:22:18Z,test,1
3370-HXOPH,pytorch_tabular_net,0.780430018901825,Critical,2026-10-01T07:22:18Z,valid,1
3372-CDXFJ,pytorch_tabular_net,0.0282899998128414,Low,2026-10-01T07:22:18Z,train,0
3372-KWFBM,pytorch_tabular_net,0.7199000120162964,Critical,2026-10-01T07:22:18Z,valid,1
3373-DIUUN,pytorch_tabular_net,0.0100699998438358,Low,2026-10-01T07:22:18Z,train,0
3373-YZZYM,pytorch_tabular_net,0.1830199956893921,Low,2026-10-01T07:22:18Z,test,0
3374-LXDEV,pytorch_tabular_net,0.4075999855995178,High,2026-10-01T07:22:18Z,train,1
3374-PZLXD,pytorch_tabular_net,0.0434099994599819,Low,2026-10-01T07:22:18Z,train,0
3374-TTZTK,pytorch_tabular_net,0.0550800003111362,Low,2026-10-01T07:22:18Z,train,0
3376-BMGFE,pytorch_tabular_net,0.6084399819374084,Critical,2026-10-01T07:22:18Z,test,1
3378-AJRAO,pytorch_tabular_net,0.019990000873804,Low,2026-10-01T07:22:18Z,test,0
3384-CTMSF,pytorch_tabular_net,0.6307200193405151,Critical,2026-10-01T07:22:18Z,train,1
3387-PLKUI,pytorch_tabular_net,0.0602700002491474,Low,2026-10-01T07:22:18Z,test,0
3387-VATUS,pytorch_tabular_net,0.8016499876976013,Critical,2026-10-01T07:22:18Z,test,1
3389-KTRXV,pytorch_tabular_net,0.0099999997764825,Low,2026-10-01T07:22:18Z,train,0
3389-YGYAI,pytorch_tabular_net,0.8363900184631348,Critical,2026-10-01T07:22:18Z,train,1
3391-JSQEW,pytorch_tabular_net,0.1157300025224685,Low,2026-10-01T07:22:18Z,train,0
3392-EHMNK,pytorch_tabular_net,0.0528299994766712,Low,2026-10-01T07:22:18Z,train,0
3393-FMZPV,pytorch_tabular_net,0.6533300280570984,Critical,2026-10-01T07:22:18Z,train,1
3396-DKDEL,pytorch_tabular_net,0.0432499982416629,Low,2026-10-01T07:22:18Z,train,0
3397-AVTKU,pytorch_tabular_net,0.0535399988293647,Low,2026-10-01T07:22:18Z,valid,0
3398-FSHON,pytorch_tabular_net,0.7849699854850769,Critical,2026-10-01T07:22:18Z,test,1
3398-GCPMU,pytorch_tabular_net,0.0223099999129772,Low,2026-10-01T07:22:18Z,valid,0
3398-ZOUAA,pytorch_tabular_net,0.6014699935913086,Critical,2026-10-01T07:22:18Z,train,1
3399-BMLVW,pytorch_tabular_net,0.0378700010478496,Low,2026-10-01T07:22:18Z,train,0
3400-ESFUW,pytorch_tabular_net,0.0311799999326467,Low,2026-10-01T07:22:18Z,train,0
3401-URHDA,pytorch_tabular_net,0.0861399993300437,Low,2026-10-01T07:22:18Z,valid,0
3402-XRIUO,pytorch_tabular_net,0.1846899986267089,Low,2026-10-01T07:22:18Z,test,0
3404-JNXAX,pytorch_tabular_net,0.320959985256195,Medium,2026-10-01T07:22:18Z,test,0
3407-JMJQQ,pytorch_tabular_net,0.0434999987483024,Low,2026-10-01T07:22:18Z,train,0
3407-QGWLG,pytorch_tabular_net,0.1946599930524826,Low,2026-10-01T07:22:18Z,train,0
3410-MHHUM,pytorch_tabular_net,0.1727000027894973,Low,2026-10-01T07:22:18Z,train,0
3410-YOQBQ,pytorch_tabular_net,0.0226499997079372,Low,2026-10-01T07:22:18Z,train,0
3411-WLRSQ,pytorch_tabular_net,0.7192800045013428,Critical,2026-10-01T07:22:18Z,valid,1
3413-BMNZE,pytorch_tabular_net,0.4957999885082245,High,2026-10-01T07:22:18Z,train,1
3413-CSSTH,pytorch_tabular_net,0.1486999988555908,Low,2026-10-01T07:22:18Z,train,0
3413-DHLPB,pytorch_tabular_net,0.2154199928045272,Medium,2026-10-01T07:22:18Z,train,0
3415-TAILE,pytorch_tabular_net,0.4643200039863586,High,2026-10-01T07:22:18Z,train,1
3417-TSCIC,pytorch_tabular_net,0.1026099994778633,Low,2026-10-01T07:22:18Z,train,0
3419-SNJJD,pytorch_tabular_net,0.2503899931907654,Medium,2026-10-01T07:22:18Z,train,0
3420-YJLQT,pytorch_tabular_net,0.6485199928283691,Critical,2026-10-01T07:22:18Z,train,1
3420-ZDBMA,pytorch_tabular_net,0.6443600058555603,Critical,2026-10-01T07:22:18Z,train,1
3422-GALYP,pytorch_tabular_net,0.7786499857902527,Critical,2026-10-01T07:22:18Z,train,1
3422-LYEPQ,pytorch_tabular_net,0.8261299729347229,Critical,2026-10-01T07:22:18Z,train,1
3422-WJOYD,pytorch_tabular_net,0.0406499989330768,Low,2026-10-01T07:22:18Z,valid,0
3423-HHXAO,pytorch_tabular_net,0.0251499991863966,Low,2026-10-01T07:22:18Z,train,0
3424-NMNBO,pytorch_tabular_net,0.3770599961280823,Medium,2026-10-01T07:22:18Z,train,1
3426-NIYYL,pytorch_tabular_net,0.2742899954319,Medium,2026-10-01T07:22:18Z,test,0
3427-GGZZI,pytorch_tabular_net,0.5289400219917297,High,2026-10-01T07:22:18Z,train,1
3428-MMGUB,pytorch_tabular_net,0.1032899990677833,Low,2026-10-01T07:22:18Z,valid,0
3428-XZMAZ,pytorch_tabular_net,0.7983400225639343,Critical,2026-10-01T07:22:18Z,train,1
3429-IFLEM,pytorch_tabular_net,0.0240199994295835,Low,2026-10-01T07:22:18Z,train,0
3439-GVUSX,pytorch_tabular_net,0.5964199900627136,High,2026-10-01T07:22:18Z,train,1
3440-JPSCL,pytorch_tabular_net,0.6585500240325928,Critical,2026-10-01T07:22:18Z,train,1
3441-CGZJH,pytorch_tabular_net,0.0797400027513504,Low,2026-10-01T07:22:18Z,test,0
3442-ZHHCC,pytorch_tabular_net,0.1050499975681305,Low,2026-10-01T07:22:18Z,train,0
3445-HXXGF,pytorch_tabular_net,0.3344300091266632,Medium,2026-10-01T07:22:18Z,valid,0
3446-QDSZF,pytorch_tabular_net,0.306329995393753,Medium,2026-10-01T07:22:18Z,train,0
3450-WXOAT,pytorch_tabular_net,0.1799599975347519,Low,2026-10-01T07:22:18Z,train,0
3451-VAWLI,pytorch_tabular_net,0.0109999999403953,Low,2026-10-01T07:22:18Z,test,0
3452-ABWRL,pytorch_tabular_net,0.4566600024700165,High,2026-10-01T07:22:18Z,train,1
3452-FLHYD,pytorch_tabular_net,0.0268900003284215,Low,2026-10-01T07:22:18Z,test,0
3452-GWUIN,pytorch_tabular_net,0.6888300180435181,Critical,2026-10-01T07:22:18Z,train,1
3452-SRFEG,pytorch_tabular_net,0.2175099998712539,Medium,2026-10-01T07:22:18Z,test,0
3453-RTHJQ,pytorch_tabular_net,0.6126499772071838,Critical,2026-10-01T07:22:18Z,train,1
3454-JFUBC,pytorch_tabular_net,0.0413199998438358,Low,2026-10-01T07:22:18Z,train,0
3457-PQBYH,pytorch_tabular_net,0.0105299996212124,Low,2026-10-01T07:22:18Z,valid,0
3458-IDMFK,pytorch_tabular_net,0.0141899995505809,Low,2026-10-01T07:22:18Z,train,0
3460-TJBWI,pytorch_tabular_net,0.0121400002390146,Low,2026-10-01T07:22:18Z,train,0
3462-BJQQA,pytorch_tabular_net,0.831250011920929,Critical,2026-10-01T07:22:18Z,valid,1
3466-BYAVD,pytorch_tabular_net,0.0907900035381317,Low,2026-10-01T07:22:18Z,train,0
3466-RITXD,pytorch_tabular_net,0.5217700004577637,High,2026-10-01T07:22:18Z,valid,1
3466-WAESX,pytorch_tabular_net,0.2569699883460998,Medium,2026-10-01T07:22:18Z,train,0
3468-DRVQJ,pytorch_tabular_net,0.1146000027656555,Low,2026-10-01T07:22:18Z,train,0
3470-BTGQO,pytorch_tabular_net,0.1316000074148178,Low,2026-10-01T07:22:18Z,train,0
3470-OBUET,pytorch_tabular_net,0.0257600005716085,Low,2026-10-01T07:22:18Z,valid,0
3472-OAOOR,pytorch_tabular_net,0.182679995894432,Low,2026-10-01T07:22:18Z,train,0
3472-QPRCH,pytorch_tabular_net,0.0142000000923872,Low,2026-10-01T07:22:18Z,train,0
3473-XIIIT,pytorch_tabular_net,0.6573200225830078,Critical,2026-10-01T07:22:18Z,test,1
3474-BAFSJ,pytorch_tabular_net,0.0253800004720687,Low,2026-10-01T07:22:18Z,train,0
3481-JHUZH,pytorch_tabular_net,0.4676499962806701,High,2026-10-01T07:22:18Z,train,1
3482-ABPKK,pytorch_tabular_net,0.0298800002783536,Low,2026-10-01T07:22:18Z,train,0
3486-HOOGQ,pytorch_tabular_net,0.0154100004583597,Low,2026-10-01T07:22:18Z,train,0
3486-KHMLI,pytorch_tabular_net,0.0622599981725215,Low,2026-10-01T07:22:18Z,train,0
3486-NPGST,pytorch_tabular_net,0.012360000051558,Low,2026-10-01T07:22:18Z,train,0
3487-EARAT,pytorch_tabular_net,0.0476699993014335,Low,2026-10-01T07:22:18Z,train,0
3488-PGMQJ,pytorch_tabular_net,0.6379799842834473,Critical,2026-10-01T07:22:18Z,valid,1
3489-HHPFY,pytorch_tabular_net,0.6332499980926514,Critical,2026-10-01T07:22:18Z,train,1
3489-VSFRD,pytorch_tabular_net,0.0586300007998943,Low,2026-10-01T07:22:18Z,train,0
3494-JCHRQ,pytorch_tabular_net,0.79926997423172,Critical,2026-10-01T07:22:18Z,test,1
3496-LFSZU,pytorch_tabular_net,0.5979599952697754,High,2026-10-01T07:22:18Z,train,1
3498-LZGQZ,pytorch_tabular_net,0.0146099999547004,Low,2026-10-01T07:22:18Z,train,0
3500-NSDOA,pytorch_tabular_net,0.0326699987053871,Low,2026-10-01T07:22:18Z,train,0
3500-RMZLT,pytorch_tabular_net,0.4474399983882904,High,2026-10-01T07:22:18Z,test,1
3503-TYDAY,pytorch_tabular_net,0.2192900031805038,Medium,2026-10-01T07:22:18Z,train,0
3506-LCJDC,pytorch_tabular_net,0.1407400071620941,Low,2026-10-01T07:22:18Z,test,0
3506-OVLKD,pytorch_tabular_net,0.0276999995112419,Low,2026-10-01T07:22:18Z,valid,0
3507-GASNP,pytorch_tabular_net,0.013319999910891,Low,2026-10-01T07:22:18Z,train,0
3508-CFVZL,pytorch_tabular_net,0.0347199998795986,Low,2026-10-01T07:22:18Z,train,0
3508-VLHCZ,pytorch_tabular_net,0.0185199994593858,Low,2026-10-01T07:22:18Z,test,0
3509-GWQGF,pytorch_tabular_net,0.2883299887180328,Medium,2026-10-01T07:22:18Z,train,0
3511-APPBJ,pytorch_tabular_net,0.249099999666214,Medium,2026-10-01T07:22:18Z,test,0
3511-BFTJW,pytorch_tabular_net,0.0086899995803833,Low,2026-10-01T07:22:18Z,valid,0
3512-IZIKN,pytorch_tabular_net,0.0161499995738267,Low,2026-10-01T07:22:18Z,test,0
3518-FSTWG,pytorch_tabular_net,0.0932599976658821,Low,2026-10-01T07:22:18Z,train,0
3518-PZXZQ,pytorch_tabular_net,0.6826300024986267,Critical,2026-10-01T07:22:18Z,train,1
3519-ZKXGG,pytorch_tabular_net,0.863070011138916,Critical,2026-10-01T07:22:18Z,train,1
3520-FJGCV,pytorch_tabular_net,0.0553600005805492,Low,2026-10-01T07:22:18Z,train,0
3521-HTQTV,pytorch_tabular_net,0.0215700007975101,Low,2026-10-01T07:22:18Z,train,0
3521-MNKLV,pytorch_tabular_net,0.2360499948263168,Medium,2026-10-01T07:22:18Z,train,0
3521-SYVOR,pytorch_tabular_net,0.2485799938440323,Medium,2026-10-01T07:22:18Z,train,0
3522-CDKHF,pytorch_tabular_net,0.1887899935245514,Low,2026-10-01T07:22:18Z,train,0
3523-BRGUW,pytorch_tabular_net,0.0725599974393844,Low,2026-10-01T07:22:18Z,test,0
3523-QRQLL,pytorch_tabular_net,0.1121700033545494,Low,2026-10-01T07:22:18Z,valid,0
3524-WQDSG,pytorch_tabular_net,0.4684799909591675,High,2026-10-01T07:22:18Z,valid,1
3525-DVKFN,pytorch_tabular_net,0.0101300003007054,Low,2026-10-01T07:22:18Z,train,0
3528-HFRIQ,pytorch_tabular_net,0.3346199989318847,Medium,2026-10-01T07:22:18Z,train,0
3530-CRZSB,pytorch_tabular_net,0.1013899967074394,Low,2026-10-01T07:22:18Z,test,0
3530-VWVGU,pytorch_tabular_net,0.0448600016534328,Low,2026-10-01T07:22:18Z,train,0
3533-UVMOM,pytorch_tabular_net,0.0207199994474649,Low,2026-10-01T07:22:18Z,train,0
3536-IQCTX,pytorch_tabular_net,0.4725300073623657,High,2026-10-01T07:22:18Z,train,1
3537-HPKQT,pytorch_tabular_net,0.3106899857521057,Medium,2026-10-01T07:22:18Z,train,0
3537-RYBHH,pytorch_tabular_net,0.1882299929857254,Low,2026-10-01T07:22:18Z,test,0
3538-WZPHD,pytorch_tabular_net,0.6722400188446045,Critical,2026-10-01T07:22:18Z,test,1
3540-RZJYU,pytorch_tabular_net,0.4416599869728088,High,2026-10-01T07:22:18Z,train,1
3541-ZNUHK,pytorch_tabular_net,0.2783100008964538,Medium,2026-10-01T07:22:18Z,train,0
3544-FBCAS,pytorch_tabular_net,0.0215000007301569,Low,2026-10-01T07:22:18Z,train,0
3545-CNWRG,pytorch_tabular_net,0.5777900218963623,High,2026-10-01T07:22:18Z,train,1
3546-GHEAE,pytorch_tabular_net,0.0180300008505582,Low,2026-10-01T07:22:18Z,train,0
3547-LQRIK,pytorch_tabular_net,0.0161700006574392,Low,2026-10-01T07:22:18Z,valid,0
3549-ZTMNH,pytorch_tabular_net,0.0234999991953372,Low,2026-10-01T07:22:18Z,test,0
3550-SAHFP,pytorch_tabular_net,0.5021100044250488,High,2026-10-01T07:22:18Z,train,1
3551-GAEGL,pytorch_tabular_net,0.0265599992126226,Low,2026-10-01T07:22:18Z,valid,0
3551-HUAZH,pytorch_tabular_net,0.8593800067901611,Critical,2026-10-01T07:22:18Z,train,1
3552-CTCYF,pytorch_tabular_net,0.091449998319149,Low,2026-10-01T07:22:18Z,train,0
3556-BVQGL,pytorch_tabular_net,0.0196499992161989,Low,2026-10-01T07:22:18Z,test,0
3557-HTYWR,pytorch_tabular_net,0.0182600002735853,Low,2026-10-01T07:22:18Z,valid,0
3563-SVYLG,pytorch_tabular_net,0.0238099992275238,Low,2026-10-01T07:22:18Z,train,0
3565-UNOCC,pytorch_tabular_net,0.6091499924659729,Critical,2026-10-01T07:22:18Z,valid,1
3566-CAAYU,pytorch_tabular_net,0.0069200000725686,Low,2026-10-01T07:22:18Z,train,0
3566-HJGPK,pytorch_tabular_net,0.6510499715805054,Critical,2026-10-01T07:22:18Z,test,1
3566-VVORZ,pytorch_tabular_net,0.1408700048923492,Low,2026-10-01T07:22:18Z,test,0
3567-PQTSO,pytorch_tabular_net,0.4282900094985962,High,2026-10-01T07:22:18Z,valid,1
3569-EDBPQ,pytorch_tabular_net,0.3557400107383728,Medium,2026-10-01T07:22:18Z,train,1
3569-JFODW,pytorch_tabular_net,0.0166599992662668,Low,2026-10-01T07:22:18Z,test,0
3569-VLDHH,pytorch_tabular_net,0.0642699971795082,Low,2026-10-01T07:22:18Z,test,0
3570-YUEKJ,pytorch_tabular_net,0.1679199934005737,Low,2026-10-01T07:22:18Z,train,0
3571-DPYUH,pytorch_tabular_net,0.1723099946975708,Low,2026-10-01T07:22:18Z,valid,0
3571-RFHAR,pytorch_tabular_net,0.4077300131320953,High,2026-10-01T07:22:18Z,train,1
3572-UOLYZ,pytorch_tabular_net,0.21875,Medium,2026-10-01T07:22:18Z,train,0
3572-UUHRS,pytorch_tabular_net,0.0241199992597103,Low,2026-10-01T07:22:18Z,train,0
3577-AMVUX,pytorch_tabular_net,0.3825500011444092,Medium,2026-10-01T07:22:18Z,train,1
3580-GICBM,pytorch_tabular_net,0.009970000013709,Low,2026-10-01T07:22:18Z,test,0
3580-HYCSP,pytorch_tabular_net,0.0686400011181831,Low,2026-10-01T07:22:18Z,train,0
3580-REOAC,pytorch_tabular_net,0.3655799925327301,Medium,2026-10-01T07:22:18Z,train,1
3583-EKAPL,pytorch_tabular_net,0.6625499725341797,Critical,2026-10-01T07:22:18Z,train,1
3583-KRKMD,pytorch_tabular_net,0.2711299955844879,Medium,2026-10-01T07:22:18Z,train,0
3584-WKTTW,pytorch_tabular_net,0.334410011768341,Medium,2026-10-01T07:22:18Z,train,0
3585-ISXZP,pytorch_tabular_net,0.7213699817657471,Critical,2026-10-01T07:22:18Z,train,1
3585-YNADK,pytorch_tabular_net,0.031309999525547,Low,2026-10-01T07:22:18Z,test,0
3587-PMCOY,pytorch_tabular_net,0.5057799816131592,High,2026-10-01T07:22:18Z,train,1
3588-WSTTJ,pytorch_tabular_net,0.6896299719810486,Critical,2026-10-01T07:22:18Z,train,1
3589-PPVKW,pytorch_tabular_net,0.3988800048828125,Medium,2026-10-01T07:22:18Z,test,1
3590-TCXTB,pytorch_tabular_net,0.2297099977731704,Medium,2026-10-01T07:22:18Z,train,0
3594-BDSOA,pytorch_tabular_net,0.0223200004547834,Low,2026-10-01T07:22:18Z,test,0
3594-IVHJZ,pytorch_tabular_net,0.259799987077713,Medium,2026-10-01T07:22:18Z,train,0
3594-KADLU,pytorch_tabular_net,0.2608900070190429,Medium,2026-10-01T07:22:18Z,train,0
3594-UVONA,pytorch_tabular_net,0.1500499993562698,Low,2026-10-01T07:22:18Z,train,0
3597-MVHJT,pytorch_tabular_net,0.6439099907875061,Critical,2026-10-01T07:22:18Z,train,1
3597-YASZG,pytorch_tabular_net,0.0971999987959861,Low,2026-10-01T07:22:18Z,train,0
3604-WLABM,pytorch_tabular_net,0.1761700063943863,Low,2026-10-01T07:22:18Z,test,0
3605-JISKB,pytorch_tabular_net,0.0993999987840652,Low,2026-10-01T07:22:18Z,train,0
3606-SBKRY,pytorch_tabular_net,0.2446500062942505,Medium,2026-10-01T07:22:18Z,train,0
3606-TWKGI,pytorch_tabular_net,0.8029800057411194,Critical,2026-10-01T07:22:18Z,train,1
3612-YUNGG,pytorch_tabular_net,0.0652699992060661,Low,2026-10-01T07:22:18Z,train,0
3612-YVGSJ,pytorch_tabular_net,0.0146300001069903,Low,2026-10-01T07:22:18Z,test,0
3617-XLSGQ,pytorch_tabular_net,0.034740000963211,Low,2026-10-01T07:22:18Z,test,0
3620-EHIMZ,pytorch_tabular_net,0.0068299998529255,Low,2026-10-01T07:22:18Z,test,0
3620-MWJNE,pytorch_tabular_net,0.3953199982643127,Medium,2026-10-01T07:22:18Z,valid,1
3621-CEOVK,pytorch_tabular_net,0.6958799958229065,Critical,2026-10-01T07:22:18Z,train,1
3621-CHYVB,pytorch_tabular_net,0.1009700000286102,Low,2026-10-01T07:22:18Z,test,0
3623-FQBOX,pytorch_tabular_net,0.0699900016188621,Low,2026-10-01T07:22:18Z,test,0
3627-FCRDW,pytorch_tabular_net,0.4946300089359283,High,2026-10-01T07:22:18Z,test,1
3627-FHKBK,pytorch_tabular_net,0.6014000177383423,Critical,2026-10-01T07:22:18Z,valid,1
3629-WEAAM,pytorch_tabular_net,0.1699099987745285,Low,2026-10-01T07:22:18Z,train,0
3629-ZNKXA,pytorch_tabular_net,0.6935700178146362,Critical,2026-10-01T07:22:18Z,train,1
3633-CDBUW,pytorch_tabular_net,0.0834899991750717,Low,2026-10-01T07:22:18Z,train,0
3635-JBPSG,pytorch_tabular_net,0.0381399989128112,Low,2026-10-01T07:22:18Z,train,0
3635-QQRQD,pytorch_tabular_net,0.0241299998015165,Low,2026-10-01T07:22:18Z,valid,0
3638-DIMPH,pytorch_tabular_net,0.1067800000309944,Low,2026-10-01T07:22:18Z,test,0
3638-VBZTA,pytorch_tabular_net,0.0470299981534481,Low,2026-10-01T07:22:18Z,valid,0
3638-WEABW,pytorch_tabular_net,0.0371700003743171,Low,2026-10-01T07:22:18Z,test,0
3639-XJHKQ,pytorch_tabular_net,0.1794099956750869,Low,2026-10-01T07:22:18Z,valid,0
3640-JQGJG,pytorch_tabular_net,0.1244100034236908,Low,2026-10-01T07:22:18Z,train,0
3640-PHQXK,pytorch_tabular_net,0.5791199803352356,High,2026-10-01T07:22:18Z,train,1
3642-BYHDO,pytorch_tabular_net,0.0114500001072883,Low,2026-10-01T07:22:18Z,train,0
3642-GKTCT,pytorch_tabular_net,0.2020699977874755,Medium,2026-10-01T07:22:18Z,valid,0
3643-AHCFP,pytorch_tabular_net,0.7165200114250183,Critical,2026-10-01T07:22:18Z,train,1
3644-QXEHN,pytorch_tabular_net,0.6186000108718872,Critical,2026-10-01T07:22:18Z,train,1
3645-DEYGF,pytorch_tabular_net,0.1954600065946579,Low,2026-10-01T07:22:18Z,train,0
3646-ITDGM,pytorch_tabular_net,0.0140000004321336,Low,2026-10-01T07:22:18Z,train,0
3647-GMGDH,pytorch_tabular_net,0.4760499894618988,High,2026-10-01T07:22:18Z,train,1
3648-GZPHF,pytorch_tabular_net,0.0556599982082843,Low,2026-10-01T07:22:18Z,valid,0
3649-JPUGY,pytorch_tabular_net,0.0361899994313716,Low,2026-10-01T07:22:18Z,valid,0
3653-NCRDJ,pytorch_tabular_net,0.0210900008678436,Low,2026-10-01T07:22:18Z,train,0
3654-ARMGP,pytorch_tabular_net,0.027140000835061,Low,2026-10-01T07:22:18Z,train,0
3655-SNQYZ,pytorch_tabular_net,0.0375999994575977,Low,2026-10-01T07:22:18Z,train,0
3656-TKRVZ,pytorch_tabular_net,0.3155100047588348,Medium,2026-10-01T07:22:18Z,valid,0
3657-COGMW,pytorch_tabular_net,0.4270200133323669,High,2026-10-01T07:22:18Z,valid,1
3658-KIBGF,pytorch_tabular_net,0.5867000222206116,High,2026-10-01T07:22:18Z,train,1
3658-QQJYD,pytorch_tabular_net,0.1142299994826316,Low,2026-10-01T07:22:18Z,train,0
3662-FXJFO,pytorch_tabular_net,0.0075099999085068,Low,2026-10-01T07:22:18Z,train,0
3663-MITLP,pytorch_tabular_net,0.674780011177063,Critical,2026-10-01T07:22:18Z,train,1
3665-JATSN,pytorch_tabular_net,0.3294900059700012,Medium,2026-10-01T07:22:18Z,train,0
3668-QPYBK,pytorch_tabular_net,0.4102300107479095,High,2026-10-01T07:22:18Z,train,1
3669-LVWZB,pytorch_tabular_net,0.7036899924278259,Critical,2026-10-01T07:22:18Z,train,1
3669-OYSJI,pytorch_tabular_net,0.3975299894809723,Medium,2026-10-01T07:22:18Z,test,1
3669-WHAFY,pytorch_tabular_net,0.0451899990439415,Low,2026-10-01T07:22:18Z,train,0
3671-SHRSP,pytorch_tabular_net,0.6288400292396545,Critical,2026-10-01T07:22:18Z,valid,1
3672-YITQD,pytorch_tabular_net,0.5722100138664246,High,2026-10-01T07:22:18Z,train,1
3675-EQOZA,pytorch_tabular_net,0.1348699927330017,Low,2026-10-01T07:22:18Z,train,0
3675-YDUPJ,pytorch_tabular_net,0.1117300018668174,Low,2026-10-01T07:22:18Z,train,0
3677-IYRBF,pytorch_tabular_net,0.8591200113296509,Critical,2026-10-01T07:22:18Z,train,1
3677-TNKIO,pytorch_tabular_net,0.4876500070095062,High,2026-10-01T07:22:18Z,train,1
3678-MNGZX,pytorch_tabular_net,0.0162300001829862,Low,2026-10-01T07:22:18Z,train,0
3679-XASPY,pytorch_tabular_net,0.2185599952936172,Medium,2026-10-01T07:22:18Z,train,0
3680-CTHUH,pytorch_tabular_net,0.2955099940299988,Medium,2026-10-01T07:22:18Z,test,0
3682-YEUWS,pytorch_tabular_net,0.1603599935770034,Low,2026-10-01T07:22:18Z,train,0
3683-QKIUE,pytorch_tabular_net,0.302370011806488,Medium,2026-10-01T07:22:18Z,train,0
3685-YLCMQ,pytorch_tabular_net,0.3779000043869018,Medium,2026-10-01T07:22:18Z,valid,1
3688-FTHLT,pytorch_tabular_net,0.3273299932479858,Medium,2026-10-01T07:22:18Z,train,0
3689-MOZGR,pytorch_tabular_net,0.2114100009202957,Medium,2026-10-01T07:22:18Z,train,0
3692-JHONH,pytorch_tabular_net,0.4322499930858612,High,2026-10-01T07:22:18Z,train,1
3694-DELSO,pytorch_tabular_net,0.3505400121212005,Medium,2026-10-01T07:22:18Z,valid,1
3694-GLTJM,pytorch_tabular_net,0.2102899998426437,Medium,2026-10-01T07:22:18Z,train,0
3696-DFHHB,pytorch_tabular_net,0.0133499996736645,Low,2026-10-01T07:22:18Z,valid,0
3696-XRIEN,pytorch_tabular_net,0.1177499964833259,Low,2026-10-01T07:22:18Z,test,0
3701-SFMUH,pytorch_tabular_net,0.1636299937963485,Low,2026-10-01T07:22:18Z,train,0
3703-KBKZP,pytorch_tabular_net,0.4833999872207641,High,2026-10-01T07:22:18Z,train,1
3703-TTEPD,pytorch_tabular_net,0.1109400019049644,Low,2026-10-01T07:22:18Z,valid,0
3703-VAVCL,pytorch_tabular_net,0.476610004901886,High,2026-10-01T07:22:18Z,test,1
3704-IEAXF,pytorch_tabular_net,0.0220899991691112,Low,2026-10-01T07:22:18Z,test,0
3705-PSNGL,pytorch_tabular_net,0.0282899998128414,Low,2026-10-01T07:22:18Z,train,0
3705-RHRFR,pytorch_tabular_net,0.0654499977827072,Low,2026-10-01T07:22:18Z,train,0
3707-GNWHM,pytorch_tabular_net,0.8251399993896484,Critical,2026-10-01T07:22:18Z,train,1
3707-LRWZD,pytorch_tabular_net,0.2667199969291687,Medium,2026-10-01T07:22:18Z,train,0
3709-OIJEA,pytorch_tabular_net,0.2322500050067901,Medium,2026-10-01T07:22:18Z,test,0
3712-PKXZA,pytorch_tabular_net,0.0282799992710351,Low,2026-10-01T07:22:18Z,train,0
3714-JTVOV,pytorch_tabular_net,0.3632400035858154,Medium,2026-10-01T07:22:18Z,train,1
3714-NTNFO,pytorch_tabular_net,0.360260009765625,Medium,2026-10-01T07:22:18Z,train,1
3714-XPXBW,pytorch_tabular_net,0.1503199934959411,Low,2026-10-01T07:22:18Z,train,0
3716-BDVDB,pytorch_tabular_net,0.7979900240898132,Critical,2026-10-01T07:22:18Z,train,1
3716-LRGXK,pytorch_tabular_net,0.091789998114109,Low,2026-10-01T07:22:18Z,train,0
3716-UVSPD,pytorch_tabular_net,0.5716800093650818,High,2026-10-01T07:22:18Z,test,1
3717-FDJFU,pytorch_tabular_net,0.0207400005310773,Low,2026-10-01T07:22:18Z,train,0
3717-LNXKW,pytorch_tabular_net,0.256089985370636,Medium,2026-10-01T07:22:18Z,test,0
3717-OEAUQ,pytorch_tabular_net,0.5554900169372559,High,2026-10-01T07:22:18Z,valid,1
3717-OFRTN,pytorch_tabular_net,0.2090300023555755,Medium,2026-10-01T07:22:18Z,train,0
3719-TDVQB,pytorch_tabular_net,0.0143499998375773,Low,2026-10-01T07:22:18Z,train,0
3720-DBRWL,pytorch_tabular_net,0.024609999731183,Low,2026-10-01T07:22:18Z,train,0
3721-CNEYS,pytorch_tabular_net,0.7605999708175659,Critical,2026-10-01T07:22:18Z,train,1
3721-CNZHX,pytorch_tabular_net,0.0243699997663497,Low,2026-10-01T07:22:18Z,train,0
3721-WKIIL,pytorch_tabular_net,0.0087799998000264,Low,2026-10-01T07:22:18Z,valid,0
3722-WPXTK,pytorch_tabular_net,0.8600000143051147,Critical,2026-10-01T07:22:18Z,train,1
3723-BFBGR,pytorch_tabular_net,0.2683500051498413,Medium,2026-10-01T07:22:18Z,train,0
3724-BSCVH,pytorch_tabular_net,0.0234600007534027,Low,2026-10-01T07:22:18Z,valid,0
3724-UCSHY,pytorch_tabular_net,0.0882799997925758,Low,2026-10-01T07:22:18Z,test,0
3726-TBHQT,pytorch_tabular_net,0.050900001078844,Low,2026-10-01T07:22:18Z,valid,0
3727-JEZTU,pytorch_tabular_net,0.2495000064373016,Medium,2026-10-01T07:22:18Z,train,0
3727-OVPRY,pytorch_tabular_net,0.0291300006210804,Low,2026-10-01T07:22:18Z,test,0
3727-OWVYD,pytorch_tabular_net,0.050840001553297,Low,2026-10-01T07:22:18Z,train,0
3727-RJMEO,pytorch_tabular_net,0.7478700280189514,Critical,2026-10-01T07:22:18Z,train,1
3729-OWRVL,pytorch_tabular_net,0.1357100009918213,Low,2026-10-01T07:22:18Z,train,0
3733-LSYCE,pytorch_tabular_net,0.2186200022697448,Medium,2026-10-01T07:22:18Z,train,0
3733-UOCWF,pytorch_tabular_net,0.1131900027394294,Low,2026-10-01T07:22:18Z,train,0
3733-ZEECP,pytorch_tabular_net,0.1665499955415725,Low,2026-10-01T07:22:18Z,train,0
3736-BLEPA,pytorch_tabular_net,0.1564600020647049,Low,2026-10-01T07:22:18Z,train,0
3737-GCSPV,pytorch_tabular_net,0.7597699761390686,Critical,2026-10-01T07:22:18Z,train,1
3737-XBQDD,pytorch_tabular_net,0.4369899928569793,High,2026-10-01T07:22:18Z,train,1
3739-YBWAB,pytorch_tabular_net,0.0365899987518787,Low,2026-10-01T07:22:18Z,train,0
3740-RLMVT,pytorch_tabular_net,0.0806699991226196,Low,2026-10-01T07:22:18Z,train,0
3744-ZBHON,pytorch_tabular_net,0.1982000023126602,Low,2026-10-01T07:22:18Z,test,0
3744-ZRRDZ,pytorch_tabular_net,0.5243099927902222,High,2026-10-01T07:22:18Z,train,1
3745-HRPHI,pytorch_tabular_net,0.0133800003677606,Low,2026-10-01T07:22:18Z,test,0
3746-EUBYR,pytorch_tabular_net,0.8218399882316589,Critical,2026-10-01T07:22:18Z,test,1
3748-FVMZZ,pytorch_tabular_net,0.5973600149154663,High,2026-10-01T07:22:18Z,valid,1
3750-CKVKH,pytorch_tabular_net,0.7227299809455872,Critical,2026-10-01T07:22:18Z,valid,1
3750-RNQKR,pytorch_tabular_net,0.0734599977731704,Low,2026-10-01T07:22:18Z,train,0
3750-YHRYO,pytorch_tabular_net,0.0248000007122755,Low,2026-10-01T07:22:18Z,train,0
3751-KTZEL,pytorch_tabular_net,0.5950499773025513,High,2026-10-01T07:22:18Z,train,1
3752-CQSJI,pytorch_tabular_net,0.0873899981379509,Low,2026-10-01T07:22:18Z,train,0
3753-TSEMP,pytorch_tabular_net,0.6753600239753723,Critical,2026-10-01T07:22:18Z,train,1
3754-DXMRT,pytorch_tabular_net,0.7200899720191956,Critical,2026-10-01T07:22:18Z,train,1
3755-JBMNH,pytorch_tabular_net,0.4547100067138672,High,2026-10-01T07:22:18Z,train,1
3756-VNWDH,pytorch_tabular_net,0.3800100088119507,Medium,2026-10-01T07:22:18Z,valid,1
3757-NJYBX,pytorch_tabular_net,0.4420700073242187,High,2026-10-01T07:22:18Z,valid,1
3758-CKOQL,pytorch_tabular_net,0.1442800015211105,Low,2026-10-01T07:22:18Z,train,0
3761-FLYZI,pytorch_tabular_net,0.3063800036907196,Medium,2026-10-01T07:22:18Z,valid,0
3763-GCZHZ,pytorch_tabular_net,0.3200600147247314,Medium,2026-10-01T07:22:18Z,test,0
3764-MNMOI,pytorch_tabular_net,0.0226799994707107,Low,2026-10-01T07:22:18Z,valid,0
3765-JXVKY,pytorch_tabular_net,0.811269998550415,Critical,2026-10-01T07:22:18Z,train,1
3766-EJLFL,pytorch_tabular_net,0.0464899986982345,Low,2026-10-01T07:22:18Z,valid,0
3768-NLUBH,pytorch_tabular_net,0.4630700051784515,High,2026-10-01T07:22:18Z,train,1
3768-VHXQO,pytorch_tabular_net,0.0186800006777048,Low,2026-10-01T07:22:18Z,train,0
3769-MHZNV,pytorch_tabular_net,0.0072400001809,Low,2026-10-01T07:22:18Z,train,0
3771-PZOBW,pytorch_tabular_net,0.603879988193512,Critical,2026-10-01T07:22:18Z,train,1
3774-VBNXY,pytorch_tabular_net,0.0070299999788403,Low,2026-10-01T07:22:18Z,test,0
3776-EKTKM,pytorch_tabular_net,0.8650500178337097,Critical,2026-10-01T07:22:18Z,train,1
3777-XROBG,pytorch_tabular_net,0.0103900004178285,Low,2026-10-01T07:22:18Z,train,0
3778-FOAQW,pytorch_tabular_net,0.0133800003677606,Low,2026-10-01T07:22:18Z,train,0
3779-OSWCF,pytorch_tabular_net,0.0229000002145767,Low,2026-10-01T07:22:18Z,train,0
3780-DDGSE,pytorch_tabular_net,0.0843999981880188,Low,2026-10-01T07:22:18Z,train,0
3780-YVMFA,pytorch_tabular_net,0.2625499963760376,Medium,2026-10-01T07:22:18Z,train,0
3785-KTYSH,pytorch_tabular_net,0.0121400002390146,Low,2026-10-01T07:22:18Z,valid,0
3785-NRHYR,pytorch_tabular_net,0.2313899993896484,Medium,2026-10-01T07:22:18Z,train,0
3786-WOVKF,pytorch_tabular_net,0.1938900053501129,Low,2026-10-01T07:22:18Z,train,0
3787-TRIAL,pytorch_tabular_net,0.4149500131607055,High,2026-10-01T07:22:18Z,train,1
3791-LGQCY,pytorch_tabular_net,0.39724001288414,Medium,2026-10-01T07:22:18Z,test,1
3793-MMFUH,pytorch_tabular_net,0.8321300148963928,Critical,2026-10-01T07:22:18Z,train,1
3794-NFNCH,pytorch_tabular_net,0.1983499974012375,Low,2026-10-01T07:22:18Z,train,0
3795-CAWEX,pytorch_tabular_net,0.0564699992537498,Low,2026-10-01T07:22:18Z,test,0
3795-GWTRD,pytorch_tabular_net,0.0153299998492002,Low,2026-10-01T07:22:18Z,train,0
3796-ENZGF,pytorch_tabular_net,0.0246200002729892,Low,2026-10-01T07:22:18Z,train,0
3797-FKOGQ,pytorch_tabular_net,0.5606799721717834,High,2026-10-01T07:22:18Z,test,1
3797-VTIDR,pytorch_tabular_net,0.7862499952316284,Critical,2026-10-01T07:22:18Z,valid,1
3798-EPWRR,pytorch_tabular_net,0.5842999815940857,High,2026-10-01T07:22:18Z,test,1
3799-ISUZQ,pytorch_tabular_net,0.5736799836158752,High,2026-10-01T07:22:18Z,train,1
3800-LYTRK,pytorch_tabular_net,0.0470499992370605,Low,2026-10-01T07:22:18Z,train,0
3801-HMYNL,pytorch_tabular_net,0.7889599800109863,Critical,2026-10-01T07:22:18Z,test,1
3803-KMQFW,pytorch_tabular_net,0.1944199949502945,Low,2026-10-01T07:22:18Z,train,0
3804-RVTGV,pytorch_tabular_net,0.3890599906444549,Medium,2026-10-01T07:22:18Z,test,1
3806-DXQOM,pytorch_tabular_net,0.4609799981117248,High,2026-10-01T07:22:18Z,train,1
3806-YAZOV,pytorch_tabular_net,0.1573999971151352,Low,2026-10-01T07:22:18Z,train,0
3807-BPOMJ,pytorch_tabular_net,0.1886799931526184,Low,2026-10-01T07:22:18Z,train,0
3807-XHCJH,pytorch_tabular_net,0.2180200070142746,Medium,2026-10-01T07:22:18Z,train,0
3808-HFKDE,pytorch_tabular_net,0.3000000119209289,Medium,2026-10-01T07:22:18Z,train,0
3810-DVDQQ,pytorch_tabular_net,0.0389200001955032,Low,2026-10-01T07:22:18Z,valid,0
3810-PJUHR,pytorch_tabular_net,0.012190000154078,Low,2026-10-01T07:22:18Z,train,0
3811-VBYBZ,pytorch_tabular_net,0.7974100112915039,Critical,2026-10-01T07:22:18Z,train,1
3812-LRZIR,pytorch_tabular_net,0.0113300001248717,Low,2026-10-01T07:22:18Z,valid,0
3813-DHBBB,pytorch_tabular_net,0.0255800001323223,Low,2026-10-01T07:22:18Z,test,0
3814-MLAXC,pytorch_tabular_net,0.4053199887275696,High,2026-10-01T07:22:18Z,train,1
3815-SLMEF,pytorch_tabular_net,0.3636400103569031,Medium,2026-10-01T07:22:18Z,train,1
3823-KYNQY,pytorch_tabular_net,0.0521799996495246,Low,2026-10-01T07:22:18Z,test,0
3824-RHKVR,pytorch_tabular_net,0.1033900007605552,Low,2026-10-01T07:22:18Z,test,0
3831-YCPUO,pytorch_tabular_net,0.0296400003135204,Low,2026-10-01T07:22:18Z,train,0
3834-XUIFC,pytorch_tabular_net,0.6799100041389465,Critical,2026-10-01T07:22:18Z,valid,1
3836-FZSDJ,pytorch_tabular_net,0.0296199992299079,Low,2026-10-01T07:22:18Z,valid,0
3838-OZURD,pytorch_tabular_net,0.385919988155365,Medium,2026-10-01T07:22:18Z,test,1
3841-CONLJ,pytorch_tabular_net,0.6584500074386597,Critical,2026-10-01T07:22:18Z,train,1
3841-NFECX,pytorch_tabular_net,0.0411100015044212,Low,2026-10-01T07:22:18Z,valid,0
3842-IYKUE,pytorch_tabular_net,0.2686800062656402,Medium,2026-10-01T07:22:18Z,train,0
3842-QTGDL,pytorch_tabular_net,0.2135699987411499,Medium,2026-10-01T07:22:18Z,test,0
3845-FXCYS,pytorch_tabular_net,0.3244599997997284,Medium,2026-10-01T07:22:18Z,test,0
3845-JHAMY,pytorch_tabular_net,0.3871999979019165,Medium,2026-10-01T07:22:18Z,train,1
3847-BAERP,pytorch_tabular_net,0.1065799966454505,Low,2026-10-01T07:22:18Z,train,0
3850-OKINF,pytorch_tabular_net,0.1116600036621093,Low,2026-10-01T07:22:18Z,valid,0
3853-LYGAM,pytorch_tabular_net,0.4449900090694427,High,2026-10-01T07:22:18Z,train,1
3855-ONCAR,pytorch_tabular_net,0.6988199949264526,Critical,2026-10-01T07:22:18Z,test,1
3858-VOBET,pytorch_tabular_net,0.5125300288200378,High,2026-10-01T07:22:18Z,train,1
3858-XHYJO,pytorch_tabular_net,0.1914100050926208,Low,2026-10-01T07:22:18Z,test,0
3859-CVCET,pytorch_tabular_net,0.303409993648529,Medium,2026-10-01T07:22:18Z,valid,0
3863-IUBJR,pytorch_tabular_net,0.1205599978566169,Low,2026-10-01T07:22:18Z,train,0
3863-QSTYI,pytorch_tabular_net,0.1356299966573715,Low,2026-10-01T07:22:18Z,valid,0
3865-QBWSJ,pytorch_tabular_net,0.4194099903106689,High,2026-10-01T07:22:18Z,test,1
3865-YIOTT,pytorch_tabular_net,0.2251099944114685,Medium,2026-10-01T07:22:18Z,train,0
3865-ZFZIB,pytorch_tabular_net,0.0142700001597404,Low,2026-10-01T07:22:18Z,test,0
3865-ZYKAD,pytorch_tabular_net,0.3383600115776062,Medium,2026-10-01T07:22:18Z,train,0
3866-MDTUB,pytorch_tabular_net,0.5885599851608276,High,2026-10-01T07:22:18Z,train,1
3870-MQAMG,pytorch_tabular_net,0.2451599985361099,Medium,2026-10-01T07:22:18Z,test,0
3870-SPZSI,pytorch_tabular_net,0.0408799983561039,Low,2026-10-01T07:22:18Z,train,0
3871-IKPYH,pytorch_tabular_net,0.7196300029754639,Critical,2026-10-01T07:22:18Z,test,1
3873-NFTGI,pytorch_tabular_net,0.3436099886894226,Medium,2026-10-01T07:22:18Z,train,1
3873-WOSBC,pytorch_tabular_net,0.018530000001192,Low,2026-10-01T07:22:18Z,test,0
3874-EQOEP,pytorch_tabular_net,0.7300500273704529,Critical,2026-10-01T07:22:18Z,train,1
3877-JRJIP,pytorch_tabular_net,0.7922499775886536,Critical,2026-10-01T07:22:18Z,train,1
3878-AVSOQ,pytorch_tabular_net,0.8380399942398071,Critical,2026-10-01T07:22:18Z,valid,1
3882-IYOIJ,pytorch_tabular_net,0.0417300015687942,Low,2026-10-01T07:22:18Z,train,0
3884-HCSWG,pytorch_tabular_net,0.4701499938964844,High,2026-10-01T07:22:18Z,valid,1
3884-UEBXB,pytorch_tabular_net,0.00827999971807,Low,2026-10-01T07:22:18Z,train,0
3886-CERTZ,pytorch_tabular_net,0.2741999924182892,Medium,2026-10-01T07:22:18Z,train,0
3887-PBQAO,pytorch_tabular_net,0.0249700006097555,Low,2026-10-01T07:22:18Z,test,0
3889-VWBID,pytorch_tabular_net,0.0352099984884262,Low,2026-10-01T07:22:18Z,valid,0
3890-RTCMS,pytorch_tabular_net,0.1494700014591217,Low,2026-10-01T07:22:18Z,test,0
3891-NLXJB,pytorch_tabular_net,0.0168800000101327,Low,2026-10-01T07:22:18Z,test,0
3891-PUQOD,pytorch_tabular_net,0.5128700137138367,High,2026-10-01T07:22:18Z,train,1
3892-NXAZG,pytorch_tabular_net,0.0554700009524822,Low,2026-10-01T07:22:18Z,test,0
3893-JRNFS,pytorch_tabular_net,0.1413599997758865,Low,2026-10-01T07:22:18Z,train,0
3896-RCYYE,pytorch_tabular_net,0.1675599962472915,Low,2026-10-01T07:22:18Z,test,0
3896-ZVNET,pytorch_tabular_net,0.0088200001046061,Low,2026-10-01T07:22:18Z,train,0
3898-BSJYF,pytorch_tabular_net,0.1033499985933303,Low,2026-10-01T07:22:18Z,train,0
3898-GUYTS,pytorch_tabular_net,0.5356400012969971,High,2026-10-01T07:22:18Z,train,1
3900-AQPHZ,pytorch_tabular_net,0.2501400113105774,Medium,2026-10-01T07:22:18Z,train,0
3902-FOIGH,pytorch_tabular_net,0.7534499764442444,Critical,2026-10-01T07:22:18Z,train,1
3902-MIVLE,pytorch_tabular_net,0.0225699990987777,Low,2026-10-01T07:22:18Z,train,0
3904-UKFRE,pytorch_tabular_net,0.7253699898719788,Critical,2026-10-01T07:22:18Z,valid,1
3908-BLSYF,pytorch_tabular_net,0.593720018863678,High,2026-10-01T07:22:18Z,valid,1
3908-MKIMJ,pytorch_tabular_net,0.0343899987637996,Low,2026-10-01T07:22:18Z,train,0
3910-MRQOY,pytorch_tabular_net,0.0114399995654821,Low,2026-10-01T07:22:18Z,train,0
3911-RSNHI,pytorch_tabular_net,0.0189399998635053,Low,2026-10-01T07:22:18Z,train,0
3913-FCUUW,pytorch_tabular_net,0.0136299999430775,Low,2026-10-01T07:22:18Z,train,0
3913-RDSJZ,pytorch_tabular_net,0.006790000014007,Low,2026-10-01T07:22:18Z,train,0
3914-FDRHP,pytorch_tabular_net,0.5187000036239624,High,2026-10-01T07:22:18Z,train,1
3915-ODIYG,pytorch_tabular_net,0.1826400011777877,Low,2026-10-01T07:22:18Z,train,0
3916-NRPAP,pytorch_tabular_net,0.5965999960899353,High,2026-10-01T07:22:18Z,valid,1
3920-HIHMQ,pytorch_tabular_net,0.2183499932289123,Medium,2026-10-01T07:22:18Z,valid,0
3923-CSIHK,pytorch_tabular_net,0.4035100042819977,High,2026-10-01T07:22:18Z,train,1
3926-CUQZX,pytorch_tabular_net,0.5558099746704102,High,2026-10-01T07:22:18Z,train,1
3926-YZVVX,pytorch_tabular_net,0.0330399982631206,Low,2026-10-01T07:22:18Z,train,0
3927-NLNRY,pytorch_tabular_net,0.2034199982881546,Medium,2026-10-01T07:22:18Z,train,0
3930-ZGWVE,pytorch_tabular_net,0.2311400026082992,Medium,2026-10-01T07:22:18Z,valid,0
3932-CMDTD,pytorch_tabular_net,0.6205400228500366,Critical,2026-10-01T07:22:18Z,train,1
3932-IJWDZ,pytorch_tabular_net,0.4081299901008606,High,2026-10-01T07:22:18Z,test,1
3933-DQPWX,pytorch_tabular_net,0.0124000003561377,Low,2026-10-01T07:22:18Z,train,0
3934-HXCFZ,pytorch_tabular_net,0.591159999370575,High,2026-10-01T07:22:18Z,valid,1
3935-TBRZZ,pytorch_tabular_net,0.0161000005900859,Low,2026-10-01T07:22:18Z,train,0
3936-QQFLL,pytorch_tabular_net,0.1780900061130523,Low,2026-10-01T07:22:18Z,train,0
3938-YFPXD,pytorch_tabular_net,0.0486100018024444,Low,2026-10-01T07:22:18Z,train,0
3941-XTSKM,pytorch_tabular_net,0.0907400026917457,Low,2026-10-01T07:22:18Z,train,0
3943-KDREE,pytorch_tabular_net,0.3205200135707855,Medium,2026-10-01T07:22:18Z,valid,0
3945-GFWQL,pytorch_tabular_net,0.3767000138759613,Medium,2026-10-01T07:22:18Z,train,1
3946-JEWRQ,pytorch_tabular_net,0.3830200135707855,Medium,2026-10-01T07:22:18Z,train,1
3946-MHCZW,pytorch_tabular_net,0.4986000061035156,High,2026-10-01T07:22:18Z,train,1
3948-FVVRP,pytorch_tabular_net,0.1243499964475631,Low,2026-10-01T07:22:18Z,train,0
3948-KXDUF,pytorch_tabular_net,0.0284499991685152,Low,2026-10-01T07:22:18Z,valid,0
3948-XHGNA,pytorch_tabular_net,0.1491200029850006,Low,2026-10-01T07:22:18Z,valid,0
3950-VPYJB,pytorch_tabular_net,0.0331399999558925,Low,2026-10-01T07:22:18Z,test,0
3951-NJCVI,pytorch_tabular_net,0.573140025138855,High,2026-10-01T07:22:18Z,test,1
3955-JBZZM,pytorch_tabular_net,0.4799000024795532,High,2026-10-01T07:22:18Z,valid,1
3956-CJUST,pytorch_tabular_net,0.3538199961185455,Medium,2026-10-01T07:22:18Z,train,1
3956-MGXOG,pytorch_tabular_net,0.4302400052547455,High,2026-10-01T07:22:18Z,train,1
3957-HHLMR,pytorch_tabular_net,0.0416299998760223,Low,2026-10-01T07:22:18Z,train,0
3957-LXOLK,pytorch_tabular_net,0.7653300166130066,Critical,2026-10-01T07:22:18Z,test,1
3957-SQXML,pytorch_tabular_net,0.0120500000193715,Low,2026-10-01T07:22:18Z,train,0
3961-SXAXY,pytorch_tabular_net,0.5604900121688843,High,2026-10-01T07:22:18Z,valid,1
3963-RYFNS,pytorch_tabular_net,0.0499599985778331,Low,2026-10-01T07:22:18Z,train,0
3966-HRMZA,pytorch_tabular_net,0.6205800175666809,Critical,2026-10-01T07:22:18Z,test,1
3967-KXAPS,pytorch_tabular_net,0.0288399998098611,Low,2026-10-01T07:22:18Z,train,0
3967-VQOGC,pytorch_tabular_net,0.0101300003007054,Low,2026-10-01T07:22:18Z,train,0
3969-GYXEL,pytorch_tabular_net,0.3667300045490265,Medium,2026-10-01T07:22:18Z,test,1
3969-JQABI,pytorch_tabular_net,0.0963200032711029,Low,2026-10-01T07:22:18Z,test,0
3970-XGJDU,pytorch_tabular_net,0.0167599990963935,Low,2026-10-01T07:22:18Z,valid,0
3973-SKMLN,pytorch_tabular_net,0.0243999995291233,Low,2026-10-01T07:22:18Z,test,0
3976-BWUCK,pytorch_tabular_net,0.4343999922275543,High,2026-10-01T07:22:18Z,train,1
3976-HXHCE,pytorch_tabular_net,0.0203000009059906,Low,2026-10-01T07:22:18Z,train,0
3976-NLDEZ,pytorch_tabular_net,0.2291299998760223,Medium,2026-10-01T07:22:18Z,train,0
3977-QCRSL,pytorch_tabular_net,0.1253300011157989,Low,2026-10-01T07:22:18Z,train,0
3978-YNKDD,pytorch_tabular_net,0.0221400000154972,Low,2026-10-01T07:22:18Z,valid,0
3981-QSVQI,pytorch_tabular_net,0.1342599987983703,Low,2026-10-01T07:22:18Z,valid,0
3982-DQLUS,pytorch_tabular_net,0.3901900053024292,Medium,2026-10-01T07:22:18Z,test,1
3982-JGSFD,pytorch_tabular_net,0.0384799987077713,Low,2026-10-01T07:22:18Z,test,0
3982-XWFZQ,pytorch_tabular_net,0.2386399954557418,Medium,2026-10-01T07:22:18Z,train,0
3985-HOYPM,pytorch_tabular_net,0.019200000911951,Low,2026-10-01T07:22:18Z,test,0
3987-KQDDU,pytorch_tabular_net,0.3844200074672699,Medium,2026-10-01T07:22:18Z,train,1
3988-RQIXO,pytorch_tabular_net,0.8590400218963623,Critical,2026-10-01T07:22:18Z,test,1
3990-QYKBE,pytorch_tabular_net,0.6804900169372559,Critical,2026-10-01T07:22:18Z,train,1
3992-YWPKO,pytorch_tabular_net,0.7236400246620178,Critical,2026-10-01T07:22:18Z,train,1
3995-WFCSM,pytorch_tabular_net,0.4605900049209595,High,2026-10-01T07:22:18Z,valid,1
3996-ZNWYK,pytorch_tabular_net,0.0227600000798702,Low,2026-10-01T07:22:18Z,train,0
3999-QGRJH,pytorch_tabular_net,0.6441299915313721,Critical,2026-10-01T07:22:18Z,valid,1
3999-WRNGR,pytorch_tabular_net,0.2420399934053421,Medium,2026-10-01T07:22:18Z,train,0
4000-VGMQP,pytorch_tabular_net,0.0774599984288215,Low,2026-10-01T07:22:18Z,train,0
4001-TSBTV,pytorch_tabular_net,0.3886300027370453,Medium,2026-10-01T07:22:18Z,test,1
4002-BQWPQ,pytorch_tabular_net,0.0796900019049644,Low,2026-10-01T07:22:18Z,test,0
4003-FUSHP,pytorch_tabular_net,0.1961299926042556,Low,2026-10-01T07:22:18Z,train,0
4003-OCTMP,pytorch_tabular_net,0.0574200004339218,Low,2026-10-01T07:22:18Z,train,0
4006-HKYHO,pytorch_tabular_net,0.032940000295639,Low,2026-10-01T07:22:18Z,train,0
4007-NHVHI,pytorch_tabular_net,0.3689300119876861,Medium,2026-10-01T07:22:18Z,test,1
4009-ALQFH,pytorch_tabular_net,0.5908399820327759,High,2026-10-01T07:22:18Z,test,1
4010-YLMVT,pytorch_tabular_net,0.417169988155365,High,2026-10-01T07:22:18Z,test,1
4011-ARPHK,pytorch_tabular_net,0.090999998152256,Low,2026-10-01T07:22:18Z,test,0
4012-YCFAI,pytorch_tabular_net,0.0149400001391768,Low,2026-10-01T07:22:18Z,train,0
4012-ZTHBR,pytorch_tabular_net,0.2814199924468994,Medium,2026-10-01T07:22:18Z,train,0
4013-GUXND,pytorch_tabular_net,0.2286799997091293,Medium,2026-10-01T07:22:18Z,test,0
4013-TLDHQ,pytorch_tabular_net,0.5460699796676636,High,2026-10-01T07:22:18Z,test,1
4013-UBXWQ,pytorch_tabular_net,0.4895099997520447,High,2026-10-01T07:22:18Z,train,1
4016-BJKTZ,pytorch_tabular_net,0.1257600039243698,Low,2026-10-01T07:22:18Z,train,0
4018-KJYUY,pytorch_tabular_net,0.0700099989771843,Low,2026-10-01T07:22:18Z,train,0
4018-PPNDW,pytorch_tabular_net,0.0102000003680586,Low,2026-10-01T07:22:18Z,train,0
4020-KIUDI,pytorch_tabular_net,0.0843800008296966,Low,2026-10-01T07:22:18Z,train,0
4021-RQSNY,pytorch_tabular_net,0.7791299819946289,Critical,2026-10-01T07:22:18Z,train,1
4023-RTIQM,pytorch_tabular_net,0.1795700043439865,Low,2026-10-01T07:22:18Z,test,0
4024-CSNBY,pytorch_tabular_net,0.0160900000482797,Low,2026-10-01T07:22:18Z,train,0
4026-SKKHW,pytorch_tabular_net,0.3418099880218506,Medium,2026-10-01T07:22:18Z,train,1
4029-HPFVY,pytorch_tabular_net,0.6458500027656555,Critical,2026-10-01T07:22:18Z,train,1
4030-VPZBD,pytorch_tabular_net,0.6297900080680847,Critical,2026-10-01T07:22:18Z,train,1
4032-RMHCI,pytorch_tabular_net,0.0211599990725517,Low,2026-10-01T07:22:18Z,train,0
4039-HEUNW,pytorch_tabular_net,0.6066300272941589,Critical,2026-10-01T07:22:18Z,test,1
4039-PIMHX,pytorch_tabular_net,0.0562999993562698,Low,2026-10-01T07:22:18Z,test,0
4043-MKDTV,pytorch_tabular_net,0.0776600018143653,Low,2026-10-01T07:22:18Z,train,0
4049-ZPALD,pytorch_tabular_net,0.0331000015139579,Low,2026-10-01T07:22:18Z,valid,0
4054-CUMIA,pytorch_tabular_net,0.0790399983525276,Low,2026-10-01T07:22:18Z,valid,0
4056-QHXHZ,pytorch_tabular_net,0.0401500016450881,Low,2026-10-01T07:22:18Z,test,0
4057-FKCZK,pytorch_tabular_net,0.0634400025010109,Low,2026-10-01T07:22:18Z,train,0
4059-IIEBK,pytorch_tabular_net,0.5781300067901611,High,2026-10-01T07:22:18Z,test,1
4060-LDNLU,pytorch_tabular_net,0.7280600070953369,Critical,2026-10-01T07:22:18Z,test,1
4061-UKJWL,pytorch_tabular_net,0.3243300020694732,Medium,2026-10-01T07:22:18Z,valid,0
4062-HBMOS,pytorch_tabular_net,0.58992999792099,High,2026-10-01T07:22:18Z,train,1
4063-EIKNQ,pytorch_tabular_net,0.068970002233982,Low,2026-10-01T07:22:18Z,train,0
4065-JJAVA,pytorch_tabular_net,0.4886800050735473,High,2026-10-01T07:22:18Z,train,1
4067-HLYQI,pytorch_tabular_net,0.2333000004291534,Medium,2026-10-01T07:22:18Z,train,0
4070-OKWVH,pytorch_tabular_net,0.1690900027751922,Low,2026-10-01T07:22:18Z,valid,0
4072-IPYLT,pytorch_tabular_net,0.0850099995732307,Low,2026-10-01T07:22:18Z,train,0
4074-SJFFA,pytorch_tabular_net,0.6717399954795837,Critical,2026-10-01T07:22:18Z,train,1
4075-JFPGR,pytorch_tabular_net,0.1176500022411346,Low,2026-10-01T07:22:18Z,train,0
4075-WKNIU,pytorch_tabular_net,0.4069100022315979,High,2026-10-01T07:22:18Z,valid,1
4077-CROMM,pytorch_tabular_net,0.5899699926376343,High,2026-10-01T07:22:18Z,train,1
4077-HWUYD,pytorch_tabular_net,0.0203099995851516,Low,2026-10-01T07:22:18Z,train,0
4078-SAYYN,pytorch_tabular_net,0.8348000049591064,Critical,2026-10-01T07:22:18Z,train,1
4079-ULGFR,pytorch_tabular_net,0.0711899995803833,Low,2026-10-01T07:22:18Z,train,0
4079-VTGLK,pytorch_tabular_net,0.1565700024366378,Low,2026-10-01T07:22:18Z,valid,0
4079-WWQQQ,pytorch_tabular_net,0.0241800006479024,Low,2026-10-01T07:22:18Z,train,0
4080-IIARD,pytorch_tabular_net,0.2281399965286255,Medium,2026-10-01T07:22:18Z,train,0
4080-OGPJL,pytorch_tabular_net,0.2732400000095367,Medium,2026-10-01T07:22:18Z,train,0
4081-DYXAV,pytorch_tabular_net,0.2858200073242187,Medium,2026-10-01T07:22:18Z,train,0
4083-BFNYK,pytorch_tabular_net,0.2386800050735473,Medium,2026-10-01T07:22:18Z,train,0
4083-EUGRJ,pytorch_tabular_net,0.0895600020885467,Low,2026-10-01T07:22:18Z,train,0
4086-ATNFV,pytorch_tabular_net,0.0400299988687038,Low,2026-10-01T07:22:18Z,train,0
4086-WITJG,pytorch_tabular_net,0.0155199998989701,Low,2026-10-01T07:22:18Z,train,0
4086-YQSNZ,pytorch_tabular_net,0.7250499725341797,Critical,2026-10-01T07:22:18Z,train,1
4088-YLDSU,pytorch_tabular_net,0.3911899924278259,Medium,2026-10-01T07:22:18Z,test,1
4090-KPJIP,pytorch_tabular_net,0.7486299872398376,Critical,2026-10-01T07:22:18Z,train,1
4091-TVOCN,pytorch_tabular_net,0.1057600006461143,Low,2026-10-01T07:22:18Z,train,0
4092-OFQZS,pytorch_tabular_net,0.0183899998664855,Low,2026-10-01T07:22:18Z,train,0
4094-NSEDU,pytorch_tabular_net,0.7623900175094604,Critical,2026-10-01T07:22:18Z,train,1
4097-YODCF,pytorch_tabular_net,0.3787600100040436,Medium,2026-10-01T07:22:18Z,train,1
4098-NAUKP,pytorch_tabular_net,0.3969700038433075,Medium,2026-10-01T07:22:18Z,train,1
4102-HLENU,pytorch_tabular_net,0.0108599998056888,Low,2026-10-01T07:22:18Z,test,0
4102-OQUPX,pytorch_tabular_net,0.8752700090408325,Critical,2026-10-01T07:22:18Z,train,1
4104-PVRPS,pytorch_tabular_net,0.0649299994111061,Low,2026-10-01T07:22:18Z,test,0
4106-HADHQ,pytorch_tabular_net,0.0591199994087219,Low,2026-10-01T07:22:18Z,test,0
4109-CYRBD,pytorch_tabular_net,0.4512799978256225,High,2026-10-01T07:22:18Z,train,1
4110-PFEUZ,pytorch_tabular_net,0.6830000281333923,Critical,2026-10-01T07:22:18Z,train,1
4111-BNXIF,pytorch_tabular_net,0.017400000244379,Low,2026-10-01T07:22:18Z,train,0
4112-LUEIZ,pytorch_tabular_net,0.7124300003051758,Critical,2026-10-01T07:22:18Z,train,1
4114-QMKVN,pytorch_tabular_net,0.0442899987101554,Low,2026-10-01T07:22:18Z,train,0
4115-BNPJY,pytorch_tabular_net,0.0368500016629695,Low,2026-10-01T07:22:18Z,valid,0
4115-NZRKS,pytorch_tabular_net,0.705560028553009,Critical,2026-10-01T07:22:18Z,train,1
4115-UMJFQ,pytorch_tabular_net,0.0357999987900257,Low,2026-10-01T07:22:18Z,valid,0
4116-IQRFR,pytorch_tabular_net,0.0357600003480911,Low,2026-10-01T07:22:18Z,train,0
4116-TZAQJ,pytorch_tabular_net,0.502269983291626,High,2026-10-01T07:22:18Z,train,1
4118-CEVPF,pytorch_tabular_net,0.3264299929141998,Medium,2026-10-01T07:22:18Z,train,0
4119-ZYPZY,pytorch_tabular_net,0.1569000035524368,Low,2026-10-01T07:22:18Z,train,0
4121-AGSIN,pytorch_tabular_net,0.0230700001120567,Low,2026-10-01T07:22:18Z,test,0
4123-DVHPH,pytorch_tabular_net,0.656499981880188,Critical,2026-10-01T07:22:18Z,valid,1
4123-FCVCB,pytorch_tabular_net,0.2538299858570099,Medium,2026-10-01T07:22:18Z,train,0
4124-MMETB,pytorch_tabular_net,0.6784399747848511,Critical,2026-10-01T07:22:18Z,train,1
4128-ETESU,pytorch_tabular_net,0.481000006198883,High,2026-10-01T07:22:18Z,valid,1
4129-LYCOI,pytorch_tabular_net,0.1131599992513656,Low,2026-10-01T07:22:18Z,train,0
4130-MZLCC,pytorch_tabular_net,0.2106200009584427,Medium,2026-10-01T07:22:18Z,train,0
4132-KALRO,pytorch_tabular_net,0.7921299934387207,Critical,2026-10-01T07:22:18Z,test,1
4132-POCZS,pytorch_tabular_net,0.1914499998092651,Low,2026-10-01T07:22:18Z,train,0
4134-BSXLX,pytorch_tabular_net,0.0521200001239776,Low,2026-10-01T07:22:18Z,valid,0
4135-FRWKJ,pytorch_tabular_net,0.065039999783039,Low,2026-10-01T07:22:18Z,test,0
4137-BTIKL,pytorch_tabular_net,0.6408299803733826,Critical,2026-10-01T07:22:18Z,train,1
4137-JOPHL,pytorch_tabular_net,0.0215499997138977,Low,2026-10-01T07:22:18Z,train,0
4138-NAXED,pytorch_tabular_net,0.1283400058746338,Low,2026-10-01T07:22:18Z,test,0
4139-DETXS,pytorch_tabular_net,0.0109999999403953,Low,2026-10-01T07:22:18Z,train,0
4139-JPIAM,pytorch_tabular_net,0.210559993982315,Medium,2026-10-01T07:22:18Z,train,0
4139-SUGLD,pytorch_tabular_net,0.1077700033783912,Low,2026-10-01T07:22:18Z,test,0
4140-MUHUG,pytorch_tabular_net,0.7692599892616272,Critical,2026-10-01T07:22:18Z,train,1
4140-WJAWW,pytorch_tabular_net,0.1694699972867965,Low,2026-10-01T07:22:18Z,train,0
4143-HHPMK,pytorch_tabular_net,0.2955400049686432,Medium,2026-10-01T07:22:18Z,train,0
4143-OOBWZ,pytorch_tabular_net,0.7758299708366394,Critical,2026-10-01T07:22:18Z,train,1
4145-UQXUQ,pytorch_tabular_net,0.7716000080108643,Critical,2026-10-01T07:22:18Z,test,1
4146-SVFUD,pytorch_tabular_net,0.4641300141811371,High,2026-10-01T07:22:18Z,train,1
4154-AQUGT,pytorch_tabular_net,0.3669900000095367,Medium,2026-10-01T07:22:18Z,test,1
4159-NAAIX,pytorch_tabular_net,0.0699300020933151,Low,2026-10-01T07:22:18Z,train,0
4160-AMJTL,pytorch_tabular_net,0.270139992237091,Medium,2026-10-01T07:22:18Z,train,0
4163-HFTUK,pytorch_tabular_net,0.0222299993038177,Low,2026-10-01T07:22:18Z,train,0
4163-KIUHY,pytorch_tabular_net,0.0966999977827072,Low,2026-10-01T07:22:18Z,train,0
4163-NCJAK,pytorch_tabular_net,0.0205400008708238,Low,2026-10-01T07:22:18Z,valid,0
4174-LPGTI,pytorch_tabular_net,0.0644299983978271,Low,2026-10-01T07:22:18Z,train,0
4176-FXYBO,pytorch_tabular_net,0.4200299978256225,High,2026-10-01T07:22:18Z,test,1
4176-RELJR,pytorch_tabular_net,0.0467699989676475,Low,2026-10-01T07:22:18Z,train,0
4177-JPDFU,pytorch_tabular_net,0.1732600033283233,Low,2026-10-01T07:22:18Z,train,0
4178-EGMON,pytorch_tabular_net,0.0544500015676021,Low,2026-10-01T07:22:18Z,train,0
4182-BGSIQ,pytorch_tabular_net,0.1051599979400634,Low,2026-10-01T07:22:18Z,train,0
4183-MYFRB,pytorch_tabular_net,0.5145599842071533,High,2026-10-01T07:22:18Z,test,1
4183-WCSEP,pytorch_tabular_net,0.2939899861812591,Medium,2026-10-01T07:22:18Z,valid,0
4184-TJFAN,pytorch_tabular_net,0.6546900272369385,Critical,2026-10-01T07:22:18Z,train,1
4184-VODJZ,pytorch_tabular_net,0.2829900085926056,Medium,2026-10-01T07:22:18Z,train,0
4186-ZBUEW,pytorch_tabular_net,0.0716499984264373,Low,2026-10-01T07:22:18Z,test,0
4187-CINZD,pytorch_tabular_net,0.1675100028514862,Low,2026-10-01T07:22:18Z,valid,0
4188-FRABG,pytorch_tabular_net,0.3562699854373932,Medium,2026-10-01T07:22:18Z,train,1
4188-PCPIG,pytorch_tabular_net,0.0261700004339218,Low,2026-10-01T07:22:18Z,train,0
4189-NAKJS,pytorch_tabular_net,0.1689199954271316,Low,2026-10-01T07:22:18Z,train,0
4190-MFLUW,pytorch_tabular_net,0.1415300071239471,Low,2026-10-01T07:22:18Z,train,0
4191-XOVOM,pytorch_tabular_net,0.3181000053882599,Medium,2026-10-01T07:22:18Z,train,0
4192-GORJT,pytorch_tabular_net,0.808139979839325,Critical,2026-10-01T07:22:18Z,test,1
4193-IBKSW,pytorch_tabular_net,0.0156900007277727,Low,2026-10-01T07:22:18Z,train,0
4193-ORFCL,pytorch_tabular_net,0.6041799783706665,Critical,2026-10-01T07:22:18Z,train,1
4194-FJARJ,pytorch_tabular_net,0.0208500009030103,Low,2026-10-01T07:22:18Z,train,0
4194-WHFCB,pytorch_tabular_net,0.1657900065183639,Low,2026-10-01T07:22:18Z,test,0
4195-NZGTA,pytorch_tabular_net,0.6078900098800659,Critical,2026-10-01T07:22:18Z,test,1
4195-PNGZS,pytorch_tabular_net,0.0154900001361966,Low,2026-10-01T07:22:18Z,test,0
4195-SMMNX,pytorch_tabular_net,0.190760001540184,Low,2026-10-01T07:22:18Z,train,0
4198-VFOEA,pytorch_tabular_net,0.064139999449253,Low,2026-10-01T07:22:18Z,train,0
4199-QHJNM,pytorch_tabular_net,0.120959997177124,Low,2026-10-01T07:22:18Z,train,0
4201-JMNGR,pytorch_tabular_net,0.7221900224685669,Critical,2026-10-01T07:22:18Z,train,1
4203-QGNZA,pytorch_tabular_net,0.0406100004911422,Low,2026-10-01T07:22:18Z,train,0
4208-UFFGW,pytorch_tabular_net,0.5364900231361389,High,2026-10-01T07:22:18Z,test,1
4210-QFJMF,pytorch_tabular_net,0.7304199934005737,Critical,2026-10-01T07:22:18Z,test,1
4211-MMAZN,pytorch_tabular_net,0.2299399971961975,Medium,2026-10-01T07:22:18Z,test,0
4213-HKBJO,pytorch_tabular_net,0.0196000002324581,Low,2026-10-01T07:22:18Z,test,0
4220-TINQT,pytorch_tabular_net,0.4541299939155578,High,2026-10-01T07:22:18Z,train,1
4223-BKEOR,pytorch_tabular_net,0.0408600009977817,Low,2026-10-01T07:22:18Z,test,0
4223-WOZCM,pytorch_tabular_net,0.5538300275802612,High,2026-10-01T07:22:18Z,train,1
4226-KKDON,pytorch_tabular_net,0.2783200144767761,Medium,2026-10-01T07:22:18Z,test,0
4227-OJHAL,pytorch_tabular_net,0.0422200001776218,Low,2026-10-01T07:22:18Z,test,0
4228-ZGYUW,pytorch_tabular_net,0.7617899775505066,Critical,2026-10-01T07:22:18Z,train,1
4229-CZMLL,pytorch_tabular_net,0.7095299959182739,Critical,2026-10-01T07:22:18Z,test,1
4231-LZUYM,pytorch_tabular_net,0.0116100003942847,Low,2026-10-01T07:22:18Z,train,0
4232-JGKIY,pytorch_tabular_net,0.2694199979305267,Medium,2026-10-01T07:22:18Z,train,0
4234-XTNEA,pytorch_tabular_net,0.798039972782135,Critical,2026-10-01T07:22:18Z,train,1
4236-UJPWO,pytorch_tabular_net,0.5109000205993652,High,2026-10-01T07:22:18Z,test,1
4236-XPXAV,pytorch_tabular_net,0.5152000188827515,High,2026-10-01T07:22:18Z,train,1
4237-CLSMM,pytorch_tabular_net,0.1591899991035461,Low,2026-10-01T07:22:18Z,train,0
4237-RLAQD,pytorch_tabular_net,0.6500999927520752,Critical,2026-10-01T07:22:18Z,train,1
4238-HFHSN,pytorch_tabular_net,0.4397599995136261,High,2026-10-01T07:22:18Z,train,1
4238-JSSWH,pytorch_tabular_net,0.3699800074100494,Medium,2026-10-01T07:22:18Z,train,1
4248-HCETZ,pytorch_tabular_net,0.5016400218009949,High,2026-10-01T07:22:18Z,valid,1
4248-QPAVC,pytorch_tabular_net,0.5199000239372253,High,2026-10-01T07:22:18Z,test,1
4250-FDVOU,pytorch_tabular_net,0.2989200055599212,Medium,2026-10-01T07:22:18Z,train,0
4250-WAROZ,pytorch_tabular_net,0.3476899862289428,Medium,2026-10-01T07:22:18Z,train,1
4250-ZBWLV,pytorch_tabular_net,0.2860699892044067,Medium,2026-10-01T07:22:18Z,train,0
4254-QPEDE,pytorch_tabular_net,0.0211100000888109,Low,2026-10-01T07:22:18Z,train,0
4255-DDUOU,pytorch_tabular_net,0.2863900065422058,Medium,2026-10-01T07:22:18Z,train,0
4256-ZWTZI,pytorch_tabular_net,0.3129299879074096,Medium,2026-10-01T07:22:18Z,train,0
4257-GAESD,pytorch_tabular_net,0.5956900119781494,High,2026-10-01T07:22:18Z,train,1
4273-MBHYA,pytorch_tabular_net,0.8630300164222717,Critical,2026-10-01T07:22:18Z,train,1
4274-DRSQT,pytorch_tabular_net,0.0948399975895881,Low,2026-10-01T07:22:18Z,valid,0
4274-OWWYO,pytorch_tabular_net,0.7910199761390686,Critical,2026-10-01T07:22:18Z,test,1
4277-BWBML,pytorch_tabular_net,0.016669999808073,Low,2026-10-01T07:22:18Z,train,0
4277-PVRAN,pytorch_tabular_net,0.6479300260543823,Critical,2026-10-01T07:22:18Z,test,1
4277-UDIEF,pytorch_tabular_net,0.1050200015306472,Low,2026-10-01T07:22:18Z,train,0
4280-DLSHD,pytorch_tabular_net,0.3496100008487701,Medium,2026-10-01T07:22:18Z,train,1
4282-ACRXS,pytorch_tabular_net,0.570930004119873,High,2026-10-01T07:22:18Z,train,1
4282-MSACW,pytorch_tabular_net,0.2803699970245361,Medium,2026-10-01T07:22:18Z,train,0
4282-YMKNA,pytorch_tabular_net,0.6916599869728088,Critical,2026-10-01T07:22:18Z,test,1
4283-FUTGF,pytorch_tabular_net,0.7052199840545654,Critical,2026-10-01T07:22:18Z,test,1
4283-IVYCI,pytorch_tabular_net,0.147609993815422,Low,2026-10-01T07:22:18Z,test,0
4285-GYRQC,pytorch_tabular_net,0.7083600163459778,Critical,2026-10-01T07:22:18Z,train,1
4289-DTDKW,pytorch_tabular_net,0.5790600180625916,High,2026-10-01T07:22:18Z,train,1
4290-BSXUX,pytorch_tabular_net,0.651229977607727,Critical,2026-10-01T07:22:18Z,train,1
4291-HPAXL,pytorch_tabular_net,0.1970299929380417,Low,2026-10-01T07:22:18Z,valid,0
4291-HYEBC,pytorch_tabular_net,0.1843799948692321,Low,2026-10-01T07:22:18Z,valid,0
4291-SHSBH,pytorch_tabular_net,0.582830011844635,High,2026-10-01T07:22:18Z,train,1
4291-TPNFG,pytorch_tabular_net,0.0125200003385543,Low,2026-10-01T07:22:18Z,train,0
4291-YZODP,pytorch_tabular_net,0.0267999991774559,Low,2026-10-01T07:22:18Z,train,0
4293-ETKAP,pytorch_tabular_net,0.0317800007760524,Low,2026-10-01T07:22:18Z,valid,0
4295-YURET,pytorch_tabular_net,0.0346399992704391,Low,2026-10-01T07:22:18Z,train,0
4298-OYIFC,pytorch_tabular_net,0.6960499882698059,Critical,2026-10-01T07:22:18Z,test,1
4299-OPXEJ,pytorch_tabular_net,0.0132200000807642,Low,2026-10-01T07:22:18Z,train,0
4299-SIMNS,pytorch_tabular_net,0.6386799812316895,Critical,2026-10-01T07:22:18Z,test,1
4301-VVZKA,pytorch_tabular_net,0.6312100291252136,Critical,2026-10-01T07:22:18Z,train,1
4302-ZYFEL,pytorch_tabular_net,0.0264400001615285,Low,2026-10-01T07:22:18Z,test,0
4304-TSPVK,pytorch_tabular_net,0.0395400002598762,Low,2026-10-01T07:22:18Z,test,0
4304-XUMGI,pytorch_tabular_net,0.0313000008463859,Low,2026-10-01T07:22:18Z,train,0
4307-KTUMW,pytorch_tabular_net,0.3178499937057495,Medium,2026-10-01T07:22:18Z,train,0
4307-KWMXE,pytorch_tabular_net,0.2788099944591522,Medium,2026-10-01T07:22:18Z,train,0
4310-KEDTB,pytorch_tabular_net,0.1590700000524521,Low,2026-10-01T07:22:18Z,train,0
4311-QTTAI,pytorch_tabular_net,0.0349700003862381,Low,2026-10-01T07:22:18Z,valid,0
4312-GVYNH,pytorch_tabular_net,0.0100600002333521,Low,2026-10-01T07:22:18Z,test,0
4312-KFRXN,pytorch_tabular_net,0.0127499997615814,Low,2026-10-01T07:22:18Z,train,0
4315-MURBD,pytorch_tabular_net,0.4695099890232086,High,2026-10-01T07:22:18Z,train,1
4316-XCSLJ,pytorch_tabular_net,0.1907200068235397,Low,2026-10-01T07:22:18Z,test,0
4317-VTEOA,pytorch_tabular_net,0.6352199912071228,Critical,2026-10-01T07:22:18Z,valid,1
4318-RAJVY,pytorch_tabular_net,0.03243999928236,Low,2026-10-01T07:22:18Z,train,0
4320-QMLLA,pytorch_tabular_net,0.304639995098114,Medium,2026-10-01T07:22:18Z,train,0
4322-RCYMT,pytorch_tabular_net,0.0429500006139278,Low,2026-10-01T07:22:18Z,valid,0
4323-ELYYB,pytorch_tabular_net,0.0200699996203184,Low,2026-10-01T07:22:18Z,test,0
4323-OHFOW,pytorch_tabular_net,0.1720300018787384,Low,2026-10-01T07:22:18Z,test,0
4323-SADQS,pytorch_tabular_net,0.3828200101852417,Medium,2026-10-01T07:22:18Z,valid,1
4324-AHJKS,pytorch_tabular_net,0.2419800013303756,Medium,2026-10-01T07:22:18Z,test,0
4324-BZCKL,pytorch_tabular_net,0.2980799973011017,Medium,2026-10-01T07:22:18Z,train,0
4325-NFSKC,pytorch_tabular_net,0.6777700185775757,Critical,2026-10-01T07:22:18Z,train,1
4328-VUFWD,pytorch_tabular_net,0.067950002849102,Low,2026-10-01T07:22:18Z,train,0
4329-YPDDQ,pytorch_tabular_net,0.3360399901866913,Medium,2026-10-01T07:22:18Z,train,0
4332-MUOEZ,pytorch_tabular_net,0.1341799944639206,Low,2026-10-01T07:22:18Z,train,0
4334-HOWRP,pytorch_tabular_net,0.0458800010383129,Low,2026-10-01T07:22:18Z,train,0
4335-BSMJS,pytorch_tabular_net,0.018130000680685,Low,2026-10-01T07:22:18Z,train,0
4335-UPJSI,pytorch_tabular_net,0.0100400000810623,Low,2026-10-01T07:22:18Z,train,0
4338-EYCER,pytorch_tabular_net,0.1145500019192695,Low,2026-10-01T07:22:18Z,valid,0
4342-HENTK,pytorch_tabular_net,0.8037099838256836,Critical,2026-10-01T07:22:18Z,valid,1
4342-HFXWS,pytorch_tabular_net,0.033220000565052,Low,2026-10-01T07:22:18Z,test,0
4343-EJVQB,pytorch_tabular_net,0.3371900022029876,Medium,2026-10-01T07:22:18Z,train,0
4349-GFQHK,pytorch_tabular_net,0.6410899758338928,Critical,2026-10-01T07:22:18Z,valid,1
4350-ZTLPI,pytorch_tabular_net,0.2191099971532821,Medium,2026-10-01T07:22:18Z,train,0
4351-QLCSU,pytorch_tabular_net,0.5871300101280212,High,2026-10-01T07:22:18Z,train,1
4353-HYOJD,pytorch_tabular_net,0.0798799991607666,Low,2026-10-01T07:22:18Z,valid,0
4355-CVPVS,pytorch_tabular_net,0.0968099981546402,Low,2026-10-01T07:22:18Z,train,0
4355-HBJHH,pytorch_tabular_net,0.0693499967455864,Low,2026-10-01T07:22:18Z,train,0
4359-INNWN,pytorch_tabular_net,0.034120000898838,Low,2026-10-01T07:22:18Z,test,0
4360-PNRQB,pytorch_tabular_net,0.4341000020503998,High,2026-10-01T07:22:18Z,train,1
4360-QRAVE,pytorch_tabular_net,0.3162800073623657,Medium,2026-10-01T07:22:18Z,train,0
4361-BKAXE,pytorch_tabular_net,0.3958100080490112,Medium,2026-10-01T07:22:18Z,train,1
4361-FEBGN,pytorch_tabular_net,0.0226499997079372,Low,2026-10-01T07:22:18Z,train,0
4361-JEIVL,pytorch_tabular_net,0.6911500096321106,Critical,2026-10-01T07:22:18Z,test,1
4365-MSDYN,pytorch_tabular_net,0.1077599972486496,Low,2026-10-01T07:22:18Z,train,0
4366-CTOUZ,pytorch_tabular_net,0.04746999964118,Low,2026-10-01T07:22:18Z,train,0
4367-NHWMM,pytorch_tabular_net,0.7281399965286255,Critical,2026-10-01T07:22:18Z,train,1
4367-NUYAO,pytorch_tabular_net,0.1034400016069412,Low,2026-10-01T07:22:18Z,train,0
4369-HTUIF,pytorch_tabular_net,0.5814599990844727,High,2026-10-01T07:22:18Z,test,1
4369-NYSCF,pytorch_tabular_net,0.0765699967741966,Low,2026-10-01T07:22:18Z,valid,0
4373-MAVJG,pytorch_tabular_net,0.5839200019836426,High,2026-10-01T07:22:18Z,train,1
4373-VVHQL,pytorch_tabular_net,0.6951500177383423,Critical,2026-10-01T07:22:18Z,train,1
4374-YMUSQ,pytorch_tabular_net,0.3576900064945221,Medium,2026-10-01T07:22:18Z,train,1
4376-KFVRS,pytorch_tabular_net,0.0555300004780292,Low,2026-10-01T07:22:18Z,train,0
4377-VDHYI,pytorch_tabular_net,0.2120700031518936,Medium,2026-10-01T07:22:18Z,train,0
4378-BZYFP,pytorch_tabular_net,0.0286599993705749,Low,2026-10-01T07:22:18Z,train,0
4378-MYPGO,pytorch_tabular_net,0.048760000616312,Low,2026-10-01T07:22:18Z,train,0
4381-MHQDC,pytorch_tabular_net,0.0154499998316168,Low,2026-10-01T07:22:18Z,valid,0
4385-GZQXV,pytorch_tabular_net,0.6400600075721741,Critical,2026-10-01T07:22:18Z,train,1
4385-ZKVNW,pytorch_tabular_net,0.0526599995791912,Low,2026-10-01T07:22:18Z,train,0
4389-UEFCZ,pytorch_tabular_net,0.0750799998641014,Low,2026-10-01T07:22:18Z,train,0
4390-KYULV,pytorch_tabular_net,0.1564899981021881,Low,2026-10-01T07:22:18Z,test,0
4391-LNRXK,pytorch_tabular_net,0.2476300001144409,Medium,2026-10-01T07:22:18Z,test,0
4391-RESHN,pytorch_tabular_net,0.6043400168418884,Critical,2026-10-01T07:22:18Z,test,1
4393-GEADV,pytorch_tabular_net,0.0615100003778934,Low,2026-10-01T07:22:18Z,train,0
4393-OBCRR,pytorch_tabular_net,0.0491699986159801,Low,2026-10-01T07:22:18Z,train,0
4393-RYCRE,pytorch_tabular_net,0.2829200029373169,Medium,2026-10-01T07:22:18Z,train,0
4395-PZMSN,pytorch_tabular_net,0.6904900074005127,Critical,2026-10-01T07:22:18Z,train,1
4396-KLSEH,pytorch_tabular_net,0.2526600062847137,Medium,2026-10-01T07:22:18Z,train,0
4397-FRLTA,pytorch_tabular_net,0.1362099945545196,Low,2026-10-01T07:22:18Z,test,0
4398-HSCJH,pytorch_tabular_net,0.5567700266838074,High,2026-10-01T07:22:18Z,train,1
4402-FTBXC,pytorch_tabular_net,0.2019599974155426,Medium,2026-10-01T07:22:18Z,valid,0
4403-BWPAY,pytorch_tabular_net,0.0674600005149841,Low,2026-10-01T07:22:18Z,train,0
4404-HIBDJ,pytorch_tabular_net,0.0608999989926815,Low,2026-10-01T07:22:18Z,train,0
4412-YLTKF,pytorch_tabular_net,0.643809974193573,Critical,2026-10-01T07:22:18Z,train,1
4415-IJZTP,pytorch_tabular_net,0.8489000201225281,Critical,2026-10-01T07:22:18Z,test,1
4415-WNGVR,pytorch_tabular_net,0.1946700066328048,Low,2026-10-01T07:22:18Z,train,0
4418-LZMSV,pytorch_tabular_net,0.0904100015759468,Low,2026-10-01T07:22:18Z,train,0
4419-UJMUS,pytorch_tabular_net,0.1662900000810623,Low,2026-10-01T07:22:18Z,train,0
4422-QVIJA,pytorch_tabular_net,0.0784099996089935,Low,2026-10-01T07:22:18Z,valid,0
4423-JWZJN,pytorch_tabular_net,0.1084199994802475,Low,2026-10-01T07:22:18Z,train,0
4423-YLHDV,pytorch_tabular_net,0.6098099946975708,Critical,2026-10-01T07:22:18Z,train,1
4424-TKOPW,pytorch_tabular_net,0.8858100175857544,Critical,2026-10-01T07:22:18Z,train,1
4425-OWHWB,pytorch_tabular_net,0.0428799986839294,Low,2026-10-01T07:22:18Z,train,0
4429-WYGFR,pytorch_tabular_net,0.0875099971890449,Low,2026-10-01T07:22:18Z,train,0
4430-UZIPO,pytorch_tabular_net,0.5392299890518188,High,2026-10-01T07:22:18Z,test,1
4430-YHXGG,pytorch_tabular_net,0.2045399993658065,Medium,2026-10-01T07:22:18Z,train,0
4431-EDMIQ,pytorch_tabular_net,0.1637700051069259,Low,2026-10-01T07:22:18Z,train,0
4432-ADRLB,pytorch_tabular_net,0.3962799906730652,Medium,2026-10-01T07:22:18Z,train,1
4433-JCGCG,pytorch_tabular_net,0.6496099829673767,Critical,2026-10-01T07:22:18Z,train,1
4439-JMPMT,pytorch_tabular_net,0.7591800093650818,Critical,2026-10-01T07:22:18Z,test,1
4439-YRNVD,pytorch_tabular_net,0.2123399972915649,Medium,2026-10-01T07:22:18Z,test,0
4441-NIHPT,pytorch_tabular_net,0.6722099781036377,Critical,2026-10-01T07:22:18Z,train,1
4443-EMBNA,pytorch_tabular_net,0.0115499999374151,Low,2026-10-01T07:22:18Z,train,0
4445-KWOKW,pytorch_tabular_net,0.0436000004410743,Low,2026-10-01T07:22:18Z,train,0
4445-ZJNMU,pytorch_tabular_net,0.7346400022506714,Critical,2026-10-01T07:22:18Z,train,1
4446-BZKHU,pytorch_tabular_net,0.4926899969577789,High,2026-10-01T07:22:18Z,train,1
4450-DLLMH,pytorch_tabular_net,0.6800000071525574,Critical,2026-10-01T07:22:18Z,train,1
4450-MDZFX,pytorch_tabular_net,0.1262599974870681,Low,2026-10-01T07:22:18Z,train,0
4450-YOOHP,pytorch_tabular_net,0.3118399977684021,Medium,2026-10-01T07:22:18Z,test,0
4451-RWASJ,pytorch_tabular_net,0.0294000003486871,Low,2026-10-01T07:22:18Z,test,0
4452-QIIEB,pytorch_tabular_net,0.2440000027418136,Medium,2026-10-01T07:22:18Z,train,0
4452-ROHMO,pytorch_tabular_net,0.0106399999931454,Low,2026-10-01T07:22:18Z,train,0
4455-BFSPD,pytorch_tabular_net,0.2033199965953827,Medium,2026-10-01T07:22:18Z,test,0
4456-RHSNB,pytorch_tabular_net,0.175819993019104,Low,2026-10-01T07:22:18Z,train,0
4458-KVRBJ,pytorch_tabular_net,0.0116600003093481,Low,2026-10-01T07:22:18Z,valid,0
4459-BBGHE,pytorch_tabular_net,0.4430699944496155,High,2026-10-01T07:22:18Z,train,1
4462-CYWMH,pytorch_tabular_net,0.2379100024700164,Medium,2026-10-01T07:22:18Z,train,0
4464-JCOLN,pytorch_tabular_net,0.0395400002598762,Low,2026-10-01T07:22:18Z,test,0
4465-VDKIQ,pytorch_tabular_net,0.3253999948501587,Medium,2026-10-01T07:22:18Z,train,0
4468-KAZHE,pytorch_tabular_net,0.290800005197525,Medium,2026-10-01T07:22:18Z,train,0
4468-YDOVK,pytorch_tabular_net,0.2717800140380859,Medium,2026-10-01T07:22:18Z,valid,0
4471-KXAUH,pytorch_tabular_net,0.3485899865627289,Medium,2026-10-01T07:22:18Z,train,1
4472-LVYGI,pytorch_tabular_net,0.220780000090599,Medium,2026-10-01T07:22:18Z,train,0
4472-VESGY,pytorch_tabular_net,0.168830007314682,Low,2026-10-01T07:22:18Z,train,0
4475-NVTLU,pytorch_tabular_net,0.0116900000721216,Low,2026-10-01T07:22:18Z,valid,0
4476-OSWTN,pytorch_tabular_net,0.2685900032520294,Medium,2026-10-01T07:22:18Z,train,0
4480-MBMLB,pytorch_tabular_net,0.3469699919223785,Medium,2026-10-01T07:22:18Z,train,1
4480-QQRHC,pytorch_tabular_net,0.6019999980926514,Critical,2026-10-01T07:22:18Z,test,1
4482-EWFMI,pytorch_tabular_net,0.7573500275611877,Critical,2026-10-01T07:22:18Z,train,1
4482-FTFFX,pytorch_tabular_net,0.248879998922348,Medium,2026-10-01T07:22:18Z,train,0
4484-CGXFK,pytorch_tabular_net,0.575659990310669,High,2026-10-01T07:22:18Z,valid,1
4484-GLZOU,pytorch_tabular_net,0.5800099968910217,High,2026-10-01T07:22:18Z,valid,1
4486-EFAEB,pytorch_tabular_net,0.1319500058889389,Low,2026-10-01T07:22:18Z,train,0
4487-ZYJZK,pytorch_tabular_net,0.0153200002387166,Low,2026-10-01T07:22:18Z,train,0
4488-KQFDT,pytorch_tabular_net,0.3320299983024597,Medium,2026-10-01T07:22:18Z,valid,0
4488-PSYCG,pytorch_tabular_net,0.0852599963545799,Low,2026-10-01T07:22:18Z,train,0
4489-SNOJF,pytorch_tabular_net,0.1098399981856346,Low,2026-10-01T07:22:18Z,test,0
4495-LHSSK,pytorch_tabular_net,0.1034199967980384,Low,2026-10-01T07:22:18Z,train,0
4500-HKANN,pytorch_tabular_net,0.0361500009894371,Low,2026-10-01T07:22:18Z,train,0
4501-EQDRN,pytorch_tabular_net,0.6566900014877319,Critical,2026-10-01T07:22:18Z,train,1
4501-UYKBC,pytorch_tabular_net,0.154459998011589,Low,2026-10-01T07:22:18Z,test,0
4501-VCPFK,pytorch_tabular_net,0.1726299971342086,Low,2026-10-01T07:22:18Z,train,0
4503-BDXBD,pytorch_tabular_net,0.3721300065517425,Medium,2026-10-01T07:22:18Z,train,1
4504-YOULA,pytorch_tabular_net,0.1424800008535385,Low,2026-10-01T07:22:18Z,train,0
4505-EXZHB,pytorch_tabular_net,0.6081299781799316,Critical,2026-10-01T07:22:18Z,train,1
4508-OEBEY,pytorch_tabular_net,0.0688299983739852,Low,2026-10-01T07:22:18Z,valid,0
4510-HIMLV,pytorch_tabular_net,0.7989400029182434,Critical,2026-10-01T07:22:18Z,train,1
4510-PYUSH,pytorch_tabular_net,0.310369998216629,Medium,2026-10-01T07:22:18Z,train,0
4512-ZUIYL,pytorch_tabular_net,0.6196200251579285,Critical,2026-10-01T07:22:18Z,train,1
4513-CXYIX,pytorch_tabular_net,0.0573900006711483,Low,2026-10-01T07:22:18Z,valid,0
4514-GFCFI,pytorch_tabular_net,0.7525399923324585,Critical,2026-10-01T07:22:18Z,train,1
4518-FZBSX,pytorch_tabular_net,0.014390000142157,Low,2026-10-01T07:22:18Z,train,0
4521-WFJAI,pytorch_tabular_net,0.019200000911951,Low,2026-10-01T07:22:18Z,train,0
4521-YEEHE,pytorch_tabular_net,0.6189900040626526,Critical,2026-10-01T07:22:18Z,train,1
4522-AKYLR,pytorch_tabular_net,0.5109599828720093,High,2026-10-01T07:22:18Z,test,1
4522-XRWWI,pytorch_tabular_net,0.1114299967885017,Low,2026-10-01T07:22:18Z,train,0
4523-WXCEF,pytorch_tabular_net,0.3908900022506714,Medium,2026-10-01T07:22:18Z,train,1
4524-QCSSM,pytorch_tabular_net,0.2694000005722046,Medium,2026-10-01T07:22:18Z,test,0
4525-VZCZG,pytorch_tabular_net,0.2413399964570999,Medium,2026-10-01T07:22:18Z,train,0
4526-EXKKN,pytorch_tabular_net,0.0135599998757243,Low,2026-10-01T07:22:18Z,valid,0
4526-RMTLL,pytorch_tabular_net,0.049150001257658,Low,2026-10-01T07:22:18Z,valid,0
4526-ZJJTM,pytorch_tabular_net,0.3223899900913238,Medium,2026-10-01T07:22:18Z,test,0
4529-CKBCL,pytorch_tabular_net,0.7806199789047241,Critical,2026-10-01T07:22:18Z,test,1
4530-NDRKU,pytorch_tabular_net,0.0185000002384185,Low,2026-10-01T07:22:18Z,valid,0
4531-AUZNK,pytorch_tabular_net,0.196270003914833,Low,2026-10-01T07:22:18Z,train,0
4534-WGCIR,pytorch_tabular_net,0.011040000244975,Low,2026-10-01T07:22:18Z,train,0
4536-PLEQY,pytorch_tabular_net,0.4443899989128113,High,2026-10-01T07:22:18Z,train,1
4537-CIBHB,pytorch_tabular_net,0.0193399991840124,Low,2026-10-01T07:22:18Z,train,0
4537-DKTAL,pytorch_tabular_net,0.4472300112247467,High,2026-10-01T07:22:18Z,train,1
4538-WNTMJ,pytorch_tabular_net,0.0114500001072883,Low,2026-10-01T07:22:18Z,train,0
4541-RMRLG,pytorch_tabular_net,0.1433500051498413,Low,2026-10-01T07:22:18Z,train,0
4544-RXFMG,pytorch_tabular_net,0.2438800036907196,Medium,2026-10-01T07:22:18Z,train,0
4546-FOKWR,pytorch_tabular_net,0.5538700222969055,High,2026-10-01T07:22:18Z,valid,1
4547-FZJWE,pytorch_tabular_net,0.0649399980902671,Low,2026-10-01T07:22:18Z,train,0
4547-KQRTM,pytorch_tabular_net,0.5932000279426575,High,2026-10-01T07:22:18Z,train,1
4547-LYTDD,pytorch_tabular_net,0.4595299959182739,High,2026-10-01T07:22:18Z,valid,1
4548-SDBKE,pytorch_tabular_net,0.8622400164604187,Critical,2026-10-01T07:22:18Z,train,1
4549-ZDQYY,pytorch_tabular_net,0.047749999910593,Low,2026-10-01T07:22:18Z,train,0
4550-EVXNY,pytorch_tabular_net,0.8210800290107727,Critical,2026-10-01T07:22:18Z,train,1
4550-VBOFE,pytorch_tabular_net,0.4546200037002563,High,2026-10-01T07:22:18Z,train,1
4553-DVPZG,pytorch_tabular_net,0.498089998960495,High,2026-10-01T07:22:18Z,train,1
4554-YGZIH,pytorch_tabular_net,0.3284400105476379,Medium,2026-10-01T07:22:18Z,valid,0
4558-CGYCZ,pytorch_tabular_net,0.1324300020933151,Low,2026-10-01T07:22:18Z,train,0
4558-FANTW,pytorch_tabular_net,0.3789800107479095,Medium,2026-10-01T07:22:18Z,train,1
4559-UWIHT,pytorch_tabular_net,0.7016800045967102,Critical,2026-10-01T07:22:18Z,train,1
4560-WQAQW,pytorch_tabular_net,0.0549400001764297,Low,2026-10-01T07:22:18Z,train,0
4565-EVZMJ,pytorch_tabular_net,0.0287599992007017,Low,2026-10-01T07:22:18Z,train,0
4565-NLZBV,pytorch_tabular_net,0.0125399995595216,Low,2026-10-01T07:22:18Z,train,0
4566-GOLUK,pytorch_tabular_net,0.3380799889564514,Medium,2026-10-01T07:22:18Z,train,0
4566-NECEV,pytorch_tabular_net,0.6991599798202515,Critical,2026-10-01T07:22:18Z,train,1
4566-QVRRW,pytorch_tabular_net,0.3924899995326996,Medium,2026-10-01T07:22:18Z,train,1
4567-AKPIA,pytorch_tabular_net,0.2212599962949752,Medium,2026-10-01T07:22:18Z,train,0
4568-KNYWR,pytorch_tabular_net,0.0458300001919269,Low,2026-10-01T07:22:18Z,train,0
4568-TTZRT,pytorch_tabular_net,0.0890799984335899,Low,2026-10-01T07:22:18Z,train,0
4570-QHXHL,pytorch_tabular_net,0.4386700093746185,High,2026-10-01T07:22:18Z,train,1
4572-DVCGN,pytorch_tabular_net,0.5626400113105774,High,2026-10-01T07:22:18Z,train,1
4573-JKNAE,pytorch_tabular_net,0.0225399993360042,Low,2026-10-01T07:22:18Z,valid,0
4576-CSAJH,pytorch_tabular_net,0.158050000667572,Low,2026-10-01T07:22:18Z,train,0
4578-PHJYZ,pytorch_tabular_net,0.0883100032806396,Low,2026-10-01T07:22:18Z,test,0
4580-TMHJU,pytorch_tabular_net,0.1218700036406517,Low,2026-10-01T07:22:18Z,train,0
4581-LNWUM,pytorch_tabular_net,0.400840014219284,High,2026-10-01T07:22:18Z,train,1
4581-SSPWD,pytorch_tabular_net,0.8121200203895569,Critical,2026-10-01T07:22:18Z,train,1
4583-PARNH,pytorch_tabular_net,0.530709981918335,High,2026-10-01T07:22:18Z,test,1
4584-LBNMK,pytorch_tabular_net,0.0506500005722045,Low,2026-10-01T07:22:18Z,test,0
4585-HETAI,pytorch_tabular_net,0.803849995136261,Critical,2026-10-01T07:22:18Z,train,1
4587-NUKOX,pytorch_tabular_net,0.6947799921035767,Critical,2026-10-01T07:22:18Z,train,1
4587-VVTOX,pytorch_tabular_net,0.7036299705505371,Critical,2026-10-01T07:22:18Z,train,1
4588-YBNIB,pytorch_tabular_net,0.3482899963855743,Medium,2026-10-01T07:22:18Z,test,1
4589-IUAJB,pytorch_tabular_net,0.0170799996703863,Low,2026-10-01T07:22:18Z,train,0
4592-IWTJI,pytorch_tabular_net,0.3172500133514404,Medium,2026-10-01T07:22:18Z,valid,0
4597-ELFTS,pytorch_tabular_net,0.0246900003403425,Low,2026-10-01T07:22:18Z,train,0
4597-NUCQV,pytorch_tabular_net,0.7180299758911133,Critical,2026-10-01T07:22:18Z,valid,1
4598-XLKNJ,pytorch_tabular_net,0.6338499784469604,Critical,2026-10-01T07:22:18Z,test,1
4598-ZADCK,pytorch_tabular_net,0.0583200007677078,Low,2026-10-01T07:22:18Z,train,0
4603-JANFB,pytorch_tabular_net,0.7990099787712097,Critical,2026-10-01T07:22:18Z,train,1
4607-CHPCA,pytorch_tabular_net,0.3815500140190124,Medium,2026-10-01T07:22:18Z,test,1
4608-LCIMN,pytorch_tabular_net,0.1510300040245056,Low,2026-10-01T07:22:18Z,train,0
4609-KNNWG,pytorch_tabular_net,0.0076100002042949,Low,2026-10-01T07:22:18Z,train,0
4611-ANLQC,pytorch_tabular_net,0.035980001091957,Low,2026-10-01T07:22:18Z,test,0
4612-SSVHJ,pytorch_tabular_net,0.6075299978256226,Critical,2026-10-01T07:22:18Z,valid,1
4612-THJBS,pytorch_tabular_net,0.2024399936199188,Medium,2026-10-01T07:22:18Z,train,0
4614-NUVZD,pytorch_tabular_net,0.8312299847602844,Critical,2026-10-01T07:22:18Z,test,1
4615-PIVVU,pytorch_tabular_net,0.024380000308156,Low,2026-10-01T07:22:18Z,train,0
4616-EWBNJ,pytorch_tabular_net,0.0287299994379282,Low,2026-10-01T07:22:18Z,train,0
4616-ULAOA,pytorch_tabular_net,0.0496699996292591,Low,2026-10-01T07:22:18Z,test,0
4619-EVPHY,pytorch_tabular_net,0.3251299858093261,Medium,2026-10-01T07:22:18Z,train,0
4622-YNKIJ,pytorch_tabular_net,0.0528299994766712,Low,2026-10-01T07:22:18Z,valid,0
4623-ZKHLY,pytorch_tabular_net,0.0679899975657463,Low,2026-10-01T07:22:18Z,train,0
4625-EWPTF,pytorch_tabular_net,0.4313099980354309,High,2026-10-01T07:22:18Z,train,1
4625-LAMOB,pytorch_tabular_net,0.022749999538064,Low,2026-10-01T07:22:18Z,train,0
4625-XMOYM,pytorch_tabular_net,0.0143499998375773,Low,2026-10-01T07:22:18Z,valid,0
4626-GYCZP,pytorch_tabular_net,0.8172799944877625,Critical,2026-10-01T07:22:18Z,train,1
4626-OZDTJ,pytorch_tabular_net,0.0939899981021881,Low,2026-10-01T07:22:18Z,train,0
4627-MIHJH,pytorch_tabular_net,0.0736799985170364,Low,2026-10-01T07:22:18Z,test,0
4628-CTTLA,pytorch_tabular_net,0.3161500096321106,Medium,2026-10-01T07:22:18Z,test,0
4628-WQCQQ,pytorch_tabular_net,0.290910005569458,Medium,2026-10-01T07:22:18Z,train,0
4629-NRXKX,pytorch_tabular_net,0.696690022945404,Critical,2026-10-01T07:22:18Z,valid,1
4631-OACRM,pytorch_tabular_net,0.6085000038146973,Critical,2026-10-01T07:22:18Z,train,1
4632-PAOYU,pytorch_tabular_net,0.0163499992340803,Low,2026-10-01T07:22:18Z,valid,0
4632-XJMEX,pytorch_tabular_net,0.0748300030827522,Low,2026-10-01T07:22:18Z,valid,0
4633-MKHYU,pytorch_tabular_net,0.7146400213241577,Critical,2026-10-01T07:22:18Z,valid,1
4634-JLRJT,pytorch_tabular_net,0.3456799983978271,Medium,2026-10-01T07:22:18Z,valid,1
4635-EJYPD,pytorch_tabular_net,0.0102800000458955,Low,2026-10-01T07:22:18Z,train,0
4636-JGAAI,pytorch_tabular_net,0.2592499852180481,Medium,2026-10-01T07:22:18Z,test,0
4636-OLWOE,pytorch_tabular_net,0.0857200026512146,Low,2026-10-01T07:22:18Z,valid,0
4636-QRJKY,pytorch_tabular_net,0.7221800088882446,Critical,2026-10-01T07:22:18Z,train,1
4636-TVXVG,pytorch_tabular_net,0.018360000103712,Low,2026-10-01T07:22:18Z,train,0
4640-UHDOS,pytorch_tabular_net,0.2511099874973297,Medium,2026-10-01T07:22:18Z,test,0
4641-FROLU,pytorch_tabular_net,0.0074000000022351,Low,2026-10-01T07:22:18Z,train,0
4644-OBGFZ,pytorch_tabular_net,0.014560000039637,Low,2026-10-01T07:22:18Z,train,0
4644-PIZRT,pytorch_tabular_net,0.1097799986600875,Low,2026-10-01T07:22:18Z,train,0
4646-QZXTF,pytorch_tabular_net,0.1961199939250946,Low,2026-10-01T07:22:18Z,train,0
4647-MUZON,pytorch_tabular_net,0.5625500082969666,High,2026-10-01T07:22:18Z,train,1
4647-XXZAM,pytorch_tabular_net,0.238429993391037,Medium,2026-10-01T07:22:18Z,train,0
4648-YPBTM,pytorch_tabular_net,0.0198400001972913,Low,2026-10-01T07:22:18Z,train,0
4652-NNHNY,pytorch_tabular_net,0.537630021572113,High,2026-10-01T07:22:18Z,train,1
4652-ODEVH,pytorch_tabular_net,0.011009999550879,Low,2026-10-01T07:22:18Z,train,0
4654-DLAMQ,pytorch_tabular_net,0.0940700024366378,Low,2026-10-01T07:22:18Z,train,0
4654-GGUII,pytorch_tabular_net,0.0392999984323978,Low,2026-10-01T07:22:18Z,valid,0
4654-ULTTN,pytorch_tabular_net,0.0211800001561641,Low,2026-10-01T07:22:18Z,test,0
4656-CAURT,pytorch_tabular_net,0.0198199991136789,Low,2026-10-01T07:22:18Z,test,0
4657-FWVFY,pytorch_tabular_net,0.4166299998760223,High,2026-10-01T07:22:18Z,train,1
4658-HCOHW,pytorch_tabular_net,0.4380100071430206,High,2026-10-01T07:22:18Z,test,1
4659-NZRUF,pytorch_tabular_net,0.5485699772834778,High,2026-10-01T07:22:18Z,train,1
4660-IRIBM,pytorch_tabular_net,0.4436700046062469,High,2026-10-01T07:22:18Z,train,1
4661-NJEUX,pytorch_tabular_net,0.3267000019550323,Medium,2026-10-01T07:22:18Z,train,0
4662-EKDPQ,pytorch_tabular_net,0.4057500064373016,High,2026-10-01T07:22:18Z,train,1
4664-NJCMS,pytorch_tabular_net,0.0204300004988908,Low,2026-10-01T07:22:18Z,train,0
4667-OHGKG,pytorch_tabular_net,0.3304100036621094,Medium,2026-10-01T07:22:18Z,train,0
4667-QONEA,pytorch_tabular_net,0.0603500008583068,Low,2026-10-01T07:22:18Z,test,0
4670-TABXH,pytorch_tabular_net,0.0736799985170364,Low,2026-10-01T07:22:18Z,train,0
4671-LXRDQ,pytorch_tabular_net,0.533810019493103,High,2026-10-01T07:22:18Z,train,1
4671-VJLCL,pytorch_tabular_net,0.0317299999296665,Low,2026-10-01T07:22:18Z,train,0
4672-FOTSD,pytorch_tabular_net,0.2319499999284744,Medium,2026-10-01T07:22:18Z,test,0
4673-KKSLS,pytorch_tabular_net,0.2024399936199188,Medium,2026-10-01T07:22:18Z,train,0
4674-HGNUA,pytorch_tabular_net,0.0227400008589029,Low,2026-10-01T07:22:18Z,train,0
4676-MQUEA,pytorch_tabular_net,0.1974900066852569,Low,2026-10-01T07:22:18Z,valid,0
4676-WLUHT,pytorch_tabular_net,0.024779999628663,Low,2026-10-01T07:22:18Z,valid,0
4678-DVQEO,pytorch_tabular_net,0.605430006980896,Critical,2026-10-01T07:22:18Z,train,1
4680-KUTAJ,pytorch_tabular_net,0.5469800233840942,High,2026-10-01T07:22:18Z,test,1
4682-BLBUC,pytorch_tabular_net,0.1058999970555305,Low,2026-10-01T07:22:18Z,train,0
4683-WYDOU,pytorch_tabular_net,0.0777499973773956,Low,2026-10-01T07:22:18Z,train,0
4685-ERGHK,pytorch_tabular_net,0.2460400015115738,Medium,2026-10-01T07:22:18Z,train,0
4685-TFLLS,pytorch_tabular_net,0.0200399998575449,Low,2026-10-01T07:22:18Z,valid,0
4686-GEFRM,pytorch_tabular_net,0.0270099993795156,Low,2026-10-01T07:22:18Z,train,0
4686-UXDML,pytorch_tabular_net,0.6490300297737122,Critical,2026-10-01T07:22:18Z,train,1
4690-LLKUA,pytorch_tabular_net,0.5142899751663208,High,2026-10-01T07:22:18Z,train,1
4690-PKDQG,pytorch_tabular_net,0.5733500123023987,High,2026-10-01T07:22:18Z,train,1
4692-NNQRU,pytorch_tabular_net,0.1292999982833862,Low,2026-10-01T07:22:18Z,train,0
4693-VWVBO,pytorch_tabular_net,0.196940004825592,Low,2026-10-01T07:22:18Z,test,0
4694-PHWFW,pytorch_tabular_net,0.0848200023174285,Low,2026-10-01T07:22:18Z,test,0
4695-VADHF,pytorch_tabular_net,0.1963600069284439,Low,2026-10-01T07:22:18Z,train,0
4695-WJZUE,pytorch_tabular_net,0.8887900114059448,Critical,2026-10-01T07:22:18Z,train,1
4697-LUPSU,pytorch_tabular_net,0.0397000014781951,Low,2026-10-01T07:22:18Z,train,0
4698-KVLLG,pytorch_tabular_net,0.031259998679161,Low,2026-10-01T07:22:18Z,train,0
4700-UBQMV,pytorch_tabular_net,0.1369699984788894,Low,2026-10-01T07:22:18Z,train,0
4701-AHWMW,pytorch_tabular_net,0.2290800064802169,Medium,2026-10-01T07:22:18Z,test,0
4701-LKOZD,pytorch_tabular_net,0.0261599998921155,Low,2026-10-01T07:22:18Z,train,0
4701-MLJPN,pytorch_tabular_net,0.1767300069332122,Low,2026-10-01T07:22:18Z,train,0
4702-HDRKD,pytorch_tabular_net,0.0460599996149539,Low,2026-10-01T07:22:18Z,test,0
4702-IOQDC,pytorch_tabular_net,0.8151100277900696,Critical,2026-10-01T07:22:18Z,train,1
4703-MQYKT,pytorch_tabular_net,0.0139499995857477,Low,2026-10-01T07:22:18Z,train,0
4704-ERYFC,pytorch_tabular_net,0.482699990272522,High,2026-10-01T07:22:18Z,train,1
4706-AXVKM,pytorch_tabular_net,0.7465000152587891,Critical,2026-10-01T07:22:18Z,train,1
4706-DGAHW,pytorch_tabular_net,0.6374099850654602,Critical,2026-10-01T07:22:18Z,test,1
4707-MAXGU,pytorch_tabular_net,0.0188900008797645,Low,2026-10-01T07:22:18Z,train,0
4707-YNOQA,pytorch_tabular_net,0.0283499993383884,Low,2026-10-01T07:22:18Z,valid,0
4709-LKHYG,pytorch_tabular_net,0.0140000004321336,Low,2026-10-01T07:22:18Z,train,0
4710-FDUIZ,pytorch_tabular_net,0.2498500049114227,Medium,2026-10-01T07:22:18Z,valid,0
4710-NKCAW,pytorch_tabular_net,0.1749099940061569,Low,2026-10-01T07:22:18Z,test,0
4712-AUQZO,pytorch_tabular_net,0.1302700042724609,Low,2026-10-01T07:22:18Z,valid,0
4712-UYOOI,pytorch_tabular_net,0.0576799996197223,Low,2026-10-01T07:22:18Z,train,0
4713-LZDRV,pytorch_tabular_net,0.8009999990463257,Critical,2026-10-01T07:22:18Z,train,1
4713-ZBURT,pytorch_tabular_net,0.0850899964570999,Low,2026-10-01T07:22:18Z,train,0
4716-HHKQH,pytorch_tabular_net,0.4971199929714203,High,2026-10-01T07:22:18Z,valid,1
4716-MRVEN,pytorch_tabular_net,0.0132499998435378,Low,2026-10-01T07:22:18Z,train,0
4717-GHADL,pytorch_tabular_net,0.0389799997210502,Low,2026-10-01T07:22:18Z,train,0
4718-DHSMV,pytorch_tabular_net,0.4781999886035919,High,2026-10-01T07:22:18Z,train,1
4718-WXBGI,pytorch_tabular_net,0.0206099990755319,Low,2026-10-01T07:22:18Z,valid,0
4719-UMSIY,pytorch_tabular_net,0.1010800004005432,Low,2026-10-01T07:22:18Z,train,0
4720-VSTSI,pytorch_tabular_net,0.2665199935436249,Medium,2026-10-01T07:22:18Z,valid,0
4723-BEGSG,pytorch_tabular_net,0.0405099987983703,Low,2026-10-01T07:22:18Z,train,0
4724-WXVWF,pytorch_tabular_net,0.2892200052738189,Medium,2026-10-01T07:22:18Z,train,0
4726-DLWQN,pytorch_tabular_net,0.2567099928855896,Medium,2026-10-01T07:22:18Z,valid,0
4727-MCYZG,pytorch_tabular_net,0.4805000126361847,High,2026-10-01T07:22:18Z,train,1
4729-XKASR,pytorch_tabular_net,0.586899995803833,High,2026-10-01T07:22:18Z,train,1
4730-AWNAU,pytorch_tabular_net,0.0758000016212463,Low,2026-10-01T07:22:18Z,train,0
4732-RRJZC,pytorch_tabular_net,0.0817499980330467,Low,2026-10-01T07:22:18Z,train,0
4735-ASGMA,pytorch_tabular_net,0.734749972820282,Critical,2026-10-01T07:22:18Z,train,1
4735-BJKOU,pytorch_tabular_net,0.0074700000695884,Low,2026-10-01T07:22:18Z,train,0
4737-AQCPU,pytorch_tabular_net,0.0263299997895956,Low,2026-10-01T07:22:18Z,train,0
4737-HOBAX,pytorch_tabular_net,0.0348300002515316,Low,2026-10-01T07:22:18Z,valid,0
4741-WWJQZ,pytorch_tabular_net,0.6677500009536743,Critical,2026-10-01T07:22:18Z,train,1
4742-DRORA,pytorch_tabular_net,0.1287599951028823,Low,2026-10-01T07:22:18Z,train,0
4742-TXUEX,pytorch_tabular_net,0.0112800002098083,Low,2026-10-01T07:22:18Z,train,0
4745-LSPLO,pytorch_tabular_net,0.2293599992990493,Medium,2026-10-01T07:22:18Z,train,0
4747-LCAQL,pytorch_tabular_net,0.0895000025629997,Low,2026-10-01T07:22:18Z,train,0
4749-OJKQU,pytorch_tabular_net,0.7589499950408936,Critical,2026-10-01T07:22:18Z,valid,1
4749-VFKVB,pytorch_tabular_net,0.7178199887275696,Critical,2026-10-01T07:22:18Z,train,1
4750-UKWJK,pytorch_tabular_net,0.0227099992334842,Low,2026-10-01T07:22:18Z,train,0
4750-ZRXIU,pytorch_tabular_net,0.8403499722480774,Critical,2026-10-01T07:22:18Z,train,1
4751-ERMAN,pytorch_tabular_net,0.0322399996221065,Low,2026-10-01T07:22:18Z,train,0
4753-PADAS,pytorch_tabular_net,0.1852899938821792,Low,2026-10-01T07:22:18Z,train,0
4759-PXTAN,pytorch_tabular_net,0.100330002605915,Low,2026-10-01T07:22:18Z,valid,0
4759-TRPLW,pytorch_tabular_net,0.7063400149345398,Critical,2026-10-01T07:22:18Z,test,1
4760-THGOT,pytorch_tabular_net,0.351749986410141,Medium,2026-10-01T07:22:18Z,train,1
4760-XOHVN,pytorch_tabular_net,0.1948300004005432,Low,2026-10-01T07:22:18Z,valid,0
4763-PGDPO,pytorch_tabular_net,0.5791000127792358,High,2026-10-01T07:22:18Z,test,1
4765-OXPPD,pytorch_tabular_net,0.0983500033617019,Low,2026-10-01T07:22:18Z,test,0
4767-HZZHQ,pytorch_tabular_net,0.161310002207756,Low,2026-10-01T07:22:18Z,train,0
4770-QAZXN,pytorch_tabular_net,0.1178800016641616,Low,2026-10-01T07:22:18Z,test,0
4770-UEZOX,pytorch_tabular_net,0.745639979839325,Critical,2026-10-01T07:22:18Z,train,1
4774-HHGGS,pytorch_tabular_net,0.0095899999141693,Low,2026-10-01T07:22:18Z,train,0
4776-XSKYQ,pytorch_tabular_net,0.0672999992966651,Low,2026-10-01T07:22:18Z,train,0
4778-IZARL,pytorch_tabular_net,0.0537399984896183,Low,2026-10-01T07:22:18Z,train,0
4779-ZGICK,pytorch_tabular_net,0.0108599998056888,Low,2026-10-01T07:22:18Z,train,0
4781-ZXYGU,pytorch_tabular_net,0.2033299952745437,Medium,2026-10-01T07:22:18Z,test,0
4782-OSFXZ,pytorch_tabular_net,0.0153900003060698,Low,2026-10-01T07:22:18Z,train,0
4785-FCIFB,pytorch_tabular_net,0.0069300001487135,Low,2026-10-01T07:22:18Z,test,0
4785-NKHCX,pytorch_tabular_net,0.2565299868583679,Medium,2026-10-01T07:22:18Z,valid,0
4785-QRJHC,pytorch_tabular_net,0.2137099951505661,Medium,2026-10-01T07:22:18Z,valid,0
4786-UKSNZ,pytorch_tabular_net,0.2300599962472915,Medium,2026-10-01T07:22:18Z,train,0
4789-KWMXN,pytorch_tabular_net,0.2666800022125244,Medium,2026-10-01T07:22:18Z,valid,0
4791-QRGMF,pytorch_tabular_net,0.289029985666275,Medium,2026-10-01T07:22:18Z,train,0
4795-KTRTH,pytorch_tabular_net,0.727400004863739,Critical,2026-10-01T07:22:18Z,test,1
4795-UXVCJ,pytorch_tabular_net,0.0346999987959861,Low,2026-10-01T07:22:18Z,valid,0
4795-WRNVT,pytorch_tabular_net,0.0942500010132789,Low,2026-10-01T07:22:18Z,train,0
4797-AXPXK,pytorch_tabular_net,0.4706499874591827,High,2026-10-01T07:22:18Z,train,1
4797-MIWUM,pytorch_tabular_net,0.1151700019836425,Low,2026-10-01T07:22:18Z,train,0
4800-CZMPC,pytorch_tabular_net,0.270900011062622,Medium,2026-10-01T07:22:18Z,test,0
4800-VHZKI,pytorch_tabular_net,0.3472299873828888,Medium,2026-10-01T07:22:18Z,test,1
4801-JZAZL,pytorch_tabular_net,0.2964000105857849,Medium,2026-10-01T07:22:18Z,train,0
4801-KFYKL,pytorch_tabular_net,0.0927800014615058,Low,2026-10-01T07:22:18Z,train,0
4803-AXVYP,pytorch_tabular_net,0.5875599980354309,High,2026-10-01T07:22:18Z,train,1
4803-LBYPN,pytorch_tabular_net,0.0412000007927417,Low,2026-10-01T07:22:18Z,train,0
4804-NCPET,pytorch_tabular_net,0.0110799996182322,Low,2026-10-01T07:22:18Z,test,0
4806-DXQCE,pytorch_tabular_net,0.0720700025558471,Low,2026-10-01T07:22:18Z,test,0
4806-HIPDW,pytorch_tabular_net,0.8179900050163269,Critical,2026-10-01T07:22:18Z,train,1
4806-KEXQR,pytorch_tabular_net,0.7009299993515015,Critical,2026-10-01T07:22:18Z,train,1
4807-IZYOZ,pytorch_tabular_net,0.0143200000748038,Low,2026-10-01T07:22:18Z,valid,0
4808-YNLEU,pytorch_tabular_net,0.0486400015652179,Low,2026-10-01T07:22:18Z,train,0
4811-JBUVU,pytorch_tabular_net,0.3741599917411804,Medium,2026-10-01T07:22:18Z,train,1
4813-HQMGZ,pytorch_tabular_net,0.6307299733161926,Critical,2026-10-01T07:22:18Z,train,1
4815-GBTCD,pytorch_tabular_net,0.6304200291633606,Critical,2026-10-01T07:22:18Z,test,1
4815-TUMEQ,pytorch_tabular_net,0.03260999917984,Low,2026-10-01T07:22:18Z,train,0
4815-YOSUK,pytorch_tabular_net,0.1236200034618377,Low,2026-10-01T07:22:18Z,train,0
4816-JBHOV,pytorch_tabular_net,0.7194700241088867,Critical,2026-10-01T07:22:18Z,train,1
4816-LXZYW,pytorch_tabular_net,0.4431400001049042,High,2026-10-01T07:22:18Z,test,1
4816-OKWNX,pytorch_tabular_net,0.1561699956655502,Low,2026-10-01T07:22:18Z,train,0
4817-KEQSP,pytorch_tabular_net,0.0113399997353553,Low,2026-10-01T07:22:18Z,train,0
4817-QRJSX,pytorch_tabular_net,0.6714500188827515,Critical,2026-10-01T07:22:18Z,train,1
4817-VYYWS,pytorch_tabular_net,0.6750900149345398,Critical,2026-10-01T07:22:18Z,train,1
4818-DRBQT,pytorch_tabular_net,0.3243699967861175,Medium,2026-10-01T07:22:18Z,valid,0
4818-QIUFN,pytorch_tabular_net,0.5885300040245056,High,2026-10-01T07:22:18Z,train,1
4819-HJPIW,pytorch_tabular_net,0.219879999756813,Medium,2026-10-01T07:22:18Z,test,0
4821-SJHJV,pytorch_tabular_net,0.4048300087451935,High,2026-10-01T07:22:18Z,test,1
4821-WQOYN,pytorch_tabular_net,0.0133499996736645,Low,2026-10-01T07:22:18Z,train,0
4822-LPTYJ,pytorch_tabular_net,0.0890100002288818,Low,2026-10-01T07:22:18Z,train,0
4822-NGOCH,pytorch_tabular_net,0.65242999792099,Critical,2026-10-01T07:22:18Z,train,1
4822-RVYBB,pytorch_tabular_net,0.8525300025939941,Critical,2026-10-01T07:22:18Z,valid,1
4822-YCXMX,pytorch_tabular_net,0.5583800077438354,High,2026-10-01T07:22:18Z,train,1
4824-GUCBY,pytorch_tabular_net,0.3755899965763092,Medium,2026-10-01T07:22:18Z,train,1
4825-FUREZ,pytorch_tabular_net,0.0120299998670816,Low,2026-10-01T07:22:18Z,valid,0
4825-XJGDM,pytorch_tabular_net,0.0304199997335672,Low,2026-10-01T07:22:18Z,train,0
4826-DXMUP,pytorch_tabular_net,0.1177399978041648,Low,2026-10-01T07:22:18Z,train,0
4826-TZEVA,pytorch_tabular_net,0.2038999944925308,Medium,2026-10-01T07:22:18Z,train,0
4826-XTSOH,pytorch_tabular_net,0.8815600275993347,Critical,2026-10-01T07:22:18Z,train,1
4827-DPADN,pytorch_tabular_net,0.0217599999159574,Low,2026-10-01T07:22:18Z,train,0
4827-LTQRJ,pytorch_tabular_net,0.1799100041389465,Low,2026-10-01T07:22:18Z,valid,0
4827-USJHP,pytorch_tabular_net,0.1877900063991546,Low,2026-10-01T07:22:18Z,train,0
4828-FAZPK,pytorch_tabular_net,0.5636900067329407,High,2026-10-01T07:22:18Z,train,1
4829-AUOAX,pytorch_tabular_net,0.3715299963951111,Medium,2026-10-01T07:22:18Z,train,1
4829-ZLJTK,pytorch_tabular_net,0.0948700010776519,Low,2026-10-01T07:22:18Z,train,0
4830-FAXFM,pytorch_tabular_net,0.1293399930000305,Low,2026-10-01T07:22:18Z,train,0
4831-EOBFE,pytorch_tabular_net,0.2828100025653839,Medium,2026-10-01T07:22:18Z,valid,0
4832-VRBMR,pytorch_tabular_net,0.2666999995708465,Medium,2026-10-01T07:22:18Z,train,0
4833-QTJNO,pytorch_tabular_net,0.1470900028944015,Low,2026-10-01T07:22:18Z,train,0
4835-YSJMR,pytorch_tabular_net,0.0326200015842914,Low,2026-10-01T07:22:18Z,train,0
4836-WNFNO,pytorch_tabular_net,0.0125700002536177,Low,2026-10-01T07:22:18Z,test,0
4837-PZTIC,pytorch_tabular_net,0.0068100001662969,Low,2026-10-01T07:22:18Z,train,0
4837-QUSFT,pytorch_tabular_net,0.1167899966239929,Low,2026-10-01T07:22:18Z,train,0
4840-ORQXB,pytorch_tabular_net,0.4349200129508972,High,2026-10-01T07:22:18Z,train,1
4844-JJWUY,pytorch_tabular_net,0.8324400186538696,Critical,2026-10-01T07:22:18Z,valid,1
4846-WHAFZ,pytorch_tabular_net,0.584850013256073,High,2026-10-01T07:22:18Z,train,1
4847-QNOKA,pytorch_tabular_net,0.6055600047111511,Critical,2026-10-01T07:22:18Z,train,1
4847-TAJYI,pytorch_tabular_net,0.8136000037193298,Critical,2026-10-01T07:22:18Z,valid,1
4849-PYRLQ,pytorch_tabular_net,0.033339999616146,Low,2026-10-01T07:22:18Z,train,0
4851-BQDNX,pytorch_tabular_net,0.2499099969863891,Medium,2026-10-01T07:22:18Z,train,0
4853-OITSN,pytorch_tabular_net,0.6262900233268738,Critical,2026-10-01T07:22:18Z,test,1
4853-RULSV,pytorch_tabular_net,0.1130999997258186,Low,2026-10-01T07:22:18Z,train,0
4854-CIDCF,pytorch_tabular_net,0.6590099930763245,Critical,2026-10-01T07:22:18Z,train,1
4854-SSLTN,pytorch_tabular_net,0.0597000010311603,Low,2026-10-01T07:22:18Z,valid,0
4855-SNKMY,pytorch_tabular_net,0.7114700078964233,Critical,2026-10-01T07:22:18Z,train,1
4859-ZSRDZ,pytorch_tabular_net,0.0142400003969669,Low,2026-10-01T07:22:18Z,test,0
4860-IJUDE,pytorch_tabular_net,0.4474200010299682,High,2026-10-01T07:22:18Z,valid,1
4860-YZGZM,pytorch_tabular_net,0.1152599975466728,Low,2026-10-01T07:22:18Z,train,0
4868-AADLV,pytorch_tabular_net,0.2531000077724457,Medium,2026-10-01T07:22:18Z,test,0
4869-EPIUS,pytorch_tabular_net,0.1869599968194961,Low,2026-10-01T07:22:18Z,train,0
4871-JTKJF,pytorch_tabular_net,0.8353899717330933,Critical,2026-10-01T07:22:18Z,train,1
4872-JCVCA,pytorch_tabular_net,0.0090800002217292,Low,2026-10-01T07:22:18Z,train,0
4872-VXRIL,pytorch_tabular_net,0.061269998550415,Low,2026-10-01T07:22:18Z,train,0
4873-ILOLJ,pytorch_tabular_net,0.6006799936294556,Critical,2026-10-01T07:22:18Z,valid,1
4877-EVATK,pytorch_tabular_net,0.2305299937725067,Medium,2026-10-01T07:22:18Z,test,0
4877-TSOFF,pytorch_tabular_net,0.0571499988436698,Low,2026-10-01T07:22:18Z,test,0
4878-BUNFV,pytorch_tabular_net,0.0105299996212124,Low,2026-10-01T07:22:18Z,test,0
4879-GZLFH,pytorch_tabular_net,0.477429986000061,High,2026-10-01T07:22:18Z,test,1
4881-GQJTW,pytorch_tabular_net,0.1070899963378906,Low,2026-10-01T07:22:18Z,train,0
4881-JVQOD,pytorch_tabular_net,0.5841500163078308,High,2026-10-01T07:22:18Z,train,1
4883-KCPZJ,pytorch_tabular_net,0.012869999743998,Low,2026-10-01T07:22:18Z,train,0
4883-QICIH,pytorch_tabular_net,0.3001900017261505,Medium,2026-10-01T07:22:18Z,valid,0
4884-LEVMQ,pytorch_tabular_net,0.0164800006896257,Low,2026-10-01T07:22:18Z,train,0
4884-TVUQF,pytorch_tabular_net,0.0583099983632564,Low,2026-10-01T07:22:18Z,train,0
4884-ZTHVF,pytorch_tabular_net,0.759880006313324,Critical,2026-10-01T07:22:18Z,valid,1
4890-VMUAV,pytorch_tabular_net,0.0614299997687339,Low,2026-10-01T07:22:18Z,train,0
4891-NLUBA,pytorch_tabular_net,0.013319999910891,Low,2026-10-01T07:22:18Z,train,0
4892-VLANZ,pytorch_tabular_net,0.2310200035572052,Medium,2026-10-01T07:22:18Z,valid,0
4893-GYUJU,pytorch_tabular_net,0.012190000154078,Low,2026-10-01T07:22:18Z,train,0
4895-TMWIR,pytorch_tabular_net,0.1447799950838089,Low,2026-10-01T07:22:18Z,test,0
4896-CPRPF,pytorch_tabular_net,0.0144300004467368,Low,2026-10-01T07:22:18Z,train,0
4897-QSUYC,pytorch_tabular_net,0.3463599979877472,Medium,2026-10-01T07:22:18Z,valid,1
4900-MSOMT,pytorch_tabular_net,0.016669999808073,Low,2026-10-01T07:22:18Z,test,0
4902-OHLSK,pytorch_tabular_net,0.5777300000190735,High,2026-10-01T07:22:18Z,valid,1
4903-CNOZC,pytorch_tabular_net,0.1261200010776519,Low,2026-10-01T07:22:18Z,train,0
4903-UYAVB,pytorch_tabular_net,0.1127599999308586,Low,2026-10-01T07:22:18Z,train,0
4905-JEFDW,pytorch_tabular_net,0.3692499995231628,Medium,2026-10-01T07:22:18Z,train,1
4906-ZHGPK,pytorch_tabular_net,0.1278699934482574,Low,2026-10-01T07:22:18Z,test,0
4908-XAXAY,pytorch_tabular_net,0.1300099939107895,Low,2026-10-01T07:22:18Z,train,0
4909-JOUPP,pytorch_tabular_net,0.098530001938343,Low,2026-10-01T07:22:18Z,train,0
4910-AQFFX,pytorch_tabular_net,0.563289999961853,High,2026-10-01T07:22:18Z,train,1
4910-GMJOT,pytorch_tabular_net,0.905709981918335,Critical,2026-10-01T07:22:18Z,test,1
4911-BANWH,pytorch_tabular_net,0.5482500195503235,High,2026-10-01T07:22:18Z,train,1
4912-PIGUY,pytorch_tabular_net,0.8902599811553955,Critical,2026-10-01T07:22:18Z,train,1
4913-EHYUI,pytorch_tabular_net,0.1764400005340576,Low,2026-10-01T07:22:18Z,train,0
4915-BFSXL,pytorch_tabular_net,0.0238499995321035,Low,2026-10-01T07:22:18Z,test,0
4918-FYJNT,pytorch_tabular_net,0.2145500034093856,Medium,2026-10-01T07:22:18Z,train,0
4918-QLLIW,pytorch_tabular_net,0.343860000371933,Medium,2026-10-01T07:22:18Z,test,1
4919-IKATY,pytorch_tabular_net,0.772409975528717,Critical,2026-10-01T07:22:18Z,train,1
4919-MOAVT,pytorch_tabular_net,0.6162300109863281,Critical,2026-10-01T07:22:18Z,train,1
4922-CVPDX,pytorch_tabular_net,0.0406700000166893,Low,2026-10-01T07:22:18Z,train,0
4923-ADWXJ,pytorch_tabular_net,0.0933799967169761,Low,2026-10-01T07:22:18Z,test,0
4925-LMHOK,pytorch_tabular_net,0.2255399972200393,Medium,2026-10-01T07:22:18Z,test,0
4926-UMJZD,pytorch_tabular_net,0.0890000015497207,Low,2026-10-01T07:22:18Z,valid,0
4927-WWOOZ,pytorch_tabular_net,0.8384600281715393,Critical,2026-10-01T07:22:18Z,train,1
4929-BSTRX,pytorch_tabular_net,0.7113999724388123,Critical,2026-10-01T07:22:18Z,train,1
4929-ROART,pytorch_tabular_net,0.1383399963378906,Low,2026-10-01T07:22:18Z,train,0
4929-XIHVW,pytorch_tabular_net,0.7069900035858154,Critical,2026-10-01T07:22:18Z,train,1
4931-TRZWN,pytorch_tabular_net,0.3155899941921234,Medium,2026-10-01T07:22:18Z,train,0
4933-BSAIP,pytorch_tabular_net,0.0063999998383224,Low,2026-10-01T07:22:18Z,valid,0
4933-IKULF,pytorch_tabular_net,0.0473899990320205,Low,2026-10-01T07:22:18Z,train,0
4936-YPJNK,pytorch_tabular_net,0.1061500012874603,Low,2026-10-01T07:22:18Z,train,0
4937-QPZPO,pytorch_tabular_net,0.4533300101757049,High,2026-10-01T07:22:18Z,train,1
4939-KYYPY,pytorch_tabular_net,0.1402100026607513,Low,2026-10-01T07:22:18Z,train,0
4940-KHCWD,pytorch_tabular_net,0.0127499997615814,Low,2026-10-01T07:22:18Z,train,0
4942-VZZOM,pytorch_tabular_net,0.0915800034999847,Low,2026-10-01T07:22:18Z,train,0
4945-RVMTE,pytorch_tabular_net,0.1582400053739547,Low,2026-10-01T07:22:18Z,test,0
4946-EDSEW,pytorch_tabular_net,0.0934100002050399,Low,2026-10-01T07:22:18Z,train,0
4947-DSMXK,pytorch_tabular_net,0.5138599872589111,High,2026-10-01T07:22:18Z,train,1
4948-WBBKL,pytorch_tabular_net,0.3361400067806244,Medium,2026-10-01T07:22:18Z,train,0
4950-BDEUX,pytorch_tabular_net,0.3015300035476684,Medium,2026-10-01T07:22:18Z,train,0
4950-HKQTE,pytorch_tabular_net,0.0105600003153085,Low,2026-10-01T07:22:18Z,train,0
4951-UKAAQ,pytorch_tabular_net,0.7891600131988525,Critical,2026-10-01T07:22:18Z,valid,1
4952-YSOGZ,pytorch_tabular_net,0.8643400073051453,Critical,2026-10-01T07:22:18Z,train,1
4955-VCWBI,pytorch_tabular_net,0.0101100001484155,Low,2026-10-01T07:22:18Z,valid,0
4957-SREEC,pytorch_tabular_net,0.0154799995943903,Low,2026-10-01T07:22:18Z,valid,0
4957-TIALW,pytorch_tabular_net,0.0860399976372718,Low,2026-10-01T07:22:18Z,train,0
4957-TREIR,pytorch_tabular_net,0.282039999961853,Medium,2026-10-01T07:22:18Z,train,0
4958-GZWIY,pytorch_tabular_net,0.2671299874782562,Medium,2026-10-01T07:22:18Z,test,0
4958-XCBDQ,pytorch_tabular_net,0.714169979095459,Critical,2026-10-01T07:22:18Z,train,1
4959-JOSRX,pytorch_tabular_net,0.5060999989509583,High,2026-10-01T07:22:18Z,train,1
4962-CHQPW,pytorch_tabular_net,0.018640000373125,Low,2026-10-01T07:22:18Z,train,0
4967-WPNCF,pytorch_tabular_net,0.0240199994295835,Low,2026-10-01T07:22:18Z,train,0
4971-PUYQO,pytorch_tabular_net,0.7165399789810181,Critical,2026-10-01T07:22:18Z,test,1
4973-MGTON,pytorch_tabular_net,0.0168600007891654,Low,2026-10-01T07:22:18Z,train,0
4973-RLZVI,pytorch_tabular_net,0.0779500007629394,Low,2026-10-01T07:22:18Z,valid,0
4976-LNFVV,pytorch_tabular_net,0.5136500000953674,High,2026-10-01T07:22:18Z,test,1
4979-HPRFL,pytorch_tabular_net,0.0149400001391768,Low,2026-10-01T07:22:18Z,test,0
4980-URKXC,pytorch_tabular_net,0.0214300006628036,Low,2026-10-01T07:22:18Z,test,0
4981-FLTMF,pytorch_tabular_net,0.0511300005018711,Low,2026-10-01T07:22:18Z,train,0
4983-CCWMC,pytorch_tabular_net,0.6637099981307983,Critical,2026-10-01T07:22:18Z,valid,1
4983-CLMLV,pytorch_tabular_net,0.2804400026798248,Medium,2026-10-01T07:22:18Z,train,0
4986-MXSFP,pytorch_tabular_net,0.2609499990940094,Medium,2026-10-01T07:22:18Z,valid,0
4987-GQWPO,pytorch_tabular_net,0.3128800094127655,Medium,2026-10-01T07:22:18Z,train,0
4988-IQIGL,pytorch_tabular_net,0.860759973526001,Critical,2026-10-01T07:22:18Z,train,1
4989-LIXVT,pytorch_tabular_net,0.4045999944210052,High,2026-10-01T07:22:18Z,train,1
4990-ALDGW,pytorch_tabular_net,0.0121200000867247,Low,2026-10-01T07:22:18Z,test,0
4992-LTJNE,pytorch_tabular_net,0.0300699993968009,Low,2026-10-01T07:22:18Z,train,0
4993-JCRGJ,pytorch_tabular_net,0.3722200095653534,Medium,2026-10-01T07:22:18Z,train,1
4994-OBRSZ,pytorch_tabular_net,0.0309900008141994,Low,2026-10-01T07:22:18Z,train,0
4998-IKFSE,pytorch_tabular_net,0.6210899949073792,Critical,2026-10-01T07:22:18Z,train,1
4999-IEZLT,pytorch_tabular_net,0.0539700016379356,Low,2026-10-01T07:22:18Z,test,0
5002-GCQFH,pytorch_tabular_net,0.3474499881267547,Medium,2026-10-01T07:22:18Z,train,1
5003-OKNNK,pytorch_tabular_net,0.0215700007975101,Low,2026-10-01T07:22:18Z,train,0
5003-XZWWO,pytorch_tabular_net,0.0295499991625547,Low,2026-10-01T07:22:18Z,train,0
5006-MXVRN,pytorch_tabular_net,0.0172799993306398,Low,2026-10-01T07:22:18Z,valid,0
5010-IPEAQ,pytorch_tabular_net,0.0079899998381733,Low,2026-10-01T07:22:18Z,test,0
5012-YSPJJ,pytorch_tabular_net,0.065590001642704,Low,2026-10-01T07:22:18Z,test,0
5013-SBUIH,pytorch_tabular_net,0.0930700004100799,Low,2026-10-01T07:22:18Z,train,0
5014-GSOUQ,pytorch_tabular_net,0.016499999910593,Low,2026-10-01T07:22:18Z,test,0
5014-WUQMG,pytorch_tabular_net,0.1526000052690506,Low,2026-10-01T07:22:18Z,train,0
5016-ETTFF,pytorch_tabular_net,0.2581399977207184,Medium,2026-10-01T07:22:18Z,test,0
5016-IBERQ,pytorch_tabular_net,0.4116899967193603,High,2026-10-01T07:22:18Z,test,1
5016-LIPDW,pytorch_tabular_net,0.0146199995651841,Low,2026-10-01T07:22:18Z,train,0
5018-GWURO,pytorch_tabular_net,0.341399997472763,Medium,2026-10-01T07:22:18Z,train,1
5018-HEKFO,pytorch_tabular_net,0.1467899978160858,Low,2026-10-01T07:22:18Z,test,0
5018-LXQQG,pytorch_tabular_net,0.0990799963474273,Low,2026-10-01T07:22:18Z,train,0
5019-GQVCR,pytorch_tabular_net,0.6045399904251099,Critical,2026-10-01T07:22:18Z,test,1
5020-ZSTTY,pytorch_tabular_net,0.1567399948835373,Low,2026-10-01T07:22:18Z,train,0
5022-JNQEQ,pytorch_tabular_net,0.4942899942398071,High,2026-10-01T07:22:18Z,train,1
5022-KVDQT,pytorch_tabular_net,0.583620011806488,High,2026-10-01T07:22:18Z,train,1
5025-GOOKI,pytorch_tabular_net,0.1149099990725517,Low,2026-10-01T07:22:18Z,test,0
5027-QPKTE,pytorch_tabular_net,0.6289399862289429,Critical,2026-10-01T07:22:18Z,test,1
5027-XWQHA,pytorch_tabular_net,0.3237800002098083,Medium,2026-10-01T07:22:18Z,test,0
5027-YOCXN,pytorch_tabular_net,0.242369994521141,Medium,2026-10-01T07:22:18Z,train,0
5028-GZLDO,pytorch_tabular_net,0.5784599781036377,High,2026-10-01T07:22:18Z,train,1
5028-HTLJB,pytorch_tabular_net,0.4164600074291229,High,2026-10-01T07:22:18Z,test,1
5032-MIYKT,pytorch_tabular_net,0.7909500002861023,Critical,2026-10-01T07:22:18Z,valid,1
5032-USPKF,pytorch_tabular_net,0.0914900004863739,Low,2026-10-01T07:22:18Z,valid,0
5035-BVCXS,pytorch_tabular_net,0.4338000118732452,High,2026-10-01T07:22:18Z,train,1
5035-PGZXH,pytorch_tabular_net,0.3490799963474273,Medium,2026-10-01T07:22:18Z,test,1
5038-ETMLM,pytorch_tabular_net,0.0353100001811981,Low,2026-10-01T07:22:18Z,train,0
5039-LZRQT,pytorch_tabular_net,0.0208800006657838,Low,2026-10-01T07:22:18Z,train,0
5043-TRZWM,pytorch_tabular_net,0.7636100053787231,Critical,2026-10-01T07:22:18Z,train,1
5044-LRQAQ,pytorch_tabular_net,0.5220699906349182,High,2026-10-01T07:22:18Z,train,1
5044-XDPYX,pytorch_tabular_net,0.0070000002160668,Low,2026-10-01T07:22:18Z,train,0
5046-NUHWD,pytorch_tabular_net,0.3235400021076202,Medium,2026-10-01T07:22:18Z,train,0
5047-LHVLY,pytorch_tabular_net,0.7422900199890137,Critical,2026-10-01T07:22:18Z,test,1
5049-GLYVG,pytorch_tabular_net,0.2291299998760223,Medium,2026-10-01T07:22:18Z,train,0
5049-MUBWG,pytorch_tabular_net,0.1244200021028518,Low,2026-10-01T07:22:18Z,train,0
5052-PNLOS,pytorch_tabular_net,0.8071699738502502,Critical,2026-10-01T07:22:18Z,valid,1
5054-IEXZT,pytorch_tabular_net,0.7969599962234497,Critical,2026-10-01T07:22:18Z,train,1
5055-BRMNE,pytorch_tabular_net,0.0693499967455864,Low,2026-10-01T07:22:18Z,train,0
5055-MGMGF,pytorch_tabular_net,0.4542399942874908,High,2026-10-01T07:22:18Z,valid,1
5056-FIMPT,pytorch_tabular_net,0.2168000042438507,Medium,2026-10-01T07:22:18Z,train,0
5057-LCOUI,pytorch_tabular_net,0.3491199910640716,Medium,2026-10-01T07:22:18Z,test,1
5057-RKGLH,pytorch_tabular_net,0.0111100003123283,Low,2026-10-01T07:22:18Z,train,0
5060-TQUQN,pytorch_tabular_net,0.2563900053501129,Medium,2026-10-01T07:22:18Z,train,0
5061-PBXFW,pytorch_tabular_net,0.0798799991607666,Low,2026-10-01T07:22:18Z,train,0
5062-CJJKH,pytorch_tabular_net,0.0502399988472461,Low,2026-10-01T07:22:18Z,train,0
5063-IUOKK,pytorch_tabular_net,0.0153799997642636,Low,2026-10-01T07:22:18Z,train,0
5066-GFJMM,pytorch_tabular_net,0.1824299991130828,Low,2026-10-01T07:22:18Z,train,0
5067-DGXLL,pytorch_tabular_net,0.1823599934577942,Low,2026-10-01T07:22:18Z,test,0
5067-WJEUN,pytorch_tabular_net,0.0304600000381469,Low,2026-10-01T07:22:18Z,train,0
5067-XJQFU,pytorch_tabular_net,0.2676500082015991,Medium,2026-10-01T07:22:18Z,train,0
5071-FBJFS,pytorch_tabular_net,0.2820299863815307,Medium,2026-10-01T07:22:18Z,test,0
5073-RZGBK,pytorch_tabular_net,0.0480599999427795,Low,2026-10-01T07:22:18Z,train,0
5073-WXOYN,pytorch_tabular_net,0.264270007610321,Medium,2026-10-01T07:22:18Z,train,0
5074-FBGHB,pytorch_tabular_net,0.2705099880695343,Medium,2026-10-01T07:22:18Z,test,0
5075-JSDKI,pytorch_tabular_net,0.0099900001659989,Low,2026-10-01T07:22:18Z,train,0
5076-YVXCM,pytorch_tabular_net,0.2161899954080581,Medium,2026-10-01T07:22:18Z,test,0
5077-DXTCG,pytorch_tabular_net,0.7097799777984619,Critical,2026-10-01T07:22:18Z,train,1
5081-NWSUP,pytorch_tabular_net,0.1107899993658065,Low,2026-10-01T07:22:18Z,valid,0
5084-OOVCJ,pytorch_tabular_net,0.1457100063562393,Low,2026-10-01T07:22:18Z,test,0
5087-SUURX,pytorch_tabular_net,0.4625900089740753,High,2026-10-01T07:22:18Z,test,1
5088-QZLRL,pytorch_tabular_net,0.2650299966335296,Medium,2026-10-01T07:22:18Z,valid,0
5089-IFSDP,pytorch_tabular_net,0.0503799989819526,Low,2026-10-01T07:22:18Z,train,0
5090-EMGTC,pytorch_tabular_net,0.0439300015568733,Low,2026-10-01T07:22:18Z,train,0
5091-HFAZW,pytorch_tabular_net,0.721809983253479,Critical,2026-10-01T07:22:18Z,valid,1
5092-STPKP,pytorch_tabular_net,0.1590700000524521,Low,2026-10-01T07:22:18Z,train,0
5093-FEGLU,pytorch_tabular_net,0.0117199998348951,Low,2026-10-01T07:22:18Z,train,0
5095-AESKG,pytorch_tabular_net,0.6386799812316895,Critical,2026-10-01T07:22:18Z,train,1
5095-ETBRJ,pytorch_tabular_net,0.011009999550879,Low,2026-10-01T07:22:18Z,train,0
5099-BAILX,pytorch_tabular_net,0.2726399898529053,Medium,2026-10-01T07:22:18Z,train,0
5103-MHMHY,pytorch_tabular_net,0.4653300046920776,High,2026-10-01T07:22:18Z,train,1
5108-ADXWO,pytorch_tabular_net,0.4810400009155273,High,2026-10-01T07:22:18Z,train,1
5110-CHOPY,pytorch_tabular_net,0.0167599990963935,Low,2026-10-01T07:22:18Z,train,0
5115-GZDEL,pytorch_tabular_net,0.0208700001239776,Low,2026-10-01T07:22:18Z,train,0
5115-SQAAU,pytorch_tabular_net,0.0133899999782443,Low,2026-10-01T07:22:18Z,train,0
5117-IFGPS,pytorch_tabular_net,0.5892099738121033,High,2026-10-01T07:22:18Z,valid,1
5117-ZSMHQ,pytorch_tabular_net,0.018300000578165,Low,2026-10-01T07:22:18Z,train,0
5118-MUEYH,pytorch_tabular_net,0.3094600141048431,Medium,2026-10-01T07:22:18Z,train,0
5119-KEPFY,pytorch_tabular_net,0.5429099798202515,High,2026-10-01T07:22:18Z,test,1
5119-NZPTV,pytorch_tabular_net,0.6937900185585022,Critical,2026-10-01T07:22:18Z,test,1
5120-ZBLAI,pytorch_tabular_net,0.0736799985170364,Low,2026-10-01T07:22:18Z,train,0
5122-CYFXA,pytorch_tabular_net,0.3549199998378753,Medium,2026-10-01T07:22:18Z,train,1
5124-EOGYE,pytorch_tabular_net,0.0118899997323751,Low,2026-10-01T07:22:18Z,test,0
5125-CNDSP,pytorch_tabular_net,0.0333000011742115,Low,2026-10-01T07:22:18Z,train,0
5126-RCXYW,pytorch_tabular_net,0.0119399996474385,Low,2026-10-01T07:22:18Z,train,0
5127-BZENZ,pytorch_tabular_net,0.0270399991422891,Low,2026-10-01T07:22:18Z,train,0
5129-HHMZC,pytorch_tabular_net,0.0404799990355968,Low,2026-10-01T07:22:18Z,train,0
5129-JLPIS,pytorch_tabular_net,0.4395000040531158,High,2026-10-01T07:22:18Z,test,1
5130-IEKQT,pytorch_tabular_net,0.5883700251579285,High,2026-10-01T07:22:18Z,train,1
5130-YPIRV,pytorch_tabular_net,0.0189900007098913,Low,2026-10-01T07:22:18Z,train,0
5131-PONJI,pytorch_tabular_net,0.2600800096988678,Medium,2026-10-01T07:22:18Z,train,0
5133-POWUA,pytorch_tabular_net,0.6502599716186523,Critical,2026-10-01T07:22:18Z,train,1
5133-VRSAB,pytorch_tabular_net,0.1972299963235855,Low,2026-10-01T07:22:18Z,test,0
5134-IKDAY,pytorch_tabular_net,0.8196799755096436,Critical,2026-10-01T07:22:18Z,train,1
5135-GRQJV,pytorch_tabular_net,0.0898599997162818,Low,2026-10-01T07:22:18Z,test,0
5135-RDDQL,pytorch_tabular_net,0.0219999998807907,Low,2026-10-01T07:22:18Z,train,0
5136-GFPMB,pytorch_tabular_net,0.3104499876499176,Medium,2026-10-01T07:22:18Z,train,0
5136-KCKGI,pytorch_tabular_net,0.3717299997806549,Medium,2026-10-01T07:22:18Z,train,1
5136-RGMZO,pytorch_tabular_net,0.2138700038194656,Medium,2026-10-01T07:22:18Z,valid,0
5138-WVKYJ,pytorch_tabular_net,0.7197099924087524,Critical,2026-10-01T07:22:18Z,train,1
5140-FOMCQ,pytorch_tabular_net,0.2365700006484985,Medium,2026-10-01T07:22:18Z,valid,0
5141-ZUVBH,pytorch_tabular_net,0.3747200071811676,Medium,2026-10-01T07:22:18Z,train,1
5143-EGQFK,pytorch_tabular_net,0.6262900233268738,Critical,2026-10-01T07:22:18Z,test,1
5143-WMWOG,pytorch_tabular_net,0.2670899927616119,Medium,2026-10-01T07:22:18Z,test,0
5144-PQCDZ,pytorch_tabular_net,0.2149499952793121,Medium,2026-10-01T07:22:18Z,valid,0
5144-TVGLP,pytorch_tabular_net,0.5924699902534485,High,2026-10-01T07:22:18Z,train,1
5146-CBVOE,pytorch_tabular_net,0.2319300025701522,Medium,2026-10-01T07:22:18Z,train,0
5146-YYFRZ,pytorch_tabular_net,0.0204300004988908,Low,2026-10-01T07:22:18Z,test,0
5148-HKFIR,pytorch_tabular_net,0.0095699997618794,Low,2026-10-01T07:22:18Z,train,0
5148-ORICT,pytorch_tabular_net,0.0073899999260902,Low,2026-10-01T07:22:18Z,train,0
5149-CUZUJ,pytorch_tabular_net,0.1039699986577034,Low,2026-10-01T07:22:18Z,train,0
5149-QYTTU,pytorch_tabular_net,0.0800999999046325,Low,2026-10-01T07:22:18Z,train,0
5149-TGWDZ,pytorch_tabular_net,0.3291899859905243,Medium,2026-10-01T07:22:18Z,train,0
5150-ITWWB,pytorch_tabular_net,0.8646900057792664,Critical,2026-10-01T07:22:18Z,valid,1
5150-LJNSR,pytorch_tabular_net,0.1305699944496154,Low,2026-10-01T07:22:18Z,train,0
5151-HQRDG,pytorch_tabular_net,0.1398400068283081,Low,2026-10-01T07:22:18Z,train,0
5153-LXKDT,pytorch_tabular_net,0.119779996573925,Low,2026-10-01T07:22:18Z,train,0
5153-RTHKF,pytorch_tabular_net,0.458840012550354,High,2026-10-01T07:22:18Z,test,1
5154-VEKBL,pytorch_tabular_net,0.2888300120830536,Medium,2026-10-01T07:22:18Z,train,0
5155-AZQPB,pytorch_tabular_net,0.1031299978494644,Low,2026-10-01T07:22:18Z,train,0
5156-UMKOW,pytorch_tabular_net,0.2727900147438049,Medium,2026-10-01T07:22:18Z,train,0
5158-RIVOP,pytorch_tabular_net,0.0129300002008676,Low,2026-10-01T07:22:18Z,train,0
5159-YFPKQ,pytorch_tabular_net,0.8230400085449219,Critical,2026-10-01T07:22:18Z,test,1
5160-UXJED,pytorch_tabular_net,0.0767700001597404,Low,2026-10-01T07:22:18Z,valid,0
5161-UBZXI,pytorch_tabular_net,0.0696199983358383,Low,2026-10-01T07:22:18Z,train,0
5161-XEUVX,pytorch_tabular_net,0.0886500030755996,Low,2026-10-01T07:22:18Z,train,0
5167-GBFRE,pytorch_tabular_net,0.7356399893760681,Critical,2026-10-01T07:22:18Z,train,1
5167-ZFFMM,pytorch_tabular_net,0.8081700205802917,Critical,2026-10-01T07:22:18Z,test,1
5168-MQQCA,pytorch_tabular_net,0.1830900013446808,Low,2026-10-01T07:22:18Z,train,0
5168-MSWXT,pytorch_tabular_net,0.7196199893951416,Critical,2026-10-01T07:22:18Z,train,1
5170-PTRKA,pytorch_tabular_net,0.0380599983036518,Low,2026-10-01T07:22:18Z,train,0
5171-EPLKN,pytorch_tabular_net,0.0244800001382827,Low,2026-10-01T07:22:18Z,valid,0
5172-MIGPM,pytorch_tabular_net,0.2776300013065338,Medium,2026-10-01T07:22:18Z,valid,0
5172-RKOCB,pytorch_tabular_net,0.0945300012826919,Low,2026-10-01T07:22:18Z,train,0
5173-WXOQV,pytorch_tabular_net,0.1647499948740005,Low,2026-10-01T07:22:18Z,train,0
5173-ZXXXL,pytorch_tabular_net,0.0600499995052814,Low,2026-10-01T07:22:18Z,train,0
5174-ITUMV,pytorch_tabular_net,0.3805199861526489,Medium,2026-10-01T07:22:18Z,test,1
5174-RNGBH,pytorch_tabular_net,0.1871100068092346,Low,2026-10-01T07:22:18Z,train,0
5175-AOBHI,pytorch_tabular_net,0.4719299972057342,High,2026-10-01T07:22:18Z,train,1
5175-WLYXL,pytorch_tabular_net,0.398250013589859,Medium,2026-10-01T07:22:18Z,train,1
5176-LDKUH,pytorch_tabular_net,0.0668999999761581,Low,2026-10-01T07:22:18Z,train,0
5176-LMJXE,pytorch_tabular_net,0.0074300002306699,Low,2026-10-01T07:22:18Z,valid,0
5176-OLSKT,pytorch_tabular_net,0.0129000004380941,Low,2026-10-01T07:22:18Z,train,0
5177-RVZNU,pytorch_tabular_net,0.0177500005811452,Low,2026-10-01T07:22:18Z,train,0
5178-LMXOP,pytorch_tabular_net,0.8817200064659119,Critical,2026-10-01T07:22:18Z,train,1
5180-UCIIQ,pytorch_tabular_net,0.304749995470047,Medium,2026-10-01T07:22:18Z,train,0
5181-OABFK,pytorch_tabular_net,0.0183199997991323,Low,2026-10-01T07:22:18Z,train,0
5183-KLYEM,pytorch_tabular_net,0.0517399981617927,Low,2026-10-01T07:22:18Z,train,0
5183-SNMJQ,pytorch_tabular_net,0.5269799828529358,High,2026-10-01T07:22:18Z,valid,1
5186-EJEGL,pytorch_tabular_net,0.1956000030040741,Low,2026-10-01T07:22:18Z,train,0
5186-PEIZU,pytorch_tabular_net,0.0566200017929077,Low,2026-10-01T07:22:18Z,train,0
5186-SAMNZ,pytorch_tabular_net,0.7360299825668335,Critical,2026-10-01T07:22:18Z,train,1
5188-HGMLP,pytorch_tabular_net,0.1435399949550628,Low,2026-10-01T07:22:18Z,train,0
5192-EBGOV,pytorch_tabular_net,0.888700008392334,Critical,2026-10-01T07:22:18Z,train,1
5193-QLVZB,pytorch_tabular_net,0.0830499976873397,Low,2026-10-01T07:22:18Z,train,0
5195-KPUNQ,pytorch_tabular_net,0.1149699985980987,Low,2026-10-01T07:22:18Z,train,0
5196-SGOAK,pytorch_tabular_net,0.8123499751091003,Critical,2026-10-01T07:22:18Z,test,1
5196-WPYOW,pytorch_tabular_net,0.035080000758171,Low,2026-10-01T07:22:18Z,test,0
5197-LQXXH,pytorch_tabular_net,0.0218299999833107,Low,2026-10-01T07:22:18Z,test,0
5197-PYEPU,pytorch_tabular_net,0.1414500027894973,Low,2026-10-01T07:22:18Z,train,0
5197-YPYBZ,pytorch_tabular_net,0.0142000000923872,Low,2026-10-01T07:22:18Z,train,0
5198-EFNBM,pytorch_tabular_net,0.2331700026988983,Medium,2026-10-01T07:22:18Z,train,0
5198-HQAEN,pytorch_tabular_net,0.2713899910449981,Medium,2026-10-01T07:22:18Z,test,0
5199-FPUSP,pytorch_tabular_net,0.0413100011646747,Low,2026-10-01T07:22:18Z,valid,0
5201-CBWYG,pytorch_tabular_net,0.0178200006484985,Low,2026-10-01T07:22:18Z,test,0
5201-FRKKS,pytorch_tabular_net,0.1903499960899353,Low,2026-10-01T07:22:18Z,train,0
5201-USSQZ,pytorch_tabular_net,0.2761600017547607,Medium,2026-10-01T07:22:18Z,train,0
5202-IVJNU,pytorch_tabular_net,0.0790499970316886,Low,2026-10-01T07:22:18Z,test,0
5203-XEHAX,pytorch_tabular_net,0.0666500031948089,Low,2026-10-01T07:22:18Z,train,0
5204-HMGYF,pytorch_tabular_net,0.050900001078844,Low,2026-10-01T07:22:18Z,train,0
5204-QZXPU,pytorch_tabular_net,0.4999400079250335,High,2026-10-01T07:22:18Z,test,1
5206-HPJKM,pytorch_tabular_net,0.2338300049304962,Medium,2026-10-01T07:22:18Z,train,0
5206-XZZQI,pytorch_tabular_net,0.1124100014567375,Low,2026-10-01T07:22:18Z,train,0
5207-PLSTK,pytorch_tabular_net,0.5021899938583374,High,2026-10-01T07:22:18Z,train,1
5208-FVQKB,pytorch_tabular_net,0.0218700002878904,Low,2026-10-01T07:22:18Z,train,0
5208-HFSBT,pytorch_tabular_net,0.4547899961471557,High,2026-10-01T07:22:18Z,train,1
5213-TWWJU,pytorch_tabular_net,0.2733500003814697,Medium,2026-10-01T07:22:18Z,test,0
5214-CHIWJ,pytorch_tabular_net,0.0187699999660253,Low,2026-10-01T07:22:18Z,valid,0
5214-NLTIT,pytorch_tabular_net,0.0648799985647201,Low,2026-10-01T07:22:18Z,valid,0
5215-LNLDJ,pytorch_tabular_net,0.4434700012207031,High,2026-10-01T07:22:18Z,test,1
5216-WASFJ,pytorch_tabular_net,0.597000002861023,High,2026-10-01T07:22:18Z,train,1
5219-YIPTK,pytorch_tabular_net,0.6467599868774414,Critical,2026-10-01T07:22:18Z,train,1
5220-AGAAX,pytorch_tabular_net,0.0181499999016523,Low,2026-10-01T07:22:18Z,test,0
5222-IMUKT,pytorch_tabular_net,0.4728100001811981,High,2026-10-01T07:22:18Z,train,1
5222-JCXZT,pytorch_tabular_net,0.1319400072097778,Low,2026-10-01T07:22:18Z,train,0
5223-UZAVK,pytorch_tabular_net,0.2113700062036514,Medium,2026-10-01T07:22:18Z,train,0
5226-NOZFC,pytorch_tabular_net,0.5376600027084351,High,2026-10-01T07:22:18Z,valid,1
5227-JSCFE,pytorch_tabular_net,0.0253299996256828,Low,2026-10-01T07:22:18Z,train,0
5228-EXCET,pytorch_tabular_net,0.5653300285339355,High,2026-10-01T07:22:18Z,test,1
5229-DTFYB,pytorch_tabular_net,0.064240001142025,Low,2026-10-01T07:22:18Z,test,0
5229-PRWKT,pytorch_tabular_net,0.7067499756813049,Critical,2026-10-01T07:22:18Z,test,1
5231-FIQPA,pytorch_tabular_net,0.0076399999670684,Low,2026-10-01T07:22:18Z,train,0
5232-NXPAY,pytorch_tabular_net,0.0190999992191791,Low,2026-10-01T07:22:18Z,test,0
5233-AOZUF,pytorch_tabular_net,0.4918000102043152,High,2026-10-01T07:22:18Z,valid,1
5233-GEEAX,pytorch_tabular_net,0.7433800101280212,Critical,2026-10-01T07:22:18Z,train,1
5236-PERKL,pytorch_tabular_net,0.0549000017344951,Low,2026-10-01T07:22:18Z,test,0
5236-XMZJY,pytorch_tabular_net,0.0574799999594688,Low,2026-10-01T07:22:18Z,train,0
5240-CAOYT,pytorch_tabular_net,0.1590999960899353,Low,2026-10-01T07:22:18Z,train,0
5240-IJOQT,pytorch_tabular_net,0.8598200082778931,Critical,2026-10-01T07:22:18Z,train,1
5242-UOWHD,pytorch_tabular_net,0.0103000001981854,Low,2026-10-01T07:22:18Z,train,0
5243-SAOTC,pytorch_tabular_net,0.1995899975299835,Low,2026-10-01T07:22:18Z,test,0
5244-IRFIH,pytorch_tabular_net,0.6655499935150146,Critical,2026-10-01T07:22:18Z,train,1
5245-VDBUR,pytorch_tabular_net,0.0202200002968311,Low,2026-10-01T07:22:18Z,test,0
5248-KWLAR,pytorch_tabular_net,0.0322600007057189,Low,2026-10-01T07:22:18Z,train,0
5248-RPYWW,pytorch_tabular_net,0.0225099995732307,Low,2026-10-01T07:22:18Z,train,0
5248-YGIJN,pytorch_tabular_net,0.0294199995696544,Low,2026-10-01T07:22:18Z,test,0
5249-QYHEX,pytorch_tabular_net,0.0111199999228119,Low,2026-10-01T07:22:18Z,test,0
5256-SKJGO,pytorch_tabular_net,0.0309299994260072,Low,2026-10-01T07:22:18Z,train,0
5260-UMPWX,pytorch_tabular_net,0.0667399987578392,Low,2026-10-01T07:22:18Z,train,0
5261-QSHQM,pytorch_tabular_net,0.6007199883460999,Critical,2026-10-01T07:22:18Z,valid,1
5266-PFRQK,pytorch_tabular_net,0.0251499991863966,Low,2026-10-01T07:22:18Z,train,0
5268-DSMNQ,pytorch_tabular_net,0.1430500000715255,Low,2026-10-01T07:22:18Z,test,0
5269-NRGDP,pytorch_tabular_net,0.0801699981093406,Low,2026-10-01T07:22:18Z,train,0
5271-DBYSJ,pytorch_tabular_net,0.6107400059700012,Critical,2026-10-01T07:22:18Z,train,1
5271-YNWVR,pytorch_tabular_net,0.0832699984312057,Low,2026-10-01T07:22:18Z,train,0
5274-XHAKY,pytorch_tabular_net,0.3407599925994873,Medium,2026-10-01T07:22:18Z,train,1
5275-PMFUT,pytorch_tabular_net,0.0212099999189376,Low,2026-10-01T07:22:18Z,valid,0
5275-SQEIZ,pytorch_tabular_net,0.7944599986076355,Critical,2026-10-01T07:22:18Z,train,1
5276-KQWHG,pytorch_tabular_net,0.79093998670578,Critical,2026-10-01T07:22:18Z,valid,1
5277-ZLOOR,pytorch_tabular_net,0.8914600014686584,Critical,2026-10-01T07:22:18Z,valid,1
5278-PNYOX,pytorch_tabular_net,0.0421900004148483,Low,2026-10-01T07:22:18Z,train,0
5281-BUZGT,pytorch_tabular_net,0.5964499711990356,High,2026-10-01T07:22:18Z,train,1
5285-MVEHD,pytorch_tabular_net,0.168270006775856,Low,2026-10-01T07:22:18Z,valid,0
5286-YHCVC,pytorch_tabular_net,0.09060999751091,Low,2026-10-01T07:22:18Z,test,0
5287-QWLKY,pytorch_tabular_net,0.2762799859046936,Medium,2026-10-01T07:22:18Z,test,0
5288-AHOUP,pytorch_tabular_net,0.6354600191116333,Critical,2026-10-01T07:22:18Z,train,1
5293-WXJAK,pytorch_tabular_net,0.6605600118637085,Critical,2026-10-01T07:22:18Z,test,1
5294-CDGWY,pytorch_tabular_net,0.0769599974155426,Low,2026-10-01T07:22:18Z,test,0
5294-DMSFH,pytorch_tabular_net,0.5048800110816956,High,2026-10-01T07:22:18Z,valid,1
5294-IMHHT,pytorch_tabular_net,0.1121599972248077,Low,2026-10-01T07:22:18Z,valid,0
5295-PCJOO,pytorch_tabular_net,0.4067099988460541,High,2026-10-01T07:22:18Z,valid,1
5296-BFCYD,pytorch_tabular_net,0.0136799998581409,Low,2026-10-01T07:22:18Z,train,0
5296-PSYVW,pytorch_tabular_net,0.0086799999698996,Low,2026-10-01T07:22:18Z,test,0
5297-MDOIR,pytorch_tabular_net,0.0540999993681907,Low,2026-10-01T07:22:18Z,test,0
5298-GSTLM,pytorch_tabular_net,0.2313700020313263,Medium,2026-10-01T07:22:18Z,test,0
5299-RULOA,pytorch_tabular_net,0.8121700286865234,Critical,2026-10-01T07:22:18Z,train,1
5299-SJCZT,pytorch_tabular_net,0.8339800238609314,Critical,2026-10-01T07:22:18Z,test,1
5301-GAUUY,pytorch_tabular_net,0.3010900020599365,Medium,2026-10-01T07:22:18Z,valid,0
5302-BDJNT,pytorch_tabular_net,0.4396100044250488,High,2026-10-01T07:22:18Z,train,1
5304-EFJLP,pytorch_tabular_net,0.0890500023961067,Low,2026-10-01T07:22:18Z,test,0
5306-BVTKJ,pytorch_tabular_net,0.065540000796318,Low,2026-10-01T07:22:18Z,test,0
5307-DZCVC,pytorch_tabular_net,0.4748499989509582,High,2026-10-01T07:22:18Z,train,1
5307-UVGNB,pytorch_tabular_net,0.1102299988269805,Low,2026-10-01T07:22:18Z,test,0
5309-TAIKL,pytorch_tabular_net,0.2029500007629394,Medium,2026-10-01T07:22:18Z,valid,0
5310-NOOVA,pytorch_tabular_net,0.0153400003910064,Low,2026-10-01T07:22:18Z,train,0
5311-IHLEI,pytorch_tabular_net,0.3878900110721588,Medium,2026-10-01T07:22:18Z,test,1
5312-IRCFR,pytorch_tabular_net,0.1840800046920776,Low,2026-10-01T07:22:18Z,test,0
5312-TSZVC,pytorch_tabular_net,0.018020000308752,Low,2026-10-01T07:22:18Z,train,0
5312-UXESG,pytorch_tabular_net,0.3518500030040741,Medium,2026-10-01T07:22:18Z,train,1
5313-FPXWG,pytorch_tabular_net,0.0278099998831748,Low,2026-10-01T07:22:18Z,valid,0
5315-CKEQK,pytorch_tabular_net,0.2885999977588653,Medium,2026-10-01T07:22:18Z,train,0
5317-FLPJF,pytorch_tabular_net,0.015259999781847,Low,2026-10-01T07:22:18Z,test,0
5318-IXUZF,pytorch_tabular_net,0.7855700254440308,Critical,2026-10-01T07:22:18Z,train,1
5318-YKDPV,pytorch_tabular_net,0.0240599997341632,Low,2026-10-01T07:22:18Z,test,0
5320-BRKGK,pytorch_tabular_net,0.0170200001448392,Low,2026-10-01T07:22:18Z,train,0
5321-NTRKC,pytorch_tabular_net,0.0299999993294477,Low,2026-10-01T07:22:18Z,test,0
5322-TEUJK,pytorch_tabular_net,0.0359699986875057,Low,2026-10-01T07:22:18Z,valid,0
5322-ZSMZY,pytorch_tabular_net,0.0115700000897049,Low,2026-10-01T07:22:18Z,train,0
5324-KTGCG,pytorch_tabular_net,0.0199599992483854,Low,2026-10-01T07:22:18Z,train,0
5325-UWTWJ,pytorch_tabular_net,0.3151800036430359,Medium,2026-10-01T07:22:18Z,train,0
5327-CNLUQ,pytorch_tabular_net,0.0500699989497661,Low,2026-10-01T07:22:18Z,train,0
5327-XOKKY,pytorch_tabular_net,0.0753199979662895,Low,2026-10-01T07:22:18Z,valid,0
5329-KRDTM,pytorch_tabular_net,0.0525400005280971,Low,2026-10-01T07:22:18Z,train,0
5331-RGMTT,pytorch_tabular_net,0.4735200107097626,High,2026-10-01T07:22:18Z,train,1
5334-AFQJB,pytorch_tabular_net,0.0474799983203411,Low,2026-10-01T07:22:18Z,test,0
5334-JLAXU,pytorch_tabular_net,0.2539699971675873,Medium,2026-10-01T07:22:18Z,train,0
5336-UFNZP,pytorch_tabular_net,0.2858099937438965,Medium,2026-10-01T07:22:18Z,train,0
5337-IIWKZ,pytorch_tabular_net,0.2643600106239319,Medium,2026-10-01T07:22:18Z,train,0
5338-YHWYT,pytorch_tabular_net,0.0529100000858306,Low,2026-10-01T07:22:18Z,train,0
5339-PXDVH,pytorch_tabular_net,0.7286999821662903,Critical,2026-10-01T07:22:18Z,test,1
5339-TJFEK,pytorch_tabular_net,0.377700001001358,Medium,2026-10-01T07:22:18Z,test,1
5343-SGUBI,pytorch_tabular_net,0.0779900029301643,Low,2026-10-01T07:22:18Z,train,0
5345-BMKWB,pytorch_tabular_net,0.0846399962902069,Low,2026-10-01T07:22:18Z,train,0
5346-BZCHP,pytorch_tabular_net,0.0070799998939037,Low,2026-10-01T07:22:18Z,train,0
5348-CAGXB,pytorch_tabular_net,0.7545999884605408,Critical,2026-10-01T07:22:18Z,test,1
5349-AZPEW,pytorch_tabular_net,0.2863700091838836,Medium,2026-10-01T07:22:18Z,train,0
5349-IECLD,pytorch_tabular_net,0.7661499977111816,Critical,2026-10-01T07:22:18Z,train,1
5351-QESIO,pytorch_tabular_net,0.532069981098175,High,2026-10-01T07:22:18Z,test,1
5353-WILCI,pytorch_tabular_net,0.1148800030350685,Low,2026-10-01T07:22:18Z,train,0
5356-CSVSQ,pytorch_tabular_net,0.4384199976921081,High,2026-10-01T07:22:18Z,train,1
5356-KZCKT,pytorch_tabular_net,0.0253699999302625,Low,2026-10-01T07:22:18Z,train,0
5356-RHIPP,pytorch_tabular_net,0.3259699940681457,Medium,2026-10-01T07:22:18Z,train,0
5357-TZHPP,pytorch_tabular_net,0.735319972038269,Critical,2026-10-01T07:22:18Z,train,1
5360-LJCNJ,pytorch_tabular_net,0.0631399974226951,Low,2026-10-01T07:22:18Z,train,0
5360-XGYAZ,pytorch_tabular_net,0.0204300004988908,Low,2026-10-01T07:22:18Z,test,0
5364-EVNIB,pytorch_tabular_net,0.6153900027275085,Critical,2026-10-01T07:22:18Z,train,1
5364-XYIRR,pytorch_tabular_net,0.5743799805641174,High,2026-10-01T07:22:18Z,train,1
5365-LLFYV,pytorch_tabular_net,0.5687699913978577,High,2026-10-01T07:22:18Z,test,1
5366-IJEQJ,pytorch_tabular_net,0.7071800231933594,Critical,2026-10-01T07:22:18Z,train,1
5366-OBVMR,pytorch_tabular_net,0.1301500052213668,Low,2026-10-01T07:22:18Z,train,0
5370-IIVVL,pytorch_tabular_net,0.3607499897480011,Medium,2026-10-01T07:22:18Z,valid,1
5371-VYLSX,pytorch_tabular_net,0.4319300055503845,High,2026-10-01T07:22:18Z,test,1
5372-FBKBN,pytorch_tabular_net,0.0487499982118606,Low,2026-10-01T07:22:18Z,train,0
5373-SFODM,pytorch_tabular_net,0.5242699980735779,High,2026-10-01T07:22:18Z,valid,1
5375-XLDOF,pytorch_tabular_net,0.0555600002408027,Low,2026-10-01T07:22:18Z,test,0
5376-DEQCP,pytorch_tabular_net,0.8158100247383118,Critical,2026-10-01T07:22:18Z,train,1
5376-PCKNB,pytorch_tabular_net,0.2178200036287307,Medium,2026-10-01T07:22:18Z,valid,0
5377-NDTOU,pytorch_tabular_net,0.0188800003379583,Low,2026-10-01T07:22:18Z,train,0
5378-IKEEG,pytorch_tabular_net,0.8130099773406982,Critical,2026-10-01T07:22:18Z,test,1
5380-AFSSK,pytorch_tabular_net,0.8593999743461609,Critical,2026-10-01T07:22:18Z,train,1
5380-WJKOV,pytorch_tabular_net,0.6673099994659424,Critical,2026-10-01T07:22:18Z,train,1
5380-XPJNZ,pytorch_tabular_net,0.0120299998670816,Low,2026-10-01T07:22:18Z,test,0
5382-SOYZL,pytorch_tabular_net,0.7339500188827515,Critical,2026-10-01T07:22:18Z,test,1
5382-TEMLV,pytorch_tabular_net,0.1010299995541572,Low,2026-10-01T07:22:18Z,train,0
5383-MMTWC,pytorch_tabular_net,0.6776800155639648,Critical,2026-10-01T07:22:18Z,valid,1
5384-ZTTWP,pytorch_tabular_net,0.0551399998366832,Low,2026-10-01T07:22:18Z,train,0
5385-SUIRI,pytorch_tabular_net,0.5792199969291687,High,2026-10-01T07:22:18Z,test,1
5386-THSLQ,pytorch_tabular_net,0.0399099998176097,Low,2026-10-01T07:22:18Z,test,0
5387-ASZNZ,pytorch_tabular_net,0.1448699980974197,Low,2026-10-01T07:22:18Z,train,0
5389-FFVKB,pytorch_tabular_net,0.4348999857902527,High,2026-10-01T07:22:18Z,train,1
5392-AKEMH,pytorch_tabular_net,0.39028000831604,Medium,2026-10-01T07:22:18Z,train,1
5393-HJZSM,pytorch_tabular_net,0.068910002708435,Low,2026-10-01T07:22:18Z,train,0
5393-RXQSZ,pytorch_tabular_net,0.7386199831962585,Critical,2026-10-01T07:22:18Z,train,1
5394-MEITZ,pytorch_tabular_net,0.0157999992370605,Low,2026-10-01T07:22:18Z,test,0
5394-SVGJV,pytorch_tabular_net,0.3577800095081329,Medium,2026-10-01T07:22:18Z,train,1
5396-IZEPB,pytorch_tabular_net,0.1235200017690658,Low,2026-10-01T07:22:18Z,train,0
5397-NSKQG,pytorch_tabular_net,0.0345899984240531,Low,2026-10-01T07:22:18Z,train,0
5397-TUPSH,pytorch_tabular_net,0.0725499987602233,Low,2026-10-01T07:22:18Z,train,0
5399-ZIMKF,pytorch_tabular_net,0.6421999931335449,Critical,2026-10-01T07:22:18Z,train,1
5402-HTOTQ,pytorch_tabular_net,0.2110199928283691,Medium,2026-10-01T07:22:18Z,train,0
5404-GGUKR,pytorch_tabular_net,0.4413500130176544,High,2026-10-01T07:22:18Z,train,1
5405-ZMYXQ,pytorch_tabular_net,0.6393700242042542,Critical,2026-10-01T07:22:18Z,test,1
5406-KGRMX,pytorch_tabular_net,0.0101500004529953,Low,2026-10-01T07:22:18Z,train,0
5414-OFQCB,pytorch_tabular_net,0.0768000036478042,Low,2026-10-01T07:22:18Z,train,0
5419-CONWX,pytorch_tabular_net,0.7872099876403809,Critical,2026-10-01T07:22:18Z,train,1
5419-JKZNQ,pytorch_tabular_net,0.346560001373291,Medium,2026-10-01T07:22:18Z,train,1
5419-JPRRN,pytorch_tabular_net,0.9057499766349792,Critical,2026-10-01T07:22:18Z,test,1
5419-KLXBN,pytorch_tabular_net,0.3823600113391876,Medium,2026-10-01T07:22:18Z,train,1
5423-BHIXO,pytorch_tabular_net,0.2448199987411499,Medium,2026-10-01T07:22:18Z,train,0
5424-RLQLC,pytorch_tabular_net,0.3195300102233886,Medium,2026-10-01T07:22:18Z,train,0
5429-LWCMV,pytorch_tabular_net,0.6713100075721741,Critical,2026-10-01T07:22:18Z,train,1
5433-KYGHE,pytorch_tabular_net,0.3723100125789642,Medium,2026-10-01T07:22:18Z,valid,1
5438-QMDDL,pytorch_tabular_net,0.1637700051069259,Low,2026-10-01T07:22:18Z,train,0
5439-WIKXB,pytorch_tabular_net,0.477290004491806,High,2026-10-01T07:22:18Z,test,1
5440-FLBQG,pytorch_tabular_net,0.0899799987673759,Low,2026-10-01T07:22:18Z,train,0
5440-VHLUL,pytorch_tabular_net,0.2294500023126602,Medium,2026-10-01T07:22:18Z,train,0
5442-BHQNG,pytorch_tabular_net,0.6577900052070618,Critical,2026-10-01T07:22:18Z,test,1
5442-BXVND,pytorch_tabular_net,0.0525700002908706,Low,2026-10-01T07:22:18Z,train,0
5442-PPTJY,pytorch_tabular_net,0.0123399998992681,Low,2026-10-01T07:22:18Z,valid,0
5442-UTCVD,pytorch_tabular_net,0.728600025177002,Critical,2026-10-01T07:22:18Z,train,1
5442-XSDCW,pytorch_tabular_net,0.542739987373352,High,2026-10-01T07:22:18Z,train,1
5443-SCMKX,pytorch_tabular_net,0.2185000032186508,Medium,2026-10-01T07:22:18Z,test,0
5445-GLVOT,pytorch_tabular_net,0.2015900015830993,Medium,2026-10-01T07:22:18Z,train,0
5445-PZWGX,pytorch_tabular_net,0.1671099960803985,Low,2026-10-01T07:22:18Z,train,0
5445-UTODQ,pytorch_tabular_net,0.7574399709701538,Critical,2026-10-01T07:22:18Z,train,1
5446-DKWYW,pytorch_tabular_net,0.1159600019454956,Low,2026-10-01T07:22:18Z,valid,0
5447-VYTKW,pytorch_tabular_net,0.0723799988627433,Low,2026-10-01T07:22:18Z,test,0
5447-WZAFP,pytorch_tabular_net,0.1896499991416931,Low,2026-10-01T07:22:18Z,train,0
5448-VWNAM,pytorch_tabular_net,0.1644999980926513,Low,2026-10-01T07:22:18Z,test,0
5449-FIBXJ,pytorch_tabular_net,0.5919600129127502,High,2026-10-01T07:22:18Z,train,1
5451-MHQOF,pytorch_tabular_net,0.0252100005745887,Low,2026-10-01T07:22:18Z,train,0
5451-YHYPW,pytorch_tabular_net,0.067050002515316,Low,2026-10-01T07:22:18Z,train,0
5453-AXEPF,pytorch_tabular_net,0.4330399930477142,High,2026-10-01T07:22:18Z,train,1
5453-YBTWV,pytorch_tabular_net,0.0382299982011318,Low,2026-10-01T07:22:18Z,train,0
5456-ITGIC,pytorch_tabular_net,0.0450100004673004,Low,2026-10-01T07:22:18Z,train,0
5457-COLHT,pytorch_tabular_net,0.0388099998235702,Low,2026-10-01T07:22:18Z,train,0
5458-CQJTA,pytorch_tabular_net,0.035980001091957,Low,2026-10-01T07:22:18Z,train,0
5461-QKNTN,pytorch_tabular_net,0.503250002861023,High,2026-10-01T07:22:18Z,train,1
5465-BUBFA,pytorch_tabular_net,0.0114000001922249,Low,2026-10-01T07:22:18Z,test,0
5468-BPMMO,pytorch_tabular_net,0.0481100007891655,Low,2026-10-01T07:22:18Z,train,0
5469-CTCWN,pytorch_tabular_net,0.3600499927997589,Medium,2026-10-01T07:22:18Z,train,1
5469-NUJUR,pytorch_tabular_net,0.0155400000512599,Low,2026-10-01T07:22:18Z,train,0
5472-CVMDX,pytorch_tabular_net,0.0056699998676776,Low,2026-10-01T07:22:18Z,train,0
5473-KHBPS,pytorch_tabular_net,0.1424400061368942,Low,2026-10-01T07:22:18Z,train,0
5474-LAMUQ,pytorch_tabular_net,0.0172099992632865,Low,2026-10-01T07:22:18Z,valid,0
5478-JJVZK,pytorch_tabular_net,0.1186700016260147,Low,2026-10-01T07:22:18Z,train,0
5480-HPRRX,pytorch_tabular_net,0.6827499866485596,Critical,2026-10-01T07:22:18Z,train,1
5480-TBGPH,pytorch_tabular_net,0.511430025100708,High,2026-10-01T07:22:18Z,train,1
5480-XTFFL,pytorch_tabular_net,0.0074100000783801,Low,2026-10-01T07:22:18Z,test,0
5481-NTDOH,pytorch_tabular_net,0.2185499966144561,Medium,2026-10-01T07:22:18Z,test,0
5482-NUPNA,pytorch_tabular_net,0.231000006198883,Medium,2026-10-01T07:22:18Z,train,0
5482-PLVPE,pytorch_tabular_net,0.6897600293159485,Critical,2026-10-01T07:22:18Z,train,1
5482-VXSXJ,pytorch_tabular_net,0.5158100128173828,High,2026-10-01T07:22:18Z,train,1
5485-ITNPC,pytorch_tabular_net,0.0221699997782707,Low,2026-10-01T07:22:18Z,valid,0
5485-WUYWF,pytorch_tabular_net,0.5013700127601624,High,2026-10-01T07:22:18Z,train,1
5493-SDRDQ,pytorch_tabular_net,0.4737400114536285,High,2026-10-01T07:22:18Z,train,1
5494-HECPR,pytorch_tabular_net,0.8600800037384033,Critical,2026-10-01T07:22:18Z,train,1
5494-WOZRZ,pytorch_tabular_net,0.0173599999397993,Low,2026-10-01T07:22:18Z,train,0
5495-GPSRW,pytorch_tabular_net,0.0139699997380375,Low,2026-10-01T07:22:18Z,valid,0
5498-IBWPI,pytorch_tabular_net,0.0493899993598461,Low,2026-10-01T07:22:18Z,train,0
5498-TXHLF,pytorch_tabular_net,0.382310003042221,Medium,2026-10-01T07:22:18Z,test,1
5499-ECUTN,pytorch_tabular_net,0.045449998229742,Low,2026-10-01T07:22:18Z,test,0
5501-TVMGM,pytorch_tabular_net,0.6612300276756287,Critical,2026-10-01T07:22:18Z,test,1
5502-RLUYV,pytorch_tabular_net,0.5041700005531311,High,2026-10-01T07:22:18Z,train,1
5504-WSIUR,pytorch_tabular_net,0.0592599995434284,Low,2026-10-01T07:22:18Z,train,0
5505-OVWQW,pytorch_tabular_net,0.0178800001740455,Low,2026-10-01T07:22:18Z,train,0
5510-BOIUJ,pytorch_tabular_net,0.1981399953365326,Low,2026-10-01T07:22:18Z,train,0
5512-IDZEI,pytorch_tabular_net,0.0202799998223781,Low,2026-10-01T07:22:18Z,valid,0
5514-YQENT,pytorch_tabular_net,0.0788299962878227,Low,2026-10-01T07:22:18Z,train,0
5515-AKOAJ,pytorch_tabular_net,0.4588800072669983,High,2026-10-01T07:22:18Z,test,1
5515-IDEJJ,pytorch_tabular_net,0.1820600032806396,Low,2026-10-01T07:22:18Z,valid,0
5515-RUGKN,pytorch_tabular_net,0.3191100060939789,Medium,2026-10-01T07:22:18Z,train,0
5519-NPHVG,pytorch_tabular_net,0.7272800207138062,Critical,2026-10-01T07:22:18Z,train,1
5519-TEEUH,pytorch_tabular_net,0.0248000007122755,Low,2026-10-01T07:22:18Z,valid,0
5519-YLDGW,pytorch_tabular_net,0.7279199957847595,Critical,2026-10-01T07:22:18Z,train,1
5520-FVEWJ,pytorch_tabular_net,0.5929499864578247,High,2026-10-01T07:22:18Z,valid,1
5522-JBWMO,pytorch_tabular_net,0.5107600092887878,High,2026-10-01T07:22:18Z,valid,1
5522-NYKPB,pytorch_tabular_net,0.3915899991989136,Medium,2026-10-01T07:22:18Z,train,1
5524-KHNJP,pytorch_tabular_net,0.0547100007534027,Low,2026-10-01T07:22:18Z,train,0
5527-ACHSO,pytorch_tabular_net,0.2396200001239776,Medium,2026-10-01T07:22:18Z,test,0
5529-GIBVH,pytorch_tabular_net,0.006800000090152,Low,2026-10-01T07:22:18Z,train,0
5533-NHFRF,pytorch_tabular_net,0.5544700026512146,High,2026-10-01T07:22:18Z,train,1
5533-RJFTJ,pytorch_tabular_net,0.152999997138977,Low,2026-10-01T07:22:18Z,train,0
5536-RTPWK,pytorch_tabular_net,0.3862800002098083,Medium,2026-10-01T07:22:18Z,train,1
5536-SLHPM,pytorch_tabular_net,0.4014500081539154,High,2026-10-01T07:22:18Z,train,1
5537-UXXVS,pytorch_tabular_net,0.065540000796318,Low,2026-10-01T07:22:18Z,test,0
5539-HIVAK,pytorch_tabular_net,0.1025099977850914,Low,2026-10-01T07:22:18Z,train,0
5539-TMZLF,pytorch_tabular_net,0.8125200271606445,Critical,2026-10-01T07:22:18Z,train,1
5542-DHSXL,pytorch_tabular_net,0.2246800065040588,Medium,2026-10-01T07:22:18Z,train,0
5542-NKVRU,pytorch_tabular_net,0.0146199995651841,Low,2026-10-01T07:22:18Z,train,0
5542-TBBWB,pytorch_tabular_net,0.7990700006484985,Critical,2026-10-01T07:22:18Z,train,1
5543-QDCRY,pytorch_tabular_net,0.5647000074386597,High,2026-10-01T07:22:18Z,train,1
5546-BYZSM,pytorch_tabular_net,0.04712999984622,Low,2026-10-01T07:22:18Z,train,0
5546-QUERU,pytorch_tabular_net,0.034180000424385,Low,2026-10-01T07:22:18Z,train,0
5549-ZGHFB,pytorch_tabular_net,0.0110299997031688,Low,2026-10-01T07:22:18Z,test,0
5550-VFRLC,pytorch_tabular_net,0.8357399702072144,Critical,2026-10-01T07:22:18Z,train,1
5552-ZNFSJ,pytorch_tabular_net,0.5181999802589417,High,2026-10-01T07:22:18Z,valid,1
5553-AOINX,pytorch_tabular_net,0.2547700107097626,Medium,2026-10-01T07:22:18Z,valid,0
5555-RNPGT,pytorch_tabular_net,0.1103700026869773,Low,2026-10-01T07:22:18Z,train,0
5561-NWEVX,pytorch_tabular_net,0.8316299915313721,Critical,2026-10-01T07:22:18Z,test,1
5562-BETPV,pytorch_tabular_net,0.051520001143217,Low,2026-10-01T07:22:18Z,train,0
5562-YJQGT,pytorch_tabular_net,0.2156900018453598,Medium,2026-10-01T07:22:18Z,valid,0
5564-NEMQO,pytorch_tabular_net,0.8154799938201904,Critical,2026-10-01T07:22:18Z,train,1
5565-FILXA,pytorch_tabular_net,0.7872800230979919,Critical,2026-10-01T07:22:18Z,train,1
5566-SOEZD,pytorch_tabular_net,0.1245300024747848,Low,2026-10-01T07:22:18Z,train,0
5567-GZKQY,pytorch_tabular_net,0.0228799991309642,Low,2026-10-01T07:22:18Z,train,0
5567-WSELE,pytorch_tabular_net,0.8406299948692322,Critical,2026-10-01T07:22:18Z,test,1
5568-DMXZS,pytorch_tabular_net,0.3075299859046936,Medium,2026-10-01T07:22:18Z,valid,0
5569-IDSEY,pytorch_tabular_net,0.2536099851131439,Medium,2026-10-01T07:22:18Z,test,0
5569-KGJHX,pytorch_tabular_net,0.6614599823951721,Critical,2026-10-01T07:22:18Z,train,1
5569-OUICF,pytorch_tabular_net,0.4917899966239929,High,2026-10-01T07:22:18Z,test,1
5570-PTWEH,pytorch_tabular_net,0.747759997844696,Critical,2026-10-01T07:22:18Z,train,1
5572-ZDXHY,pytorch_tabular_net,0.3715699911117553,Medium,2026-10-01T07:22:18Z,train,1
5574-NXZIU,pytorch_tabular_net,0.064980000257492,Low,2026-10-01T07:22:18Z,test,0
5575-GNVDE,pytorch_tabular_net,0.0454800017178058,Low,2026-10-01T07:22:18Z,test,0
5575-TPIZQ,pytorch_tabular_net,0.4636000096797943,High,2026-10-01T07:22:18Z,test,1
5577-OTWWW,pytorch_tabular_net,0.0904600024223327,Low,2026-10-01T07:22:18Z,valid,0
5578-NKCXI,pytorch_tabular_net,0.1165099963545799,Low,2026-10-01T07:22:18Z,train,0
5583-EJXRD,pytorch_tabular_net,0.0151800001040101,Low,2026-10-01T07:22:18Z,train,0
5583-SXDAG,pytorch_tabular_net,0.7142999768257141,Critical,2026-10-01T07:22:18Z,test,1
5590-BYNII,pytorch_tabular_net,0.6208299994468689,Critical,2026-10-01T07:22:18Z,train,1
5590-YRFJT,pytorch_tabular_net,0.3873200118541717,Medium,2026-10-01T07:22:18Z,test,1
5590-ZSKRV,pytorch_tabular_net,0.1638399958610534,Low,2026-10-01T07:22:18Z,train,0
5593-SUAOO,pytorch_tabular_net,0.0762000009417533,Low,2026-10-01T07:22:18Z,train,0
5597-GLBUC,pytorch_tabular_net,0.8619199991226196,Critical,2026-10-01T07:22:18Z,train,1
5598-IKHQQ,pytorch_tabular_net,0.0161000005900859,Low,2026-10-01T07:22:18Z,train,0
5599-HVLTW,pytorch_tabular_net,0.5860400199890137,High,2026-10-01T07:22:18Z,test,1
5600-KTXFM,pytorch_tabular_net,0.6355400085449219,Critical,2026-10-01T07:22:18Z,train,1
5600-PDUJF,pytorch_tabular_net,0.2949599921703338,Medium,2026-10-01T07:22:18Z,train,0
5602-BVFMK,pytorch_tabular_net,0.0218199994415044,Low,2026-10-01T07:22:18Z,train,0
5605-IYGFG,pytorch_tabular_net,0.5463299751281738,High,2026-10-01T07:22:18Z,valid,1
5605-XNWEN,pytorch_tabular_net,0.0303099993616342,Low,2026-10-01T07:22:18Z,valid,0
5606-AMZBO,pytorch_tabular_net,0.5659999847412109,High,2026-10-01T07:22:18Z,valid,1
5609-CEBID,pytorch_tabular_net,0.6800100207328796,Critical,2026-10-01T07:22:18Z,train,1
5609-IMCGG,pytorch_tabular_net,0.5933099985122681,High,2026-10-01T07:22:18Z,train,1
5614-DNZCE,pytorch_tabular_net,0.024830000475049,Low,2026-10-01T07:22:18Z,train,0
5616-PRTNT,pytorch_tabular_net,0.1078300029039383,Low,2026-10-01T07:22:18Z,train,0
5619-PTMIK,pytorch_tabular_net,0.0970600023865699,Low,2026-10-01T07:22:18Z,valid,0
5619-XZZKR,pytorch_tabular_net,0.0469200015068054,Low,2026-10-01T07:22:18Z,test,0
5622-UEJFI,pytorch_tabular_net,0.0168600007891654,Low,2026-10-01T07:22:18Z,train,0
5624-BQSSA,pytorch_tabular_net,0.2488600015640258,Medium,2026-10-01T07:22:18Z,train,0
5624-RYAMH,pytorch_tabular_net,0.1542699933052063,Low,2026-10-01T07:22:18Z,train,0
5626-MGTUK,pytorch_tabular_net,0.5987399816513062,High,2026-10-01T07:22:18Z,test,1
5627-TVBPP,pytorch_tabular_net,0.0269699990749359,Low,2026-10-01T07:22:18Z,train,0
5628-FCGYG,pytorch_tabular_net,0.5891600251197815,High,2026-10-01T07:22:18Z,valid,1
5628-RKIFK,pytorch_tabular_net,0.4611699879169464,High,2026-10-01T07:22:18Z,train,1
5630-AHZIL,pytorch_tabular_net,0.2686200141906738,Medium,2026-10-01T07:22:18Z,train,0
5630-IXDXV,pytorch_tabular_net,0.5670899748802185,High,2026-10-01T07:22:18Z,test,1
5639-NTUPK,pytorch_tabular_net,0.2253299951553344,Medium,2026-10-01T07:22:18Z,train,0
5640-CAXOA,pytorch_tabular_net,0.1117400005459785,Low,2026-10-01T07:22:18Z,test,0
5641-DMBFJ,pytorch_tabular_net,0.0275599993765354,Low,2026-10-01T07:22:18Z,train,0
5642-MHDQT,pytorch_tabular_net,0.0179900005459785,Low,2026-10-01T07:22:18Z,train,0
5644-PDMZC,pytorch_tabular_net,0.6914100050926208,Critical,2026-10-01T07:22:18Z,train,1
5647-FXOTP,pytorch_tabular_net,0.4816100001335144,High,2026-10-01T07:22:18Z,test,1
5647-URDKA,pytorch_tabular_net,0.0144300004467368,Low,2026-10-01T07:22:18Z,train,0
5649-ANRML,pytorch_tabular_net,0.6808800101280212,Critical,2026-10-01T07:22:18Z,valid,1
5649-RXQTV,pytorch_tabular_net,0.4725300073623657,High,2026-10-01T07:22:18Z,valid,1
5649-TJHOV,pytorch_tabular_net,0.4556800127029419,High,2026-10-01T07:22:18Z,train,1
5649-VUKMC,pytorch_tabular_net,0.3292700052261352,Medium,2026-10-01T07:22:18Z,train,0
5650-VDUDS,pytorch_tabular_net,0.5486500263214111,High,2026-10-01T07:22:18Z,train,1
5650-YLIBA,pytorch_tabular_net,0.4541400074958801,High,2026-10-01T07:22:18Z,test,1
5651-CPDND,pytorch_tabular_net,0.1856500059366226,Low,2026-10-01T07:22:18Z,valid,0
5651-CRHKQ,pytorch_tabular_net,0.0781899988651275,Low,2026-10-01T07:22:18Z,train,0
5651-WYIPH,pytorch_tabular_net,0.4422299861907959,High,2026-10-01T07:22:18Z,train,1
5651-YLPRD,pytorch_tabular_net,0.5060399770736694,High,2026-10-01T07:22:18Z,train,1
5652-MSDEY,pytorch_tabular_net,0.5784400105476379,High,2026-10-01T07:22:18Z,train,1
5655-JSMZM,pytorch_tabular_net,0.6291499733924866,Critical,2026-10-01T07:22:18Z,valid,1
5656-JAMLX,pytorch_tabular_net,0.0199999995529651,Low,2026-10-01T07:22:18Z,train,0
5656-MJEFC,pytorch_tabular_net,0.0113899996504187,Low,2026-10-01T07:22:18Z,test,0
5663-QBGIS,pytorch_tabular_net,0.1133799999952316,Low,2026-10-01T07:22:18Z,test,0
5666-CYCYZ,pytorch_tabular_net,0.4675399959087372,High,2026-10-01T07:22:18Z,valid,1
5666-MBJPT,pytorch_tabular_net,0.0180500000715255,Low,2026-10-01T07:22:18Z,test,0
5668-MEISB,pytorch_tabular_net,0.0325299985706806,Low,2026-10-01T07:22:18Z,train,0
5669-SRAIP,pytorch_tabular_net,0.4284000098705292,High,2026-10-01T07:22:18Z,valid,1
5671-RQRLP,pytorch_tabular_net,0.0657500028610229,Low,2026-10-01T07:22:18Z,train,0
5671-UUNXD,pytorch_tabular_net,0.4065600037574768,High,2026-10-01T07:22:18Z,train,1
5673-FSSMF,pytorch_tabular_net,0.7819200158119202,Critical,2026-10-01T07:22:18Z,test,1
5673-TIYIB,pytorch_tabular_net,0.5984899997711182,High,2026-10-01T07:22:18Z,valid,1
5676-CFLYY,pytorch_tabular_net,0.034060001373291,Low,2026-10-01T07:22:18Z,valid,0
5678-VFNEQ,pytorch_tabular_net,0.1863200068473816,Low,2026-10-01T07:22:18Z,test,0
5680-LQOGP,pytorch_tabular_net,0.0228199996054172,Low,2026-10-01T07:22:18Z,train,0
5681-LLOEI,pytorch_tabular_net,0.1299699991941452,Low,2026-10-01T07:22:18Z,train,0
5684-FJVYR,pytorch_tabular_net,0.0294899996370077,Low,2026-10-01T07:22:18Z,train,0
5685-IIXLY,pytorch_tabular_net,0.6462799906730652,Critical,2026-10-01T07:22:18Z,train,1
5686-CMAWK,pytorch_tabular_net,0.2576000094413757,Medium,2026-10-01T07:22:18Z,test,0
5687-DKDTV,pytorch_tabular_net,0.1354299932718277,Low,2026-10-01T07:22:18Z,train,0
5688-KZTSN,pytorch_tabular_net,0.1005700007081031,Low,2026-10-01T07:22:18Z,train,0
5692-FPTAH,pytorch_tabular_net,0.6652399897575378,Critical,2026-10-01T07:22:18Z,train,1
5692-ICXLW,pytorch_tabular_net,0.6731500029563904,Critical,2026-10-01T07:22:18Z,train,1
5693-PIPCS,pytorch_tabular_net,0.0887899994850158,Low,2026-10-01T07:22:18Z,train,0
5696-CEIQJ,pytorch_tabular_net,0.0418700017035007,Low,2026-10-01T07:22:18Z,train,0
5696-EXCYS,pytorch_tabular_net,0.0269399993121624,Low,2026-10-01T07:22:18Z,train,0
5696-JVVQY,pytorch_tabular_net,0.0174899995326995,Low,2026-10-01T07:22:18Z,test,0
5696-QURRL,pytorch_tabular_net,0.6526100039482117,Critical,2026-10-01T07:22:18Z,train,1
5697-GOMBF,pytorch_tabular_net,0.4844399988651275,High,2026-10-01T07:22:18Z,train,1
5698-BQJOH,pytorch_tabular_net,0.7761600017547607,Critical,2026-10-01T07:22:18Z,train,1
5699-BNCAS,pytorch_tabular_net,0.0270499996840953,Low,2026-10-01T07:22:18Z,valid,0
5701-GUXDC,pytorch_tabular_net,0.0460299998521804,Low,2026-10-01T07:22:18Z,test,0
5701-SVCWR,pytorch_tabular_net,0.2420099973678589,Medium,2026-10-01T07:22:18Z,train,0
5701-YVSVF,pytorch_tabular_net,0.6086500287055969,Critical,2026-10-01T07:22:18Z,test,1
5701-ZIKJE,pytorch_tabular_net,0.2132900059223175,Medium,2026-10-01T07:22:18Z,train,0
5702-KVQRD,pytorch_tabular_net,0.0300999991595745,Low,2026-10-01T07:22:18Z,test,0
5702-SKUOB,pytorch_tabular_net,0.1331499963998794,Low,2026-10-01T07:22:18Z,train,0
5707-ORNDZ,pytorch_tabular_net,0.455269992351532,High,2026-10-01T07:22:18Z,train,1
5707-ZMDJP,pytorch_tabular_net,0.0296199992299079,Low,2026-10-01T07:22:18Z,train,0
5708-EVONK,pytorch_tabular_net,0.2304199934005737,Medium,2026-10-01T07:22:18Z,valid,0
5709-LVOEQ,pytorch_tabular_net,0.2202299982309341,Medium,2026-10-01T07:22:18Z,test,0
5712-AHQNN,pytorch_tabular_net,0.4348799884319305,High,2026-10-01T07:22:18Z,valid,1
5712-PTIWW,pytorch_tabular_net,0.7511500120162964,Critical,2026-10-01T07:22:18Z,test,1
5712-VBOXD,pytorch_tabular_net,0.224600002169609,Medium,2026-10-01T07:22:18Z,train,0
5716-EZXZN,pytorch_tabular_net,0.0575699992477893,Low,2026-10-01T07:22:18Z,valid,0
5716-LIBJC,pytorch_tabular_net,0.4163900017738342,High,2026-10-01T07:22:18Z,train,1
5724-BIDBU,pytorch_tabular_net,0.09094999730587,Low,2026-10-01T07:22:18Z,valid,0
5726-CVNYA,pytorch_tabular_net,0.0172600001096725,Low,2026-10-01T07:22:18Z,train,0
5727-MYATE,pytorch_tabular_net,0.0224200002849102,Low,2026-10-01T07:22:18Z,train,0
5729-KLZAR,pytorch_tabular_net,0.5509799718856812,High,2026-10-01T07:22:18Z,valid,1
5730-DBDSI,pytorch_tabular_net,0.0205199997872114,Low,2026-10-01T07:22:18Z,train,0
5730-RIITO,pytorch_tabular_net,0.3995000123977661,Medium,2026-10-01T07:22:18Z,test,1
5732-IKGQH,pytorch_tabular_net,0.1869599968194961,Low,2026-10-01T07:22:18Z,train,0
5734-EJKXG,pytorch_tabular_net,0.2823599874973297,Medium,2026-10-01T07:22:18Z,train,0
5736-YEJAX,pytorch_tabular_net,0.0360299982130527,Low,2026-10-01T07:22:18Z,test,0
5740-YHGTW,pytorch_tabular_net,0.2635999917984009,Medium,2026-10-01T07:22:18Z,train,0
5743-KHMNA,pytorch_tabular_net,0.0198599994182586,Low,2026-10-01T07:22:18Z,train,0
5747-PMBSQ,pytorch_tabular_net,0.6501200199127197,Critical,2026-10-01T07:22:18Z,valid,1
5748-RNCJT,pytorch_tabular_net,0.0670399963855743,Low,2026-10-01T07:22:18Z,test,0
5751-USDBL,pytorch_tabular_net,0.024100000038743,Low,2026-10-01T07:22:18Z,train,0
5753-QQWPW,pytorch_tabular_net,0.0762799978256225,Low,2026-10-01T07:22:18Z,train,0
5756-JYOJT,pytorch_tabular_net,0.1309199929237365,Low,2026-10-01T07:22:18Z,train,0
5756-OZRIO,pytorch_tabular_net,0.0772999972105026,Low,2026-10-01T07:22:18Z,test,0
5759-RCVCB,pytorch_tabular_net,0.5568699836730957,High,2026-10-01T07:22:18Z,train,1
5760-FXFVO,pytorch_tabular_net,0.5799599885940552,High,2026-10-01T07:22:18Z,valid,1
5760-IFJOZ,pytorch_tabular_net,0.7751799821853638,Critical,2026-10-01T07:22:18Z,test,1
5760-WRAHC,pytorch_tabular_net,0.1757200062274933,Low,2026-10-01T07:22:18Z,test,0
5762-TJXGK,pytorch_tabular_net,0.016669999808073,Low,2026-10-01T07:22:18Z,train,0
5766-FTRTS,pytorch_tabular_net,0.0257099997252225,Low,2026-10-01T07:22:18Z,test,0
5766-XQXMQ,pytorch_tabular_net,0.1194500029087066,Low,2026-10-01T07:22:18Z,train,0
5766-ZJYBB,pytorch_tabular_net,0.232010006904602,Medium,2026-10-01T07:22:18Z,train,0
5774-QPLTF,pytorch_tabular_net,0.0208700001239776,Low,2026-10-01T07:22:18Z,train,0
5774-XZTQC,pytorch_tabular_net,0.0844200029969215,Low,2026-10-01T07:22:18Z,train,0
5777-KJIRB,pytorch_tabular_net,0.050790000706911,Low,2026-10-01T07:22:18Z,train,0
5777-ZPQNC,pytorch_tabular_net,0.0300900004804134,Low,2026-10-01T07:22:18Z,test,0
5778-BVOFB,pytorch_tabular_net,0.2423499971628189,Medium,2026-10-01T07:22:18Z,train,0
5780-INQIK,pytorch_tabular_net,0.2315099984407425,Medium,2026-10-01T07:22:18Z,test,0
5781-BKHOP,pytorch_tabular_net,0.0278600007295608,Low,2026-10-01T07:22:18Z,train,0
5781-RFZRP,pytorch_tabular_net,0.0468700006604194,Low,2026-10-01T07:22:18Z,valid,0
5787-KXGIY,pytorch_tabular_net,0.0175199992954731,Low,2026-10-01T07:22:18Z,train,0
5788-YPOEG,pytorch_tabular_net,0.01570999994874,Low,2026-10-01T07:22:18Z,train,0
5789-LDFXO,pytorch_tabular_net,0.0335500016808509,Low,2026-10-01T07:22:18Z,train,0
5791-KAJFD,pytorch_tabular_net,0.0511300005018711,Low,2026-10-01T07:22:18Z,train,0
5792-JALQC,pytorch_tabular_net,0.0281600002199411,Low,2026-10-01T07:22:18Z,train,0
5793-YOLJN,pytorch_tabular_net,0.0069099999964237,Low,2026-10-01T07:22:18Z,test,0
5795-BKOYE,pytorch_tabular_net,0.0182799994945526,Low,2026-10-01T07:22:18Z,test,0
5795-KTGUD,pytorch_tabular_net,0.0461100004613399,Low,2026-10-01T07:22:18Z,train,0
5797-APWZC,pytorch_tabular_net,0.8343300223350525,Critical,2026-10-01T07:22:18Z,train,1
5799-JRCZO,pytorch_tabular_net,0.0148799996823072,Low,2026-10-01T07:22:18Z,train,0
5802-ADBRC,pytorch_tabular_net,0.2768900096416473,Medium,2026-10-01T07:22:18Z,train,0
5803-NQJZO,pytorch_tabular_net,0.0196599997580051,Low,2026-10-01T07:22:18Z,train,0
5804-HYIEZ,pytorch_tabular_net,0.3798600137233734,Medium,2026-10-01T07:22:18Z,valid,1
5804-JMYIO,pytorch_tabular_net,0.0070199999026954,Low,2026-10-01T07:22:18Z,test,0
5804-LEPIM,pytorch_tabular_net,0.8011500239372253,Critical,2026-10-01T07:22:18Z,train,1
5808-TOTXO,pytorch_tabular_net,0.069920003414154,Low,2026-10-01T07:22:18Z,train,0
5811-IWXYM,pytorch_tabular_net,0.1308899968862533,Low,2026-10-01T07:22:18Z,train,0
5813-UECBU,pytorch_tabular_net,0.5363199710845947,High,2026-10-01T07:22:18Z,train,1
5815-HGGHV,pytorch_tabular_net,0.0598499998450279,Low,2026-10-01T07:22:18Z,train,0
5816-JMLGY,pytorch_tabular_net,0.0152799999341368,Low,2026-10-01T07:22:18Z,valid,0
5816-QVHRX,pytorch_tabular_net,0.4231500029563904,High,2026-10-01T07:22:18Z,train,1
5816-SCGFC,pytorch_tabular_net,0.4871599972248077,High,2026-10-01T07:22:18Z,valid,1
5820-PTRYM,pytorch_tabular_net,0.1015800014138221,Low,2026-10-01T07:22:18Z,train,0
5821-MMEIL,pytorch_tabular_net,0.0114399995654821,Low,2026-10-01T07:22:18Z,train,0
5825-XJOCM,pytorch_tabular_net,0.0560699999332428,Low,2026-10-01T07:22:18Z,valid,0
5827-MWCZK,pytorch_tabular_net,0.2698900103569031,Medium,2026-10-01T07:22:18Z,train,0
5828-AVIPD,pytorch_tabular_net,0.5054799914360046,High,2026-10-01T07:22:18Z,train,1
5828-DWPIL,pytorch_tabular_net,0.4214099943637848,High,2026-10-01T07:22:18Z,test,1
5829-NVSQN,pytorch_tabular_net,0.0678500011563301,Low,2026-10-01T07:22:18Z,train,0
5832-EXGTT,pytorch_tabular_net,0.1208899989724159,Low,2026-10-01T07:22:18Z,train,0
5832-TRLPB,pytorch_tabular_net,0.1122500002384185,Low,2026-10-01T07:22:18Z,train,0
5832-XKAES,pytorch_tabular_net,0.6925600171089172,Critical,2026-10-01T07:22:18Z,train,1
5834-ASPWA,pytorch_tabular_net,0.845740020275116,Critical,2026-10-01T07:22:18Z,train,1
5835-BEQEU,pytorch_tabular_net,0.7800700068473816,Critical,2026-10-01T07:22:18Z,test,1
5837-LXSDN,pytorch_tabular_net,0.0887800008058548,Low,2026-10-01T07:22:18Z,train,0
5839-SUYVZ,pytorch_tabular_net,0.4074400067329407,High,2026-10-01T07:22:18Z,train,1
5840-NVDCG,pytorch_tabular_net,0.0304899998009204,Low,2026-10-01T07:22:18Z,test,0
5842-POCOP,pytorch_tabular_net,0.6048399806022644,Critical,2026-10-01T07:22:18Z,test,1
5843-TTHGI,pytorch_tabular_net,0.2284699976444244,Medium,2026-10-01T07:22:18Z,train,0
5844-QVTAT,pytorch_tabular_net,0.0382299982011318,Low,2026-10-01T07:22:18Z,train,0
5845-BZZIB,pytorch_tabular_net,0.0105499997735023,Low,2026-10-01T07:22:18Z,train,0
5846-ABOBJ,pytorch_tabular_net,0.017230000346899,Low,2026-10-01T07:22:18Z,train,0
5846-NEQVZ,pytorch_tabular_net,0.0212999992072582,Low,2026-10-01T07:22:18Z,train,0
5846-QFDFI,pytorch_tabular_net,0.213919997215271,Medium,2026-10-01T07:22:18Z,test,0
5847-MXBEO,pytorch_tabular_net,0.0204499997198581,Low,2026-10-01T07:22:18Z,train,0
5848-FHRFC,pytorch_tabular_net,0.0136099997907876,Low,2026-10-01T07:22:18Z,train,0
5849-ASHZJ,pytorch_tabular_net,0.0262499991804361,Low,2026-10-01T07:22:18Z,train,0
5850-BDWCY,pytorch_tabular_net,0.1096400022506713,Low,2026-10-01T07:22:18Z,test,0
5854-KSRBJ,pytorch_tabular_net,0.0119700003415346,Low,2026-10-01T07:22:18Z,train,0
5855-EIBDE,pytorch_tabular_net,0.032940000295639,Low,2026-10-01T07:22:18Z,train,0
5857-TYBCJ,pytorch_tabular_net,0.6546000242233276,Critical,2026-10-01T07:22:18Z,train,1
5857-XRECV,pytorch_tabular_net,0.0470100007951259,Low,2026-10-01T07:22:18Z,train,0
5858-EAFCZ,pytorch_tabular_net,0.4645299911499023,High,2026-10-01T07:22:18Z,train,1
5859-HZYLF,pytorch_tabular_net,0.0179900005459785,Low,2026-10-01T07:22:18Z,train,0
5862-BRIXZ,pytorch_tabular_net,0.0256900005042552,Low,2026-10-01T07:22:18Z,train,0
5863-OOKCL,pytorch_tabular_net,0.0845900028944015,Low,2026-10-01T07:22:18Z,train,0
5868-CZJDR,pytorch_tabular_net,0.7138199806213379,Critical,2026-10-01T07:22:18Z,train,1
5868-YTYKS,pytorch_tabular_net,0.3057500123977661,Medium,2026-10-01T07:22:18Z,train,0
5868-YWPDW,pytorch_tabular_net,0.7042199969291687,Critical,2026-10-01T07:22:18Z,train,1
5871-DGTXZ,pytorch_tabular_net,0.0182700008153915,Low,2026-10-01T07:22:18Z,test,0
5872-OEQNH,pytorch_tabular_net,0.0391700007021427,Low,2026-10-01T07:22:18Z,train,0
5875-YPQFJ,pytorch_tabular_net,0.7990700006484985,Critical,2026-10-01T07:22:18Z,valid,1
5876-HZVZM,pytorch_tabular_net,0.2049800008535385,Medium,2026-10-01T07:22:18Z,train,0
5876-QMYLD,pytorch_tabular_net,0.0125700002536177,Low,2026-10-01T07:22:18Z,train,0
5879-HMFFH,pytorch_tabular_net,0.0184300001710653,Low,2026-10-01T07:22:18Z,train,0
5879-SESNB,pytorch_tabular_net,0.5881999731063843,High,2026-10-01T07:22:18Z,train,1
5882-CMAZQ,pytorch_tabular_net,0.2203399986028671,Medium,2026-10-01T07:22:18Z,train,0
5883-GTGVD,pytorch_tabular_net,0.7264900207519531,Critical,2026-10-01T07:22:18Z,train,1
5884-FBCTL,pytorch_tabular_net,0.0112300002947449,Low,2026-10-01T07:22:18Z,train,0
5884-GCYMI,pytorch_tabular_net,0.6644499897956848,Critical,2026-10-01T07:22:18Z,train,1
5886-VLQVU,pytorch_tabular_net,0.2071499973535537,Medium,2026-10-01T07:22:18Z,valid,0
5887-IKKYO,pytorch_tabular_net,0.0348899997770786,Low,2026-10-01T07:22:18Z,valid,0
5889-JTMUL,pytorch_tabular_net,0.5820500254631042,High,2026-10-01T07:22:18Z,train,1
5889-LFOLL,pytorch_tabular_net,0.6835500001907349,Critical,2026-10-01T07:22:18Z,train,1
5893-KCLGT,pytorch_tabular_net,0.0096100000664591,Low,2026-10-01T07:22:18Z,train,0
5893-PYOLZ,pytorch_tabular_net,0.0359099991619586,Low,2026-10-01T07:22:18Z,train,0
5895-QSXOD,pytorch_tabular_net,0.3475100100040436,Medium,2026-10-01T07:22:18Z,test,1
5896-NPFWW,pytorch_tabular_net,0.5867800116539001,High,2026-10-01T07:22:18Z,test,1
5897-ZYEKH,pytorch_tabular_net,0.2869299948215484,Medium,2026-10-01T07:22:18Z,test,0
5898-IGSLP,pytorch_tabular_net,0.2746500074863434,Medium,2026-10-01T07:22:18Z,train,0
5899-MQZZL,pytorch_tabular_net,0.5234400033950806,High,2026-10-01T07:22:18Z,valid,1
5899-OUVKV,pytorch_tabular_net,0.5293099880218506,High,2026-10-01T07:22:18Z,train,1
5902-WBLSE,pytorch_tabular_net,0.0136200003325939,Low,2026-10-01T07:22:18Z,train,0
5906-BFOZT,pytorch_tabular_net,0.3294099867343902,Medium,2026-10-01T07:22:18Z,valid,0
5906-CVLHP,pytorch_tabular_net,0.0685399994254112,Low,2026-10-01T07:22:18Z,valid,0
5906-DVAPM,pytorch_tabular_net,0.0603200010955333,Low,2026-10-01T07:22:18Z,train,0
5908-QMGOE,pytorch_tabular_net,0.5999400019645691,High,2026-10-01T07:22:18Z,train,1
5909-ECHUI,pytorch_tabular_net,0.7053700089454651,Critical,2026-10-01T07:22:18Z,train,1
5913-INRQV,pytorch_tabular_net,0.144459992647171,Low,2026-10-01T07:22:18Z,test,0
5914-DVBWJ,pytorch_tabular_net,0.6000400185585022,Critical,2026-10-01T07:22:18Z,train,1
5914-GXMDA,pytorch_tabular_net,0.0116200000047683,Low,2026-10-01T07:22:18Z,train,0
5914-XRFQB,pytorch_tabular_net,0.051010001450777,Low,2026-10-01T07:22:18Z,train,0
5915-ANOEI,pytorch_tabular_net,0.0291399993002414,Low,2026-10-01T07:22:18Z,valid,0
5915-DGNVC,pytorch_tabular_net,0.0573100000619888,Low,2026-10-01T07:22:18Z,train,0
5916-QEWPT,pytorch_tabular_net,0.3624500036239624,Medium,2026-10-01T07:22:18Z,train,1
5917-HBSDW,pytorch_tabular_net,0.0411599986255168,Low,2026-10-01T07:22:18Z,valid,0
5917-RYRMG,pytorch_tabular_net,0.0680200010538101,Low,2026-10-01T07:22:18Z,train,0
5918-VUKWP,pytorch_tabular_net,0.0207499992102384,Low,2026-10-01T07:22:18Z,train,0
5919-TMRGD,pytorch_tabular_net,0.8547000288963318,Critical,2026-10-01T07:22:18Z,train,1
5919-VCZYM,pytorch_tabular_net,0.1750099956989288,Low,2026-10-01T07:22:18Z,train,0
5921-NGYRH,pytorch_tabular_net,0.1480399966239929,Low,2026-10-01T07:22:18Z,train,0
5922-ABDVO,pytorch_tabular_net,0.4935699999332428,High,2026-10-01T07:22:18Z,train,1
5923-GXUOC,pytorch_tabular_net,0.635640025138855,Critical,2026-10-01T07:22:18Z,test,1
5924-IFQTT,pytorch_tabular_net,0.2624300122261047,Medium,2026-10-01T07:22:18Z,train,0
5924-SNGKP,pytorch_tabular_net,0.0266800001263618,Low,2026-10-01T07:22:18Z,train,0
5928-QLDHB,pytorch_tabular_net,0.6661700010299683,Critical,2026-10-01T07:22:18Z,train,1
5930-GBIWP,pytorch_tabular_net,0.0279399994760751,Low,2026-10-01T07:22:18Z,test,0
5931-FLJJF,pytorch_tabular_net,0.678820013999939,Critical,2026-10-01T07:22:18Z,test,1
5934-RMPOV,pytorch_tabular_net,0.5983499884605408,High,2026-10-01T07:22:18Z,valid,1
5934-TSSAU,pytorch_tabular_net,0.3682799935340881,Medium,2026-10-01T07:22:18Z,train,1
5935-FCCNB,pytorch_tabular_net,0.7883399724960327,Critical,2026-10-01T07:22:18Z,test,1
5937-EORGB,pytorch_tabular_net,0.6882299780845642,Critical,2026-10-01T07:22:18Z,train,1
5939-SXWHM,pytorch_tabular_net,0.0146300001069903,Low,2026-10-01T07:22:18Z,test,0
5939-XAIXZ,pytorch_tabular_net,0.2725299894809723,Medium,2026-10-01T07:22:18Z,test,0
5940-AHUHD,pytorch_tabular_net,0.6663299798965454,Critical,2026-10-01T07:22:18Z,train,1
5940-NFXKV,pytorch_tabular_net,0.5770900249481201,High,2026-10-01T07:22:18Z,train,1
5944-UGLLK,pytorch_tabular_net,0.0828000009059906,Low,2026-10-01T07:22:18Z,train,0
5945-AZYHT,pytorch_tabular_net,0.333510011434555,Medium,2026-10-01T07:22:18Z,test,0
5947-SGKCL,pytorch_tabular_net,0.6420999765396118,Critical,2026-10-01T07:22:18Z,test,1
5948-UJZLF,pytorch_tabular_net,0.3069899976253509,Medium,2026-10-01T07:22:18Z,train,0
5949-EBSQK,pytorch_tabular_net,0.1495900005102157,Low,2026-10-01T07:22:18Z,test,0
5949-HGVJL,pytorch_tabular_net,0.1083900034427642,Low,2026-10-01T07:22:18Z,train,0
5949-XIKAE,pytorch_tabular_net,0.7343000173568726,Critical,2026-10-01T07:22:18Z,train,1
5950-AAAGJ,pytorch_tabular_net,0.4268600046634674,High,2026-10-01T07:22:18Z,train,1
5951-AOFIH,pytorch_tabular_net,0.1580999940633773,Low,2026-10-01T07:22:18Z,train,0
5954-BDFSG,pytorch_tabular_net,0.0589599981904029,Low,2026-10-01T07:22:18Z,train,0
5955-EPOAZ,pytorch_tabular_net,0.1477600038051605,Low,2026-10-01T07:22:18Z,train,0
5955-ERIHD,pytorch_tabular_net,0.7374799847602844,Critical,2026-10-01T07:22:18Z,train,1
5956-VKDTT,pytorch_tabular_net,0.7285900115966797,Critical,2026-10-01T07:22:18Z,train,1
5956-YHHRX,pytorch_tabular_net,0.7724599838256836,Critical,2026-10-01T07:22:18Z,test,1
5959-BELXA,pytorch_tabular_net,0.6377400159835815,Critical,2026-10-01T07:22:18Z,train,1
5960-MVTUK,pytorch_tabular_net,0.6493399739265442,Critical,2026-10-01T07:22:18Z,test,1
5960-WPXQM,pytorch_tabular_net,0.8416600227355957,Critical,2026-10-01T07:22:18Z,valid,1
5961-VUSRV,pytorch_tabular_net,0.0400100015103817,Low,2026-10-01T07:22:18Z,test,0
5965-GGPRW,pytorch_tabular_net,0.065870001912117,Low,2026-10-01T07:22:18Z,train,0
5966-EMAZU,pytorch_tabular_net,0.2506499886512756,Medium,2026-10-01T07:22:18Z,train,0
5968-HYJRZ,pytorch_tabular_net,0.0109799997881054,Low,2026-10-01T07:22:18Z,test,0
5968-VXZLG,pytorch_tabular_net,0.4922400116920471,High,2026-10-01T07:22:18Z,test,1
5968-XQIVE,pytorch_tabular_net,0.3282299935817718,Medium,2026-10-01T07:22:18Z,valid,0
5970-GHJAW,pytorch_tabular_net,0.0137200001627206,Low,2026-10-01T07:22:18Z,train,0
5973-EJGDP,pytorch_tabular_net,0.3291600048542022,Medium,2026-10-01T07:22:18Z,train,0
5975-BAICR,pytorch_tabular_net,0.0725200027227401,Low,2026-10-01T07:22:18Z,valid,0
5976-JCJRH,pytorch_tabular_net,0.6317999958992004,Critical,2026-10-01T07:22:18Z,train,1
5977-CKHON,pytorch_tabular_net,0.3902699947357178,Medium,2026-10-01T07:22:18Z,train,1
5980-BDHPY,pytorch_tabular_net,0.0265599992126226,Low,2026-10-01T07:22:18Z,test,0
5980-NOPLP,pytorch_tabular_net,0.6585800051689148,Critical,2026-10-01T07:22:18Z,train,1
5981-ITEMU,pytorch_tabular_net,0.4459100067615509,High,2026-10-01T07:22:18Z,train,1
5981-ZVXOT,pytorch_tabular_net,0.4282799959182739,High,2026-10-01T07:22:18Z,train,1
5982-FPVQN,pytorch_tabular_net,0.5266199707984924,High,2026-10-01T07:22:18Z,train,1
5982-PSMKW,pytorch_tabular_net,0.0263599995523691,Low,2026-10-01T07:22:18Z,train,0
5982-XMDEX,pytorch_tabular_net,0.0135599998757243,Low,2026-10-01T07:22:18Z,train,0
5985-BEHZK,pytorch_tabular_net,0.1434800028800964,Low,2026-10-01T07:22:18Z,train,0
5985-TBABQ,pytorch_tabular_net,0.095380000770092,Low,2026-10-01T07:22:18Z,train,0
5986-WWXDV,pytorch_tabular_net,0.0227000005543231,Low,2026-10-01T07:22:18Z,test,0
5989-AXPUC,pytorch_tabular_net,0.0410499982535839,Low,2026-10-01T07:22:18Z,test,0
5989-OMNJE,pytorch_tabular_net,0.0688899978995323,Low,2026-10-01T07:22:18Z,train,0
5989-PGKJB,pytorch_tabular_net,0.5181900262832642,High,2026-10-01T07:22:18Z,train,1
5993-BQHEA,pytorch_tabular_net,0.0427599996328353,Low,2026-10-01T07:22:18Z,train,0
5993-JSUWV,pytorch_tabular_net,0.0144899999722838,Low,2026-10-01T07:22:18Z,train,0
5995-LFTLE,pytorch_tabular_net,0.0260300002992153,Low,2026-10-01T07:22:18Z,test,0
5995-OIGLP,pytorch_tabular_net,0.1179199963808059,Low,2026-10-01T07:22:18Z,valid,0
5995-SNNEW,pytorch_tabular_net,0.6543400287628174,Critical,2026-10-01T07:22:18Z,train,1
5995-WWKKG,pytorch_tabular_net,0.0206000003963708,Low,2026-10-01T07:22:18Z,train,0
5996-DAOQL,pytorch_tabular_net,0.3247799873352051,Medium,2026-10-01T07:22:18Z,train,0
5996-EBTKM,pytorch_tabular_net,0.0166299995034933,Low,2026-10-01T07:22:18Z,train,0
5996-NRVXR,pytorch_tabular_net,0.1875499933958053,Low,2026-10-01T07:22:18Z,valid,0
5997-OPVFA,pytorch_tabular_net,0.0282600000500679,Low,2026-10-01T07:22:18Z,train,0
5998-DZLYR,pytorch_tabular_net,0.034060001373291,Low,2026-10-01T07:22:18Z,test,0
5998-VVEJY,pytorch_tabular_net,0.4181199967861175,High,2026-10-01T07:22:18Z,test,1
5999-LCXAO,pytorch_tabular_net,0.3937300145626068,Medium,2026-10-01T07:22:18Z,train,1
6000-APYLU,pytorch_tabular_net,0.6149899959564209,Critical,2026-10-01T07:22:18Z,valid,1
6000-UKLWI,pytorch_tabular_net,0.011739999987185,Low,2026-10-01T07:22:18Z,train,0
6005-OBZPH,pytorch_tabular_net,0.6810899972915649,Critical,2026-10-01T07:22:18Z,train,1
6007-TCTST,pytorch_tabular_net,0.0383899994194507,Low,2026-10-01T07:22:18Z,valid,0
6008-NAIXK,pytorch_tabular_net,0.3055399954319,Medium,2026-10-01T07:22:18Z,train,0
6010-DDPPW,pytorch_tabular_net,0.0167900007218122,Low,2026-10-01T07:22:18Z,test,0
6013-BHCAW,pytorch_tabular_net,0.0331499986350536,Low,2026-10-01T07:22:18Z,train,0
6015-VVHHE,pytorch_tabular_net,0.8137900233268738,Critical,2026-10-01T07:22:18Z,test,1
6016-LVTJQ,pytorch_tabular_net,0.0357999987900257,Low,2026-10-01T07:22:18Z,valid,0
6016-NXBNJ,pytorch_tabular_net,0.0217099990695714,Low,2026-10-01T07:22:18Z,train,0
6017-PPLPX,pytorch_tabular_net,0.5662699937820435,High,2026-10-01T07:22:18Z,train,1
6022-KOUQO,pytorch_tabular_net,0.2945800125598907,Medium,2026-10-01T07:22:18Z,test,0
6022-UGGSO,pytorch_tabular_net,0.4706999957561493,High,2026-10-01T07:22:18Z,train,1
6023-GSSXW,pytorch_tabular_net,0.0333099998533725,Low,2026-10-01T07:22:18Z,train,0
6023-YEBUP,pytorch_tabular_net,0.8757500052452087,Critical,2026-10-01T07:22:18Z,train,1
6024-RUGGH,pytorch_tabular_net,0.018360000103712,Low,2026-10-01T07:22:18Z,test,0
6029-CSMJE,pytorch_tabular_net,0.3780499994754791,Medium,2026-10-01T07:22:18Z,train,1
6029-WTIPC,pytorch_tabular_net,0.7129200100898743,Critical,2026-10-01T07:22:18Z,train,1
6030-REHUX,pytorch_tabular_net,0.5884699821472168,High,2026-10-01T07:22:18Z,valid,1
6032-IGALN,pytorch_tabular_net,0.7280799746513367,Critical,2026-10-01T07:22:18Z,test,1
6032-KRXXO,pytorch_tabular_net,0.5681300163269043,High,2026-10-01T07:22:18Z,test,1
6034-YMTOB,pytorch_tabular_net,0.501479983329773,High,2026-10-01T07:22:18Z,valid,1
6034-ZRYCV,pytorch_tabular_net,0.0306700002402067,Low,2026-10-01T07:22:18Z,train,0
6035-BXTTY,pytorch_tabular_net,0.1238899976015091,Low,2026-10-01T07:22:18Z,valid,0
6035-RIIOM,pytorch_tabular_net,0.0793799981474876,Low,2026-10-01T07:22:18Z,train,0
6036-TTFYU,pytorch_tabular_net,0.0580199994146823,Low,2026-10-01T07:22:18Z,train,0
6038-GCYEC,pytorch_tabular_net,0.4222800135612488,High,2026-10-01T07:22:18Z,train,1
6040-CGACY,pytorch_tabular_net,0.063680000603199,Low,2026-10-01T07:22:18Z,test,0
6047-SUHPR,pytorch_tabular_net,0.044659998267889,Low,2026-10-01T07:22:18Z,test,0
6047-YHPVI,pytorch_tabular_net,0.6573299765586853,Critical,2026-10-01T07:22:18Z,train,1
6048-NJXHX,pytorch_tabular_net,0.0137400003150105,Low,2026-10-01T07:22:18Z,train,0
6048-QBXKL,pytorch_tabular_net,0.7293800115585327,Critical,2026-10-01T07:22:18Z,test,1
6048-UWKAL,pytorch_tabular_net,0.0917100012302398,Low,2026-10-01T07:22:18Z,train,0
6050-FFXES,pytorch_tabular_net,0.0437100008130073,Low,2026-10-01T07:22:18Z,test,0
6050-IJRHS,pytorch_tabular_net,0.2911100089550018,Medium,2026-10-01T07:22:18Z,train,0
6051-PTVNS,pytorch_tabular_net,0.0142999999225139,Low,2026-10-01T07:22:18Z,test,0
6060-DRTNL,pytorch_tabular_net,0.7677900195121765,Critical,2026-10-01T07:22:18Z,train,1
6060-QBMGV,pytorch_tabular_net,0.0171600002795457,Low,2026-10-01T07:22:18Z,train,0
6061-GWWAV,pytorch_tabular_net,0.048369999974966,Low,2026-10-01T07:22:18Z,train,0
6061-PQHMK,pytorch_tabular_net,0.0292499996721744,Low,2026-10-01T07:22:18Z,valid,0
6064-PUPMC,pytorch_tabular_net,0.0632999986410141,Low,2026-10-01T07:22:18Z,train,0
6064-ZATLR,pytorch_tabular_net,0.0253199990838766,Low,2026-10-01T07:22:18Z,train,0
6067-NGCEU,pytorch_tabular_net,0.3684700131416321,Medium,2026-10-01T07:22:18Z,train,1
6072-NUQCB,pytorch_tabular_net,0.0202399995177984,Low,2026-10-01T07:22:18Z,train,0
6075-QMNRR,pytorch_tabular_net,0.0785700008273124,Low,2026-10-01T07:22:18Z,train,0
6075-SLNIL,pytorch_tabular_net,0.4412800073623657,High,2026-10-01T07:22:18Z,train,1
6077-BDPXA,pytorch_tabular_net,0.6960800290107727,Critical,2026-10-01T07:22:18Z,valid,1
6078-VESFR,pytorch_tabular_net,0.2777799963951111,Medium,2026-10-01T07:22:18Z,train,0
6080-LNESI,pytorch_tabular_net,0.0121999997645616,Low,2026-10-01T07:22:18Z,test,0
6080-TCMYC,pytorch_tabular_net,0.5404499769210815,High,2026-10-01T07:22:18Z,valid,1
6082-GLJIX,pytorch_tabular_net,0.0632499977946281,Low,2026-10-01T07:22:18Z,train,0
6082-OQFBA,pytorch_tabular_net,0.0161400008946657,Low,2026-10-01T07:22:18Z,train,0
6086-ESGRL,pytorch_tabular_net,0.7422099709510803,Critical,2026-10-01T07:22:18Z,train,1
6087-MVHJH,pytorch_tabular_net,0.6985300183296204,Critical,2026-10-01T07:22:18Z,train,1
6087-YPWHO,pytorch_tabular_net,0.0181200001388788,Low,2026-10-01T07:22:18Z,test,0
6088-BXMRG,pytorch_tabular_net,0.5928000211715698,High,2026-10-01T07:22:18Z,test,1
6092-QZVPP,pytorch_tabular_net,0.1145099997520446,Low,2026-10-01T07:22:18Z,train,0
6094-ZIVKX,pytorch_tabular_net,0.0367499999701976,Low,2026-10-01T07:22:18Z,train,0
6096-EGVTU,pytorch_tabular_net,0.0104499999433755,Low,2026-10-01T07:22:18Z,train,0
6097-EQISJ,pytorch_tabular_net,0.1732500046491623,Low,2026-10-01T07:22:18Z,train,0
6100-FJZDG,pytorch_tabular_net,0.024890000000596,Low,2026-10-01T07:22:18Z,train,0
6100-QQHEB,pytorch_tabular_net,0.7132099866867065,Critical,2026-10-01T07:22:18Z,train,1
6101-IMRMM,pytorch_tabular_net,0.6462000012397766,Critical,2026-10-01T07:22:18Z,train,1
6103-BOCOU,pytorch_tabular_net,0.5820500254631042,High,2026-10-01T07:22:18Z,test,1
6103-LIANB,pytorch_tabular_net,0.1071299985051155,Low,2026-10-01T07:22:18Z,test,0
6103-QCKFX,pytorch_tabular_net,0.0623500011861324,Low,2026-10-01T07:22:18Z,valid,0
6108-OQZDQ,pytorch_tabular_net,0.8085200190544128,Critical,2026-10-01T07:22:18Z,train,1
6110-OHIHY,pytorch_tabular_net,0.7195199728012085,Critical,2026-10-01T07:22:18Z,train,1
6112-KTHFQ,pytorch_tabular_net,0.0888499990105629,Low,2026-10-01T07:22:18Z,valid,0
6114-TCFID,pytorch_tabular_net,0.0472900010645389,Low,2026-10-01T07:22:18Z,train,0
6115-ZTBFQ,pytorch_tabular_net,0.0167399998754262,Low,2026-10-01T07:22:18Z,valid,0
6116-RFVHN,pytorch_tabular_net,0.6836199760437012,Critical,2026-10-01T07:22:18Z,test,1
6119-SPUDB,pytorch_tabular_net,0.0103900004178285,Low,2026-10-01T07:22:18Z,train,0
6120-RJKLU,pytorch_tabular_net,0.0291200000792741,Low,2026-10-01T07:22:18Z,train,0
6121-TNHBO,pytorch_tabular_net,0.0822300016880035,Low,2026-10-01T07:22:18Z,train,0
6121-VZNQB,pytorch_tabular_net,0.3501200079917907,Medium,2026-10-01T07:22:18Z,test,1
6122-EFVKN,pytorch_tabular_net,0.0128300003707408,Low,2026-10-01T07:22:18Z,test,0
6122-LJADA,pytorch_tabular_net,0.0221400000154972,Low,2026-10-01T07:22:18Z,test,0
6124-ACRHJ,pytorch_tabular_net,0.2503400146961212,Medium,2026-10-01T07:22:18Z,train,0
6127-ISGTU,pytorch_tabular_net,0.7473400235176086,Critical,2026-10-01T07:22:18Z,train,1
6127-IYJOZ,pytorch_tabular_net,0.751010000705719,Critical,2026-10-01T07:22:18Z,train,1
6128-AQBMT,pytorch_tabular_net,0.5374500155448914,High,2026-10-01T07:22:18Z,valid,1
6128-CZOMY,pytorch_tabular_net,0.7092700004577637,Critical,2026-10-01T07:22:18Z,train,1
6128-DAFVY,pytorch_tabular_net,0.3220399916172027,Medium,2026-10-01T07:22:18Z,valid,0
6131-FOYAS,pytorch_tabular_net,0.2244900017976761,Medium,2026-10-01T07:22:18Z,valid,0
6131-IUNXN,pytorch_tabular_net,0.0487499982118606,Low,2026-10-01T07:22:18Z,valid,0
6131-JLWZM,pytorch_tabular_net,0.0881299972534179,Low,2026-10-01T07:22:18Z,valid,0
6133-OZILE,pytorch_tabular_net,0.2544699907302856,Medium,2026-10-01T07:22:18Z,train,0
6134-KWTBV,pytorch_tabular_net,0.0200500003993511,Low,2026-10-01T07:22:18Z,train,0
6135-OZQVA,pytorch_tabular_net,0.4682100117206573,High,2026-10-01T07:22:18Z,valid,1
6137-MFAJN,pytorch_tabular_net,0.1900800019502639,Low,2026-10-01T07:22:18Z,train,0
6137-NICCO,pytorch_tabular_net,0.7293099761009216,Critical,2026-10-01T07:22:18Z,valid,1
6139-ZZRBQ,pytorch_tabular_net,0.0351400002837181,Low,2026-10-01T07:22:18Z,test,0
6140-QNRQQ,pytorch_tabular_net,0.7785900235176086,Critical,2026-10-01T07:22:18Z,train,1
6141-OOXUQ,pytorch_tabular_net,0.2313899993896484,Medium,2026-10-01T07:22:18Z,train,0
6142-VSJQO,pytorch_tabular_net,0.565530002117157,High,2026-10-01T07:22:18Z,test,1
6143-JQKEA,pytorch_tabular_net,0.3682099878787994,Medium,2026-10-01T07:22:18Z,test,1
6145-NNPNO,pytorch_tabular_net,0.4200800061225891,High,2026-10-01T07:22:18Z,train,1
6147-CBCRA,pytorch_tabular_net,0.0371600016951561,Low,2026-10-01T07:22:18Z,train,0
6152-ONASV,pytorch_tabular_net,0.0243500005453825,Low,2026-10-01T07:22:18Z,train,0
6156-UZDLF,pytorch_tabular_net,0.1532800048589706,Low,2026-10-01T07:22:18Z,test,0
6158-DWPZT,pytorch_tabular_net,0.1526699960231781,Low,2026-10-01T07:22:18Z,train,0
6158-HDPXZ,pytorch_tabular_net,0.5964099764823914,High,2026-10-01T07:22:18Z,train,1
6161-ERDGD,pytorch_tabular_net,0.0961799994111061,Low,2026-10-01T07:22:18Z,test,0
6161-UUUTA,pytorch_tabular_net,0.7838500142097473,Critical,2026-10-01T07:22:18Z,train,1
6164-HAQTX,pytorch_tabular_net,0.0153500000014901,Low,2026-10-01T07:22:18Z,valid,0
6164-HXUGH,pytorch_tabular_net,0.089539997279644,Low,2026-10-01T07:22:18Z,valid,0
6166-ILMNY,pytorch_tabular_net,0.590179979801178,High,2026-10-01T07:22:18Z,valid,1
6166-YIPFO,pytorch_tabular_net,0.0339899994432926,Low,2026-10-01T07:22:18Z,train,0
6168-WFVVF,pytorch_tabular_net,0.7704700231552124,Critical,2026-10-01T07:22:18Z,train,1
6168-YBYNP,pytorch_tabular_net,0.4129300117492676,High,2026-10-01T07:22:18Z,train,1
6169-PGNCD,pytorch_tabular_net,0.0265500005334615,Low,2026-10-01T07:22:18Z,train,0
6169-PPETC,pytorch_tabular_net,0.0149100003764033,Low,2026-10-01T07:22:18Z,test,0
6171-ZTVYB,pytorch_tabular_net,0.048879999667406,Low,2026-10-01T07:22:18Z,train,0
6172-FECYY,pytorch_tabular_net,0.4577099978923797,High,2026-10-01T07:22:18Z,train,1
6173-GOLSU,pytorch_tabular_net,0.3531700074672699,Medium,2026-10-01T07:22:18Z,train,1
6173-ITPWD,pytorch_tabular_net,0.2544699907302856,Medium,2026-10-01T07:22:18Z,train,0
6174-NRBTZ,pytorch_tabular_net,0.0462200008332729,Low,2026-10-01T07:22:18Z,test,0
6175-IRFIT,pytorch_tabular_net,0.5036500096321106,High,2026-10-01T07:22:18Z,train,1
6176-YJWAS,pytorch_tabular_net,0.0512299984693527,Low,2026-10-01T07:22:18Z,train,0
6177-PEVRA,pytorch_tabular_net,0.0309999994933605,Low,2026-10-01T07:22:18Z,train,0
6178-KFNHS,pytorch_tabular_net,0.5205900073051453,High,2026-10-01T07:22:18Z,train,1
6179-GJPSO,pytorch_tabular_net,0.4067499935626983,High,2026-10-01T07:22:18Z,train,1
6180-YBIQI,pytorch_tabular_net,0.3574999868869781,Medium,2026-10-01T07:22:18Z,test,1
6181-AXXYF,pytorch_tabular_net,0.0158600006252527,Low,2026-10-01T07:22:18Z,test,0
6184-DYUOB,pytorch_tabular_net,0.1911299973726272,Low,2026-10-01T07:22:18Z,train,0
6185-TASNN,pytorch_tabular_net,0.6359699964523315,Critical,2026-10-01T07:22:18Z,train,1
6188-UXBBR,pytorch_tabular_net,0.023930000141263,Low,2026-10-01T07:22:18Z,train,0
6194-HBGQN,pytorch_tabular_net,0.1164999976754188,Low,2026-10-01T07:22:18Z,valid,0
6195-MELTI,pytorch_tabular_net,0.0486700013279914,Low,2026-10-01T07:22:18Z,train,0
6196-HBOBZ,pytorch_tabular_net,0.0846199989318847,Low,2026-10-01T07:22:18Z,train,0
6198-PNNSZ,pytorch_tabular_net,0.152329996228218,Low,2026-10-01T07:22:18Z,train,0
6198-RTPMF,pytorch_tabular_net,0.6750100255012512,Critical,2026-10-01T07:22:18Z,valid,1
6198-ZFIOJ,pytorch_tabular_net,0.6910499930381775,Critical,2026-10-01T07:22:18Z,train,1
6199-IPCAO,pytorch_tabular_net,0.0083200000226497,Low,2026-10-01T07:22:18Z,train,0
6199-IWKGC,pytorch_tabular_net,0.3405399918556213,Medium,2026-10-01T07:22:18Z,test,1
6202-DYYFX,pytorch_tabular_net,0.2759599983692169,Medium,2026-10-01T07:22:18Z,train,0
6202-JVYEU,pytorch_tabular_net,0.0603599995374679,Low,2026-10-01T07:22:18Z,train,0
6203-HBZPA,pytorch_tabular_net,0.0291200000792741,Low,2026-10-01T07:22:18Z,test,0
6204-IEUXJ,pytorch_tabular_net,0.5382800102233887,High,2026-10-01T07:22:18Z,valid,1
6207-WIOLX,pytorch_tabular_net,0.289819985628128,Medium,2026-10-01T07:22:18Z,train,0
6210-KBBPI,pytorch_tabular_net,0.7717499732971191,Critical,2026-10-01T07:22:18Z,test,1
6211-WHMYA,pytorch_tabular_net,0.3649199903011322,Medium,2026-10-01T07:22:18Z,train,1
6211-WWLTF,pytorch_tabular_net,0.0438399985432624,Low,2026-10-01T07:22:18Z,train,0
6212-ATMLK,pytorch_tabular_net,0.5699599981307983,High,2026-10-01T07:22:18Z,train,1
6214-EDAKZ,pytorch_tabular_net,0.1035000011324882,Low,2026-10-01T07:22:18Z,train,0
6215-NQCPY,pytorch_tabular_net,0.7519400119781494,Critical,2026-10-01T07:22:18Z,train,1
6217-KDYWC,pytorch_tabular_net,0.0146899996325373,Low,2026-10-01T07:22:18Z,train,0
6217-TOWGS,pytorch_tabular_net,0.2574599981307983,Medium,2026-10-01T07:22:18Z,train,0
6218-KNUBD,pytorch_tabular_net,0.3070400059223175,Medium,2026-10-01T07:22:18Z,test,0
6221-AVQYL,pytorch_tabular_net,0.7583199739456177,Critical,2026-10-01T07:22:18Z,valid,1
6223-DHJGV,pytorch_tabular_net,0.013260000385344,Low,2026-10-01T07:22:18Z,train,0
6227-FBDXH,pytorch_tabular_net,0.1611800044775009,Low,2026-10-01T07:22:18Z,valid,0
6227-HWPWX,pytorch_tabular_net,0.2368199974298477,Medium,2026-10-01T07:22:18Z,valid,0
6229-LSCKB,pytorch_tabular_net,0.7394800186157227,Critical,2026-10-01T07:22:18Z,train,1
6229-UOLQL,pytorch_tabular_net,0.0708400011062622,Low,2026-10-01T07:22:18Z,train,0
6230-BSUXY,pytorch_tabular_net,0.8709400296211243,Critical,2026-10-01T07:22:18Z,train,1
6231-WFGFH,pytorch_tabular_net,0.1605399996042251,Low,2026-10-01T07:22:18Z,train,0
6233-HXJMX,pytorch_tabular_net,0.4685499966144562,High,2026-10-01T07:22:18Z,train,1
6234-PFPXL,pytorch_tabular_net,0.4439800083637237,High,2026-10-01T07:22:18Z,test,1
6234-RAAPL,pytorch_tabular_net,0.0418899990618228,Low,2026-10-01T07:22:18Z,train,0
6235-VDHOM,pytorch_tabular_net,0.5488399863243103,High,2026-10-01T07:22:18Z,test,1
6240-EURKS,pytorch_tabular_net,0.2794899940490722,Medium,2026-10-01T07:22:18Z,test,0
6242-FEGFD,pytorch_tabular_net,0.0271700005978345,Low,2026-10-01T07:22:18Z,train,0
6242-MBHPK,pytorch_tabular_net,0.6603699922561646,Critical,2026-10-01T07:22:18Z,test,1
6242-SGYTS,pytorch_tabular_net,0.1329399943351745,Low,2026-10-01T07:22:18Z,train,0
6243-OZGFH,pytorch_tabular_net,0.4812699854373932,High,2026-10-01T07:22:18Z,train,1
6244-BESBM,pytorch_tabular_net,0.0782499983906745,Low,2026-10-01T07:22:18Z,train,0
6248-BSHKG,pytorch_tabular_net,0.01484000030905,Low,2026-10-01T07:22:18Z,train,0
6248-TKCQV,pytorch_tabular_net,0.033670000731945,Low,2026-10-01T07:22:18Z,train,0
6250-CGGUN,pytorch_tabular_net,0.0930899977684021,Low,2026-10-01T07:22:18Z,test,0
6252-DFGTK,pytorch_tabular_net,0.0601300001144409,Low,2026-10-01T07:22:18Z,train,0
6253-GNHWH,pytorch_tabular_net,0.009689999744296,Low,2026-10-01T07:22:18Z,train,0
6253-WRFHY,pytorch_tabular_net,0.2932600080966949,Medium,2026-10-01T07:22:18Z,valid,0
6257-DTAYD,pytorch_tabular_net,0.1093299984931945,Low,2026-10-01T07:22:18Z,valid,0
6257-RJOHI,pytorch_tabular_net,0.3124499917030334,Medium,2026-10-01T07:22:18Z,valid,0
6258-NGCNG,pytorch_tabular_net,0.1292999982833862,Low,2026-10-01T07:22:18Z,test,0
6258-PVZWJ,pytorch_tabular_net,0.0256699994206428,Low,2026-10-01T07:22:18Z,train,0
6259-WJQLC,pytorch_tabular_net,0.5329899787902832,High,2026-10-01T07:22:18Z,test,1
6260-ONULR,pytorch_tabular_net,0.690280020236969,Critical,2026-10-01T07:22:18Z,valid,1
6260-XLACS,pytorch_tabular_net,0.0513599999248981,Low,2026-10-01T07:22:18Z,train,0
6261-LHRTG,pytorch_tabular_net,0.2154099941253662,Medium,2026-10-01T07:22:18Z,train,0
6261-RCVNS,pytorch_tabular_net,0.0831300020217895,Low,2026-10-01T07:22:18Z,valid,0
6265-FRMTQ,pytorch_tabular_net,0.0215600002557039,Low,2026-10-01T07:22:18Z,train,0
6265-SXWBU,pytorch_tabular_net,0.0764899998903274,Low,2026-10-01T07:22:18Z,train,0
6266-QHOJZ,pytorch_tabular_net,0.0859699994325637,Low,2026-10-01T07:22:18Z,test,0
6267-DCFFZ,pytorch_tabular_net,0.6112200021743774,Critical,2026-10-01T07:22:18Z,train,1
6270-OMFIW,pytorch_tabular_net,0.3063200116157532,Medium,2026-10-01T07:22:18Z,train,0
6275-YDUVO,pytorch_tabular_net,0.8108599781990051,Critical,2026-10-01T07:22:18Z,train,1
6278-FEPBZ,pytorch_tabular_net,0.0871300026774406,Low,2026-10-01T07:22:18Z,valid,0
6281-FKEWS,pytorch_tabular_net,0.1459300071001052,Low,2026-10-01T07:22:18Z,train,0
6283-GITPX,pytorch_tabular_net,0.032329998910427,Low,2026-10-01T07:22:18Z,train,0
6284-AHOOQ,pytorch_tabular_net,0.5158699750900269,High,2026-10-01T07:22:18Z,train,1
6284-KMNUF,pytorch_tabular_net,0.2166900038719177,Medium,2026-10-01T07:22:18Z,train,0
6285-FTQBF,pytorch_tabular_net,0.0157800000160932,Low,2026-10-01T07:22:18Z,train,0
6286-SUUWT,pytorch_tabular_net,0.230660006403923,Medium,2026-10-01T07:22:18Z,train,0
6286-ZHAOK,pytorch_tabular_net,0.0989099964499473,Low,2026-10-01T07:22:18Z,train,0
6288-CHQJB,pytorch_tabular_net,0.0152000002562999,Low,2026-10-01T07:22:18Z,test,0
6288-LBEAR,pytorch_tabular_net,0.2360399961471557,Medium,2026-10-01T07:22:18Z,train,0
6289-CPNLD,pytorch_tabular_net,0.1154500022530555,Low,2026-10-01T07:22:18Z,train,0
6292-TOSSS,pytorch_tabular_net,0.0204199999570846,Low,2026-10-01T07:22:18Z,train,0
6295-OSINB,pytorch_tabular_net,0.1079299971461296,Low,2026-10-01T07:22:18Z,train,0
6296-DDOOR,pytorch_tabular_net,0.1120800003409385,Low,2026-10-01T07:22:18Z,test,0
6297-NOOPG,pytorch_tabular_net,0.0652500018477439,Low,2026-10-01T07:22:18Z,train,0
6298-QDFNH,pytorch_tabular_net,0.5258600115776062,High,2026-10-01T07:22:18Z,train,1
6300-BWMJX,pytorch_tabular_net,0.2374899983406067,Medium,2026-10-01T07:22:18Z,train,0
6302-JGYRJ,pytorch_tabular_net,0.1431100070476532,Low,2026-10-01T07:22:18Z,valid,0
6303-KFWSL,pytorch_tabular_net,0.1269900053739547,Low,2026-10-01T07:22:18Z,valid,0
6304-IJFSQ,pytorch_tabular_net,0.4979299902915954,High,2026-10-01T07:22:18Z,test,1
6305-YLBMM,pytorch_tabular_net,0.1717700064182281,Low,2026-10-01T07:22:18Z,test,0
6308-CQRBU,pytorch_tabular_net,0.0539399981498718,Low,2026-10-01T07:22:18Z,train,0
6311-UEUME,pytorch_tabular_net,0.5382999777793884,High,2026-10-01T07:22:18Z,train,1
6313-GIDIT,pytorch_tabular_net,0.5003799796104431,High,2026-10-01T07:22:18Z,train,1
6317-YPKDH,pytorch_tabular_net,0.511709988117218,High,2026-10-01T07:22:18Z,test,1
6319-IEJWJ,pytorch_tabular_net,0.6061599850654602,Critical,2026-10-01T07:22:18Z,test,1
6319-QSUSR,pytorch_tabular_net,0.0951299965381622,Low,2026-10-01T07:22:18Z,train,0
6322-HRPFA,pytorch_tabular_net,0.0704400017857551,Low,2026-10-01T07:22:18Z,test,0
6322-PJJDJ,pytorch_tabular_net,0.1345999985933303,Low,2026-10-01T07:22:18Z,train,0
6323-AYBRX,pytorch_tabular_net,0.0118899997323751,Low,2026-10-01T07:22:18Z,train,0
6326-MTTXK,pytorch_tabular_net,0.7335600256919861,Critical,2026-10-01T07:22:18Z,train,1
6328-ZPBGN,pytorch_tabular_net,0.716480016708374,Critical,2026-10-01T07:22:18Z,test,1
6330-JKLPC,pytorch_tabular_net,0.5327000021934509,High,2026-10-01T07:22:18Z,valid,1
6331-EWIEB,pytorch_tabular_net,0.6881300210952759,Critical,2026-10-01T07:22:18Z,valid,1
6331-LWDTQ,pytorch_tabular_net,0.4720700085163116,High,2026-10-01T07:22:18Z,train,1
6332-FBZRI,pytorch_tabular_net,0.0563299991190433,Low,2026-10-01T07:22:18Z,train,0
6333-YDVLT,pytorch_tabular_net,0.2580899894237518,Medium,2026-10-01T07:22:18Z,train,0
6338-AVWCY,pytorch_tabular_net,0.7467700242996216,Critical,2026-10-01T07:22:18Z,train,1
6339-DKLMK,pytorch_tabular_net,0.3874399960041046,Medium,2026-10-01T07:22:18Z,train,1
6339-RZCBJ,pytorch_tabular_net,0.0367700010538101,Low,2026-10-01T07:22:18Z,test,0
6339-TBELP,pytorch_tabular_net,0.0422200001776218,Low,2026-10-01T07:22:18Z,test,0
6339-YPSAH,pytorch_tabular_net,0.6589099764823914,Critical,2026-10-01T07:22:18Z,valid,1
6340-DACFT,pytorch_tabular_net,0.0106899999082088,Low,2026-10-01T07:22:18Z,train,0
6341-AEVKX,pytorch_tabular_net,0.1513500064611435,Low,2026-10-01T07:22:18Z,valid,0
6341-JVQGF,pytorch_tabular_net,0.0707900002598762,Low,2026-10-01T07:22:18Z,valid,0
6344-SFJVH,pytorch_tabular_net,0.2588399946689605,Medium,2026-10-01T07:22:18Z,test,0
6345-FZOQH,pytorch_tabular_net,0.0109400004148483,Low,2026-10-01T07:22:18Z,train,0
6345-HOVES,pytorch_tabular_net,0.2528600096702575,Medium,2026-10-01T07:22:18Z,train,0
6345-ULYRW,pytorch_tabular_net,0.1979999989271164,Low,2026-10-01T07:22:18Z,test,0
6347-DCUIK,pytorch_tabular_net,0.5493199825286865,High,2026-10-01T07:22:18Z,valid,1
6348-SNFUS,pytorch_tabular_net,0.0147299999371171,Low,2026-10-01T07:22:18Z,valid,0
6349-JDHQP,pytorch_tabular_net,0.0161400008946657,Low,2026-10-01T07:22:18Z,train,0
6350-XFYGW,pytorch_tabular_net,0.8098700046539307,Critical,2026-10-01T07:22:18Z,train,1
6351-SCJKT,pytorch_tabular_net,0.2650200128555298,Medium,2026-10-01T07:22:18Z,test,0
6352-GIGGQ,pytorch_tabular_net,0.1030400022864341,Low,2026-10-01T07:22:18Z,train,0
6352-TWCAU,pytorch_tabular_net,0.5888699889183044,High,2026-10-01T07:22:18Z,train,1
6353-BRMMA,pytorch_tabular_net,0.3427299857139587,Medium,2026-10-01T07:22:18Z,test,1
6356-ELRKD,pytorch_tabular_net,0.8387600183486938,Critical,2026-10-01T07:22:18Z,valid,1
6357-JJPQT,pytorch_tabular_net,0.790910005569458,Critical,2026-10-01T07:22:18Z,test,1
6358-LYNGM,pytorch_tabular_net,0.8450300097465515,Critical,2026-10-01T07:22:18Z,train,1
6360-SVNWV,pytorch_tabular_net,0.3943600058555603,Medium,2026-10-01T07:22:18Z,train,1
6362-QHAFM,pytorch_tabular_net,0.4526599943637848,High,2026-10-01T07:22:18Z,test,1
6365-HITVU,pytorch_tabular_net,0.0151100000366568,Low,2026-10-01T07:22:18Z,test,0
6365-MTGZX,pytorch_tabular_net,0.4762400090694427,High,2026-10-01T07:22:18Z,valid,1
6366-XIVKZ,pytorch_tabular_net,0.2029799968004226,Medium,2026-10-01T07:22:18Z,train,0
6366-ZGQGL,pytorch_tabular_net,0.5830600261688232,High,2026-10-01T07:22:18Z,train,1
6368-NWMCE,pytorch_tabular_net,0.1111499965190887,Low,2026-10-01T07:22:18Z,train,0
6368-TZZDT,pytorch_tabular_net,0.0196499992161989,Low,2026-10-01T07:22:18Z,test,0
6369-MCAKO,pytorch_tabular_net,0.0168500002473592,Low,2026-10-01T07:22:18Z,train,0
6370-ZVHDV,pytorch_tabular_net,0.0116200000047683,Low,2026-10-01T07:22:18Z,train,0
6371-NZYEG,pytorch_tabular_net,0.0376700013875961,Low,2026-10-01T07:22:18Z,train,0
6372-RFVNS,pytorch_tabular_net,0.7785500288009644,Critical,2026-10-01T07:22:18Z,train,1
6374-AFWOX,pytorch_tabular_net,0.016109999269247,Low,2026-10-01T07:22:18Z,train,0
6374-NTQLP,pytorch_tabular_net,0.0435100011527538,Low,2026-10-01T07:22:18Z,valid,0
6376-GAHQE,pytorch_tabular_net,0.6588600277900696,Critical,2026-10-01T07:22:18Z,train,1
6377-KSLXC,pytorch_tabular_net,0.1169999986886978,Low,2026-10-01T07:22:18Z,test,0
6377-WHAOX,pytorch_tabular_net,0.4985800087451935,High,2026-10-01T07:22:18Z,test,1
6379-RXJRQ,pytorch_tabular_net,0.5921499729156494,High,2026-10-01T07:22:18Z,train,1
6380-ARCEH,pytorch_tabular_net,0.2300599962472915,Medium,2026-10-01T07:22:18Z,train,0
6383-ZTSIW,pytorch_tabular_net,0.1731099933385849,Low,2026-10-01T07:22:18Z,valid,0
6384-VMJHP,pytorch_tabular_net,0.0169600006192922,Low,2026-10-01T07:22:18Z,train,0
6386-SZZKH,pytorch_tabular_net,0.0534499995410442,Low,2026-10-01T07:22:18Z,test,0
6388-TABGU,pytorch_tabular_net,0.0357300005853176,Low,2026-10-01T07:22:18Z,train,0
6390-DSAZX,pytorch_tabular_net,0.7320600152015686,Critical,2026-10-01T07:22:18Z,train,1
6393-WRYZE,pytorch_tabular_net,0.5781099796295166,High,2026-10-01T07:22:18Z,test,1
6394-HHHZM,pytorch_tabular_net,0.1524100005626678,Low,2026-10-01T07:22:18Z,train,0
6394-MFYNG,pytorch_tabular_net,0.4525699913501739,High,2026-10-01T07:22:18Z,train,1
6397-JNZZG,pytorch_tabular_net,0.346670001745224,Medium,2026-10-01T07:22:18Z,train,1
6400-BWQKW,pytorch_tabular_net,0.5602999925613403,High,2026-10-01T07:22:18Z,test,1
6402-EJMWF,pytorch_tabular_net,0.3833000063896179,Medium,2026-10-01T07:22:18Z,test,1
6402-SSEJG,pytorch_tabular_net,0.099770002067089,Low,2026-10-01T07:22:18Z,test,0
6402-ZFPPI,pytorch_tabular_net,0.6875100135803223,Critical,2026-10-01T07:22:18Z,train,1
6407-GSJNL,pytorch_tabular_net,0.014109999872744,Low,2026-10-01T07:22:18Z,test,0
6407-UTSLV,pytorch_tabular_net,0.7316200137138367,Critical,2026-10-01T07:22:18Z,valid,1
6408-OTUBZ,pytorch_tabular_net,0.1062600016593933,Low,2026-10-01T07:22:18Z,test,0
6408-WHTEF,pytorch_tabular_net,0.0285100005567073,Low,2026-10-01T07:22:18Z,train,0
6410-LEFEN,pytorch_tabular_net,0.2777299880981445,Medium,2026-10-01T07:22:18Z,train,0
6413-XKKPU,pytorch_tabular_net,0.5216599702835083,High,2026-10-01T07:22:18Z,train,1
6416-JNVRK,pytorch_tabular_net,0.0774699971079826,Low,2026-10-01T07:22:18Z,train,0
6416-TVAIH,pytorch_tabular_net,0.8242899775505066,Critical,2026-10-01T07:22:18Z,train,1
6416-YJTTB,pytorch_tabular_net,0.4338099956512451,High,2026-10-01T07:22:18Z,train,1
6418-HNFED,pytorch_tabular_net,0.0289999991655349,Low,2026-10-01T07:22:18Z,train,0
6418-PIQSP,pytorch_tabular_net,0.0155600002035498,Low,2026-10-01T07:22:18Z,train,0
6419-ZTTLE,pytorch_tabular_net,0.0610699988901615,Low,2026-10-01T07:22:18Z,test,0
6421-SZVEM,pytorch_tabular_net,0.1063600033521652,Low,2026-10-01T07:22:18Z,train,0
6424-ELEYH,pytorch_tabular_net,0.7936199903488159,Critical,2026-10-01T07:22:18Z,train,1
6425-JWTDV,pytorch_tabular_net,0.0105400001630187,Low,2026-10-01T07:22:18Z,train,0
6425-YQLLO,pytorch_tabular_net,0.2098000049591064,Medium,2026-10-01T07:22:18Z,train,0
6427-FEFIG,pytorch_tabular_net,0.0290399994701147,Low,2026-10-01T07:22:18Z,train,0
6429-SHBCB,pytorch_tabular_net,0.3298299908638,Medium,2026-10-01T07:22:18Z,test,0
6432-TWQLB,pytorch_tabular_net,0.6492099761962891,Critical,2026-10-01T07:22:18Z,train,1
6434-TTGJP,pytorch_tabular_net,0.0163100007921457,Low,2026-10-01T07:22:18Z,train,0
6435-SRWBJ,pytorch_tabular_net,0.7466899752616882,Critical,2026-10-01T07:22:18Z,valid,1
6435-VWCCY,pytorch_tabular_net,0.0900100022554397,Low,2026-10-01T07:22:18Z,train,0
6437-UDQJM,pytorch_tabular_net,0.0393100008368492,Low,2026-10-01T07:22:18Z,train,0
6437-UKHMV,pytorch_tabular_net,0.760200023651123,Critical,2026-10-01T07:22:18Z,train,1
6439-GTPCA,pytorch_tabular_net,0.3456400036811828,Medium,2026-10-01T07:22:18Z,train,1
6439-LAJXL,pytorch_tabular_net,0.1487099975347519,Low,2026-10-01T07:22:18Z,valid,0
6439-PKTRR,pytorch_tabular_net,0.0183499995619058,Low,2026-10-01T07:22:18Z,train,0
6440-DKQGE,pytorch_tabular_net,0.0439400002360343,Low,2026-10-01T07:22:18Z,train,0
6445-TNRXS,pytorch_tabular_net,0.0519299991428852,Low,2026-10-01T07:22:18Z,valid,0
6447-EGDIV,pytorch_tabular_net,0.012869999743998,Low,2026-10-01T07:22:18Z,train,0
6447-GORXK,pytorch_tabular_net,0.1764599978923797,Low,2026-10-01T07:22:18Z,test,0
6457-GIRWB,pytorch_tabular_net,0.7983400225639343,Critical,2026-10-01T07:22:18Z,train,1
6457-USBER,pytorch_tabular_net,0.8129900097846985,Critical,2026-10-01T07:22:18Z,train,1
6458-CYIDZ,pytorch_tabular_net,0.5075799822807312,High,2026-10-01T07:22:18Z,test,1
6461-PPAXN,pytorch_tabular_net,0.0398400016129016,Low,2026-10-01T07:22:18Z,valid,0
6461-SZMCV,pytorch_tabular_net,0.0191699992865324,Low,2026-10-01T07:22:18Z,test,0
6463-HHXJR,pytorch_tabular_net,0.0259399991482496,Low,2026-10-01T07:22:18Z,train,0
6463-MVYRY,pytorch_tabular_net,0.0278200004249811,Low,2026-10-01T07:22:18Z,train,0
6464-KEXXH,pytorch_tabular_net,0.5652199983596802,High,2026-10-01T07:22:18Z,test,1
6465-GSRCL,pytorch_tabular_net,0.2252099961042404,Medium,2026-10-01T07:22:18Z,train,0
6467-CHFZW,pytorch_tabular_net,0.5796499848365784,High,2026-10-01T07:22:18Z,valid,1
6469-MRVET,pytorch_tabular_net,0.1042400002479553,Low,2026-10-01T07:22:18Z,train,0
6469-QJKZW,pytorch_tabular_net,0.154459998011589,Low,2026-10-01T07:22:18Z,train,0
6473-ULUHT,pytorch_tabular_net,0.1306899935007095,Low,2026-10-01T07:22:18Z,train,0
6474-FVJLC,pytorch_tabular_net,0.823930025100708,Critical,2026-10-01T07:22:18Z,test,1
6475-VHUIZ,pytorch_tabular_net,0.1035199984908104,Low,2026-10-01T07:22:18Z,test,0
6476-EPYZR,pytorch_tabular_net,0.0637300014495849,Low,2026-10-01T07:22:18Z,train,0
6476-YHMGA,pytorch_tabular_net,0.091109998524189,Low,2026-10-01T07:22:18Z,valid,0
6478-HRRCZ,pytorch_tabular_net,0.0599099993705749,Low,2026-10-01T07:22:18Z,train,0
6479-OAUSD,pytorch_tabular_net,0.0342000015079975,Low,2026-10-01T07:22:18Z,train,0
6479-SZPLM,pytorch_tabular_net,0.0137400003150105,Low,2026-10-01T07:22:18Z,train,0
6479-VDGRK,pytorch_tabular_net,0.0167399998754262,Low,2026-10-01T07:22:18Z,train,0
6480-YAGIY,pytorch_tabular_net,0.2471700012683868,Medium,2026-10-01T07:22:18Z,test,0
6481-ESCNL,pytorch_tabular_net,0.4476599991321563,High,2026-10-01T07:22:18Z,test,1
6481-LXPWL,pytorch_tabular_net,0.0420599989593029,Low,2026-10-01T07:22:18Z,train,0
6481-OGDOO,pytorch_tabular_net,0.1417099982500076,Low,2026-10-01T07:22:18Z,valid,0
6483-OATDN,pytorch_tabular_net,0.214379996061325,Medium,2026-10-01T07:22:18Z,test,0
6484-LATFU,pytorch_tabular_net,0.0122800003737211,Low,2026-10-01T07:22:18Z,train,0
6485-QXWWE,pytorch_tabular_net,0.0141700003296136,Low,2026-10-01T07:22:18Z,valid,0
6486-LHTMA,pytorch_tabular_net,0.4245100021362304,High,2026-10-01T07:22:18Z,test,1
6490-FGZAT,pytorch_tabular_net,0.1141899973154068,Low,2026-10-01T07:22:18Z,train,0
6496-JDSSB,pytorch_tabular_net,0.5869699716567993,High,2026-10-01T07:22:18Z,train,1
6496-SLWHQ,pytorch_tabular_net,0.8606799840927124,Critical,2026-10-01T07:22:18Z,train,1
6497-TILVL,pytorch_tabular_net,0.1530400067567825,Low,2026-10-01T07:22:18Z,train,0
6500-JVEGC,pytorch_tabular_net,0.093699999153614,Low,2026-10-01T07:22:18Z,valid,0
6502-HCJTI,pytorch_tabular_net,0.6893200278282166,Critical,2026-10-01T07:22:18Z,test,1
6502-KUGLL,pytorch_tabular_net,0.1161599978804588,Low,2026-10-01T07:22:18Z,valid,0
6502-MJQAE,pytorch_tabular_net,0.7986699938774109,Critical,2026-10-01T07:22:18Z,valid,1
6504-VBLFL,pytorch_tabular_net,0.0252599995583295,Low,2026-10-01T07:22:18Z,test,0
6505-OZNPG,pytorch_tabular_net,0.0471099987626075,Low,2026-10-01T07:22:18Z,train,0
6506-EYCNH,pytorch_tabular_net,0.064419999718666,Low,2026-10-01T07:22:18Z,test,0
6507-DTJZV,pytorch_tabular_net,0.1565700024366378,Low,2026-10-01T07:22:18Z,train,0
6507-ZJSUR,pytorch_tabular_net,0.6547300219535828,Critical,2026-10-01T07:22:18Z,train,1
6508-NJYRO,pytorch_tabular_net,0.0206499993801116,Low,2026-10-01T07:22:18Z,valid,0
6509-TSGWN,pytorch_tabular_net,0.0406100004911422,Low,2026-10-01T07:22:18Z,valid,0
6510-UPNKS,pytorch_tabular_net,0.0369199998676776,Low,2026-10-01T07:22:18Z,valid,0
6513-EECDB,pytorch_tabular_net,0.8746399879455566,Critical,2026-10-01T07:22:18Z,train,1
6516-NKQBO,pytorch_tabular_net,0.0236600004136562,Low,2026-10-01T07:22:18Z,train,0
6518-KZXCB,pytorch_tabular_net,0.0146000003442168,Low,2026-10-01T07:22:18Z,train,0
6518-LGAOV,pytorch_tabular_net,0.5543000102043152,High,2026-10-01T07:22:18Z,train,1
6518-PPLMZ,pytorch_tabular_net,0.0133400000631809,Low,2026-10-01T07:22:18Z,valid,0
6519-CFDBX,pytorch_tabular_net,0.6243399977684021,Critical,2026-10-01T07:22:18Z,train,1
6519-ZHPXP,pytorch_tabular_net,0.0271799992769956,Low,2026-10-01T07:22:18Z,train,0
6521-YYTYI,pytorch_tabular_net,0.8917700052261353,Critical,2026-10-01T07:22:18Z,test,1
6522-OIQSX,pytorch_tabular_net,0.0154499998316168,Low,2026-10-01T07:22:18Z,test,0
6522-YRBXD,pytorch_tabular_net,0.4617899954319,High,2026-10-01T07:22:18Z,test,1
6527-PZFPV,pytorch_tabular_net,0.0271499995142221,Low,2026-10-01T07:22:18Z,test,0
6532-YLWSI,pytorch_tabular_net,0.0156500004231929,Low,2026-10-01T07:22:18Z,valid,0
6537-OTKMY,pytorch_tabular_net,0.2024099975824356,Medium,2026-10-01T07:22:18Z,valid,0
6537-QLGEX,pytorch_tabular_net,0.403219997882843,High,2026-10-01T07:22:18Z,train,1
6538-POCHL,pytorch_tabular_net,0.3774200081825256,Medium,2026-10-01T07:22:18Z,train,1
6542-LWGXJ,pytorch_tabular_net,0.489190012216568,High,2026-10-01T07:22:18Z,test,1
6543-CPZMK,pytorch_tabular_net,0.4668999910354614,High,2026-10-01T07:22:18Z,test,1
6543-JXSOO,pytorch_tabular_net,0.0443600006401538,Low,2026-10-01T07:22:18Z,test,0
6543-XRMYR,pytorch_tabular_net,0.6936900019645691,Critical,2026-10-01T07:22:18Z,train,1
6546-OPBBH,pytorch_tabular_net,0.0247000008821487,Low,2026-10-01T07:22:18Z,train,0
6549-BTYPG,pytorch_tabular_net,0.0173099990934133,Low,2026-10-01T07:22:18Z,test,0
6549-NNDYT,pytorch_tabular_net,0.2626700103282928,Medium,2026-10-01T07:22:18Z,train,0
6549-YMFAW,pytorch_tabular_net,0.1988400071859359,Low,2026-10-01T07:22:18Z,train,0
6551-GNYDG,pytorch_tabular_net,0.531499981880188,High,2026-10-01T07:22:18Z,train,1
6551-VLJMV,pytorch_tabular_net,0.0161700006574392,Low,2026-10-01T07:22:18Z,valid,0
6551-ZCOTS,pytorch_tabular_net,0.0803000032901763,Low,2026-10-01T07:22:18Z,train,0
6556-DBKZF,pytorch_tabular_net,0.0268099997192621,Low,2026-10-01T07:22:18Z,train,0
6557-BZXLQ,pytorch_tabular_net,0.4115000069141388,High,2026-10-01T07:22:18Z,train,1
6559-ILWKJ,pytorch_tabular_net,0.0806699991226196,Low,2026-10-01T07:22:18Z,valid,0
6559-PDZLR,pytorch_tabular_net,0.5199499726295471,High,2026-10-01T07:22:18Z,train,1
6559-RAKOZ,pytorch_tabular_net,0.4300599992275238,High,2026-10-01T07:22:18Z,test,1
6563-VNPMN,pytorch_tabular_net,0.2819499969482422,Medium,2026-10-01T07:22:18Z,train,0
6563-VRERX,pytorch_tabular_net,0.01484000030905,Low,2026-10-01T07:22:18Z,train,0
6567-HOOPW,pytorch_tabular_net,0.8507800102233887,Critical,2026-10-01T07:22:18Z,train,1
6568-POCUI,pytorch_tabular_net,0.0721599981188774,Low,2026-10-01T07:22:18Z,train,0
6569-KTMDU,pytorch_tabular_net,0.2512899935245514,Medium,2026-10-01T07:22:18Z,test,0
6572-ADKRS,pytorch_tabular_net,0.2756099998950958,Medium,2026-10-01T07:22:18Z,train,0
6574-MCOEH,pytorch_tabular_net,0.1542000025510788,Low,2026-10-01T07:22:18Z,test,0
6575-SUVOI,pytorch_tabular_net,0.2567200064659118,Medium,2026-10-01T07:22:18Z,train,0
6576-FBXOJ,pytorch_tabular_net,0.1979900002479553,Low,2026-10-01T07:22:18Z,train,0
6578-KRMAW,pytorch_tabular_net,0.3380700051784515,Medium,2026-10-01T07:22:18Z,test,0
6579-JPICP,pytorch_tabular_net,0.2295899987220764,Medium,2026-10-01T07:22:18Z,train,0
6581-NQCBA,pytorch_tabular_net,0.4504800140857696,High,2026-10-01T07:22:18Z,train,1
6582-OIVSP,pytorch_tabular_net,0.4780299961566925,High,2026-10-01T07:22:18Z,train,1
6582-PLFUU,pytorch_tabular_net,0.0142700001597404,Low,2026-10-01T07:22:18Z,test,0
6583-KQJLK,pytorch_tabular_net,0.4751299917697906,High,2026-10-01T07:22:18Z,train,1
6583-QGCSI,pytorch_tabular_net,0.5326099991798401,High,2026-10-01T07:22:18Z,train,1
6583-SZVGP,pytorch_tabular_net,0.1084399968385696,Low,2026-10-01T07:22:18Z,train,0
6584-VQMYT,pytorch_tabular_net,0.0413299985229969,Low,2026-10-01T07:22:18Z,train,0
6585-WCEWR,pytorch_tabular_net,0.0142700001597404,Low,2026-10-01T07:22:18Z,train,0
6586-MYGKD,pytorch_tabular_net,0.0529100000858306,Low,2026-10-01T07:22:18Z,train,0
6586-PSJOX,pytorch_tabular_net,0.0713900029659271,Low,2026-10-01T07:22:18Z,train,0
6591-QGOYB,pytorch_tabular_net,0.5272600054740906,High,2026-10-01T07:22:18Z,valid,1
6595-COKXZ,pytorch_tabular_net,0.6665499806404114,Critical,2026-10-01T07:22:18Z,test,1
6595-YGXIT,pytorch_tabular_net,0.7012799978256226,Critical,2026-10-01T07:22:18Z,valid,1
6598-KELSS,pytorch_tabular_net,0.046849999576807,Low,2026-10-01T07:22:18Z,train,0
6598-RFFVI,pytorch_tabular_net,0.0698899999260902,Low,2026-10-01T07:22:18Z,train,0
6599-CEBNN,pytorch_tabular_net,0.3459500074386596,Medium,2026-10-01T07:22:18Z,test,1
6599-GZWCM,pytorch_tabular_net,0.1746000051498413,Low,2026-10-01T07:22:18Z,train,0
6599-RCLCJ,pytorch_tabular_net,0.4154799878597259,High,2026-10-01T07:22:18Z,test,1
6599-SFQVE,pytorch_tabular_net,0.5030400156974792,High,2026-10-01T07:22:18Z,train,1
6603-QWSPR,pytorch_tabular_net,0.0429599992930889,Low,2026-10-01T07:22:18Z,train,0
6603-YRDCJ,pytorch_tabular_net,0.0194799993187189,Low,2026-10-01T07:22:18Z,train,0
6608-QQLVK,pytorch_tabular_net,0.7228000164031982,Critical,2026-10-01T07:22:18Z,train,1
6609-MXJHJ,pytorch_tabular_net,0.0125700002536177,Low,2026-10-01T07:22:18Z,train,0
6614-FHDBO,pytorch_tabular_net,0.0680499970912933,Low,2026-10-01T07:22:18Z,valid,0
6614-VBEGU,pytorch_tabular_net,0.143669992685318,Low,2026-10-01T07:22:18Z,train,0
6614-YOLAC,pytorch_tabular_net,0.015990000218153,Low,2026-10-01T07:22:18Z,train,0
6614-YWYSC,pytorch_tabular_net,0.0297100003808736,Low,2026-10-01T07:22:18Z,train,0
6615-NGGZJ,pytorch_tabular_net,0.7564799785614014,Critical,2026-10-01T07:22:18Z,train,1
6615-ZGEDR,pytorch_tabular_net,0.2312700003385543,Medium,2026-10-01T07:22:18Z,train,0
6616-AALSR,pytorch_tabular_net,0.0595000013709068,Low,2026-10-01T07:22:18Z,train,0
6617-WLBQC,pytorch_tabular_net,0.0933300033211708,Low,2026-10-01T07:22:18Z,valid,0
6618-RYATB,pytorch_tabular_net,0.8650000095367432,Critical,2026-10-01T07:22:18Z,valid,1
6619-RPLQZ,pytorch_tabular_net,0.0069800000637769,Low,2026-10-01T07:22:18Z,test,0
6620-HVDUJ,pytorch_tabular_net,0.0849900022149086,Low,2026-10-01T07:22:18Z,train,0
6620-JDYNW,pytorch_tabular_net,0.1997399926185608,Low,2026-10-01T07:22:18Z,test,0
6621-NRZAK,pytorch_tabular_net,0.0105299996212124,Low,2026-10-01T07:22:18Z,test,0
6621-YOBKI,pytorch_tabular_net,0.1226700022816658,Low,2026-10-01T07:22:18Z,test,0
6624-JDRDS,pytorch_tabular_net,0.225950002670288,Medium,2026-10-01T07:22:18Z,train,0
6625-FLENO,pytorch_tabular_net,0.0104000000283122,Low,2026-10-01T07:22:18Z,valid,0
6625-IUTTT,pytorch_tabular_net,0.0251800008118152,Low,2026-10-01T07:22:18Z,train,0
6625-UTXEW,pytorch_tabular_net,0.333759993314743,Medium,2026-10-01T07:22:18Z,train,0
6627-CFOSN,pytorch_tabular_net,0.2134400010108947,Medium,2026-10-01T07:22:18Z,valid,0
6629-CZTTH,pytorch_tabular_net,0.6165199875831604,Critical,2026-10-01T07:22:18Z,train,1
6629-LADHQ,pytorch_tabular_net,0.4008800089359283,High,2026-10-01T07:22:18Z,train,1
6630-UJZMY,pytorch_tabular_net,0.7614200115203857,Critical,2026-10-01T07:22:18Z,train,1
6631-HMANX,pytorch_tabular_net,0.0285899993032217,Low,2026-10-01T07:22:18Z,valid,0
6633-MPWBS,pytorch_tabular_net,0.4611499905586242,High,2026-10-01T07:22:18Z,train,1
6633-SYEUS,pytorch_tabular_net,0.1796099990606308,Low,2026-10-01T07:22:18Z,valid,0
6635-CPNUN,pytorch_tabular_net,0.3575299978256225,Medium,2026-10-01T07:22:18Z,train,1
6635-MYYYZ,pytorch_tabular_net,0.1057600006461143,Low,2026-10-01T07:22:18Z,test,0
6637-KYRCV,pytorch_tabular_net,0.5539299845695496,High,2026-10-01T07:22:18Z,test,1
6641-XRPSU,pytorch_tabular_net,0.3335599899291992,Medium,2026-10-01T07:22:18Z,train,0
6645-MXQJT,pytorch_tabular_net,0.5947099924087524,High,2026-10-01T07:22:18Z,train,1
6646-JPPHA,pytorch_tabular_net,0.3790700137615204,Medium,2026-10-01T07:22:18Z,train,1
6646-QVXLR,pytorch_tabular_net,0.4165999889373779,High,2026-10-01T07:22:18Z,valid,1
6646-VRFOL,pytorch_tabular_net,0.5585299730300903,High,2026-10-01T07:22:18Z,train,1
6647-ZEDXT,pytorch_tabular_net,0.3264000117778778,Medium,2026-10-01T07:22:18Z,train,0
6648-INWPS,pytorch_tabular_net,0.0656599998474121,Low,2026-10-01T07:22:18Z,test,0
6650-BWFRT,pytorch_tabular_net,0.0437299981713295,Low,2026-10-01T07:22:18Z,valid,0
6650-VJONK,pytorch_tabular_net,0.5613700151443481,High,2026-10-01T07:22:18Z,train,1
6651-AZVTJ,pytorch_tabular_net,0.6223499774932861,Critical,2026-10-01T07:22:18Z,train,1
6651-RLGGM,pytorch_tabular_net,0.0121400002390146,Low,2026-10-01T07:22:18Z,train,0
6652-YFFJO,pytorch_tabular_net,0.4659500122070312,High,2026-10-01T07:22:18Z,test,1
6653-CBBOM,pytorch_tabular_net,0.8153899908065796,Critical,2026-10-01T07:22:18Z,train,1
6654-QGBZZ,pytorch_tabular_net,0.2501400113105774,Medium,2026-10-01T07:22:18Z,valid,0
6655-LHBYW,pytorch_tabular_net,0.3075900077819824,Medium,2026-10-01T07:22:18Z,train,0
6656-GULJQ,pytorch_tabular_net,0.0289699994027614,Low,2026-10-01T07:22:18Z,train,0
6656-JWRQX,pytorch_tabular_net,0.4666000008583069,High,2026-10-01T07:22:18Z,test,1
6661-EIPZC,pytorch_tabular_net,0.1537400037050247,Low,2026-10-01T07:22:18Z,test,0
6661-HBGWL,pytorch_tabular_net,0.5144000053405762,High,2026-10-01T07:22:18Z,train,1
6663-JOCQO,pytorch_tabular_net,0.0679100006818771,Low,2026-10-01T07:22:18Z,test,0
6664-FPDAC,pytorch_tabular_net,0.3895300030708313,Medium,2026-10-01T07:22:18Z,test,1
6668-CNMFP,pytorch_tabular_net,0.2513099908828735,Medium,2026-10-01T07:22:18Z,train,0
6670-MFRPK,pytorch_tabular_net,0.0506099984049797,Low,2026-10-01T07:22:18Z,test,0
6671-NGWON,pytorch_tabular_net,0.1010299995541572,Low,2026-10-01T07:22:18Z,test,0
6674-KVJHG,pytorch_tabular_net,0.0383800007402896,Low,2026-10-01T07:22:18Z,train,0
6680-NENYN,pytorch_tabular_net,0.1453099995851516,Low,2026-10-01T07:22:18Z,valid,0
6680-WKXRZ,pytorch_tabular_net,0.5615299940109253,High,2026-10-01T07:22:18Z,train,1
6681-ZSEXG,pytorch_tabular_net,0.0292899999767541,Low,2026-10-01T07:22:18Z,test,0
6682-QJDGB,pytorch_tabular_net,0.1098100021481514,Low,2026-10-01T07:22:18Z,train,0
6682-VCIXC,pytorch_tabular_net,0.046799998730421,Low,2026-10-01T07:22:18Z,test,0
6683-VLCTZ,pytorch_tabular_net,0.7630400061607361,Critical,2026-10-01T07:22:18Z,train,1
6685-GBWJZ,pytorch_tabular_net,0.0751999989151954,Low,2026-10-01T07:22:18Z,train,0
6685-XSHHU,pytorch_tabular_net,0.0175000000745058,Low,2026-10-01T07:22:18Z,train,0
6686-YPGHK,pytorch_tabular_net,0.2673099935054779,Medium,2026-10-01T07:22:18Z,train,0
6688-UZPWD,pytorch_tabular_net,0.7892900109291077,Critical,2026-10-01T07:22:18Z,train,1
6689-KXGBO,pytorch_tabular_net,0.4871000051498413,High,2026-10-01T07:22:18Z,test,1
6689-TCZHQ,pytorch_tabular_net,0.6398199796676636,Critical,2026-10-01T07:22:18Z,train,1
6689-VRRTK,pytorch_tabular_net,0.3530699908733368,Medium,2026-10-01T07:22:18Z,train,1
6691-CCIHA,pytorch_tabular_net,0.0320100001990795,Low,2026-10-01T07:22:18Z,train,0
6692-UDPJC,pytorch_tabular_net,0.6873300075531006,Critical,2026-10-01T07:22:18Z,train,1
6692-YQHXC,pytorch_tabular_net,0.4266200065612793,High,2026-10-01T07:22:18Z,test,1
6693-DJWTY,pytorch_tabular_net,0.0463900007307529,Low,2026-10-01T07:22:18Z,train,0
6693-FRIRW,pytorch_tabular_net,0.4189099967479706,High,2026-10-01T07:22:18Z,train,1
6695-AMZUF,pytorch_tabular_net,0.0196899995207786,Low,2026-10-01T07:22:18Z,train,0
6695-FRVEC,pytorch_tabular_net,0.0228799991309642,Low,2026-10-01T07:22:18Z,test,0
6696-YDAYZ,pytorch_tabular_net,0.0119200004264712,Low,2026-10-01T07:22:18Z,test,0
6698-OXETB,pytorch_tabular_net,0.016330000013113,Low,2026-10-01T07:22:18Z,train,0
6701-DHKWQ,pytorch_tabular_net,0.0078800003975629,Low,2026-10-01T07:22:18Z,train,0
6701-YVNQG,pytorch_tabular_net,0.0294799990952014,Low,2026-10-01T07:22:18Z,test,0
6702-OHFWR,pytorch_tabular_net,0.8568500280380249,Critical,2026-10-01T07:22:18Z,train,1
6704-UTUKK,pytorch_tabular_net,0.5301600098609924,High,2026-10-01T07:22:18Z,train,1
6705-LNMDD,pytorch_tabular_net,0.0866300016641616,Low,2026-10-01T07:22:18Z,train,0
6705-LXORM,pytorch_tabular_net,0.4833100140094757,High,2026-10-01T07:22:18Z,valid,1
6710-HSJRD,pytorch_tabular_net,0.321289986371994,Medium,2026-10-01T07:22:18Z,train,0
6711-FLDFB,pytorch_tabular_net,0.7151700258255005,Critical,2026-10-01T07:22:18Z,train,1
6711-VTNRE,pytorch_tabular_net,0.3094199895858764,Medium,2026-10-01T07:22:18Z,train,0
6712-OAWRH,pytorch_tabular_net,0.6347299814224243,Critical,2026-10-01T07:22:18Z,train,1
6713-OKOMC,pytorch_tabular_net,0.1450400054454803,Low,2026-10-01T07:22:18Z,train,0
6715-OFDBP,pytorch_tabular_net,0.539359986782074,High,2026-10-01T07:22:18Z,valid,1
6718-BDGHG,pytorch_tabular_net,0.0657299980521202,Low,2026-10-01T07:22:18Z,train,0
6719-FGEDO,pytorch_tabular_net,0.0164599996060132,Low,2026-10-01T07:22:18Z,test,0
6719-OXYBR,pytorch_tabular_net,0.5091000199317932,High,2026-10-01T07:22:18Z,train,1
6723-CEGQI,pytorch_tabular_net,0.0105200000107288,Low,2026-10-01T07:22:18Z,test,0
6723-WSNTY,pytorch_tabular_net,0.2358099967241287,Medium,2026-10-01T07:22:18Z,train,0
6725-TPKJO,pytorch_tabular_net,0.0118199996650218,Low,2026-10-01T07:22:18Z,test,0
6726-NNFWD,pytorch_tabular_net,0.0345799997448921,Low,2026-10-01T07:22:18Z,train,0
6726-WEXXK,pytorch_tabular_net,0.3170199990272522,Medium,2026-10-01T07:22:18Z,train,0
6727-IOTLZ,pytorch_tabular_net,0.0393100008368492,Low,2026-10-01T07:22:18Z,train,0
6728-CZFEI,pytorch_tabular_net,0.1206599995493888,Low,2026-10-01T07:22:18Z,valid,0
6728-DKUCO,pytorch_tabular_net,0.2068099975585937,Medium,2026-10-01T07:22:18Z,train,0
6728-VOIFY,pytorch_tabular_net,0.2556400001049042,Medium,2026-10-01T07:22:18Z,train,0
6728-WYQBC,pytorch_tabular_net,0.2063599973917007,Medium,2026-10-01T07:22:18Z,valid,0
6729-FZWSY,pytorch_tabular_net,0.0198999997228384,Low,2026-10-01T07:22:18Z,train,0
6729-GDNGC,pytorch_tabular_net,0.2491700053215026,Medium,2026-10-01T07:22:18Z,train,0
6732-FZUGP,pytorch_tabular_net,0.1153500005602836,Low,2026-10-01T07:22:18Z,test,0
6732-VAILE,pytorch_tabular_net,0.0235200002789497,Low,2026-10-01T07:22:18Z,train,0
6733-LRIZX,pytorch_tabular_net,0.1324499994516372,Low,2026-10-01T07:22:18Z,train,0
6734-CKRSM,pytorch_tabular_net,0.1574299931526184,Low,2026-10-01T07:22:18Z,train,0
6734-FQAJX,pytorch_tabular_net,0.0988800004124641,Low,2026-10-01T07:22:18Z,test,0
6734-GMPVK,pytorch_tabular_net,0.782729983329773,Critical,2026-10-01T07:22:18Z,train,1
6734-JDTTV,pytorch_tabular_net,0.0183799993246793,Low,2026-10-01T07:22:18Z,train,0
6734-PSBAW,pytorch_tabular_net,0.017799999564886,Low,2026-10-01T07:22:18Z,train,0
6736-DHUQI,pytorch_tabular_net,0.0269699990749359,Low,2026-10-01T07:22:18Z,train,0
6738-ISCBM,pytorch_tabular_net,0.1504900008440017,Low,2026-10-01T07:22:18Z,test,0
6741-EGCBI,pytorch_tabular_net,0.5662699937820435,High,2026-10-01T07:22:18Z,train,1
6741-QRLUP,pytorch_tabular_net,0.0205499995499849,Low,2026-10-01T07:22:18Z,train,0
6743-HHQPF,pytorch_tabular_net,0.3370200097560882,Medium,2026-10-01T07:22:18Z,test,0
6745-JEFZB,pytorch_tabular_net,0.4116800129413605,High,2026-10-01T07:22:18Z,valid,1
6746-WAUWT,pytorch_tabular_net,0.0480500012636184,Low,2026-10-01T07:22:18Z,train,0
6749-UTDVX,pytorch_tabular_net,0.1251599937677383,Low,2026-10-01T07:22:18Z,valid,0
6752-APNJL,pytorch_tabular_net,0.0603899993002414,Low,2026-10-01T07:22:18Z,test,0
6754-LZUKA,pytorch_tabular_net,0.0371900014579296,Low,2026-10-01T07:22:18Z,valid,0
6754-WKSHP,pytorch_tabular_net,0.0232800003141164,Low,2026-10-01T07:22:18Z,train,0
6762-NSODU,pytorch_tabular_net,0.0107699995860457,Low,2026-10-01T07:22:18Z,train,0
6762-QVYJO,pytorch_tabular_net,0.0112100001424551,Low,2026-10-01T07:22:18Z,test,0
6765-MBQNU,pytorch_tabular_net,0.0163100007921457,Low,2026-10-01T07:22:18Z,test,0
6766-HFKLA,pytorch_tabular_net,0.0485000014305114,Low,2026-10-01T07:22:18Z,train,0
6769-DCQLI,pytorch_tabular_net,0.2011899948120117,Medium,2026-10-01T07:22:18Z,train,0
6769-DYBQN,pytorch_tabular_net,0.348140001296997,Medium,2026-10-01T07:22:18Z,train,1
6770-UAYGJ,pytorch_tabular_net,0.0073799998499453,Low,2026-10-01T07:22:18Z,valid,0
6770-XUAGN,pytorch_tabular_net,0.311489999294281,Medium,2026-10-01T07:22:18Z,train,0
6771-XWBDM,pytorch_tabular_net,0.415010005235672,High,2026-10-01T07:22:18Z,train,1
6772-KSATR,pytorch_tabular_net,0.8181899785995483,Critical,2026-10-01T07:22:18Z,train,1
6772-WFQRD,pytorch_tabular_net,0.0278099998831748,Low,2026-10-01T07:22:18Z,test,0
6773-LQTVT,pytorch_tabular_net,0.3064700067043304,Medium,2026-10-01T07:22:18Z,train,0
6776-TLWOI,pytorch_tabular_net,0.1474599987268448,Low,2026-10-01T07:22:18Z,train,0
6777-TGHTM,pytorch_tabular_net,0.2670300006866455,Medium,2026-10-01T07:22:18Z,test,0
6778-EICRF,pytorch_tabular_net,0.1478099972009658,Low,2026-10-01T07:22:18Z,test,0
6778-JFCMK,pytorch_tabular_net,0.2013500034809112,Medium,2026-10-01T07:22:18Z,valid,0
6778-YSNIH,pytorch_tabular_net,0.6196699738502502,Critical,2026-10-01T07:22:18Z,test,1
6784-XYJAE,pytorch_tabular_net,0.0607100017368793,Low,2026-10-01T07:22:18Z,train,0
6786-OBWQR,pytorch_tabular_net,0.6014400124549866,Critical,2026-10-01T07:22:18Z,train,1
6789-HJBWG,pytorch_tabular_net,0.3537899851799011,Medium,2026-10-01T07:22:18Z,test,1
6791-YBNAK,pytorch_tabular_net,0.2440800070762634,Medium,2026-10-01T07:22:18Z,train,0
6794-HKIAJ,pytorch_tabular_net,0.133990004658699,Low,2026-10-01T07:22:18Z,train,0
6797-LNAQX,pytorch_tabular_net,0.1040000021457672,Low,2026-10-01T07:22:18Z,train,0
6797-UCJHZ,pytorch_tabular_net,0.1525200009346008,Low,2026-10-01T07:22:18Z,train,0
6804-GDMOI,pytorch_tabular_net,0.0828299969434738,Low,2026-10-01T07:22:18Z,valid,0
6806-YDEUL,pytorch_tabular_net,0.2520999908447265,Medium,2026-10-01T07:22:18Z,train,0
6807-SIWJI,pytorch_tabular_net,0.388729989528656,Medium,2026-10-01T07:22:18Z,test,1
6810-VCAEX,pytorch_tabular_net,0.0376800000667572,Low,2026-10-01T07:22:18Z,train,0
6813-GZQCG,pytorch_tabular_net,0.0155300004407763,Low,2026-10-01T07:22:18Z,train,0
6814-ZPWFQ,pytorch_tabular_net,0.0491999983787536,Low,2026-10-01T07:22:18Z,train,0
6815-ABQFQ,pytorch_tabular_net,0.3388499915599823,Medium,2026-10-01T07:22:18Z,train,0
6817-WTYHE,pytorch_tabular_net,0.3209699988365173,Medium,2026-10-01T07:22:18Z,train,0
6818-DJXAA,pytorch_tabular_net,0.6518099904060364,Critical,2026-10-01T07:22:18Z,train,1
6818-WOBHJ,pytorch_tabular_net,0.2208700031042099,Medium,2026-10-01T07:22:18Z,test,0
6821-BUXUX,pytorch_tabular_net,0.6922199726104736,Critical,2026-10-01T07:22:18Z,test,1
6821-JPCDC,pytorch_tabular_net,0.2668499946594238,Medium,2026-10-01T07:22:18Z,train,0
6823-SIDFQ,pytorch_tabular_net,0.0332500003278255,Low,2026-10-01T07:22:18Z,test,0
6825-UYPFK,pytorch_tabular_net,0.2601799964904785,Medium,2026-10-01T07:22:18Z,train,0
6827-IEAUQ,pytorch_tabular_net,0.0297599993646144,Low,2026-10-01T07:22:18Z,test,0
6828-HMKWP,pytorch_tabular_net,0.0161899998784065,Low,2026-10-01T07:22:18Z,train,0
6833-JMZYP,pytorch_tabular_net,0.6513800024986267,Critical,2026-10-01T07:22:18Z,test,1
6834-NXDCA,pytorch_tabular_net,0.4304499924182892,High,2026-10-01T07:22:18Z,train,1
6837-BJYDQ,pytorch_tabular_net,0.0497299991548061,Low,2026-10-01T07:22:18Z,train,0
6837-HAEVO,pytorch_tabular_net,0.167490005493164,Low,2026-10-01T07:22:18Z,train,0
6838-HVLXG,pytorch_tabular_net,0.0732299983501434,Low,2026-10-01T07:22:18Z,train,0
6838-YAUVY,pytorch_tabular_net,0.0260099992156028,Low,2026-10-01T07:22:18Z,train,0
6839-ITVZJ,pytorch_tabular_net,0.180319994688034,Low,2026-10-01T07:22:18Z,test,0
6840-RESVB,pytorch_tabular_net,0.1420300006866455,Low,2026-10-01T07:22:18Z,train,0
6844-DZKRF,pytorch_tabular_net,0.3721399903297424,Medium,2026-10-01T07:22:18Z,train,1
6845-RGTYS,pytorch_tabular_net,0.4321700036525726,High,2026-10-01T07:22:18Z,train,1
6847-KJLTS,pytorch_tabular_net,0.2705399990081787,Medium,2026-10-01T07:22:18Z,train,0
6848-HJTXY,pytorch_tabular_net,0.0115900002419948,Low,2026-10-01T07:22:18Z,valid,0
6848-YLDFR,pytorch_tabular_net,0.0584999993443489,Low,2026-10-01T07:22:18Z,train,0
6849-OYAMU,pytorch_tabular_net,0.2127400040626526,Medium,2026-10-01T07:22:18Z,test,0
6849-WLEYG,pytorch_tabular_net,0.1972099989652633,Low,2026-10-01T07:22:18Z,train,0
6851-WEFYX,pytorch_tabular_net,0.666159987449646,Critical,2026-10-01T07:22:18Z,train,1
6854-EXGSF,pytorch_tabular_net,0.2791599929332733,Medium,2026-10-01T07:22:18Z,train,0
6855-VLGOS,pytorch_tabular_net,0.0140000004321336,Low,2026-10-01T07:22:18Z,train,0
6856-RAURS,pytorch_tabular_net,0.705839991569519,Critical,2026-10-01T07:22:18Z,test,1
6857-TKDJV,pytorch_tabular_net,0.0153500000014901,Low,2026-10-01T07:22:18Z,train,0
6857-VWJDT,pytorch_tabular_net,0.8650299906730652,Critical,2026-10-01T07:22:18Z,train,1
6859-QNXIQ,pytorch_tabular_net,0.0370399989187717,Low,2026-10-01T07:22:18Z,train,0
6859-RKMZJ,pytorch_tabular_net,0.2668899893760681,Medium,2026-10-01T07:22:18Z,train,0
6860-YRJZP,pytorch_tabular_net,0.7121000289916992,Critical,2026-10-01T07:22:18Z,valid,1
6861-OKBCE,pytorch_tabular_net,0.0950300022959709,Low,2026-10-01T07:22:18Z,valid,0
6861-XWTWQ,pytorch_tabular_net,0.8161600232124329,Critical,2026-10-01T07:22:18Z,train,1
6862-CQUMB,pytorch_tabular_net,0.3988600075244903,Medium,2026-10-01T07:22:18Z,valid,1
6865-JZNKO,pytorch_tabular_net,0.1348199993371963,Low,2026-10-01T07:22:18Z,train,0
6867-ACCZI,pytorch_tabular_net,0.0086099999025464,Low,2026-10-01T07:22:18Z,valid,0
6869-FGJJC,pytorch_tabular_net,0.0623200014233589,Low,2026-10-01T07:22:18Z,train,0
6870-ECSHE,pytorch_tabular_net,0.0559299997985363,Low,2026-10-01T07:22:18Z,train,0
6870-ZWMNX,pytorch_tabular_net,0.0307000000029802,Low,2026-10-01T07:22:18Z,test,0
6872-HXFNF,pytorch_tabular_net,0.017060000449419,Low,2026-10-01T07:22:18Z,train,0
6873-UDNLD,pytorch_tabular_net,0.1102100014686584,Low,2026-10-01T07:22:18Z,train,0
6874-SGLHU,pytorch_tabular_net,0.2620100080966949,Medium,2026-10-01T07:22:18Z,train,0
6876-ADESB,pytorch_tabular_net,0.503030002117157,High,2026-10-01T07:22:18Z,train,1
6877-LGWXO,pytorch_tabular_net,0.5123500227928162,High,2026-10-01T07:22:18Z,valid,1
6877-TJMBR,pytorch_tabular_net,0.7987499833106995,Critical,2026-10-01T07:22:18Z,test,1
6878-GGDWG,pytorch_tabular_net,0.0506099984049797,Low,2026-10-01T07:22:18Z,valid,0
6885-PKOAM,pytorch_tabular_net,0.0202399995177984,Low,2026-10-01T07:22:18Z,test,0
6888-SBYAI,pytorch_tabular_net,0.5286399722099304,High,2026-10-01T07:22:18Z,train,1
6890-PFRQX,pytorch_tabular_net,0.2084899991750717,Medium,2026-10-01T07:22:18Z,valid,0
6891-JPYFF,pytorch_tabular_net,0.3501900136470794,Medium,2026-10-01T07:22:18Z,train,1
6892-BOGQE,pytorch_tabular_net,0.0117600001394748,Low,2026-10-01T07:22:18Z,train,0
6892-EZDTG,pytorch_tabular_net,0.8286600112915039,Critical,2026-10-01T07:22:18Z,train,1
6892-XPFPU,pytorch_tabular_net,0.703220009803772,Critical,2026-10-01T07:22:18Z,test,1
6893-ODYYE,pytorch_tabular_net,0.1388400048017501,Low,2026-10-01T07:22:18Z,train,0
6894-LFHLY,pytorch_tabular_net,0.8613100051879883,Critical,2026-10-01T07:22:18Z,train,1
6896-SRVYQ,pytorch_tabular_net,0.3025799989700317,Medium,2026-10-01T07:22:18Z,valid,0
6897-RWMUB,pytorch_tabular_net,0.0219299998134374,Low,2026-10-01T07:22:18Z,train,0
6897-UUBNU,pytorch_tabular_net,0.2423799932003021,Medium,2026-10-01T07:22:18Z,train,0
6898-MDLZW,pytorch_tabular_net,0.1509100049734115,Low,2026-10-01T07:22:18Z,train,0
6898-RBTLU,pytorch_tabular_net,0.0319200009107589,Low,2026-10-01T07:22:18Z,train,0
6899-PPEEA,pytorch_tabular_net,0.6899600028991699,Critical,2026-10-01T07:22:18Z,train,1
6900-PXRMS,pytorch_tabular_net,0.5574300289154053,High,2026-10-01T07:22:18Z,train,1
6900-RBKER,pytorch_tabular_net,0.0634500011801719,Low,2026-10-01T07:22:18Z,test,0
6901-GOGZG,pytorch_tabular_net,0.0590200014412403,Low,2026-10-01T07:22:18Z,train,0
6904-JLBGY,pytorch_tabular_net,0.0886100009083747,Low,2026-10-01T07:22:18Z,train,0
6905-NIQIN,pytorch_tabular_net,0.3814899921417236,Medium,2026-10-01T07:22:18Z,valid,1
6906-ANDWJ,pytorch_tabular_net,0.5195199847221375,High,2026-10-01T07:22:18Z,train,1
6906-MPARY,pytorch_tabular_net,0.193800002336502,Low,2026-10-01T07:22:18Z,valid,0
6907-CQGPN,pytorch_tabular_net,0.1499799937009811,Low,2026-10-01T07:22:18Z,train,0
6907-FLBER,pytorch_tabular_net,0.5394999980926514,High,2026-10-01T07:22:18Z,test,1
6907-NZZIJ,pytorch_tabular_net,0.6624500155448914,Critical,2026-10-01T07:22:18Z,train,1
6908-VVYHM,pytorch_tabular_net,0.3006100058555603,Medium,2026-10-01T07:22:18Z,train,0
6910-HADCM,pytorch_tabular_net,0.7644000053405762,Critical,2026-10-01T07:22:18Z,train,1
6916-HIJSE,pytorch_tabular_net,0.0205099992454051,Low,2026-10-01T07:22:18Z,test,0
6917-FIJHC,pytorch_tabular_net,0.0086000002920627,Low,2026-10-01T07:22:18Z,train,0
6917-IAYHD,pytorch_tabular_net,0.4263699948787689,High,2026-10-01T07:22:18Z,test,1
6917-YACBP,pytorch_tabular_net,0.4224900007247925,High,2026-10-01T07:22:18Z,test,1
6918-UMQCG,pytorch_tabular_net,0.639549970626831,Critical,2026-10-01T07:22:18Z,train,1
6919-ELBGL,pytorch_tabular_net,0.0563899986445903,Low,2026-10-01T07:22:18Z,test,0
6921-OZMFH,pytorch_tabular_net,0.3744600117206573,Medium,2026-10-01T07:22:18Z,train,1
6922-NCEDI,pytorch_tabular_net,0.0221200007945299,Low,2026-10-01T07:22:18Z,train,0
6923-AQONU,pytorch_tabular_net,0.0108899995684623,Low,2026-10-01T07:22:18Z,train,0
6923-EFPNL,pytorch_tabular_net,0.3855400085449219,Medium,2026-10-01T07:22:18Z,train,1
6923-JHPMP,pytorch_tabular_net,0.6210700273513794,Critical,2026-10-01T07:22:18Z,train,1
6924-TDGMT,pytorch_tabular_net,0.0353499986231327,Low,2026-10-01T07:22:18Z,train,0
6925-BAYGL,pytorch_tabular_net,0.0212999992072582,Low,2026-10-01T07:22:18Z,train,0
6927-WTFIV,pytorch_tabular_net,0.3242500126361847,Medium,2026-10-01T07:22:18Z,test,0
6928-ONTRW,pytorch_tabular_net,0.0107899997383356,Low,2026-10-01T07:22:18Z,train,0
6933-FHBZC,pytorch_tabular_net,0.0721599981188774,Low,2026-10-01T07:22:18Z,train,0
6933-VLYFX,pytorch_tabular_net,0.0866999998688697,Low,2026-10-01T07:22:18Z,train,0
6937-GCDGQ,pytorch_tabular_net,0.0684399977326393,Low,2026-10-01T07:22:18Z,test,0
6941-KXRRV,pytorch_tabular_net,0.1089299991726875,Low,2026-10-01T07:22:18Z,train,0
6941-PMGEP,pytorch_tabular_net,0.7170400023460388,Critical,2026-10-01T07:22:18Z,train,1
6942-LBFDP,pytorch_tabular_net,0.2606799900531769,Medium,2026-10-01T07:22:18Z,test,0
6946-LMSQS,pytorch_tabular_net,0.380840003490448,Medium,2026-10-01T07:22:18Z,test,1
6950-TWMYB,pytorch_tabular_net,0.0398700013756752,Low,2026-10-01T07:22:18Z,test,0
6952-OMNWB,pytorch_tabular_net,0.3196400105953216,Medium,2026-10-01T07:22:18Z,train,0
6953-PBDIN,pytorch_tabular_net,0.0232100002467632,Low,2026-10-01T07:22:18Z,train,0
6954-OOYZZ,pytorch_tabular_net,0.2012200057506561,Medium,2026-10-01T07:22:18Z,test,0
6956-SMUCM,pytorch_tabular_net,0.6905699968338013,Critical,2026-10-01T07:22:18Z,test,1
6959-GQEGV,pytorch_tabular_net,0.1726099997758865,Low,2026-10-01T07:22:18Z,train,0
6959-UWKHF,pytorch_tabular_net,0.6996899843215942,Critical,2026-10-01T07:22:18Z,valid,1
6960-HVYXR,pytorch_tabular_net,0.7832300066947937,Critical,2026-10-01T07:22:18Z,test,1
6961-MJKBO,pytorch_tabular_net,0.0203200001269578,Low,2026-10-01T07:22:18Z,test,0
6961-VCPMC,pytorch_tabular_net,0.4013000130653381,High,2026-10-01T07:22:18Z,test,1
6963-EZQEE,pytorch_tabular_net,0.0431700013577938,Low,2026-10-01T07:22:18Z,train,0
6963-KQYQB,pytorch_tabular_net,0.0073799998499453,Low,2026-10-01T07:22:18Z,train,0
6967-PEJLL,pytorch_tabular_net,0.0521299988031387,Low,2026-10-01T07:22:18Z,train,0
6967-QIQRV,pytorch_tabular_net,0.3750399947166443,Medium,2026-10-01T07:22:18Z,valid,1
6968-GMKPR,pytorch_tabular_net,0.2682799994945526,Medium,2026-10-01T07:22:18Z,train,0
6968-MHOMU,pytorch_tabular_net,0.2293799966573715,Medium,2026-10-01T07:22:18Z,train,0
6968-URWQU,pytorch_tabular_net,0.1208399981260299,Low,2026-10-01T07:22:18Z,train,0
6969-MVBAI,pytorch_tabular_net,0.820330023765564,Critical,2026-10-01T07:22:18Z,train,1
6972-SNKKW,pytorch_tabular_net,0.1104800030589103,Low,2026-10-01T07:22:18Z,valid,0
6974-DAFLI,pytorch_tabular_net,0.0125599997118115,Low,2026-10-01T07:22:18Z,valid,0
6976-BWGLQ,pytorch_tabular_net,0.011040000244975,Low,2026-10-01T07:22:18Z,train,0
6979-TNDEU,pytorch_tabular_net,0.093639999628067,Low,2026-10-01T07:22:18Z,train,0
6979-ZNSFF,pytorch_tabular_net,0.8372200131416321,Critical,2026-10-01T07:22:18Z,train,1
6980-CDGFC,pytorch_tabular_net,0.0174199994653463,Low,2026-10-01T07:22:18Z,train,0
6980-IMXXE,pytorch_tabular_net,0.0115299997851252,Low,2026-10-01T07:22:18Z,train,0
6981-TDRFT,pytorch_tabular_net,0.1344300061464309,Low,2026-10-01T07:22:18Z,valid,0
6982-SSHFK,pytorch_tabular_net,0.4646599888801574,High,2026-10-01T07:22:18Z,train,1
6982-UQZLY,pytorch_tabular_net,0.4276700019836426,High,2026-10-01T07:22:18Z,valid,1
6985-HAYWX,pytorch_tabular_net,0.177279993891716,Low,2026-10-01T07:22:18Z,train,0
6986-IJDHX,pytorch_tabular_net,0.4284999966621399,High,2026-10-01T07:22:18Z,train,1
6986-IXNDM,pytorch_tabular_net,0.6750900149345398,Critical,2026-10-01T07:22:18Z,valid,1
6987-XQSJT,pytorch_tabular_net,0.4382500052452087,High,2026-10-01T07:22:18Z,train,1
6988-CJEYV,pytorch_tabular_net,0.4882799983024597,High,2026-10-01T07:22:18Z,train,1
6990-YNRIO,pytorch_tabular_net,0.0603800006210804,Low,2026-10-01T07:22:18Z,valid,0
6992-TKNYO,pytorch_tabular_net,0.0845199972391128,Low,2026-10-01T07:22:18Z,train,0
6993-OHLXR,pytorch_tabular_net,0.558139979839325,High,2026-10-01T07:22:18Z,train,1
6993-YCOBK,pytorch_tabular_net,0.1096599996089935,Low,2026-10-01T07:22:18Z,train,0
6993-YGFJV,pytorch_tabular_net,0.0524599999189376,Low,2026-10-01T07:22:18Z,train,0
6994-FGRHH,pytorch_tabular_net,0.2295199930667877,Medium,2026-10-01T07:22:18Z,train,0
6994-KERXL,pytorch_tabular_net,0.4630300104618072,High,2026-10-01T07:22:18Z,valid,1
6994-ORCWG,pytorch_tabular_net,0.1391399949789047,Low,2026-10-01T07:22:18Z,train,0
6996-KNSML,pytorch_tabular_net,0.8442699909210205,Critical,2026-10-01T07:22:18Z,train,1
6997-UVGOX,pytorch_tabular_net,0.0239100009202957,Low,2026-10-01T07:22:18Z,test,0
6999-CHVCF,pytorch_tabular_net,0.0288600008934736,Low,2026-10-01T07:22:18Z,valid,0
7000-WCEVQ,pytorch_tabular_net,0.4080600142478943,High,2026-10-01T07:22:18Z,train,1
7005-CCBKV,pytorch_tabular_net,0.5618799924850464,High,2026-10-01T07:22:18Z,test,1
7005-CYUIL,pytorch_tabular_net,0.0405899994075298,Low,2026-10-01T07:22:18Z,train,0
7008-LZVOZ,pytorch_tabular_net,0.0194000005722045,Low,2026-10-01T07:22:18Z,train,0
7009-LGECI,pytorch_tabular_net,0.4078100025653839,High,2026-10-01T07:22:18Z,train,1
7009-PCARS,pytorch_tabular_net,0.0217499993741512,Low,2026-10-01T07:22:18Z,valid,0
7010-BRBUU,pytorch_tabular_net,0.0157200004905462,Low,2026-10-01T07:22:18Z,train,0
7010-ZMVBF,pytorch_tabular_net,0.0500900000333786,Low,2026-10-01T07:22:18Z,train,0
7011-CVEUC,pytorch_tabular_net,0.3094800114631653,Medium,2026-10-01T07:22:18Z,train,0
7013-PSXHK,pytorch_tabular_net,0.123879998922348,Low,2026-10-01T07:22:18Z,test,0
7014-ZZXAW,pytorch_tabular_net,0.0147099997848272,Low,2026-10-01T07:22:18Z,test,0
7016-BPGEU,pytorch_tabular_net,0.3171699941158294,Medium,2026-10-01T07:22:18Z,train,0
7016-NVRIC,pytorch_tabular_net,0.1519799977540969,Low,2026-10-01T07:22:18Z,train,0
7017-VFHAY,pytorch_tabular_net,0.0407800003886222,Low,2026-10-01T07:22:18Z,train,0
7017-VFULY,pytorch_tabular_net,0.1706400066614151,Low,2026-10-01T07:22:18Z,train,0
7018-FPXHH,pytorch_tabular_net,0.0234500002115964,Low,2026-10-01T07:22:18Z,train,0
7018-WBJNK,pytorch_tabular_net,0.5271499752998352,High,2026-10-01T07:22:18Z,train,1
7020-OZKXZ,pytorch_tabular_net,0.4757899940013885,High,2026-10-01T07:22:18Z,test,1
7021-XSNYE,pytorch_tabular_net,0.0172099992632865,Low,2026-10-01T07:22:18Z,test,0
7024-OHCCK,pytorch_tabular_net,0.8327000141143799,Critical,2026-10-01T07:22:18Z,train,1
7025-IWFHT,pytorch_tabular_net,0.2092799991369247,Medium,2026-10-01T07:22:18Z,test,0
7025-WCBNE,pytorch_tabular_net,0.0552799999713897,Low,2026-10-01T07:22:18Z,train,0
7026-YMSBE,pytorch_tabular_net,0.0181000009179115,Low,2026-10-01T07:22:18Z,train,0
7028-DVOIQ,pytorch_tabular_net,0.7098100185394287,Critical,2026-10-01T07:22:18Z,train,1
7029-IJEJK,pytorch_tabular_net,0.0342100001871585,Low,2026-10-01T07:22:18Z,train,0
7029-RPUAV,pytorch_tabular_net,0.6648600101470947,Critical,2026-10-01T07:22:18Z,test,1
7030-FZTFM,pytorch_tabular_net,0.0562699995934963,Low,2026-10-01T07:22:18Z,train,0
7030-NJVDP,pytorch_tabular_net,0.2353300005197525,Medium,2026-10-01T07:22:18Z,train,0
7032-LMBHI,pytorch_tabular_net,0.0430399999022483,Low,2026-10-01T07:22:18Z,train,0
7033-CLAMM,pytorch_tabular_net,0.011629999615252,Low,2026-10-01T07:22:18Z,train,0
7036-TYDEC,pytorch_tabular_net,0.0610200017690658,Low,2026-10-01T07:22:18Z,train,0
7036-ZZKBD,pytorch_tabular_net,0.088639996945858,Low,2026-10-01T07:22:18Z,train,0
7037-MTYVW,pytorch_tabular_net,0.0315200015902519,Low,2026-10-01T07:22:18Z,train,0
7041-TXQJH,pytorch_tabular_net,0.2453300058841705,Medium,2026-10-01T07:22:18Z,train,0
7044-YAACC,pytorch_tabular_net,0.7722300291061401,Critical,2026-10-01T07:22:18Z,train,1
7047-FWEYA,pytorch_tabular_net,0.2858900129795074,Medium,2026-10-01T07:22:18Z,train,0
7047-YXDMZ,pytorch_tabular_net,0.0567400008440017,Low,2026-10-01T07:22:18Z,valid,0
7048-GXDAY,pytorch_tabular_net,0.5316399931907654,High,2026-10-01T07:22:18Z,train,1
7049-GKVZY,pytorch_tabular_net,0.1609199941158294,Low,2026-10-01T07:22:18Z,train,0
7054-DMVAS,pytorch_tabular_net,0.0357900001108646,Low,2026-10-01T07:22:18Z,train,0
7054-ENNGU,pytorch_tabular_net,0.1602499932050705,Low,2026-10-01T07:22:18Z,valid,0
7054-LGEQW,pytorch_tabular_net,0.477649986743927,High,2026-10-01T07:22:18Z,train,1
7055-HNEOJ,pytorch_tabular_net,0.4254299998283386,High,2026-10-01T07:22:18Z,train,1
7055-JCGNI,pytorch_tabular_net,0.0527499988675117,Low,2026-10-01T07:22:18Z,train,0
7055-VKGDA,pytorch_tabular_net,0.2356700003147125,Medium,2026-10-01T07:22:18Z,test,0
7056-IMHCC,pytorch_tabular_net,0.5375099778175354,High,2026-10-01T07:22:18Z,test,1
7061-OVMIM,pytorch_tabular_net,0.0159600004553794,Low,2026-10-01T07:22:18Z,train,0
7064-FRRSW,pytorch_tabular_net,0.4238300025463104,High,2026-10-01T07:22:18Z,train,1
7064-JHXCE,pytorch_tabular_net,0.0148000000044703,Low,2026-10-01T07:22:18Z,valid,0
7065-YUNRY,pytorch_tabular_net,0.6653800010681152,Critical,2026-10-01T07:22:18Z,test,1
7067-KSAZT,pytorch_tabular_net,0.3583599925041199,Medium,2026-10-01T07:22:18Z,train,1
7072-MBHEV,pytorch_tabular_net,0.6379600167274475,Critical,2026-10-01T07:22:18Z,train,1
7073-QETQY,pytorch_tabular_net,0.0269000008702278,Low,2026-10-01T07:22:18Z,train,0
7074-IEVOJ,pytorch_tabular_net,0.7489699721336365,Critical,2026-10-01T07:22:18Z,test,1
7074-STDCN,pytorch_tabular_net,0.2208700031042099,Medium,2026-10-01T07:22:18Z,train,0
7075-BNDVQ,pytorch_tabular_net,0.215389996767044,Medium,2026-10-01T07:22:18Z,test,0
7077-XJMET,pytorch_tabular_net,0.2644999921321869,Medium,2026-10-01T07:22:18Z,train,0
7078-NVFAM,pytorch_tabular_net,0.1266299933195114,Low,2026-10-01T07:22:18Z,train,0
7079-QRCBC,pytorch_tabular_net,0.7559499740600586,Critical,2026-10-01T07:22:18Z,train,1
7080-TNUWP,pytorch_tabular_net,0.121019996702671,Low,2026-10-01T07:22:18Z,test,0
7083-MIOPC,pytorch_tabular_net,0.0158500000834465,Low,2026-10-01T07:22:18Z,train,0
7083-YNSKY,pytorch_tabular_net,0.1823100000619888,Low,2026-10-01T07:22:18Z,test,0
7088-FBAWU,pytorch_tabular_net,0.1399600058794021,Low,2026-10-01T07:22:18Z,test,0
7089-IVVAZ,pytorch_tabular_net,0.708869993686676,Critical,2026-10-01T07:22:18Z,train,1
7089-RKVSZ,pytorch_tabular_net,0.03243999928236,Low,2026-10-01T07:22:18Z,train,0
7089-XXAYG,pytorch_tabular_net,0.1306300014257431,Low,2026-10-01T07:22:18Z,train,0
7094-MSZAO,pytorch_tabular_net,0.0948100015521049,Low,2026-10-01T07:22:18Z,train,0
7096-UCLNH,pytorch_tabular_net,0.2304099947214126,Medium,2026-10-01T07:22:18Z,train,0
7096-ZNBZI,pytorch_tabular_net,0.0126599995419383,Low,2026-10-01T07:22:18Z,valid,0
7100-FQPRV,pytorch_tabular_net,0.0817999988794326,Low,2026-10-01T07:22:18Z,train,0
7101-HRBLJ,pytorch_tabular_net,0.01467000041157,Low,2026-10-01T07:22:18Z,train,0
7102-JJVTX,pytorch_tabular_net,0.0458099991083145,Low,2026-10-01T07:22:18Z,train,0
7103-IPXPJ,pytorch_tabular_net,0.3470300137996673,Medium,2026-10-01T07:22:18Z,valid,1
7103-ZGVNT,pytorch_tabular_net,0.048599999397993,Low,2026-10-01T07:22:18Z,test,0
7105-BENQF,pytorch_tabular_net,0.0705000013113021,Low,2026-10-01T07:22:18Z,train,0
7105-MXJLL,pytorch_tabular_net,0.1113900020718574,Low,2026-10-01T07:22:18Z,train,0
7107-UBYKY,pytorch_tabular_net,0.0802100002765655,Low,2026-10-01T07:22:18Z,valid,0
7108-DGVUU,pytorch_tabular_net,0.1464100033044815,Low,2026-10-01T07:22:18Z,train,0
7109-CQYUZ,pytorch_tabular_net,0.0371799990534782,Low,2026-10-01T07:22:18Z,train,0
7109-MFBYV,pytorch_tabular_net,0.1656800061464309,Low,2026-10-01T07:22:18Z,train,0
7110-BDTWG,pytorch_tabular_net,0.0139899998903274,Low,2026-10-01T07:22:18Z,train,0
7112-OPOTK,pytorch_tabular_net,0.2517200112342834,Medium,2026-10-01T07:22:18Z,train,0
7113-HIPFI,pytorch_tabular_net,0.0225300006568431,Low,2026-10-01T07:22:18Z,test,0
7114-AEOZE,pytorch_tabular_net,0.0138600002974271,Low,2026-10-01T07:22:18Z,test,0
7115-IRDHS,pytorch_tabular_net,0.0115200001746416,Low,2026-10-01T07:22:18Z,train,0
7120-RFMVS,pytorch_tabular_net,0.8408399820327759,Critical,2026-10-01T07:22:18Z,train,1
7123-WQUHX,pytorch_tabular_net,0.1272999942302703,Low,2026-10-01T07:22:18Z,train,0
7124-UGSUR,pytorch_tabular_net,0.2622300088405609,Medium,2026-10-01T07:22:18Z,train,0
7126-RBHSD,pytorch_tabular_net,0.3645800054073334,Medium,2026-10-01T07:22:18Z,train,1
7128-GGCNO,pytorch_tabular_net,0.1506099998950958,Low,2026-10-01T07:22:18Z,train,0
7129-ACFOG,pytorch_tabular_net,0.5073800086975098,High,2026-10-01T07:22:18Z,test,1
7129-AZJDE,pytorch_tabular_net,0.1563100069761276,Low,2026-10-01T07:22:18Z,train,0
7129-CAKJW,pytorch_tabular_net,0.3148500025272369,Medium,2026-10-01T07:22:18Z,train,0
7130-CTCUS,pytorch_tabular_net,0.2743000090122223,Medium,2026-10-01T07:22:18Z,train,0
7130-VTEWQ,pytorch_tabular_net,0.757390022277832,Critical,2026-10-01T07:22:18Z,train,1
7130-YXBRO,pytorch_tabular_net,0.3494000136852264,Medium,2026-10-01T07:22:18Z,train,1
7131-ZQZNK,pytorch_tabular_net,0.0105799995362758,Low,2026-10-01T07:22:18Z,train,0
7133-VBDCG,pytorch_tabular_net,0.2727600038051605,Medium,2026-10-01T07:22:18Z,train,0
7134-HBPBS,pytorch_tabular_net,0.0595199987292289,Low,2026-10-01T07:22:18Z,train,0
7134-MJPDY,pytorch_tabular_net,0.2473900020122528,Medium,2026-10-01T07:22:18Z,train,0
7136-IHZJA,pytorch_tabular_net,0.0546000003814697,Low,2026-10-01T07:22:18Z,test,0
7136-RVDTZ,pytorch_tabular_net,0.3206900060176849,Medium,2026-10-01T07:22:18Z,train,0
7137-NAXML,pytorch_tabular_net,0.0302200000733137,Low,2026-10-01T07:22:18Z,train,0
7137-RYLPP,pytorch_tabular_net,0.6603099703788757,Critical,2026-10-01T07:22:18Z,train,1
7138-GIRSH,pytorch_tabular_net,0.0267699994146823,Low,2026-10-01T07:22:18Z,train,0
7139-JZFVG,pytorch_tabular_net,0.0199599992483854,Low,2026-10-01T07:22:18Z,train,0
7140-ADSMJ,pytorch_tabular_net,0.1588799953460693,Low,2026-10-01T07:22:18Z,test,0
7142-HVGBG,pytorch_tabular_net,0.6207799911499023,Critical,2026-10-01T07:22:18Z,train,1
7143-BQIBA,pytorch_tabular_net,0.1686300039291381,Low,2026-10-01T07:22:18Z,train,0
7145-FEJWU,pytorch_tabular_net,0.7868000268936157,Critical,2026-10-01T07:22:18Z,train,1
7147-AYBAA,pytorch_tabular_net,0.2422100007534027,Medium,2026-10-01T07:22:18Z,train,0
7148-XZPHA,pytorch_tabular_net,0.1439400017261505,Low,2026-10-01T07:22:18Z,train,0
7153-CHRBV,pytorch_tabular_net,0.0285000000149011,Low,2026-10-01T07:22:18Z,train,0
7153-OANIO,pytorch_tabular_net,0.7057999968528748,Critical,2026-10-01T07:22:18Z,train,1
7156-MHUGY,pytorch_tabular_net,0.7166500091552734,Critical,2026-10-01T07:22:18Z,train,1
7156-MXBJE,pytorch_tabular_net,0.1006200015544891,Low,2026-10-01T07:22:18Z,test,0
7157-SMCFK,pytorch_tabular_net,0.0139699997380375,Low,2026-10-01T07:22:18Z,train,0
7159-FVYPK,pytorch_tabular_net,0.4919799864292145,High,2026-10-01T07:22:18Z,train,1
7159-NOKYQ,pytorch_tabular_net,0.0667499974370002,Low,2026-10-01T07:22:18Z,train,0
7161-DFHUF,pytorch_tabular_net,0.0068799997679889,Low,2026-10-01T07:22:18Z,test,0
7162-WPHPM,pytorch_tabular_net,0.0236699990928173,Low,2026-10-01T07:22:18Z,train,0
7163-OCEQI,pytorch_tabular_net,0.213139995932579,Medium,2026-10-01T07:22:18Z,train,0
7164-BPTUT,pytorch_tabular_net,0.0368500016629695,Low,2026-10-01T07:22:18Z,valid,0
7167-PCEYD,pytorch_tabular_net,0.0116800004616379,Low,2026-10-01T07:22:18Z,train,0
7168-HDQHG,pytorch_tabular_net,0.0430300012230873,Low,2026-10-01T07:22:18Z,train,0
7169-YWAMK,pytorch_tabular_net,0.0370699986815452,Low,2026-10-01T07:22:18Z,train,0
7173-TETGO,pytorch_tabular_net,0.0296100005507469,Low,2026-10-01T07:22:18Z,test,0
7175-NTIXE,pytorch_tabular_net,0.1626099944114685,Low,2026-10-01T07:22:18Z,valid,0
7176-WIONM,pytorch_tabular_net,0.5819799900054932,High,2026-10-01T07:22:18Z,train,1
7176-WRTNX,pytorch_tabular_net,0.0784699991345405,Low,2026-10-01T07:22:18Z,train,0
7180-PISOG,pytorch_tabular_net,0.8645300269126892,Critical,2026-10-01T07:22:18Z,valid,1
7181-BQYBV,pytorch_tabular_net,0.8486700057983398,Critical,2026-10-01T07:22:18Z,train,1
7181-OQCUT,pytorch_tabular_net,0.5712299942970276,High,2026-10-01T07:22:18Z,train,1
7182-OVLBJ,pytorch_tabular_net,0.1360699981451034,Low,2026-10-01T07:22:18Z,test,0
7184-LRUUR,pytorch_tabular_net,0.0499899983406066,Low,2026-10-01T07:22:18Z,test,0
7188-CBBBA,pytorch_tabular_net,0.2088100016117096,Medium,2026-10-01T07:22:18Z,train,0
7190-XHTWJ,pytorch_tabular_net,0.0115400003269314,Low,2026-10-01T07:22:18Z,train,0
7191-ADRGF,pytorch_tabular_net,0.0293499995023012,Low,2026-10-01T07:22:18Z,valid,0
7196-LIWRH,pytorch_tabular_net,0.016839999705553,Low,2026-10-01T07:22:18Z,train,0
7197-VOJMM,pytorch_tabular_net,0.0263199992477893,Low,2026-10-01T07:22:18Z,train,0
7198-GLXTC,pytorch_tabular_net,0.6920300126075745,Critical,2026-10-01T07:22:18Z,valid,1
7203-OYKCT,pytorch_tabular_net,0.373769998550415,Medium,2026-10-01T07:22:18Z,train,1
7205-BAIAD,pytorch_tabular_net,0.0147700002416968,Low,2026-10-01T07:22:18Z,test,0
7206-GZCDC,pytorch_tabular_net,0.8346999883651733,Critical,2026-10-01T07:22:18Z,valid,1
7206-PQBBZ,pytorch_tabular_net,0.6835700273513794,Critical,2026-10-01T07:22:18Z,test,1
7207-RMRDB,pytorch_tabular_net,0.4920600056648254,High,2026-10-01T07:22:18Z,test,1
7208-PSIHR,pytorch_tabular_net,0.0491099990904331,Low,2026-10-01T07:22:18Z,train,0
7209-JCUDS,pytorch_tabular_net,0.7299100160598755,Critical,2026-10-01T07:22:18Z,train,1
7216-EWTRS,pytorch_tabular_net,0.8900899887084961,Critical,2026-10-01T07:22:18Z,train,1
7216-KAOID,pytorch_tabular_net,0.0178200006484985,Low,2026-10-01T07:22:18Z,test,0
7217-JYHOQ,pytorch_tabular_net,0.048820000141859,Low,2026-10-01T07:22:18Z,train,0
7218-HKQFK,pytorch_tabular_net,0.6182600259780884,Critical,2026-10-01T07:22:18Z,train,1
7219-TLZHO,pytorch_tabular_net,0.1067999973893165,Low,2026-10-01T07:22:18Z,test,0
7225-CBZPL,pytorch_tabular_net,0.7153300046920776,Critical,2026-10-01T07:22:18Z,train,1
7225-IILWY,pytorch_tabular_net,0.0121200000867247,Low,2026-10-01T07:22:18Z,train,0
7228-OMTPN,pytorch_tabular_net,0.7858999967575073,Critical,2026-10-01T07:22:18Z,train,1
7228-PAQPD,pytorch_tabular_net,0.1505700051784515,Low,2026-10-01T07:22:18Z,valid,0
7233-DRTRF,pytorch_tabular_net,0.5204600095748901,High,2026-10-01T07:22:18Z,train,1
7233-IOQNP,pytorch_tabular_net,0.0942900031805038,Low,2026-10-01T07:22:18Z,train,0
7233-PAHHL,pytorch_tabular_net,0.0362999998033046,Low,2026-10-01T07:22:18Z,train,0
7234-FECYN,pytorch_tabular_net,0.7575700283050537,Critical,2026-10-01T07:22:18Z,train,1
7234-KMNRQ,pytorch_tabular_net,0.1347099989652633,Low,2026-10-01T07:22:18Z,train,0
7235-NXZCP,pytorch_tabular_net,0.8068600296974182,Critical,2026-10-01T07:22:18Z,valid,1
7239-HZZCX,pytorch_tabular_net,0.2311400026082992,Medium,2026-10-01T07:22:18Z,train,0
7240-ETPTR,pytorch_tabular_net,0.6518300175666809,Critical,2026-10-01T07:22:18Z,train,1
7240-FQLHE,pytorch_tabular_net,0.4976600110530853,High,2026-10-01T07:22:18Z,test,1
7241-AJHFS,pytorch_tabular_net,0.2008800059556961,Medium,2026-10-01T07:22:18Z,test,0
7242-EDTYC,pytorch_tabular_net,0.0200800001621246,Low,2026-10-01T07:22:18Z,train,0
7242-QZLXF,pytorch_tabular_net,0.7676200270652771,Critical,2026-10-01T07:22:18Z,train,1
7243-LCGGZ,pytorch_tabular_net,0.2489099949598312,Medium,2026-10-01T07:22:18Z,valid,0
7244-KXYZN,pytorch_tabular_net,0.0299999993294477,Low,2026-10-01T07:22:18Z,train,0
7244-QWYHG,pytorch_tabular_net,0.0740699991583824,Low,2026-10-01T07:22:18Z,train,0
7245-JMTTQ,pytorch_tabular_net,0.3474799990653991,Medium,2026-10-01T07:22:18Z,train,1
7245-NIIWQ,pytorch_tabular_net,0.7134199738502502,Critical,2026-10-01T07:22:18Z,test,1
7246-ZGQDF,pytorch_tabular_net,0.3807899951934814,Medium,2026-10-01T07:22:18Z,test,1
7247-XOZPB,pytorch_tabular_net,0.0595399998128414,Low,2026-10-01T07:22:18Z,valid,0
7248-VZQLC,pytorch_tabular_net,0.3151400089263916,Medium,2026-10-01T07:22:18Z,valid,0
7249-WBIYX,pytorch_tabular_net,0.7337599992752075,Critical,2026-10-01T07:22:18Z,test,1
7250-EQKIY,pytorch_tabular_net,0.4543699920177459,High,2026-10-01T07:22:18Z,valid,1
7251-LJBQN,pytorch_tabular_net,0.3369799852371216,Medium,2026-10-01T07:22:18Z,valid,0
7251-XFOIL,pytorch_tabular_net,0.1783799976110458,Low,2026-10-01T07:22:18Z,test,0
7252-NTGSS,pytorch_tabular_net,0.4781199991703033,High,2026-10-01T07:22:18Z,train,1
7253-UVNDW,pytorch_tabular_net,0.0247699990868568,Low,2026-10-01T07:22:18Z,train,0
7254-IQWOZ,pytorch_tabular_net,0.798740029335022,Critical,2026-10-01T07:22:18Z,train,1
7255-SSFBC,pytorch_tabular_net,0.0606100000441074,Low,2026-10-01T07:22:18Z,train,0
7266-GSSJX,pytorch_tabular_net,0.1206699982285499,Low,2026-10-01T07:22:18Z,test,0
7267-FRMJW,pytorch_tabular_net,0.007759999949485,Low,2026-10-01T07:22:18Z,train,0
7268-IGMFD,pytorch_tabular_net,0.4217399954795837,High,2026-10-01T07:22:18Z,valid,1
7268-WNTCP,pytorch_tabular_net,0.0158200003206729,Low,2026-10-01T07:22:18Z,test,0
7269-JISCY,pytorch_tabular_net,0.0225000008940696,Low,2026-10-01T07:22:18Z,train,0
7270-BDIOA,pytorch_tabular_net,0.6185399889945984,Critical,2026-10-01T07:22:18Z,train,1
7271-AJDTL,pytorch_tabular_net,0.3464300036430359,Medium,2026-10-01T07:22:18Z,train,1
7272-QDCKA,pytorch_tabular_net,0.3698300123214721,Medium,2026-10-01T07:22:18Z,test,1
7273-TEFQD,pytorch_tabular_net,0.8376200199127197,Critical,2026-10-01T07:22:18Z,train,1
7274-CGTOD,pytorch_tabular_net,0.0125900004059076,Low,2026-10-01T07:22:18Z,train,0
7274-RTAPZ,pytorch_tabular_net,0.8598700165748596,Critical,2026-10-01T07:22:18Z,train,1
7277-KAMWT,pytorch_tabular_net,0.0280900001525878,Low,2026-10-01T07:22:18Z,test,0
7277-OZCGZ,pytorch_tabular_net,0.3045099973678589,Medium,2026-10-01T07:22:18Z,train,0
7278-CKDNC,pytorch_tabular_net,0.5622100234031677,High,2026-10-01T07:22:18Z,train,1
7279-BUYWN,pytorch_tabular_net,0.6031299829483032,Critical,2026-10-01T07:22:18Z,train,1
7279-NMVJC,pytorch_tabular_net,0.0279200002551078,Low,2026-10-01T07:22:18Z,train,0
7284-BUYEC,pytorch_tabular_net,0.6325700283050537,Critical,2026-10-01T07:22:18Z,valid,1
7284-ZZLOH,pytorch_tabular_net,0.024100000038743,Low,2026-10-01T07:22:18Z,valid,0
7285-KLOTR,pytorch_tabular_net,0.2146600037813186,Medium,2026-10-01T07:22:18Z,train,0
7291-CDTMJ,pytorch_tabular_net,0.2780799865722656,Medium,2026-10-01T07:22:18Z,train,0
7293-LSCDV,pytorch_tabular_net,0.013260000385344,Low,2026-10-01T07:22:18Z,valid,0
7294-TMAOP,pytorch_tabular_net,0.8343200087547302,Critical,2026-10-01T07:22:18Z,train,1
7295-JOMMD,pytorch_tabular_net,0.6253499984741211,Critical,2026-10-01T07:22:18Z,train,1
7296-PIXQY,pytorch_tabular_net,0.4621399939060211,High,2026-10-01T07:22:18Z,train,1
7297-DVYGA,pytorch_tabular_net,0.0189100001007318,Low,2026-10-01T07:22:18Z,valid,0
7298-IZWLY,pytorch_tabular_net,0.3490099906921386,Medium,2026-10-01T07:22:18Z,train,1
7299-GNVPL,pytorch_tabular_net,0.1436299979686737,Low,2026-10-01T07:22:18Z,train,0
7301-ABVAD,pytorch_tabular_net,0.0194000005722045,Low,2026-10-01T07:22:18Z,train,0
7302-ZHMHP,pytorch_tabular_net,0.2512100040912628,Medium,2026-10-01T07:22:18Z,test,0
7305-ZWMAJ,pytorch_tabular_net,0.0241700001060962,Low,2026-10-01T07:22:18Z,train,0
7306-YDSOI,pytorch_tabular_net,0.0237700007855892,Low,2026-10-01T07:22:18Z,train,0
7310-EGVHZ,pytorch_tabular_net,0.2080100029706955,Medium,2026-10-01T07:22:18Z,train,0
7311-MQJCH,pytorch_tabular_net,0.0467600002884864,Low,2026-10-01T07:22:18Z,train,0
7312-XSBAT,pytorch_tabular_net,0.4323599934577942,High,2026-10-01T07:22:18Z,train,1
7314-OXENN,pytorch_tabular_net,0.7906299829483032,Critical,2026-10-01T07:22:18Z,train,1
7315-WYOAW,pytorch_tabular_net,0.6385400295257568,Critical,2026-10-01T07:22:18Z,test,1
7317-GGVPB,pytorch_tabular_net,0.0708300024271011,Low,2026-10-01T07:22:18Z,valid,0
7318-EIVKO,pytorch_tabular_net,0.6040599942207336,Critical,2026-10-01T07:22:18Z,test,1
7319-VENRZ,pytorch_tabular_net,0.1592800021171569,Low,2026-10-01T07:22:18Z,train,0
7319-ZNRTR,pytorch_tabular_net,0.0196199994534254,Low,2026-10-01T07:22:18Z,train,0
7321-KKSDU,pytorch_tabular_net,0.0126599995419383,Low,2026-10-01T07:22:18Z,train,0
7321-PKUYW,pytorch_tabular_net,0.6178399920463562,Critical,2026-10-01T07:22:18Z,train,1
7321-VGNKU,pytorch_tabular_net,0.6359599828720093,Critical,2026-10-01T07:22:18Z,train,1
7321-ZNSLA,pytorch_tabular_net,0.0205099992454051,Low,2026-10-01T07:22:18Z,train,0
7322-OCWHC,pytorch_tabular_net,0.0354200005531311,Low,2026-10-01T07:22:18Z,train,0
7325-ENZFI,pytorch_tabular_net,0.0368199981749057,Low,2026-10-01T07:22:18Z,train,0
7326-RIGQZ,pytorch_tabular_net,0.6196900010108948,Critical,2026-10-01T07:22:18Z,train,1
7328-OWMOM,pytorch_tabular_net,0.0208100005984306,Low,2026-10-01T07:22:18Z,train,0
7328-ZJAJO,pytorch_tabular_net,0.0107500003650784,Low,2026-10-01T07:22:18Z,train,0
7330-WZLNC,pytorch_tabular_net,0.8310999870300293,Critical,2026-10-01T07:22:18Z,train,1
7336-RLLRH,pytorch_tabular_net,0.1315899938344955,Low,2026-10-01T07:22:18Z,valid,0
7337-CINUD,pytorch_tabular_net,0.01638999953866,Low,2026-10-01T07:22:18Z,train,0
7338-ERIVA,pytorch_tabular_net,0.047359999269247,Low,2026-10-01T07:22:18Z,valid,0
7339-POGZN,pytorch_tabular_net,0.4660199880599975,High,2026-10-01T07:22:18Z,test,1
7340-KEFQE,pytorch_tabular_net,0.0093900002539157,Low,2026-10-01T07:22:18Z,train,0
7341-LXCAF,pytorch_tabular_net,0.7920200228691101,Critical,2026-10-01T07:22:18Z,test,1
7343-EOBEU,pytorch_tabular_net,0.3145399987697601,Medium,2026-10-01T07:22:18Z,valid,0
7346-MEDWM,pytorch_tabular_net,0.3152799904346466,Medium,2026-10-01T07:22:18Z,train,0
7349-ALMUX,pytorch_tabular_net,0.0390699990093708,Low,2026-10-01T07:22:18Z,valid,0
7351-KYHQH,pytorch_tabular_net,0.5793799757957458,High,2026-10-01T07:22:18Z,train,1
7351-MHQVU,pytorch_tabular_net,0.3693799972534179,Medium,2026-10-01T07:22:18Z,test,1
7353-YOWFP,pytorch_tabular_net,0.0295800007879734,Low,2026-10-01T07:22:18Z,valid,0
7354-OIJLX,pytorch_tabular_net,0.6599699854850769,Critical,2026-10-01T07:22:18Z,train,1
7356-AYNJP,pytorch_tabular_net,0.068850003182888,Low,2026-10-01T07:22:18Z,train,0
7356-IWLFW,pytorch_tabular_net,0.2721000015735626,Medium,2026-10-01T07:22:18Z,train,0
7359-PTSXY,pytorch_tabular_net,0.5169199705123901,High,2026-10-01T07:22:18Z,test,1
7359-SSBJK,pytorch_tabular_net,0.0661299973726272,Low,2026-10-01T07:22:18Z,train,0
7359-WWYJV,pytorch_tabular_net,0.0674000009894371,Low,2026-10-01T07:22:18Z,test,0
7361-YPXFS,pytorch_tabular_net,0.1245400011539459,Low,2026-10-01T07:22:18Z,valid,0
7363-QTBIW,pytorch_tabular_net,0.6819900274276733,Critical,2026-10-01T07:22:18Z,train,1
7365-BVCJH,pytorch_tabular_net,0.7944899797439575,Critical,2026-10-01T07:22:18Z,train,1
7369-TRPFD,pytorch_tabular_net,0.0256399996578693,Low,2026-10-01T07:22:18Z,train,0
7375-WMVMT,pytorch_tabular_net,0.0439799986779689,Low,2026-10-01T07:22:18Z,train,0
7377-DMMRI,pytorch_tabular_net,0.5242599844932556,High,2026-10-01T07:22:18Z,train,1
7379-FNIUJ,pytorch_tabular_net,0.6832500100135803,Critical,2026-10-01T07:22:18Z,train,1
7379-POKDZ,pytorch_tabular_net,0.7478899955749512,Critical,2026-10-01T07:22:18Z,train,1
7382-DFJTU,pytorch_tabular_net,0.1301800012588501,Low,2026-10-01T07:22:18Z,train,0
7384-GHBPI,pytorch_tabular_net,0.6846200227737427,Critical,2026-10-01T07:22:18Z,train,1
7389-KBFIT,pytorch_tabular_net,0.5980899930000305,High,2026-10-01T07:22:18Z,valid,1
7392-YYPYJ,pytorch_tabular_net,0.6893100142478943,Critical,2026-10-01T07:22:18Z,valid,1
7394-FKDNK,pytorch_tabular_net,0.7409399747848511,Critical,2026-10-01T07:22:18Z,train,1
7394-LWLYN,pytorch_tabular_net,0.7047899961471558,Critical,2026-10-01T07:22:18Z,train,1
7395-IGJOS,pytorch_tabular_net,0.3775199949741363,Medium,2026-10-01T07:22:18Z,test,1
7395-XWZOY,pytorch_tabular_net,0.3331100046634674,Medium,2026-10-01T07:22:18Z,train,0
7396-VJUZB,pytorch_tabular_net,0.2823399901390075,Medium,2026-10-01T07:22:18Z,valid,0
7398-HPYZQ,pytorch_tabular_net,0.0310999993234872,Low,2026-10-01T07:22:18Z,train,0
7398-LXGYX,pytorch_tabular_net,0.3108600080013275,Medium,2026-10-01T07:22:18Z,train,0
7398-SKNQZ,pytorch_tabular_net,0.7533699870109558,Critical,2026-10-01T07:22:18Z,valid,1
7399-QHBJS,pytorch_tabular_net,0.0268799997866153,Low,2026-10-01T07:22:18Z,train,0
7401-JIXNM,pytorch_tabular_net,0.0179999992251396,Low,2026-10-01T07:22:18Z,test,0
7401-RUBNK,pytorch_tabular_net,0.3469099998474121,Medium,2026-10-01T07:22:18Z,valid,1
7402-EYFXX,pytorch_tabular_net,0.7237499952316284,Critical,2026-10-01T07:22:18Z,valid,1
7402-PWYJJ,pytorch_tabular_net,0.161310002207756,Low,2026-10-01T07:22:18Z,test,0
7404-JLKQG,pytorch_tabular_net,0.4242900013923645,High,2026-10-01T07:22:18Z,train,1
7407-SUJIZ,pytorch_tabular_net,0.050280001014471,Low,2026-10-01T07:22:18Z,train,0
7408-OFWXJ,pytorch_tabular_net,0.0169799998402595,Low,2026-10-01T07:22:18Z,train,0
7409-JURKQ,pytorch_tabular_net,0.2232699990272522,Medium,2026-10-01T07:22:18Z,test,0
7409-KIUTL,pytorch_tabular_net,0.8161200284957886,Critical,2026-10-01T07:22:18Z,valid,1
7410-KTVFV,pytorch_tabular_net,0.2806299924850464,Medium,2026-10-01T07:22:18Z,train,0
7410-OIEDU,pytorch_tabular_net,0.4843200147151947,High,2026-10-01T07:22:18Z,train,1
7410-YTJIK,pytorch_tabular_net,0.3610199987888336,Medium,2026-10-01T07:22:18Z,train,1
7416-CKTEP,pytorch_tabular_net,0.011909999884665,Low,2026-10-01T07:22:18Z,train,0
7421-ZLUPA,pytorch_tabular_net,0.3808299899101257,Medium,2026-10-01T07:22:18Z,test,1
7422-WNBTY,pytorch_tabular_net,0.545960009098053,High,2026-10-01T07:22:18Z,test,1
7426-GSWPO,pytorch_tabular_net,0.3925800025463104,Medium,2026-10-01T07:22:18Z,valid,1
7426-RHZGU,pytorch_tabular_net,0.5148699879646301,High,2026-10-01T07:22:18Z,train,1
7426-WEIJX,pytorch_tabular_net,0.4109799861907959,High,2026-10-01T07:22:18Z,test,1
7427-AUFPY,pytorch_tabular_net,0.0228000003844499,Low,2026-10-01T07:22:18Z,valid,0
7432-FFVAR,pytorch_tabular_net,0.065030001103878,Low,2026-10-01T07:22:18Z,train,0
7434-SHXLS,pytorch_tabular_net,0.2489099949598312,Medium,2026-10-01T07:22:18Z,train,0
7435-ZNUYY,pytorch_tabular_net,0.0373999997973442,Low,2026-10-01T07:22:18Z,train,0
7439-DKZTW,pytorch_tabular_net,0.8425800204277039,Critical,2026-10-01T07:22:18Z,train,1
7442-YGZFK,pytorch_tabular_net,0.6924700140953064,Critical,2026-10-01T07:22:18Z,train,1
7445-WMRBW,pytorch_tabular_net,0.0582199990749359,Low,2026-10-01T07:22:18Z,train,0
7446-KQISO,pytorch_tabular_net,0.0723600015044212,Low,2026-10-01T07:22:18Z,valid,0
7446-SFAOA,pytorch_tabular_net,0.0199699997901916,Low,2026-10-01T07:22:18Z,train,0
7446-YPODE,pytorch_tabular_net,0.2790000140666961,Medium,2026-10-01T07:22:18Z,test,0
7449-HVPIV,pytorch_tabular_net,0.3642300069332123,Medium,2026-10-01T07:22:18Z,train,1
7450-NWRTR,pytorch_tabular_net,0.8289399743080139,Critical,2026-10-01T07:22:18Z,test,1
7452-FOLON,pytorch_tabular_net,0.0219199992716312,Low,2026-10-01T07:22:18Z,train,0
7459-IMVYU,pytorch_tabular_net,0.0894500017166137,Low,2026-10-01T07:22:18Z,train,0
7459-RRWQZ,pytorch_tabular_net,0.2894200086593628,Medium,2026-10-01T07:22:18Z,train,0
7460-ITWWP,pytorch_tabular_net,0.4269700050354004,High,2026-10-01T07:22:18Z,train,1
7463-IFMQU,pytorch_tabular_net,0.0114299999549984,Low,2026-10-01T07:22:18Z,valid,0
7465-ZZRVX,pytorch_tabular_net,0.7996500134468079,Critical,2026-10-01T07:22:18Z,train,1
7469-LKBCI,pytorch_tabular_net,0.0271700005978345,Low,2026-10-01T07:22:18Z,train,0
7470-DYNOE,pytorch_tabular_net,0.1142999976873397,Low,2026-10-01T07:22:18Z,train,0
7470-MCQTK,pytorch_tabular_net,0.5517899990081787,High,2026-10-01T07:22:18Z,train,1
7471-MQPOS,pytorch_tabular_net,0.0513599999248981,Low,2026-10-01T07:22:18Z,train,0
7471-WNSUF,pytorch_tabular_net,0.0214499998837709,Low,2026-10-01T07:22:18Z,train,0
7472-EQOAV,pytorch_tabular_net,0.0633200034499168,Low,2026-10-01T07:22:18Z,train,0
7473-ZBDSN,pytorch_tabular_net,0.0093599995598196,Low,2026-10-01T07:22:18Z,train,0
7479-NITWS,pytorch_tabular_net,0.7384799718856812,Critical,2026-10-01T07:22:18Z,train,1
7480-QNVZJ,pytorch_tabular_net,0.6295700073242188,Critical,2026-10-01T07:22:18Z,train,1
7480-SPLEF,pytorch_tabular_net,0.0181600004434585,Low,2026-10-01T07:22:18Z,test,0
7481-ATQQS,pytorch_tabular_net,0.4947899878025055,High,2026-10-01T07:22:18Z,train,1
7483-IQWIB,pytorch_tabular_net,0.5892099738121033,High,2026-10-01T07:22:18Z,train,1
7486-KSRVI,pytorch_tabular_net,0.3789699971675873,Medium,2026-10-01T07:22:18Z,test,1
7488-MXJIV,pytorch_tabular_net,0.7977499961853027,Critical,2026-10-01T07:22:18Z,train,1
7492-TAFJD,pytorch_tabular_net,0.018190000206232,Low,2026-10-01T07:22:18Z,train,0
7493-GVFIO,pytorch_tabular_net,0.0225900001823902,Low,2026-10-01T07:22:18Z,train,0
7493-TPUWZ,pytorch_tabular_net,0.8438400030136108,Critical,2026-10-01T07:22:18Z,test,1
7495-OOKFY,pytorch_tabular_net,0.7075600028038025,Critical,2026-10-01T07:22:18Z,train,1
7501-IWUNG,pytorch_tabular_net,0.0200299993157386,Low,2026-10-01T07:22:18Z,train,0
7501-VTYLJ,pytorch_tabular_net,0.3387700021266937,Medium,2026-10-01T07:22:18Z,valid,0
7502-BNYGS,pytorch_tabular_net,0.0995799973607063,Low,2026-10-01T07:22:18Z,train,0
7503-EPSZW,pytorch_tabular_net,0.0100400000810623,Low,2026-10-01T07:22:18Z,train,0
7503-MIOGA,pytorch_tabular_net,0.0273800007998943,Low,2026-10-01T07:22:18Z,test,0
7503-QQRVF,pytorch_tabular_net,0.5335500240325928,High,2026-10-01T07:22:18Z,train,1
7503-ZGUZJ,pytorch_tabular_net,0.8796799778938293,Critical,2026-10-01T07:22:18Z,train,1
7504-UWHNB,pytorch_tabular_net,0.293040007352829,Medium,2026-10-01T07:22:18Z,train,0
7508-DQAKK,pytorch_tabular_net,0.0304700005799531,Low,2026-10-01T07:22:18Z,train,0
7508-KBIMB,pytorch_tabular_net,0.0739699974656105,Low,2026-10-01T07:22:18Z,valid,0
7508-MYBOG,pytorch_tabular_net,0.7793099880218506,Critical,2026-10-01T07:22:18Z,train,1
7508-SMHXL,pytorch_tabular_net,0.4762200117111206,High,2026-10-01T07:22:18Z,valid,1
7511-YMXVQ,pytorch_tabular_net,0.7094399929046631,Critical,2026-10-01T07:22:18Z,train,1
7515-LODFU,pytorch_tabular_net,0.0431500002741813,Low,2026-10-01T07:22:18Z,train,0
7516-GMHUV,pytorch_tabular_net,0.1178499981760978,Low,2026-10-01T07:22:18Z,test,0
7517-LDMPS,pytorch_tabular_net,0.5819100141525269,High,2026-10-01T07:22:18Z,train,1
7517-SAWMO,pytorch_tabular_net,0.4059700071811676,High,2026-10-01T07:22:18Z,train,1
7519-JTWQH,pytorch_tabular_net,0.0463900007307529,Low,2026-10-01T07:22:18Z,train,0
7520-HQWJU,pytorch_tabular_net,0.0555399991571903,Low,2026-10-01T07:22:18Z,train,0
7521-AFHAB,pytorch_tabular_net,0.2431699931621551,Medium,2026-10-01T07:22:18Z,train,0
7521-YXVZY,pytorch_tabular_net,0.1309500038623809,Low,2026-10-01T07:22:18Z,train,0
7524-VRLPL,pytorch_tabular_net,0.0598299987614154,Low,2026-10-01T07:22:18Z,valid,0
7526-BEZQB,pytorch_tabular_net,0.7905200123786926,Critical,2026-10-01T07:22:18Z,valid,1
7526-IVLYU,pytorch_tabular_net,0.1937599927186966,Low,2026-10-01T07:22:18Z,train,0
7527-QNRUS,pytorch_tabular_net,0.0205600000917911,Low,2026-10-01T07:22:18Z,train,0
7529-ZDFXI,pytorch_tabular_net,0.3479599952697754,Medium,2026-10-01T07:22:18Z,train,1
7530-HDYDS,pytorch_tabular_net,0.3048399984836578,Medium,2026-10-01T07:22:18Z,train,0
7531-GQHME,pytorch_tabular_net,0.1125900000333786,Low,2026-10-01T07:22:18Z,test,0
7534-BFESC,pytorch_tabular_net,0.608269989490509,Critical,2026-10-01T07:22:18Z,valid,1
7537-CBQUZ,pytorch_tabular_net,0.3990199863910675,Medium,2026-10-01T07:22:18Z,train,1
7537-RBWEA,pytorch_tabular_net,0.7280700206756592,Critical,2026-10-01T07:22:18Z,valid,1
7538-GWHML,pytorch_tabular_net,0.6850900053977966,Critical,2026-10-01T07:22:18Z,train,1
7541-YLXCL,pytorch_tabular_net,0.0536100007593631,Low,2026-10-01T07:22:18Z,train,0
7542-CYDDM,pytorch_tabular_net,0.061779998242855,Low,2026-10-01T07:22:18Z,train,0
7544-ZVIKX,pytorch_tabular_net,0.20864999294281,Medium,2026-10-01T07:22:18Z,valid,0
7547-EKNFS,pytorch_tabular_net,0.3869000077247619,Medium,2026-10-01T07:22:18Z,train,1
7548-SEPYI,pytorch_tabular_net,0.808139979839325,Critical,2026-10-01T07:22:18Z,train,1
7549-MYGPK,pytorch_tabular_net,0.3576099872589111,Medium,2026-10-01T07:22:18Z,train,1
7550-WIQVA,pytorch_tabular_net,0.3473599851131439,Medium,2026-10-01T07:22:18Z,train,1
7551-DACSP,pytorch_tabular_net,0.3908500075340271,Medium,2026-10-01T07:22:18Z,train,1
7551-JOHTI,pytorch_tabular_net,0.2506900131702423,Medium,2026-10-01T07:22:18Z,valid,0
7552-KEYGT,pytorch_tabular_net,0.0167500004172325,Low,2026-10-01T07:22:18Z,train,0
7554-AKDQF,pytorch_tabular_net,0.2971700131893158,Medium,2026-10-01T07:22:18Z,train,0
7554-NEWDD,pytorch_tabular_net,0.0302900001406669,Low,2026-10-01T07:22:18Z,train,0
7558-IMLMT,pytorch_tabular_net,0.0145300002768635,Low,2026-10-01T07:22:18Z,valid,0
7560-QJAVJ,pytorch_tabular_net,0.0225600004196167,Low,2026-10-01T07:22:18Z,train,0
7560-QRBXH,pytorch_tabular_net,0.0110700000077486,Low,2026-10-01T07:22:18Z,valid,0
7562-GSUHK,pytorch_tabular_net,0.5572100281715393,High,2026-10-01T07:22:18Z,train,1
7562-UXTPG,pytorch_tabular_net,0.4203200042247772,High,2026-10-01T07:22:18Z,valid,1
7563-BIUPC,pytorch_tabular_net,0.7435399889945984,Critical,2026-10-01T07:22:18Z,train,1
7564-GHCVB,pytorch_tabular_net,0.0260499995201826,Low,2026-10-01T07:22:18Z,test,0
7566-DSRLQ,pytorch_tabular_net,0.0629800036549568,Low,2026-10-01T07:22:18Z,train,0
7567-ECMCM,pytorch_tabular_net,0.3972299993038177,Medium,2026-10-01T07:22:18Z,train,1
7568-PODML,pytorch_tabular_net,0.8367999792098999,Critical,2026-10-01T07:22:18Z,train,1
7569-NMZYQ,pytorch_tabular_net,0.0391900017857551,Low,2026-10-01T07:22:18Z,train,0
7570-WELNY,pytorch_tabular_net,0.024049999192357,Low,2026-10-01T07:22:18Z,train,0
7571-YXDAD,pytorch_tabular_net,0.7145400047302246,Critical,2026-10-01T07:22:18Z,train,1
7572-KPVKK,pytorch_tabular_net,0.1276499927043914,Low,2026-10-01T07:22:18Z,train,0
7576-ASEJU,pytorch_tabular_net,0.0730599984526634,Low,2026-10-01T07:22:18Z,valid,0
7576-JMYWV,pytorch_tabular_net,0.2911700010299682,Medium,2026-10-01T07:22:18Z,train,0
7576-OYWBN,pytorch_tabular_net,0.809499979019165,Critical,2026-10-01T07:22:18Z,valid,1
7577-SWIFR,pytorch_tabular_net,0.8600000143051147,Critical,2026-10-01T07:22:18Z,train,1
7579-KKLOE,pytorch_tabular_net,0.0250300001353025,Low,2026-10-01T07:22:18Z,valid,0
7579-OOPEC,pytorch_tabular_net,0.4566099941730499,High,2026-10-01T07:22:18Z,valid,1
7580-UGXNC,pytorch_tabular_net,0.440990000963211,High,2026-10-01T07:22:18Z,test,1
7581-EBBOU,pytorch_tabular_net,0.0599800013005733,Low,2026-10-01T07:22:18Z,test,0
7586-ZATGZ,pytorch_tabular_net,0.5570999979972839,High,2026-10-01T07:22:18Z,train,1
7587-AOVVU,pytorch_tabular_net,0.4021500051021576,High,2026-10-01T07:22:18Z,test,1
7587-RZNME,pytorch_tabular_net,0.6060299873352051,Critical,2026-10-01T07:22:18Z,train,1
7590-VHVEG,pytorch_tabular_net,0.7418100237846375,Critical,2026-10-01T07:22:18Z,valid,1
7593-JNWRU,pytorch_tabular_net,0.3218699991703033,Medium,2026-10-01T07:22:18Z,train,0
7593-XFKDI,pytorch_tabular_net,0.4596799910068512,High,2026-10-01T07:22:18Z,test,1
7594-LZNWR,pytorch_tabular_net,0.249439999461174,Medium,2026-10-01T07:22:18Z,train,0
7594-RQHXR,pytorch_tabular_net,0.8337200284004211,Critical,2026-10-01T07:22:18Z,train,1
7595-EHCDL,pytorch_tabular_net,0.222580000758171,Medium,2026-10-01T07:22:18Z,valid,0
7595-EUIVN,pytorch_tabular_net,0.7027400135993958,Critical,2026-10-01T07:22:18Z,train,1
7596-IIWYC,pytorch_tabular_net,0.017459999769926,Low,2026-10-01T07:22:18Z,train,0
7596-LDUXP,pytorch_tabular_net,0.2027799934148788,Medium,2026-10-01T07:22:18Z,train,0
7596-ZYWBB,pytorch_tabular_net,0.0119599997997283,Low,2026-10-01T07:22:18Z,train,0
7598-UAASY,pytorch_tabular_net,0.6830099821090698,Critical,2026-10-01T07:22:18Z,train,1
7599-FKVXZ,pytorch_tabular_net,0.3811300098896026,Medium,2026-10-01T07:22:18Z,test,1
7599-NTMDP,pytorch_tabular_net,0.0118199996650218,Low,2026-10-01T07:22:18Z,train,0
7601-DHFWZ,pytorch_tabular_net,0.0173700004816055,Low,2026-10-01T07:22:18Z,train,0
7601-GNDYK,pytorch_tabular_net,0.0102599998936057,Low,2026-10-01T07:22:18Z,train,0
7601-WFVZV,pytorch_tabular_net,0.2316399961709976,Medium,2026-10-01T07:22:18Z,train,0
7602-DBTOU,pytorch_tabular_net,0.006349999923259,Low,2026-10-01T07:22:18Z,train,0
7602-MVRMB,pytorch_tabular_net,0.0461999997496604,Low,2026-10-01T07:22:18Z,train,0
7603-USHJS,pytorch_tabular_net,0.6007000207901001,Critical,2026-10-01T07:22:18Z,train,1
7605-BDWDC,pytorch_tabular_net,0.0195599999278783,Low,2026-10-01T07:22:18Z,train,0
7605-SNLQG,pytorch_tabular_net,0.1283999979496002,Low,2026-10-01T07:22:18Z,train,0
7606-BPHHN,pytorch_tabular_net,0.0234900005161762,Low,2026-10-01T07:22:18Z,train,0
7607-QKKTJ,pytorch_tabular_net,0.2180300056934356,Medium,2026-10-01T07:22:18Z,train,0
7608-RGIRO,pytorch_tabular_net,0.0174700003117322,Low,2026-10-01T07:22:18Z,train,0
7609-NRNCA,pytorch_tabular_net,0.0187699999660253,Low,2026-10-01T07:22:18Z,test,0
7609-YBPXG,pytorch_tabular_net,0.0469999983906745,Low,2026-10-01T07:22:18Z,train,0
7610-TVOPG,pytorch_tabular_net,0.1620000004768371,Low,2026-10-01T07:22:18Z,valid,0
7611-YKYTC,pytorch_tabular_net,0.1675200015306472,Low,2026-10-01T07:22:18Z,train,0
7613-LLQFO,pytorch_tabular_net,0.749239981174469,Critical,2026-10-01T07:22:18Z,train,1
7614-QVWQL,pytorch_tabular_net,0.1534799933433532,Low,2026-10-01T07:22:18Z,valid,0
7615-ESMYF,pytorch_tabular_net,0.7318500280380249,Critical,2026-10-01T07:22:18Z,valid,1
7617-EYGLW,pytorch_tabular_net,0.2686299979686737,Medium,2026-10-01T07:22:18Z,train,0
7619-ODSGN,pytorch_tabular_net,0.1486900001764297,Low,2026-10-01T07:22:18Z,test,0
7619-PLRLP,pytorch_tabular_net,0.0462599992752075,Low,2026-10-01T07:22:18Z,valid,0
7621-VPNET,pytorch_tabular_net,0.3099499940872192,Medium,2026-10-01T07:22:18Z,train,0
7622-FWGEW,pytorch_tabular_net,0.0356299988925457,Low,2026-10-01T07:22:18Z,train,0
7622-NXQZR,pytorch_tabular_net,0.3205400109291076,Medium,2026-10-01T07:22:18Z,train,0
7623-HKYRK,pytorch_tabular_net,0.0984899997711181,Low,2026-10-01T07:22:18Z,test,0
7623-TRNQN,pytorch_tabular_net,0.5173400044441223,High,2026-10-01T07:22:18Z,train,1
7625-XCQRH,pytorch_tabular_net,0.6398699879646301,Critical,2026-10-01T07:22:18Z,train,1
7627-JKIAZ,pytorch_tabular_net,0.3853900134563446,Medium,2026-10-01T07:22:18Z,train,1
7629-WFGLW,pytorch_tabular_net,0.1294099986553192,Low,2026-10-01T07:22:18Z,test,0
7629-WIXZF,pytorch_tabular_net,0.1719599962234497,Low,2026-10-01T07:22:18Z,valid,0
7632-MNYOY,pytorch_tabular_net,0.2807500064373016,Medium,2026-10-01T07:22:18Z,train,0
7632-YUTXB,pytorch_tabular_net,0.0124300001189112,Low,2026-10-01T07:22:18Z,train,0
7633-MVPUY,pytorch_tabular_net,0.0262700002640485,Low,2026-10-01T07:22:18Z,train,0
7634-HLQJR,pytorch_tabular_net,0.0108399996533989,Low,2026-10-01T07:22:18Z,train,0
7634-WSWDB,pytorch_tabular_net,0.381410002708435,Medium,2026-10-01T07:22:18Z,train,1
7636-OWBPG,pytorch_tabular_net,0.6502199769020081,Critical,2026-10-01T07:22:18Z,valid,1
7636-PEPNS,pytorch_tabular_net,0.0450600013136863,Low,2026-10-01T07:22:18Z,train,0
7636-XUHWW,pytorch_tabular_net,0.246299996972084,Medium,2026-10-01T07:22:18Z,train,0
7638-QVMVY,pytorch_tabular_net,0.7046599984169006,Critical,2026-10-01T07:22:18Z,train,1
7639-LIAYI,pytorch_tabular_net,0.0740000009536743,Low,2026-10-01T07:22:18Z,test,0
7639-OPLNG,pytorch_tabular_net,0.024550000205636,Low,2026-10-01T07:22:18Z,train,0
7639-SUPCW,pytorch_tabular_net,0.2233400046825409,Medium,2026-10-01T07:22:18Z,valid,0
7641-EUYET,pytorch_tabular_net,0.4671599864959717,High,2026-10-01T07:22:18Z,valid,1
7641-TQFHN,pytorch_tabular_net,0.124729998409748,Low,2026-10-01T07:22:18Z,train,0
7643-RCHXS,pytorch_tabular_net,0.0080099999904632,Low,2026-10-01T07:22:18Z,train,0
7644-OMVMY,pytorch_tabular_net,0.062399998307228,Low,2026-10-01T07:22:18Z,train,0
7647-GYYKX,pytorch_tabular_net,0.0136500000953674,Low,2026-10-01T07:22:18Z,train,0
7649-PHJVR,pytorch_tabular_net,0.0279699992388486,Low,2026-10-01T07:22:18Z,train,0
7649-SIJJF,pytorch_tabular_net,0.0154999997466802,Low,2026-10-01T07:22:18Z,test,0
7654-YWJUF,pytorch_tabular_net,0.0679100006818771,Low,2026-10-01T07:22:18Z,train,0
7657-DYEPJ,pytorch_tabular_net,0.1764499992132187,Low,2026-10-01T07:22:18Z,train,0
7658-UYUQS,pytorch_tabular_net,0.2705900073051452,Medium,2026-10-01T07:22:18Z,train,0
7660-HDPJV,pytorch_tabular_net,0.8137999773025513,Critical,2026-10-01T07:22:18Z,test,1
7661-CPURM,pytorch_tabular_net,0.2186699956655502,Medium,2026-10-01T07:22:18Z,train,0
7663-CUXZB,pytorch_tabular_net,0.0952299982309341,Low,2026-10-01T07:22:18Z,train,0
7663-RGWBC,pytorch_tabular_net,0.6553400158882141,Critical,2026-10-01T07:22:18Z,train,1
7663-YJHSN,pytorch_tabular_net,0.0285199992358684,Low,2026-10-01T07:22:18Z,test,0
7663-ZTEGJ,pytorch_tabular_net,0.1754900068044662,Low,2026-10-01T07:22:18Z,train,0
7665-NKLAV,pytorch_tabular_net,0.0087099997326731,Low,2026-10-01T07:22:18Z,train,0
7665-TOALD,pytorch_tabular_net,0.8143900036811829,Critical,2026-10-01T07:22:18Z,train,1
7665-VIGUD,pytorch_tabular_net,0.0313199982047081,Low,2026-10-01T07:22:18Z,valid,0
7666-WKRON,pytorch_tabular_net,0.0326500013470649,Low,2026-10-01T07:22:18Z,test,0
7668-XCFYV,pytorch_tabular_net,0.7806699872016907,Critical,2026-10-01T07:22:18Z,train,1
7669-LCRSD,pytorch_tabular_net,0.3405700027942657,Medium,2026-10-01T07:22:18Z,train,1
7670-ZBPOQ,pytorch_tabular_net,0.0338299982249736,Low,2026-10-01T07:22:18Z,valid,0
7672-VFMXZ,pytorch_tabular_net,0.0748500004410743,Low,2026-10-01T07:22:18Z,test,0
7673-BQGKU,pytorch_tabular_net,0.0113700004294514,Low,2026-10-01T07:22:18Z,train,0
7673-LPRNY,pytorch_tabular_net,0.2330999970436096,Medium,2026-10-01T07:22:18Z,test,0
7674-YTAFD,pytorch_tabular_net,0.0896100029349327,Low,2026-10-01T07:22:18Z,train,0
7675-OZCZG,pytorch_tabular_net,0.5407199859619141,High,2026-10-01T07:22:18Z,train,1
7677-SJJJK,pytorch_tabular_net,0.0236900001764297,Low,2026-10-01T07:22:18Z,train,0
7682-AZNDK,pytorch_tabular_net,0.5084499716758728,High,2026-10-01T07:22:18Z,train,1
7683-CBDKJ,pytorch_tabular_net,0.1924600005149841,Low,2026-10-01T07:22:18Z,train,0
7684-XSZIY,pytorch_tabular_net,0.0156999994069337,Low,2026-10-01T07:22:18Z,test,0
7688-AWMDX,pytorch_tabular_net,0.0295599997043609,Low,2026-10-01T07:22:18Z,train,0
7690-KPNCU,pytorch_tabular_net,0.0638400018215179,Low,2026-10-01T07:22:18Z,train,0
7691-KGKGP,pytorch_tabular_net,0.0518699996173381,Low,2026-10-01T07:22:18Z,train,0
7691-XVTZH,pytorch_tabular_net,0.0422499999403953,Low,2026-10-01T07:22:18Z,test,0
7693-LCKZL,pytorch_tabular_net,0.7457399964332581,Critical,2026-10-01T07:22:18Z,train,1
7693-QPEFS,pytorch_tabular_net,0.2461699992418289,Medium,2026-10-01T07:22:18Z,train,0
7694-VLBWQ,pytorch_tabular_net,0.3093000054359436,Medium,2026-10-01T07:22:18Z,test,0
7695-PKLCZ,pytorch_tabular_net,0.0157900005578994,Low,2026-10-01T07:22:18Z,test,0
7696-AMHOD,pytorch_tabular_net,0.0428999997675418,Low,2026-10-01T07:22:18Z,train,0
7696-CFTAT,pytorch_tabular_net,0.0147799998521804,Low,2026-10-01T07:22:18Z,valid,0
7698-YFGEZ,pytorch_tabular_net,0.2305299937725067,Medium,2026-10-01T07:22:18Z,train,0
7703-ZEKEF,pytorch_tabular_net,0.6138399839401245,Critical,2026-10-01T07:22:18Z,train,1
7706-DZNKK,pytorch_tabular_net,0.1413400024175644,Low,2026-10-01T07:22:18Z,valid,0
7706-YLMQA,pytorch_tabular_net,0.0155100002884864,Low,2026-10-01T07:22:18Z,train,0
7707-PYBBH,pytorch_tabular_net,0.0518499985337257,Low,2026-10-01T07:22:18Z,train,0
7710-JSYOA,pytorch_tabular_net,0.0384499989449977,Low,2026-10-01T07:22:18Z,test,0
7711-GQBZC,pytorch_tabular_net,0.0111899999901652,Low,2026-10-01T07:22:18Z,train,0
7711-YIJWC,pytorch_tabular_net,0.0568899996578693,Low,2026-10-01T07:22:18Z,train,0
7714-YXSMB,pytorch_tabular_net,0.6339399814605713,Critical,2026-10-01T07:22:18Z,train,1
7716-YTYHG,pytorch_tabular_net,0.2151100039482116,Medium,2026-10-01T07:22:18Z,train,0
7717-BICXI,pytorch_tabular_net,0.0111800003796815,Low,2026-10-01T07:22:18Z,valid,0
7718-RXDGG,pytorch_tabular_net,0.405809998512268,High,2026-10-01T07:22:18Z,valid,1
7718-UPSKJ,pytorch_tabular_net,0.1551699936389923,Low,2026-10-01T07:22:18Z,valid,0
7721-DVEKZ,pytorch_tabular_net,0.2504799962043762,Medium,2026-10-01T07:22:18Z,test,0
7721-JXEAW,pytorch_tabular_net,0.1992100030183792,Low,2026-10-01T07:22:18Z,train,0
7722-CVFXN,pytorch_tabular_net,0.3591899871826172,Medium,2026-10-01T07:22:18Z,train,1
7722-VJRQD,pytorch_tabular_net,0.0167399998754262,Low,2026-10-01T07:22:18Z,train,0
7727-SHVZV,pytorch_tabular_net,0.1195499971508979,Low,2026-10-01T07:22:18Z,train,0
7729-JTEEC,pytorch_tabular_net,0.6251299977302551,Critical,2026-10-01T07:22:18Z,train,1
7729-XBTWX,pytorch_tabular_net,0.0143100004643201,Low,2026-10-01T07:22:18Z,train,0
7730-CLDSV,pytorch_tabular_net,0.0211100000888109,Low,2026-10-01T07:22:18Z,train,0
7730-IUTDZ,pytorch_tabular_net,0.2734799981117248,Medium,2026-10-01T07:22:18Z,train,0
7733-UDMTP,pytorch_tabular_net,0.3911300003528595,Medium,2026-10-01T07:22:18Z,test,1
7734-DBOAI,pytorch_tabular_net,0.5713199973106384,High,2026-10-01T07:22:18Z,train,1
7739-LAXOG,pytorch_tabular_net,0.4689700007438659,High,2026-10-01T07:22:18Z,test,1
7740-BTPUX,pytorch_tabular_net,0.1665699928998947,Low,2026-10-01T07:22:18Z,train,0
7740-KKCXF,pytorch_tabular_net,0.2985099852085113,Medium,2026-10-01T07:22:18Z,valid,0
7742-MYPGI,pytorch_tabular_net,0.2894999980926513,Medium,2026-10-01T07:22:18Z,valid,0
7743-EXURX,pytorch_tabular_net,0.4465599954128265,High,2026-10-01T07:22:18Z,test,1
7746-AWNQW,pytorch_tabular_net,0.123269997537136,Low,2026-10-01T07:22:18Z,test,0
7746-QYVCO,pytorch_tabular_net,0.0847999975085258,Low,2026-10-01T07:22:18Z,train,0
7748-UMTRK,pytorch_tabular_net,0.601859986782074,Critical,2026-10-01T07:22:18Z,valid,1
7750-EYXWZ,pytorch_tabular_net,0.168380007147789,Low,2026-10-01T07:22:18Z,test,0
7752-XUSCI,pytorch_tabular_net,0.5201299786567688,High,2026-10-01T07:22:18Z,train,1
7753-USQYQ,pytorch_tabular_net,0.0809900015592575,Low,2026-10-01T07:22:18Z,train,0
7754-IXRMC,pytorch_tabular_net,0.4779999852180481,High,2026-10-01T07:22:18Z,train,1
7758-UJWYS,pytorch_tabular_net,0.0668499991297721,Low,2026-10-01T07:22:18Z,train,0
7758-XKCBS,pytorch_tabular_net,0.3956699967384338,Medium,2026-10-01T07:22:18Z,train,1
7760-OYPDY,pytorch_tabular_net,0.766290009021759,Critical,2026-10-01T07:22:18Z,test,1
7762-ONLJY,pytorch_tabular_net,0.0232699997723102,Low,2026-10-01T07:22:18Z,train,0
7762-URZQH,pytorch_tabular_net,0.0879200026392936,Low,2026-10-01T07:22:18Z,valid,0
7764-BDPEE,pytorch_tabular_net,0.1299300044775009,Low,2026-10-01T07:22:18Z,train,0
7765-LWVVH,pytorch_tabular_net,0.0750600025057792,Low,2026-10-01T07:22:18Z,test,0
7766-CLTIC,pytorch_tabular_net,0.1875199973583221,Low,2026-10-01T07:22:18Z,train,0
7767-UXAGJ,pytorch_tabular_net,0.7629799842834473,Critical,2026-10-01T07:22:18Z,train,1
7771-CFQRQ,pytorch_tabular_net,0.0260400008410215,Low,2026-10-01T07:22:18Z,test,0
7771-ZONAT,pytorch_tabular_net,0.0313500016927719,Low,2026-10-01T07:22:18Z,valid,0
7774-OJSXI,pytorch_tabular_net,0.5125600099563599,High,2026-10-01T07:22:18Z,train,1
7776-QGYJC,pytorch_tabular_net,0.1786600053310394,Low,2026-10-01T07:22:18Z,train,0
7776-QWNFX,pytorch_tabular_net,0.2040199935436248,Medium,2026-10-01T07:22:18Z,train,0
7777-UNYHB,pytorch_tabular_net,0.0957000032067298,Low,2026-10-01T07:22:18Z,train,0
7779-LGOVN,pytorch_tabular_net,0.7477200031280518,Critical,2026-10-01T07:22:18Z,valid,1
7779-ORAEL,pytorch_tabular_net,0.0473099984228611,Low,2026-10-01T07:22:18Z,test,0
7780-OTDSO,pytorch_tabular_net,0.6182100176811218,Critical,2026-10-01T07:22:18Z,train,1
7781-EWARA,pytorch_tabular_net,0.0807100012898445,Low,2026-10-01T07:22:18Z,train,0
7781-HVGMK,pytorch_tabular_net,0.0138900000602006,Low,2026-10-01T07:22:18Z,train,0
7783-YKGDV,pytorch_tabular_net,0.5796200037002563,High,2026-10-01T07:22:18Z,train,1
7785-RDVIG,pytorch_tabular_net,0.1226200014352798,Low,2026-10-01T07:22:18Z,train,0
7786-WBJYI,pytorch_tabular_net,0.4892500042915344,High,2026-10-01T07:22:18Z,train,1
7787-BNTZM,pytorch_tabular_net,0.1232800036668777,Low,2026-10-01T07:22:18Z,valid,0
7789-CRUVC,pytorch_tabular_net,0.2829599976539612,Medium,2026-10-01T07:22:18Z,valid,0
7789-HKSBS,pytorch_tabular_net,0.319130003452301,Medium,2026-10-01T07:22:18Z,valid,0
7794-JASDG,pytorch_tabular_net,0.5285099744796753,High,2026-10-01T07:22:18Z,valid,1
7795-CFOCW,pytorch_tabular_net,0.0359999984502792,Low,2026-10-01T07:22:18Z,train,0
7797-EJMDP,pytorch_tabular_net,0.216849997639656,Medium,2026-10-01T07:22:18Z,test,0
7798-JVXYM,pytorch_tabular_net,0.2648800015449524,Medium,2026-10-01T07:22:18Z,train,0
7799-DSEWS,pytorch_tabular_net,0.1843000054359436,Low,2026-10-01T07:22:18Z,train,0
7799-LGRDP,pytorch_tabular_net,0.0208800006657838,Low,2026-10-01T07:22:18Z,test,0
7801-CEDNV,pytorch_tabular_net,0.0598599985241889,Low,2026-10-01T07:22:18Z,train,0
7801-KICAO,pytorch_tabular_net,0.5545399785041809,High,2026-10-01T07:22:18Z,train,1
7802-EFKNY,pytorch_tabular_net,0.6060500144958496,Critical,2026-10-01T07:22:18Z,valid,1
7803-XOCCZ,pytorch_tabular_net,0.1278699934482574,Low,2026-10-01T07:22:18Z,train,0
7808-DVWEP,pytorch_tabular_net,0.1274600028991699,Low,2026-10-01T07:22:18Z,train,0
7811-JIVPF,pytorch_tabular_net,0.1475200057029724,Low,2026-10-01T07:22:18Z,valid,0
7812-FZHPE,pytorch_tabular_net,0.0654399991035461,Low,2026-10-01T07:22:18Z,train,0
7813-TKCVO,pytorch_tabular_net,0.0146099999547004,Low,2026-10-01T07:22:18Z,valid,0
7813-ZGGAW,pytorch_tabular_net,0.4714899957180023,High,2026-10-01T07:22:18Z,train,1
7814-LEEVE,pytorch_tabular_net,0.2690100073814392,Medium,2026-10-01T07:22:18Z,train,0
7815-PDTHL,pytorch_tabular_net,0.012640000320971,Low,2026-10-01T07:22:18Z,valid,0
7816-VGHTO,pytorch_tabular_net,0.013939999975264,Low,2026-10-01T07:22:18Z,valid,0
7817-BOQPW,pytorch_tabular_net,0.8396300077438354,Critical,2026-10-01T07:22:18Z,train,1
7817-OMJNA,pytorch_tabular_net,0.0345799997448921,Low,2026-10-01T07:22:18Z,train,0
7820-ZYGNY,pytorch_tabular_net,0.1748100072145462,Low,2026-10-01T07:22:18Z,test,0
7821-DPRQE,pytorch_tabular_net,0.2338600009679794,Medium,2026-10-01T07:22:18Z,train,0
7823-JSOAG,pytorch_tabular_net,0.6665099859237671,Critical,2026-10-01T07:22:18Z,valid,1
7824-PANSQ,pytorch_tabular_net,0.1115700006484985,Low,2026-10-01T07:22:18Z,train,0
7825-ECJRF,pytorch_tabular_net,0.484389990568161,High,2026-10-01T07:22:18Z,test,1
7825-GKXMW,pytorch_tabular_net,0.5395100116729736,High,2026-10-01T07:22:18Z,valid,1
7826-VVKWT,pytorch_tabular_net,0.1203299984335899,Low,2026-10-01T07:22:18Z,test,0
7831-QGOXH,pytorch_tabular_net,0.7182899713516235,Critical,2026-10-01T07:22:18Z,train,1
7833-PKIHD,pytorch_tabular_net,0.061889998614788,Low,2026-10-01T07:22:18Z,train,0
7838-LAZFO,pytorch_tabular_net,0.0816299989819526,Low,2026-10-01T07:22:18Z,train,0
7839-NUIAA,pytorch_tabular_net,0.0692699998617172,Low,2026-10-01T07:22:18Z,test,0
7839-QRKXN,pytorch_tabular_net,0.3461900055408478,Medium,2026-10-01T07:22:18Z,train,1
7841-FCRQD,pytorch_tabular_net,0.0902599990367889,Low,2026-10-01T07:22:18Z,train,0
7841-TZDMQ,pytorch_tabular_net,0.5328099727630615,High,2026-10-01T07:22:18Z,valid,1
7845-URHJN,pytorch_tabular_net,0.1000000014901161,Low,2026-10-01T07:22:18Z,train,0
7850-THJMU,pytorch_tabular_net,0.0111400000751018,Low,2026-10-01T07:22:18Z,train,0
7850-VWJUU,pytorch_tabular_net,0.2756800055503845,Medium,2026-10-01T07:22:18Z,test,0
7851-FLGGQ,pytorch_tabular_net,0.664359986782074,Critical,2026-10-01T07:22:18Z,train,1
7851-WZEKY,pytorch_tabular_net,0.9005799889564514,Critical,2026-10-01T07:22:18Z,train,1
7852-LECYP,pytorch_tabular_net,0.5757499933242798,High,2026-10-01T07:22:18Z,train,1
7853-GVUDZ,pytorch_tabular_net,0.2353000044822693,Medium,2026-10-01T07:22:18Z,train,0
7853-OETYL,pytorch_tabular_net,0.5285900235176086,High,2026-10-01T07:22:18Z,valid,1
7853-WNZSY,pytorch_tabular_net,0.2886500060558319,Medium,2026-10-01T07:22:18Z,test,0
7854-EDSSA,pytorch_tabular_net,0.163560003042221,Low,2026-10-01T07:22:18Z,train,0
7854-EKTJL,pytorch_tabular_net,0.2873199880123138,Medium,2026-10-01T07:22:18Z,train,0
7854-FOKSF,pytorch_tabular_net,0.6868000030517578,Critical,2026-10-01T07:22:18Z,valid,1
7855-DIWPO,pytorch_tabular_net,0.4419699907302856,High,2026-10-01T07:22:18Z,train,1
7856-GANIL,pytorch_tabular_net,0.2079800069332122,Medium,2026-10-01T07:22:18Z,train,0
7858-GTZSP,pytorch_tabular_net,0.7058200240135193,Critical,2026-10-01T07:22:18Z,train,1
7860-KSUGX,pytorch_tabular_net,0.0215199999511241,Low,2026-10-01T07:22:18Z,valid,0
7860-UXCRM,pytorch_tabular_net,0.0235200002789497,Low,2026-10-01T07:22:18Z,train,0
7861-UVUFT,pytorch_tabular_net,0.6745799779891968,Critical,2026-10-01T07:22:18Z,train,1
7868-BGSZA,pytorch_tabular_net,0.2169000059366226,Medium,2026-10-01T07:22:18Z,train,0
7868-TMWMZ,pytorch_tabular_net,0.048990000039339,Low,2026-10-01T07:22:18Z,train,0
7869-ZYDST,pytorch_tabular_net,0.2602599859237671,Medium,2026-10-01T07:22:18Z,train,0
7872-BAAZR,pytorch_tabular_net,0.0135899996384978,Low,2026-10-01T07:22:18Z,test,0
7872-RDDLZ,pytorch_tabular_net,0.1342799961566925,Low,2026-10-01T07:22:18Z,train,0
7873-CVMAW,pytorch_tabular_net,0.0435400009155273,Low,2026-10-01T07:22:18Z,valid,0
7874-ECPQJ,pytorch_tabular_net,0.1890500038862228,Low,2026-10-01T07:22:18Z,train,0
7876-AEHIG,pytorch_tabular_net,0.0354899987578392,Low,2026-10-01T07:22:18Z,valid,0
7876-BEUTG,pytorch_tabular_net,0.3005299866199493,Medium,2026-10-01T07:22:18Z,train,0
7876-DNYAP,pytorch_tabular_net,0.0109500000253319,Low,2026-10-01T07:22:18Z,train,0
7878-JGDKK,pytorch_tabular_net,0.2866800129413605,Medium,2026-10-01T07:22:18Z,valid,0
7878-RTCZG,pytorch_tabular_net,0.2501400113105774,Medium,2026-10-01T07:22:18Z,train,0
7879-CGSFV,pytorch_tabular_net,0.1849599927663803,Low,2026-10-01T07:22:18Z,train,0
7880-XSOJX,pytorch_tabular_net,0.2049199938774109,Medium,2026-10-01T07:22:18Z,valid,0
7881-EVUAD,pytorch_tabular_net,0.4732100069522857,High,2026-10-01T07:22:18Z,test,1
7881-INRLC,pytorch_tabular_net,0.5161799788475037,High,2026-10-01T07:22:18Z,valid,1
7883-ROJOC,pytorch_tabular_net,0.1163000017404556,Low,2026-10-01T07:22:18Z,test,0
7890-VYYWG,pytorch_tabular_net,0.7725800275802612,Critical,2026-10-01T07:22:18Z,train,1
7892-POOKP,pytorch_tabular_net,0.6483500003814697,Critical,2026-10-01T07:22:18Z,test,1
7892-QVYKW,pytorch_tabular_net,0.4196000099182129,High,2026-10-01T07:22:18Z,train,1
7893-IXHRQ,pytorch_tabular_net,0.2653200030326843,Medium,2026-10-01T07:22:18Z,test,0
7895-VONWT,pytorch_tabular_net,0.4739300012588501,High,2026-10-01T07:22:18Z,valid,1
7898-PDWQE,pytorch_tabular_net,0.0209199991077184,Low,2026-10-01T07:22:18Z,train,0
7901-HXJVA,pytorch_tabular_net,0.4533700048923492,High,2026-10-01T07:22:18Z,valid,1
7901-IIDQV,pytorch_tabular_net,0.0646099969744682,Low,2026-10-01T07:22:18Z,valid,0
7901-TBKJX,pytorch_tabular_net,0.6129900217056274,Critical,2026-10-01T07:22:18Z,train,1
7903-CMPEY,pytorch_tabular_net,0.8513000011444092,Critical,2026-10-01T07:22:18Z,train,1
7905-NJMXS,pytorch_tabular_net,0.3127399981021881,Medium,2026-10-01T07:22:18Z,test,0
7905-TVXTA,pytorch_tabular_net,0.3589800000190735,Medium,2026-10-01T07:22:18Z,train,1
7908-QCBCA,pytorch_tabular_net,0.7975000143051147,Critical,2026-10-01T07:22:18Z,train,1
7909-FIOIY,pytorch_tabular_net,0.2497099936008453,Medium,2026-10-01T07:22:18Z,valid,0
7912-SYRQT,pytorch_tabular_net,0.667680025100708,Critical,2026-10-01T07:22:18Z,test,1
7916-VCCPB,pytorch_tabular_net,0.223140001296997,Medium,2026-10-01T07:22:18Z,train,0
7919-ZODZZ,pytorch_tabular_net,0.1723800003528595,Low,2026-10-01T07:22:18Z,train,0
7921-BEPCI,pytorch_tabular_net,0.0176199991255998,Low,2026-10-01T07:22:18Z,train,0
7921-LMDFQ,pytorch_tabular_net,0.170300006866455,Low,2026-10-01T07:22:18Z,train,0
7923-IYJWY,pytorch_tabular_net,0.120229996740818,Low,2026-10-01T07:22:18Z,valid,0
7924-GJZFI,pytorch_tabular_net,0.5868300199508667,High,2026-10-01T07:22:18Z,train,1
7925-PNRGI,pytorch_tabular_net,0.0861900001764297,Low,2026-10-01T07:22:18Z,test,0
7926-IJOOU,pytorch_tabular_net,0.2152200043201446,Medium,2026-10-01T07:22:18Z,test,0
7927-AUXBZ,pytorch_tabular_net,0.3493300080299377,Medium,2026-10-01T07:22:18Z,train,1
7928-VJYAB,pytorch_tabular_net,0.6440899968147278,Critical,2026-10-01T07:22:18Z,train,1
7929-DMBCV,pytorch_tabular_net,0.3178600072860718,Medium,2026-10-01T07:22:18Z,train,0
7929-SKFGK,pytorch_tabular_net,0.0666899979114532,Low,2026-10-01T07:22:18Z,train,0
7931-PXHFC,pytorch_tabular_net,0.0761199966073036,Low,2026-10-01T07:22:18Z,train,0
7932-WPTDS,pytorch_tabular_net,0.8451300263404846,Critical,2026-10-01T07:22:18Z,train,1
7938-OUHIO,pytorch_tabular_net,0.7536699771881104,Critical,2026-10-01T07:22:18Z,train,1
7940-UQQUG,pytorch_tabular_net,0.1928399950265884,Low,2026-10-01T07:22:18Z,train,0
7941-RCJOW,pytorch_tabular_net,0.0242599993944168,Low,2026-10-01T07:22:18Z,train,0
7943-RQCHR,pytorch_tabular_net,0.8473799824714661,Critical,2026-10-01T07:22:18Z,valid,1
7945-HLKEA,pytorch_tabular_net,0.0343200005590915,Low,2026-10-01T07:22:18Z,valid,0
7945-PRBVF,pytorch_tabular_net,0.0212699994444847,Low,2026-10-01T07:22:18Z,train,0
7950-XWOVN,pytorch_tabular_net,0.2354400008916854,Medium,2026-10-01T07:22:18Z,test,0
7951-QKZPL,pytorch_tabular_net,0.0112500004470348,Low,2026-10-01T07:22:18Z,train,0
7951-VRDVK,pytorch_tabular_net,0.1042499989271164,Low,2026-10-01T07:22:18Z,train,0
7952-OBOYL,pytorch_tabular_net,0.7374399900436401,Critical,2026-10-01T07:22:18Z,test,1
7954-MLBUN,pytorch_tabular_net,0.061659999191761,Low,2026-10-01T07:22:18Z,train,0
7956-XQWGU,pytorch_tabular_net,0.1032800003886222,Low,2026-10-01T07:22:18Z,train,0
7957-RYHQD,pytorch_tabular_net,0.4122599959373474,High,2026-10-01T07:22:18Z,train,1
7963-GQRMY,pytorch_tabular_net,0.311489999294281,Medium,2026-10-01T07:22:18Z,train,0
7963-SHNDT,pytorch_tabular_net,0.0066900001838803,Low,2026-10-01T07:22:18Z,test,0
7964-VEXDG,pytorch_tabular_net,0.3992500007152557,Medium,2026-10-01T07:22:18Z,train,1
7964-YESJC,pytorch_tabular_net,0.0893599987030029,Low,2026-10-01T07:22:18Z,train,0
7964-ZRKKG,pytorch_tabular_net,0.1116300001740455,Low,2026-10-01T07:22:18Z,test,0
7966-YOTQW,pytorch_tabular_net,0.3998700082302093,Medium,2026-10-01T07:22:18Z,train,1
7967-HYCDE,pytorch_tabular_net,0.3351800143718719,Medium,2026-10-01T07:22:18Z,train,0
7968-QUXNS,pytorch_tabular_net,0.1114400029182434,Low,2026-10-01T07:22:18Z,train,0
7969-AULMZ,pytorch_tabular_net,0.7815799713134766,Critical,2026-10-01T07:22:18Z,train,1
7969-FFOWG,pytorch_tabular_net,0.0113500002771615,Low,2026-10-01T07:22:18Z,train,0
7971-HLVXI,pytorch_tabular_net,0.098580002784729,Low,2026-10-01T07:22:18Z,train,0
7973-DZRKH,pytorch_tabular_net,0.033560000360012,Low,2026-10-01T07:22:18Z,valid,0
7975-JMZNT,pytorch_tabular_net,0.0298399999737739,Low,2026-10-01T07:22:18Z,valid,0
7975-TZMLR,pytorch_tabular_net,0.4474500119686126,High,2026-10-01T07:22:18Z,test,1
7976-CICYS,pytorch_tabular_net,0.1976699978113174,Low,2026-10-01T07:22:18Z,test,0
7977-HXJKU,pytorch_tabular_net,0.014390000142157,Low,2026-10-01T07:22:18Z,train,0
7978-DKUQH,pytorch_tabular_net,0.4300599992275238,High,2026-10-01T07:22:18Z,test,1
7979-CORPM,pytorch_tabular_net,0.6060699820518494,Critical,2026-10-01T07:22:18Z,test,1
7980-MHFLQ,pytorch_tabular_net,0.0074900002218782,Low,2026-10-01T07:22:18Z,train,0
7982-VCELR,pytorch_tabular_net,0.5017899870872498,High,2026-10-01T07:22:18Z,test,1
7989-AWGEH,pytorch_tabular_net,0.158840000629425,Low,2026-10-01T07:22:18Z,train,0
7989-CHGTL,pytorch_tabular_net,0.3289099931716919,Medium,2026-10-01T07:22:18Z,train,0
7989-VCQOH,pytorch_tabular_net,0.1051400005817413,Low,2026-10-01T07:22:18Z,test,0
7993-NQLJE,pytorch_tabular_net,0.2582699954509735,Medium,2026-10-01T07:22:18Z,valid,0
7993-PYKOF,pytorch_tabular_net,0.4447900056838989,High,2026-10-01T07:22:18Z,train,1
7994-UYIVZ,pytorch_tabular_net,0.6295400261878967,Critical,2026-10-01T07:22:18Z,valid,1
7994-XIRTR,pytorch_tabular_net,0.0885400027036666,Low,2026-10-01T07:22:18Z,valid,0
7995-ZHHNZ,pytorch_tabular_net,0.062059998512268,Low,2026-10-01T07:22:18Z,test,0
7996-BPXHY,pytorch_tabular_net,0.0225900001823902,Low,2026-10-01T07:22:18Z,test,0
7996-MHXLW,pytorch_tabular_net,0.017799999564886,Low,2026-10-01T07:22:18Z,train,0
7997-EASSD,pytorch_tabular_net,0.0947500020265579,Low,2026-10-01T07:22:18Z,train,0
7998-WNZEM,pytorch_tabular_net,0.0222399998456239,Low,2026-10-01T07:22:18Z,test,0
7998-ZLXWN,pytorch_tabular_net,0.0821600034832954,Low,2026-10-01T07:22:18Z,valid,0
8000-REIQB,pytorch_tabular_net,0.8359100222587585,Critical,2026-10-01T07:22:18Z,train,1
8003-EWNDZ,pytorch_tabular_net,0.1424099951982498,Low,2026-10-01T07:22:18Z,train,0
8006-PYCSW,pytorch_tabular_net,0.1881300061941146,Low,2026-10-01T07:22:18Z,train,0
8007-YYPWD,pytorch_tabular_net,0.0226499997079372,Low,2026-10-01T07:22:18Z,test,0
8008-ESFLK,pytorch_tabular_net,0.1692100018262863,Low,2026-10-01T07:22:18Z,train,0
8008-HAWED,pytorch_tabular_net,0.6280500292778015,Critical,2026-10-01T07:22:18Z,valid,1
8008-OTEZX,pytorch_tabular_net,0.0108399996533989,Low,2026-10-01T07:22:18Z,train,0
8010-EZLOU,pytorch_tabular_net,0.6595600247383118,Critical,2026-10-01T07:22:18Z,test,1
8012-SOUDQ,pytorch_tabular_net,0.5966100096702576,High,2026-10-01T07:22:18Z,valid,1
8015-IHCGW,pytorch_tabular_net,0.0538000017404556,Low,2026-10-01T07:22:18Z,train,0
8016-NCFVO,pytorch_tabular_net,0.4157699942588806,High,2026-10-01T07:22:18Z,train,1
8016-ZMGMO,pytorch_tabular_net,0.067730002105236,Low,2026-10-01T07:22:18Z,test,0
8017-LXHFA,pytorch_tabular_net,0.6947100162506104,Critical,2026-10-01T07:22:18Z,train,1
8017-UVSZU,pytorch_tabular_net,0.0935399979352951,Low,2026-10-01T07:22:18Z,train,0
8019-ENHXU,pytorch_tabular_net,0.3151099979877472,Medium,2026-10-01T07:22:18Z,test,0
8020-BWHYL,pytorch_tabular_net,0.5532400012016296,High,2026-10-01T07:22:18Z,train,1
8022-BECSI,pytorch_tabular_net,0.0209199991077184,Low,2026-10-01T07:22:18Z,test,0
8023-QHAIO,pytorch_tabular_net,0.1965399980545044,Low,2026-10-01T07:22:18Z,train,0
8024-XNAFQ,pytorch_tabular_net,0.0305100008845329,Low,2026-10-01T07:22:18Z,train,0
8028-PNXHQ,pytorch_tabular_net,0.0179399996995925,Low,2026-10-01T07:22:18Z,train,0
8029-XYPWT,pytorch_tabular_net,0.0832199975848198,Low,2026-10-01T07:22:18Z,train,0
8033-ATFAS,pytorch_tabular_net,0.1592099964618683,Low,2026-10-01T07:22:18Z,train,0
8033-VCZGH,pytorch_tabular_net,0.3835600018501282,Medium,2026-10-01T07:22:18Z,test,1
8034-RYTVV,pytorch_tabular_net,0.0896899998188018,Low,2026-10-01T07:22:18Z,train,0
8035-BUYVG,pytorch_tabular_net,0.0758899971842765,Low,2026-10-01T07:22:18Z,valid,0
8035-PWSEV,pytorch_tabular_net,0.5793600082397461,High,2026-10-01T07:22:18Z,train,1
8039-ACLPL,pytorch_tabular_net,0.0127800004556775,Low,2026-10-01T07:22:18Z,train,0
8039-EQPIM,pytorch_tabular_net,0.0229499991983175,Low,2026-10-01T07:22:18Z,train,0
8040-MNRTF,pytorch_tabular_net,0.686680018901825,Critical,2026-10-01T07:22:18Z,train,1
8041-TMEID,pytorch_tabular_net,0.1064400002360344,Low,2026-10-01T07:22:18Z,test,0
8042-JVNFH,pytorch_tabular_net,0.7783399820327759,Critical,2026-10-01T07:22:18Z,train,1
8042-RNLKO,pytorch_tabular_net,0.0228599999099969,Low,2026-10-01T07:22:18Z,test,0
8043-PNYSD,pytorch_tabular_net,0.0111300004646182,Low,2026-10-01T07:22:18Z,valid,0
8044-BGWPI,pytorch_tabular_net,0.1197500005364418,Low,2026-10-01T07:22:18Z,valid,0
8046-DNVTL,pytorch_tabular_net,0.0278099998831748,Low,2026-10-01T07:22:18Z,valid,0
8048-DSDFQ,pytorch_tabular_net,0.2300599962472915,Medium,2026-10-01T07:22:18Z,test,0
8049-WJCLQ,pytorch_tabular_net,0.2255499958992004,Medium,2026-10-01T07:22:18Z,train,0
8050-DVOJX,pytorch_tabular_net,0.0577800013124942,Low,2026-10-01T07:22:18Z,valid,0
8050-WYBND,pytorch_tabular_net,0.1028700023889541,Low,2026-10-01T07:22:18Z,test,0
8050-XGRVL,pytorch_tabular_net,0.0209199991077184,Low,2026-10-01T07:22:18Z,train,0
8051-HJRLT,pytorch_tabular_net,0.8369100093841553,Critical,2026-10-01T07:22:18Z,test,1
8053-WWDRO,pytorch_tabular_net,0.1219500005245208,Low,2026-10-01T07:22:18Z,train,0
8058-DMYRU,pytorch_tabular_net,0.4180600047111511,High,2026-10-01T07:22:18Z,train,1
8058-INTPH,pytorch_tabular_net,0.8597599864006042,Critical,2026-10-01T07:22:18Z,valid,1
8058-JMEQO,pytorch_tabular_net,0.7781800031661987,Critical,2026-10-01T07:22:18Z,train,1
8059-UDZFY,pytorch_tabular_net,0.5043299794197083,High,2026-10-01T07:22:18Z,train,1
8060-HIWJJ,pytorch_tabular_net,0.0378200002014637,Low,2026-10-01T07:22:18Z,train,0
8062-YBDOE,pytorch_tabular_net,0.8123000264167786,Critical,2026-10-01T07:22:18Z,train,1
8063-GBATB,pytorch_tabular_net,0.6396600008010864,Critical,2026-10-01T07:22:18Z,train,1
8063-RJYNF,pytorch_tabular_net,0.5876500010490417,High,2026-10-01T07:22:18Z,train,1
8064-RAVOH,pytorch_tabular_net,0.6880199909210205,Critical,2026-10-01T07:22:18Z,train,1
8065-BVEPF,pytorch_tabular_net,0.3258099853992462,Medium,2026-10-01T07:22:18Z,train,0
8065-QBYTO,pytorch_tabular_net,0.2049299925565719,Medium,2026-10-01T07:22:18Z,test,0
8065-YKXKD,pytorch_tabular_net,0.6856499910354614,Critical,2026-10-01T07:22:18Z,train,1
8066-POXGX,pytorch_tabular_net,0.4525099992752075,High,2026-10-01T07:22:18Z,test,1
8067-NIOYM,pytorch_tabular_net,0.0152899995446205,Low,2026-10-01T07:22:18Z,test,0
8069-RHUXK,pytorch_tabular_net,0.0135399997234344,Low,2026-10-01T07:22:18Z,valid,0
8069-YQQAJ,pytorch_tabular_net,0.3840999901294708,Medium,2026-10-01T07:22:18Z,test,1
8070-AAWZP,pytorch_tabular_net,0.2662500143051147,Medium,2026-10-01T07:22:18Z,train,0
8071-SBTRN,pytorch_tabular_net,0.0484599992632865,Low,2026-10-01T07:22:18Z,train,0
8073-IJDCM,pytorch_tabular_net,0.3458499908447265,Medium,2026-10-01T07:22:18Z,train,1
8075-GXIUB,pytorch_tabular_net,0.063799999654293,Low,2026-10-01T07:22:18Z,test,0
8076-FEZKJ,pytorch_tabular_net,0.0293799992650747,Low,2026-10-01T07:22:18Z,train,0
8079-XRJRS,pytorch_tabular_net,0.1029400005936622,Low,2026-10-01T07:22:18Z,train,0
8080-DDEMJ,pytorch_tabular_net,0.6375399827957153,Critical,2026-10-01T07:22:18Z,test,1
8080-POTJR,pytorch_tabular_net,0.1686500012874603,Low,2026-10-01T07:22:18Z,train,0
8082-GHXOP,pytorch_tabular_net,0.1791500002145767,Low,2026-10-01T07:22:18Z,train,0
8083-YTZES,pytorch_tabular_net,0.715719997882843,Critical,2026-10-01T07:22:18Z,valid,1
8084-OIVBS,pytorch_tabular_net,0.022919999435544,Low,2026-10-01T07:22:18Z,train,0
8085-MSNLK,pytorch_tabular_net,0.0421600006520748,Low,2026-10-01T07:22:18Z,train,0
8086-OVPWV,pytorch_tabular_net,0.7165899872779846,Critical,2026-10-01T07:22:18Z,train,1
8087-LGYHQ,pytorch_tabular_net,0.7498700022697449,Critical,2026-10-01T07:22:18Z,valid,1
8089-UZWLX,pytorch_tabular_net,0.0523299984633922,Low,2026-10-01T07:22:18Z,train,0
8091-TTVAX,pytorch_tabular_net,0.1995400041341781,Low,2026-10-01T07:22:18Z,test,0
8092-NLTGF,pytorch_tabular_net,0.0202799998223781,Low,2026-10-01T07:22:18Z,valid,0
8095-WANWK,pytorch_tabular_net,0.18087999522686,Low,2026-10-01T07:22:18Z,valid,0
8096-LOIST,pytorch_tabular_net,0.3087300062179565,Medium,2026-10-01T07:22:18Z,test,0
8097-OMULG,pytorch_tabular_net,0.0480599999427795,Low,2026-10-01T07:22:18Z,train,0
8097-VBQTZ,pytorch_tabular_net,0.0705600008368492,Low,2026-10-01T07:22:18Z,train,0
8098-LLAZX,pytorch_tabular_net,0.878600001335144,Critical,2026-10-01T07:22:18Z,train,1
8098-TDCBU,pytorch_tabular_net,0.0090600000694394,Low,2026-10-01T07:22:18Z,train,0
8099-MZPUJ,pytorch_tabular_net,0.0619699992239475,Low,2026-10-01T07:22:18Z,test,0
8100-HZZLJ,pytorch_tabular_net,0.1226300001144409,Low,2026-10-01T07:22:18Z,train,0
8100-PNJMH,pytorch_tabular_net,0.0215199999511241,Low,2026-10-01T07:22:18Z,test,0
8104-OSKWT,pytorch_tabular_net,0.6083499789237976,Critical,2026-10-01T07:22:18Z,train,1
8106-GWQOK,pytorch_tabular_net,0.0538300015032291,Low,2026-10-01T07:22:18Z,train,0
8107-KNCIM,pytorch_tabular_net,0.713890016078949,Critical,2026-10-01T07:22:18Z,train,1
8107-RZLNV,pytorch_tabular_net,0.0931200012564659,Low,2026-10-01T07:22:18Z,test,0
8108-UXRQN,pytorch_tabular_net,0.322270005941391,Medium,2026-10-01T07:22:18Z,valid,0
8109-YUOHE,pytorch_tabular_net,0.0556100010871887,Low,2026-10-01T07:22:18Z,valid,0
8111-BKVDS,pytorch_tabular_net,0.1800300031900406,Low,2026-10-01T07:22:18Z,train,0
8111-RKSPX,pytorch_tabular_net,0.6882399916648865,Critical,2026-10-01T07:22:18Z,test,1
8111-SLLHI,pytorch_tabular_net,0.6765099763870239,Critical,2026-10-01T07:22:18Z,train,1
8118-LSUEL,pytorch_tabular_net,0.7573800086975098,Critical,2026-10-01T07:22:18Z,test,1
8118-TJAFG,pytorch_tabular_net,0.4626199901103973,High,2026-10-01T07:22:18Z,train,1
8120-JDCAM,pytorch_tabular_net,0.7149900197982788,Critical,2026-10-01T07:22:18Z,train,1
8123-QBNAZ,pytorch_tabular_net,0.4390200078487396,High,2026-10-01T07:22:18Z,test,1
8124-NZVGJ,pytorch_tabular_net,0.27360999584198,Medium,2026-10-01T07:22:18Z,valid,0
8125-QPFJD,pytorch_tabular_net,0.0229400005191564,Low,2026-10-01T07:22:18Z,train,0
8128-YVJRG,pytorch_tabular_net,0.6214100122451782,Critical,2026-10-01T07:22:18Z,train,1
8129-GMVGI,pytorch_tabular_net,0.0069200000725686,Low,2026-10-01T07:22:18Z,train,0
8132-YPVBX,pytorch_tabular_net,0.6145300269126892,Critical,2026-10-01T07:22:18Z,train,1
8133-ANHHJ,pytorch_tabular_net,0.1503999978303909,Low,2026-10-01T07:22:18Z,train,0
8138-EALND,pytorch_tabular_net,0.0671499967575073,Low,2026-10-01T07:22:18Z,train,0
8143-ETQTI,pytorch_tabular_net,0.0113899996504187,Low,2026-10-01T07:22:18Z,test,0
8144-DGHXP,pytorch_tabular_net,0.0222200006246566,Low,2026-10-01T07:22:18Z,train,0
8146-QQKZH,pytorch_tabular_net,0.0193099994212389,Low,2026-10-01T07:22:18Z,test,0
8148-BPLZQ,pytorch_tabular_net,0.2016499936580658,Medium,2026-10-01T07:22:18Z,train,0
8148-NLEGT,pytorch_tabular_net,0.0089400000870227,Low,2026-10-01T07:22:18Z,train,0
8148-WOCMK,pytorch_tabular_net,0.0147399995476007,Low,2026-10-01T07:22:18Z,train,0
8149-AIQCG,pytorch_tabular_net,0.382669985294342,Medium,2026-10-01T07:22:18Z,train,1
8149-RSOUN,pytorch_tabular_net,0.9055799841880798,Critical,2026-10-01T07:22:18Z,test,1
8150-QUDFX,pytorch_tabular_net,0.1752199977636337,Low,2026-10-01T07:22:18Z,train,0
8152-UOBNY,pytorch_tabular_net,0.3907400071620941,Medium,2026-10-01T07:22:18Z,train,1
8152-VETUR,pytorch_tabular_net,0.1046300008893013,Low,2026-10-01T07:22:18Z,test,0
8155-IBNHG,pytorch_tabular_net,0.4847800135612488,High,2026-10-01T07:22:18Z,train,1
8158-WPEZG,pytorch_tabular_net,0.428160011768341,High,2026-10-01T07:22:18Z,train,1
8160-HOWOX,pytorch_tabular_net,0.5087800025939941,High,2026-10-01T07:22:18Z,train,1
8161-QYMTT,pytorch_tabular_net,0.8246899843215942,Critical,2026-10-01T07:22:18Z,train,1
8164-OCKUJ,pytorch_tabular_net,0.0069200000725686,Low,2026-10-01T07:22:18Z,train,0
8165-CBKXO,pytorch_tabular_net,0.0259099993854761,Low,2026-10-01T07:22:18Z,train,0
8165-ZJRNM,pytorch_tabular_net,0.010870000347495,Low,2026-10-01T07:22:18Z,train,0
8166-ORCHU,pytorch_tabular_net,0.2186200022697448,Medium,2026-10-01T07:22:18Z,train,0
8166-ZZTFS,pytorch_tabular_net,0.0464800000190734,Low,2026-10-01T07:22:18Z,valid,0
8167-GJLRN,pytorch_tabular_net,0.4416700005531311,High,2026-10-01T07:22:18Z,train,1
8168-UQWWF,pytorch_tabular_net,0.7772899866104126,Critical,2026-10-01T07:22:18Z,train,1
8169-SAEJD,pytorch_tabular_net,0.0967599973082542,Low,2026-10-01T07:22:18Z,train,0
8173-RXAYP,pytorch_tabular_net,0.0078499997034668,Low,2026-10-01T07:22:18Z,train,0
8174-LNWMW,pytorch_tabular_net,0.0189399998635053,Low,2026-10-01T07:22:18Z,train,0
8174-TBVCF,pytorch_tabular_net,0.0181600004434585,Low,2026-10-01T07:22:18Z,valid,0
8178-EYZUO,pytorch_tabular_net,0.3739599883556366,Medium,2026-10-01T07:22:18Z,train,1
8180-AKMJV,pytorch_tabular_net,0.6283100247383118,Critical,2026-10-01T07:22:18Z,train,1
8181-YHCMF,pytorch_tabular_net,0.0100400000810623,Low,2026-10-01T07:22:18Z,valid,0
8182-BJDSI,pytorch_tabular_net,0.5530300140380859,High,2026-10-01T07:22:18Z,train,1
8182-PNAGI,pytorch_tabular_net,0.1252599954605102,Low,2026-10-01T07:22:18Z,valid,0
8183-ONMXC,pytorch_tabular_net,0.7085400223731995,Critical,2026-10-01T07:22:18Z,valid,1
8184-WMOFI,pytorch_tabular_net,0.0578700006008148,Low,2026-10-01T07:22:18Z,test,0
8185-UPYBR,pytorch_tabular_net,0.7345799803733826,Critical,2026-10-01T07:22:18Z,valid,1
8189-DUKMV,pytorch_tabular_net,0.0406300015747547,Low,2026-10-01T07:22:18Z,train,0
8189-HBVRW,pytorch_tabular_net,0.1893399953842163,Low,2026-10-01T07:22:18Z,train,0
8189-XRIKE,pytorch_tabular_net,0.4908699989318847,High,2026-10-01T07:22:18Z,valid,1
8190-ZTQFB,pytorch_tabular_net,0.2119999974966049,Medium,2026-10-01T07:22:18Z,valid,0
8191-XWSZG,pytorch_tabular_net,0.0104599995538592,Low,2026-10-01T07:22:18Z,test,0
8194-PEEBY,pytorch_tabular_net,0.0132299996912479,Low,2026-10-01T07:22:18Z,train,0
8197-BFWVU,pytorch_tabular_net,0.0166999995708465,Low,2026-10-01T07:22:18Z,valid,0
8198-RKSZG,pytorch_tabular_net,0.1199600026011467,Low,2026-10-01T07:22:18Z,train,0
8199-ZLLSA,pytorch_tabular_net,0.2466699928045272,Medium,2026-10-01T07:22:18Z,train,0
8200-KLNYW,pytorch_tabular_net,0.0914399996399879,Low,2026-10-01T07:22:18Z,train,0
8200-LGKSR,pytorch_tabular_net,0.0386199988424778,Low,2026-10-01T07:22:18Z,train,0
8201-AAXCB,pytorch_tabular_net,0.2242199927568435,Medium,2026-10-01T07:22:18Z,train,0
8203-XJZRC,pytorch_tabular_net,0.2299399971961975,Medium,2026-10-01T07:22:18Z,test,0
8204-TIFGJ,pytorch_tabular_net,0.0824000015854835,Low,2026-10-01T07:22:18Z,train,0
8204-YJCLA,pytorch_tabular_net,0.0258099995553493,Low,2026-10-01T07:22:18Z,train,0
8205-MQUGY,pytorch_tabular_net,0.2458699941635131,Medium,2026-10-01T07:22:18Z,train,0
8205-OTCHB,pytorch_tabular_net,0.1167899966239929,Low,2026-10-01T07:22:18Z,valid,0
8205-VSLRB,pytorch_tabular_net,0.0240899994969367,Low,2026-10-01T07:22:18Z,train,0
8207-DMRVL,pytorch_tabular_net,0.0561599992215633,Low,2026-10-01T07:22:18Z,valid,0
8207-VVMYB,pytorch_tabular_net,0.0129000004380941,Low,2026-10-01T07:22:18Z,valid,0
8208-EUMTE,pytorch_tabular_net,0.0293499995023012,Low,2026-10-01T07:22:18Z,test,0
8212-CRQXP,pytorch_tabular_net,0.420199990272522,High,2026-10-01T07:22:18Z,train,1
8212-DJRCH,pytorch_tabular_net,0.5693600177764893,High,2026-10-01T07:22:18Z,train,1
8213-TAZPM,pytorch_tabular_net,0.1535699963569641,Low,2026-10-01T07:22:18Z,train,0
8215-NGSPE,pytorch_tabular_net,0.0069499998353421,Low,2026-10-01T07:22:18Z,test,0
8216-AZUUZ,pytorch_tabular_net,0.0685300007462501,Low,2026-10-01T07:22:18Z,train,0
8217-QYOHV,pytorch_tabular_net,0.2395499944686889,Medium,2026-10-01T07:22:18Z,train,0
8218-FFJDS,pytorch_tabular_net,0.0282700005918741,Low,2026-10-01T07:22:18Z,train,0
8219-VYBVI,pytorch_tabular_net,0.013150000013411,Low,2026-10-01T07:22:18Z,test,0
8220-OCUFY,pytorch_tabular_net,0.0836599990725517,Low,2026-10-01T07:22:18Z,train,0
8221-EQDGL,pytorch_tabular_net,0.0649000033736229,Low,2026-10-01T07:22:18Z,train,0
8221-HVAYI,pytorch_tabular_net,0.0289099998772144,Low,2026-10-01T07:22:18Z,train,0
8224-DWCKX,pytorch_tabular_net,0.633650004863739,Critical,2026-10-01T07:22:18Z,train,1
8224-IVVPA,pytorch_tabular_net,0.1104099974036216,Low,2026-10-01T07:22:18Z,train,0
8224-KDLKN,pytorch_tabular_net,0.01570999994874,Low,2026-10-01T07:22:18Z,test,0
8224-UAXBZ,pytorch_tabular_net,0.0688700005412101,Low,2026-10-01T07:22:18Z,train,0
8225-BTJAU,pytorch_tabular_net,0.6524999737739563,Critical,2026-10-01T07:22:18Z,train,1
8226-BXGES,pytorch_tabular_net,0.0549999997019767,Low,2026-10-01T07:22:18Z,valid,0
8229-BUJHX,pytorch_tabular_net,0.0116600003093481,Low,2026-10-01T07:22:18Z,test,0
8229-MYEJZ,pytorch_tabular_net,0.2209700047969818,Medium,2026-10-01T07:22:18Z,valid,0
8229-TNIQA,pytorch_tabular_net,0.4714800119400024,High,2026-10-01T07:22:18Z,train,1
8231-BSWXX,pytorch_tabular_net,0.1022299975156784,Low,2026-10-01T07:22:18Z,train,0
8232-CTLKO,pytorch_tabular_net,0.0326200015842914,Low,2026-10-01T07:22:18Z,train,0
8232-UTFOZ,pytorch_tabular_net,0.0231899991631507,Low,2026-10-01T07:22:18Z,test,0
8234-GSZYK,pytorch_tabular_net,0.0207499992102384,Low,2026-10-01T07:22:18Z,valid,0
8237-ULIXL,pytorch_tabular_net,0.0126200001686811,Low,2026-10-01T07:22:18Z,train,0
8241-JUIQO,pytorch_tabular_net,0.0162099990993738,Low,2026-10-01T07:22:18Z,valid,0
8242-JSVBO,pytorch_tabular_net,0.3208099901676178,Medium,2026-10-01T07:22:18Z,train,0
8242-PDSGJ,pytorch_tabular_net,0.0138999996706843,Low,2026-10-01T07:22:18Z,train,0
8242-SOQUO,pytorch_tabular_net,0.7393100261688232,Critical,2026-10-01T07:22:18Z,valid,1
8245-UMPYT,pytorch_tabular_net,0.8101400136947632,Critical,2026-10-01T07:22:18Z,test,1
8246-SHFGA,pytorch_tabular_net,0.0985699966549873,Low,2026-10-01T07:22:18Z,train,0
8249-THVEC,pytorch_tabular_net,0.0143299996852874,Low,2026-10-01T07:22:18Z,test,0
8250-ZNGGW,pytorch_tabular_net,0.4126400053501129,High,2026-10-01T07:22:18Z,test,1
8257-RZAHR,pytorch_tabular_net,0.3009999990463257,Medium,2026-10-01T07:22:18Z,train,0
8258-GSTJK,pytorch_tabular_net,0.810230016708374,Critical,2026-10-01T07:22:18Z,train,1
8259-DZLIZ,pytorch_tabular_net,0.0353399999439716,Low,2026-10-01T07:22:18Z,train,0
8259-NFJTV,pytorch_tabular_net,0.1228000000119209,Low,2026-10-01T07:22:18Z,test,0
8260-NGFNY,pytorch_tabular_net,0.5452700257301331,High,2026-10-01T07:22:18Z,train,1
8261-GWDBQ,pytorch_tabular_net,0.0668699964880943,Low,2026-10-01T07:22:18Z,train,0
8262-COGGB,pytorch_tabular_net,0.3247799873352051,Medium,2026-10-01T07:22:18Z,train,0
8263-JQAIK,pytorch_tabular_net,0.8260400295257568,Critical,2026-10-01T07:22:18Z,train,1
8263-OKETD,pytorch_tabular_net,0.1920800060033798,Low,2026-10-01T07:22:18Z,train,0
8263-QMNTJ,pytorch_tabular_net,0.0770599991083145,Low,2026-10-01T07:22:18Z,train,0
8265-HKSOW,pytorch_tabular_net,0.0260499995201826,Low,2026-10-01T07:22:18Z,train,0
8266-VBFQL,pytorch_tabular_net,0.6706200242042542,Critical,2026-10-01T07:22:18Z,train,1
8267-KFGYD,pytorch_tabular_net,0.3026399910449981,Medium,2026-10-01T07:22:18Z,train,0
8267-ZNYVZ,pytorch_tabular_net,0.1985200047492981,Low,2026-10-01T07:22:18Z,valid,0
8268-YDIXR,pytorch_tabular_net,0.1769299954175949,Low,2026-10-01T07:22:18Z,train,0
8270-RKSAP,pytorch_tabular_net,0.5898399949073792,High,2026-10-01T07:22:18Z,test,1
8272-ONJLV,pytorch_tabular_net,0.4209400117397308,High,2026-10-01T07:22:18Z,train,1
8276-MQBYC,pytorch_tabular_net,0.6341400146484375,Critical,2026-10-01T07:22:18Z,valid,1
8277-RVRSV,pytorch_tabular_net,0.0179699994623661,Low,2026-10-01T07:22:18Z,train,0
8280-MQRQN,pytorch_tabular_net,0.6988400220870972,Critical,2026-10-01T07:22:18Z,valid,1
8285-ABVLB,pytorch_tabular_net,0.0116800004616379,Low,2026-10-01T07:22:18Z,test,0
8286-AFUYI,pytorch_tabular_net,0.4334500133991241,High,2026-10-01T07:22:18Z,train,1
8290-YWKHZ,pytorch_tabular_net,0.625,Critical,2026-10-01T07:22:18Z,test,1
8292-FRFZQ,pytorch_tabular_net,0.0286599993705749,Low,2026-10-01T07:22:18Z,train,0
8292-ITGYJ,pytorch_tabular_net,0.0147700002416968,Low,2026-10-01T07:22:18Z,train,0
8292-TYSPY,pytorch_tabular_net,0.2160300016403198,Medium,2026-10-01T07:22:18Z,train,0
8294-UIMBA,pytorch_tabular_net,0.1864099949598312,Low,2026-10-01T07:22:18Z,train,0
8295-FHIVV,pytorch_tabular_net,0.1216600015759468,Low,2026-10-01T07:22:18Z,train,0
8295-KMENE,pytorch_tabular_net,0.0229599997401237,Low,2026-10-01T07:22:18Z,train,0
8305-VHZBZ,pytorch_tabular_net,0.3259699940681457,Medium,2026-10-01T07:22:18Z,test,0
8309-IEYJD,pytorch_tabular_net,0.8256800174713135,Critical,2026-10-01T07:22:18Z,train,1
8309-PPCED,pytorch_tabular_net,0.0424799993634223,Low,2026-10-01T07:22:18Z,valid,0
8311-UEUAB,pytorch_tabular_net,0.0649000033736229,Low,2026-10-01T07:22:18Z,train,0
8313-AFGBW,pytorch_tabular_net,0.0421699993312358,Low,2026-10-01T07:22:18Z,train,0
8313-KTIHG,pytorch_tabular_net,0.399179995059967,Medium,2026-10-01T07:22:18Z,train,1
8313-NDOIA,pytorch_tabular_net,0.7301899790763855,Critical,2026-10-01T07:22:18Z,test,1
8314-DPQHL,pytorch_tabular_net,0.0750399976968765,Low,2026-10-01T07:22:18Z,train,0
8314-HTWVE,pytorch_tabular_net,0.0121799996122717,Low,2026-10-01T07:22:18Z,test,0
8316-BBQAY,pytorch_tabular_net,0.0156299993395805,Low,2026-10-01T07:22:18Z,train,0
8317-BVKSO,pytorch_tabular_net,0.1201099976897239,Low,2026-10-01T07:22:18Z,train,0
8318-LCNBW,pytorch_tabular_net,0.1002300009131431,Low,2026-10-01T07:22:18Z,train,0
8319-QBEHW,pytorch_tabular_net,0.1020400002598762,Low,2026-10-01T07:22:18Z,test,0
8325-QRPZR,pytorch_tabular_net,0.6906700134277344,Critical,2026-10-01T07:22:18Z,valid,1
8327-LZKAS,pytorch_tabular_net,0.3796899914741516,Medium,2026-10-01T07:22:18Z,valid,1
8327-WKMIE,pytorch_tabular_net,0.0310100000351667,Low,2026-10-01T07:22:18Z,train,0
8328-SKJNO,pytorch_tabular_net,0.0347100012004375,Low,2026-10-01T07:22:18Z,train,0
8329-GWVPJ,pytorch_tabular_net,0.2091600000858307,Medium,2026-10-01T07:22:18Z,valid,0
8329-IBCTI,pytorch_tabular_net,0.2504799962043762,Medium,2026-10-01T07:22:18Z,valid,0
8329-UTMVM,pytorch_tabular_net,0.4125399887561798,High,2026-10-01T07:22:18Z,train,1
8331-ZXFOE,pytorch_tabular_net,0.0695699974894523,Low,2026-10-01T07:22:18Z,train,0
8332-OSJDW,pytorch_tabular_net,0.0262899994850158,Low,2026-10-01T07:22:18Z,train,0
8336-TAVKX,pytorch_tabular_net,0.0182799994945526,Low,2026-10-01T07:22:18Z,train,0
8337-MSSXB,pytorch_tabular_net,0.5451200008392334,High,2026-10-01T07:22:18Z,train,1
8337-UPOAQ,pytorch_tabular_net,0.8115500211715698,Critical,2026-10-01T07:22:18Z,train,1
8338-QIUNR,pytorch_tabular_net,0.0267999991774559,Low,2026-10-01T07:22:18Z,train,0
8344-WFMFH,pytorch_tabular_net,0.3542500138282776,Medium,2026-10-01T07:22:18Z,valid,1
8345-MVDYC,pytorch_tabular_net,0.0287999995052814,Low,2026-10-01T07:22:18Z,test,0
8347-GDTMP,pytorch_tabular_net,0.0116100003942847,Low,2026-10-01T07:22:18Z,train,0
8348-HFYIV,pytorch_tabular_net,0.7811099886894226,Critical,2026-10-01T07:22:18Z,valid,1
8348-JLBUG,pytorch_tabular_net,0.0602400004863739,Low,2026-10-01T07:22:18Z,valid,0
8350-NYMVI,pytorch_tabular_net,0.0708499997854232,Low,2026-10-01T07:22:18Z,test,0
8356-WUAOJ,pytorch_tabular_net,0.695169985294342,Critical,2026-10-01T07:22:18Z,train,1
8357-EQXFO,pytorch_tabular_net,0.7818899750709534,Critical,2026-10-01T07:22:18Z,valid,1
8361-LBRDI,pytorch_tabular_net,0.0164800006896257,Low,2026-10-01T07:22:18Z,train,0
8361-LTMKD,pytorch_tabular_net,0.8083500266075134,Critical,2026-10-01T07:22:18Z,train,1
8364-TRMMK,pytorch_tabular_net,0.5798500180244446,High,2026-10-01T07:22:18Z,valid,1
8372-JUXUI,pytorch_tabular_net,0.8480499982833862,Critical,2026-10-01T07:22:18Z,train,1
8374-UULRV,pytorch_tabular_net,0.0635000020265579,Low,2026-10-01T07:22:18Z,train,0
8374-XGEJJ,pytorch_tabular_net,0.5748999714851379,High,2026-10-01T07:22:18Z,train,1
8375-DKEBR,pytorch_tabular_net,0.8353099822998047,Critical,2026-10-01T07:22:18Z,train,1
8375-KVTHK,pytorch_tabular_net,0.2293999940156936,Medium,2026-10-01T07:22:18Z,train,0
8378-LKJAF,pytorch_tabular_net,0.5344899892807007,High,2026-10-01T07:22:18Z,train,1
8380-MQINP,pytorch_tabular_net,0.0069300001487135,Low,2026-10-01T07:22:18Z,valid,0
8380-PEFPE,pytorch_tabular_net,0.8093400001525879,Critical,2026-10-01T07:22:18Z,valid,1
8382-SHQEH,pytorch_tabular_net,0.8040300011634827,Critical,2026-10-01T07:22:18Z,valid,1
8383-SGHJU,pytorch_tabular_net,0.0528200007975101,Low,2026-10-01T07:22:18Z,train,0
8384-FZBJK,pytorch_tabular_net,0.4556300044059753,High,2026-10-01T07:22:18Z,valid,1
8387-MOJJT,pytorch_tabular_net,0.3579800128936767,Medium,2026-10-01T07:22:18Z,train,1
8387-UGUSU,pytorch_tabular_net,0.0551499985158443,Low,2026-10-01T07:22:18Z,train,0
8388-DMKAE,pytorch_tabular_net,0.014560000039637,Low,2026-10-01T07:22:18Z,train,0
8388-FYNPZ,pytorch_tabular_net,0.280919998884201,Medium,2026-10-01T07:22:18Z,train,0
8390-FESFV,pytorch_tabular_net,0.0230000000447034,Low,2026-10-01T07:22:18Z,train,0
8393-DLHGA,pytorch_tabular_net,0.5605999827384949,High,2026-10-01T07:22:18Z,valid,1
8393-JMVMB,pytorch_tabular_net,0.2318899929523468,Medium,2026-10-01T07:22:18Z,valid,0
8395-ETZKQ,pytorch_tabular_net,0.0254800003021955,Low,2026-10-01T07:22:18Z,train,0
8397-MVTAZ,pytorch_tabular_net,0.7221699953079224,Critical,2026-10-01T07:22:18Z,train,1
8398-TBIYD,pytorch_tabular_net,0.0198500007390975,Low,2026-10-01T07:22:18Z,train,0
8399-YNDCH,pytorch_tabular_net,0.3219900131225586,Medium,2026-10-01T07:22:18Z,train,0
8400-WZICQ,pytorch_tabular_net,0.069980002939701,Low,2026-10-01T07:22:18Z,test,0
8401-EMUWF,pytorch_tabular_net,0.1069699972867965,Low,2026-10-01T07:22:18Z,valid,0
8402-EIVQS,pytorch_tabular_net,0.1875499933958053,Low,2026-10-01T07:22:18Z,train,0
8402-OOOHJ,pytorch_tabular_net,0.0074800001457333,Low,2026-10-01T07:22:18Z,test,0
8404-FYDIB,pytorch_tabular_net,0.4745500087738037,High,2026-10-01T07:22:18Z,test,1
8404-GFGCZ,pytorch_tabular_net,0.4873400032520294,High,2026-10-01T07:22:18Z,train,1
8404-VIOMB,pytorch_tabular_net,0.0146000003442168,Low,2026-10-01T07:22:18Z,train,0
8404-VLQFB,pytorch_tabular_net,0.1446299999952316,Low,2026-10-01T07:22:18Z,valid,0
8405-IGQFX,pytorch_tabular_net,0.0904100015759468,Low,2026-10-01T07:22:18Z,train,0
8406-LNMHF,pytorch_tabular_net,0.0991000011563301,Low,2026-10-01T07:22:18Z,valid,0
8409-WQJUX,pytorch_tabular_net,0.1098600029945373,Low,2026-10-01T07:22:18Z,train,0
8410-BGQXN,pytorch_tabular_net,0.1296399980783462,Low,2026-10-01T07:22:18Z,valid,0
8413-VONUO,pytorch_tabular_net,0.6195999979972839,Critical,2026-10-01T07:22:18Z,valid,1
8413-YNHNV,pytorch_tabular_net,0.0346199981868267,Low,2026-10-01T07:22:18Z,train,0
8414-MYSHR,pytorch_tabular_net,0.7781699895858765,Critical,2026-10-01T07:22:18Z,test,1
8414-OOEEL,pytorch_tabular_net,0.0272300001233816,Low,2026-10-01T07:22:18Z,valid,0
8417-FMLZI,pytorch_tabular_net,0.5125300288200378,High,2026-10-01T07:22:18Z,valid,1
8417-GSODA,pytorch_tabular_net,0.2567700147628784,Medium,2026-10-01T07:22:18Z,train,0
8421-WZOOW,pytorch_tabular_net,0.2011100053787231,Medium,2026-10-01T07:22:18Z,train,0
8429-XIBUM,pytorch_tabular_net,0.6294800043106079,Critical,2026-10-01T07:22:18Z,train,1
8430-TWCBX,pytorch_tabular_net,0.0180600006133317,Low,2026-10-01T07:22:18Z,train,0
8433-WPJTV,pytorch_tabular_net,0.1238899976015091,Low,2026-10-01T07:22:18Z,train,0
8433-WXGNA,pytorch_tabular_net,0.6482899785041809,Critical,2026-10-01T07:22:18Z,train,1
8434-PNQZX,pytorch_tabular_net,0.0430799983441829,Low,2026-10-01T07:22:18Z,valid,0
8434-VGEQQ,pytorch_tabular_net,0.0147799998521804,Low,2026-10-01T07:22:18Z,train,0
8436-BJUMM,pytorch_tabular_net,0.6234300136566162,Critical,2026-10-01T07:22:18Z,train,1
8439-LTUGF,pytorch_tabular_net,0.1478199958801269,Low,2026-10-01T07:22:18Z,test,0
8441-SHIPE,pytorch_tabular_net,0.0131799997761845,Low,2026-10-01T07:22:18Z,train,0
8443-WVPSS,pytorch_tabular_net,0.4709900021553039,High,2026-10-01T07:22:18Z,train,1
8443-ZRDBZ,pytorch_tabular_net,0.7534300088882446,Critical,2026-10-01T07:22:18Z,train,1
8444-WRIDW,pytorch_tabular_net,0.3491899967193603,Medium,2026-10-01T07:22:18Z,train,1
8445-DNBAE,pytorch_tabular_net,0.752560019493103,Critical,2026-10-01T07:22:18Z,train,1
8450-JOVAH,pytorch_tabular_net,0.3366700112819671,Medium,2026-10-01T07:22:18Z,train,0
8450-LUGUK,pytorch_tabular_net,0.0148299997672438,Low,2026-10-01T07:22:18Z,valid,0
8450-UYIBU,pytorch_tabular_net,0.5170000195503235,High,2026-10-01T07:22:18Z,valid,1
8454-AATJP,pytorch_tabular_net,0.0517800003290176,Low,2026-10-01T07:22:18Z,valid,0
8455-HIRAQ,pytorch_tabular_net,0.2133000046014785,Medium,2026-10-01T07:22:18Z,train,0
8456-QDAVC,pytorch_tabular_net,0.4167500138282776,High,2026-10-01T07:22:18Z,train,1
8457-XIGKN,pytorch_tabular_net,0.1155499964952468,Low,2026-10-01T07:22:18Z,train,0
8461-EFQYM,pytorch_tabular_net,0.024550000205636,Low,2026-10-01T07:22:18Z,test,0
8464-EETCQ,pytorch_tabular_net,0.0226600002497434,Low,2026-10-01T07:22:18Z,train,0
8465-SBRXP,pytorch_tabular_net,0.0743599981069564,Low,2026-10-01T07:22:18Z,train,0
8466-PZBLH,pytorch_tabular_net,0.094760000705719,Low,2026-10-01T07:22:18Z,train,0
8467-WYNSR,pytorch_tabular_net,0.0787599980831146,Low,2026-10-01T07:22:18Z,train,0
8468-EHYJA,pytorch_tabular_net,0.3593699932098388,Medium,2026-10-01T07:22:18Z,train,1
8468-FZTOE,pytorch_tabular_net,0.0122699998319149,Low,2026-10-01T07:22:18Z,train,0
8469-SNFFH,pytorch_tabular_net,0.063850000500679,Low,2026-10-01T07:22:18Z,train,0
8473-VUVJN,pytorch_tabular_net,0.8582299947738647,Critical,2026-10-01T07:22:18Z,train,1
8474-UMLNT,pytorch_tabular_net,0.1607799977064132,Low,2026-10-01T07:22:18Z,valid,0
8480-PPONV,pytorch_tabular_net,0.0588999986648559,Low,2026-10-01T07:22:18Z,train,0
8481-YYXWG,pytorch_tabular_net,0.5792999863624573,High,2026-10-01T07:22:18Z,test,1
8485-GJCDN,pytorch_tabular_net,0.672730028629303,Critical,2026-10-01T07:22:18Z,train,1
8486-AYEQH,pytorch_tabular_net,0.4102100133895874,High,2026-10-01T07:22:18Z,valid,1
8490-BXHEO,pytorch_tabular_net,0.5954300165176392,High,2026-10-01T07:22:18Z,train,1
8495-LJDFO,pytorch_tabular_net,0.3613100051879883,Medium,2026-10-01T07:22:18Z,train,1
8495-PRWFH,pytorch_tabular_net,0.1987800002098083,Low,2026-10-01T07:22:18Z,train,0
8496-DMZUK,pytorch_tabular_net,0.1094200015068054,Low,2026-10-01T07:22:18Z,train,0
8496-EJAUI,pytorch_tabular_net,0.4084399938583374,High,2026-10-01T07:22:18Z,train,1
8498-XXGWA,pytorch_tabular_net,0.0555800013244152,Low,2026-10-01T07:22:18Z,train,0
8499-BRXTD,pytorch_tabular_net,0.0222999993711709,Low,2026-10-01T07:22:18Z,train,0
8510-AWCXC,pytorch_tabular_net,0.772059977054596,Critical,2026-10-01T07:22:18Z,train,1
8510-BBWMU,pytorch_tabular_net,0.0133800003677606,Low,2026-10-01T07:22:18Z,train,0
8510-TMWYB,pytorch_tabular_net,0.0220899991691112,Low,2026-10-01T07:22:18Z,train,0
8512-WIWYV,pytorch_tabular_net,0.0322800017893314,Low,2026-10-01T07:22:18Z,train,0
8513-OLYGY,pytorch_tabular_net,0.0710100010037422,Low,2026-10-01T07:22:18Z,train,0
8514-VZHEB,pytorch_tabular_net,0.0109500000253319,Low,2026-10-01T07:22:18Z,train,0
8515-OCTJS,pytorch_tabular_net,0.0236399993300437,Low,2026-10-01T07:22:18Z,train,0
8519-IMDHU,pytorch_tabular_net,0.6225600242614746,Critical,2026-10-01T07:22:18Z,train,1
8519-QJGJD,pytorch_tabular_net,0.4018700122833252,High,2026-10-01T07:22:18Z,test,1
8532-UEFWH,pytorch_tabular_net,0.0111499996855854,Low,2026-10-01T07:22:18Z,train,0
8535-SFUTN,pytorch_tabular_net,0.4925099909305572,High,2026-10-01T07:22:18Z,valid,1
8540-ZQGEA,pytorch_tabular_net,0.0117699997499585,Low,2026-10-01T07:22:18Z,test,0
8541-QVFKM,pytorch_tabular_net,0.7117000222206116,Critical,2026-10-01T07:22:18Z,train,1
8543-MSDMF,pytorch_tabular_net,0.4484800100326538,High,2026-10-01T07:22:18Z,train,1
8544-GOQSH,pytorch_tabular_net,0.4783399999141693,High,2026-10-01T07:22:18Z,train,1
8544-JNBOX,pytorch_tabular_net,0.0113800000399351,Low,2026-10-01T07:22:18Z,train,0
8547-NSBBO,pytorch_tabular_net,0.2575699985027313,Medium,2026-10-01T07:22:18Z,train,0
8548-AWOFC,pytorch_tabular_net,0.0699099972844123,Low,2026-10-01T07:22:18Z,train,0
8550-XSXUQ,pytorch_tabular_net,0.1127500012516975,Low,2026-10-01T07:22:18Z,train,0
8552-OBVRU,pytorch_tabular_net,0.2701799869537353,Medium,2026-10-01T07:22:18Z,train,0
8559-CIZFV,pytorch_tabular_net,0.0865200012922287,Low,2026-10-01T07:22:18Z,train,0
8559-WNQZS,pytorch_tabular_net,0.0398899987339973,Low,2026-10-01T07:22:18Z,train,0
8561-NMTBD,pytorch_tabular_net,0.1712000072002411,Low,2026-10-01T07:22:18Z,train,0
8562-GHPPI,pytorch_tabular_net,0.2589499950408935,Medium,2026-10-01T07:22:18Z,train,0
8563-IIOXK,pytorch_tabular_net,0.16389000415802,Low,2026-10-01T07:22:18Z,train,0
8563-OYMQY,pytorch_tabular_net,0.4665000140666961,High,2026-10-01T07:22:18Z,valid,1
8564-LDKFL,pytorch_tabular_net,0.3467899858951568,Medium,2026-10-01T07:22:18Z,test,1
8565-CLBZW,pytorch_tabular_net,0.6386799812316895,Critical,2026-10-01T07:22:18Z,test,1
8565-HBFNN,pytorch_tabular_net,0.1484899967908859,Low,2026-10-01T07:22:18Z,valid,0
8565-WUXZU,pytorch_tabular_net,0.0603599995374679,Low,2026-10-01T07:22:18Z,train,0
8566-YPRGL,pytorch_tabular_net,0.3486500084400177,Medium,2026-10-01T07:22:18Z,train,1
8570-KLJYJ,pytorch_tabular_net,0.026860000565648,Low,2026-10-01T07:22:18Z,valid,0
8571-ZCMCX,pytorch_tabular_net,0.0160499997437,Low,2026-10-01T07:22:18Z,train,0
8573-CGOCC,pytorch_tabular_net,0.1039199978113174,Low,2026-10-01T07:22:18Z,test,0
8573-JGCZW,pytorch_tabular_net,0.0385500006377697,Low,2026-10-01T07:22:18Z,test,0
8577-QSOCG,pytorch_tabular_net,0.0096500003710389,Low,2026-10-01T07:22:18Z,valid,0
8580-AECUZ,pytorch_tabular_net,0.8358399868011475,Critical,2026-10-01T07:22:18Z,train,1
8580-QVLOC,pytorch_tabular_net,0.0251800008118152,Low,2026-10-01T07:22:18Z,test,0
8582-KRHPJ,pytorch_tabular_net,0.1232900023460388,Low,2026-10-01T07:22:18Z,valid,0
8584-KMVXD,pytorch_tabular_net,0.3589099943637848,Medium,2026-10-01T07:22:18Z,train,1
8587-XYZSF,pytorch_tabular_net,0.0332299992442131,Low,2026-10-01T07:22:18Z,train,0
8590-OHDIW,pytorch_tabular_net,0.0104799997061491,Low,2026-10-01T07:22:18Z,train,0
8590-YFFQO,pytorch_tabular_net,0.0283400006592273,Low,2026-10-01T07:22:18Z,train,0
8591-NXRCV,pytorch_tabular_net,0.1052500009536743,Low,2026-10-01T07:22:18Z,valid,0
8591-TKMZH,pytorch_tabular_net,0.1005100011825561,Low,2026-10-01T07:22:18Z,train,0
8592-PLTMQ,pytorch_tabular_net,0.0103799998760223,Low,2026-10-01T07:22:18Z,train,0
8593-WHYHV,pytorch_tabular_net,0.802590012550354,Critical,2026-10-01T07:22:18Z,valid,1
8595-SIZNC,pytorch_tabular_net,0.0447599999606609,Low,2026-10-01T07:22:18Z,train,0
8597-CTXVJ,pytorch_tabular_net,0.0438699983060359,Low,2026-10-01T07:22:18Z,train,0
8597-CWYHH,pytorch_tabular_net,0.2360700070858001,Medium,2026-10-01T07:22:18Z,train,0
8601-QACRS,pytorch_tabular_net,0.4967899918556213,High,2026-10-01T07:22:18Z,train,1
8603-IJWDN,pytorch_tabular_net,0.8634499907493591,Critical,2026-10-01T07:22:18Z,train,1
8605-ITULD,pytorch_tabular_net,0.2506200075149536,Medium,2026-10-01T07:22:18Z,train,0
8606-CIQUL,pytorch_tabular_net,0.0628700032830238,Low,2026-10-01T07:22:18Z,train,0
8606-OEGQZ,pytorch_tabular_net,0.0199200008064508,Low,2026-10-01T07:22:18Z,train,0
8608-OZTLB,pytorch_tabular_net,0.0588600002229213,Low,2026-10-01T07:22:18Z,train,0
8610-WFCJF,pytorch_tabular_net,0.6399099826812744,Critical,2026-10-01T07:22:18Z,train,1
8610-ZIKJJ,pytorch_tabular_net,0.0370500013232231,Low,2026-10-01T07:22:18Z,train,0
8612-GXIDD,pytorch_tabular_net,0.0244600009173154,Low,2026-10-01T07:22:18Z,train,0
8614-VGMMV,pytorch_tabular_net,0.4009200036525726,High,2026-10-01T07:22:18Z,test,1
8617-ENBDS,pytorch_tabular_net,0.6976600289344788,Critical,2026-10-01T07:22:18Z,test,1
8619-IJNDK,pytorch_tabular_net,0.0168999992311,Low,2026-10-01T07:22:18Z,train,0
8620-RJPZN,pytorch_tabular_net,0.2917200028896332,Medium,2026-10-01T07:22:18Z,train,0
8621-MNIHH,pytorch_tabular_net,0.5760300159454346,High,2026-10-01T07:22:18Z,train,1
8622-ZLFKO,pytorch_tabular_net,0.6567299962043762,Critical,2026-10-01T07:22:18Z,test,1
8623-TMRBY,pytorch_tabular_net,0.4705300033092499,High,2026-10-01T07:22:18Z,train,1
8623-ULFNQ,pytorch_tabular_net,0.2898800075054168,Medium,2026-10-01T07:22:18Z,valid,0
8624-GIOUT,pytorch_tabular_net,0.16007000207901,Low,2026-10-01T07:22:18Z,train,0
8625-AZYZY,pytorch_tabular_net,0.7211800217628479,Critical,2026-10-01T07:22:18Z,valid,1
8626-PTQGE,pytorch_tabular_net,0.0412399992346763,Low,2026-10-01T07:22:18Z,train,0
8626-XHBIE,pytorch_tabular_net,0.015939999371767,Low,2026-10-01T07:22:18Z,train,0
8627-EHGIP,pytorch_tabular_net,0.1664499938488006,Low,2026-10-01T07:22:18Z,test,0
8627-ZYGSZ,pytorch_tabular_net,0.2019899934530258,Medium,2026-10-01T07:22:18Z,train,0
8628-MFKAX,pytorch_tabular_net,0.0674099996685981,Low,2026-10-01T07:22:18Z,train,0
8630-FJLIB,pytorch_tabular_net,0.4625599980354309,High,2026-10-01T07:22:18Z,valid,1
8630-QSGXK,pytorch_tabular_net,0.0518699996173381,Low,2026-10-01T07:22:18Z,train,0
8631-NBHFZ,pytorch_tabular_net,0.0397499985992908,Low,2026-10-01T07:22:18Z,train,0
8631-WUXGY,pytorch_tabular_net,0.4228099882602691,High,2026-10-01T07:22:18Z,valid,1
8631-XVRZL,pytorch_tabular_net,0.0437299981713295,Low,2026-10-01T07:22:18Z,train,0
8634-CILSZ,pytorch_tabular_net,0.2270800024271011,Medium,2026-10-01T07:22:18Z,train,0
8634-MPHTR,pytorch_tabular_net,0.6849799752235413,Critical,2026-10-01T07:22:18Z,test,1
8637-XJIVR,pytorch_tabular_net,0.5351099967956543,High,2026-10-01T07:22:18Z,valid,1
8639-NHQEI,pytorch_tabular_net,0.0493099987506866,Low,2026-10-01T07:22:18Z,test,0
8640-SDGKB,pytorch_tabular_net,0.3814899921417236,Medium,2026-10-01T07:22:18Z,test,1
8642-GVWRF,pytorch_tabular_net,0.5680000185966492,High,2026-10-01T07:22:18Z,train,1
8644-XLFBW,pytorch_tabular_net,0.8163700103759766,Critical,2026-10-01T07:22:18Z,train,1
8644-XYTSV,pytorch_tabular_net,0.2515200078487396,Medium,2026-10-01T07:22:18Z,train,0
8645-KOMJQ,pytorch_tabular_net,0.0254699997603893,Low,2026-10-01T07:22:18Z,valid,0
8645-KWHJO,pytorch_tabular_net,0.5363600254058838,High,2026-10-01T07:22:18Z,test,1
8646-JCOMS,pytorch_tabular_net,0.0623300001025199,Low,2026-10-01T07:22:18Z,test,0
8647-SDTWQ,pytorch_tabular_net,0.3867999911308288,Medium,2026-10-01T07:22:18Z,train,1
8648-PFRMP,pytorch_tabular_net,0.735319972038269,Critical,2026-10-01T07:22:18Z,train,1
8650-RHRKE,pytorch_tabular_net,0.6707500219345093,Critical,2026-10-01T07:22:18Z,train,1
8651-ENBZX,pytorch_tabular_net,0.3567999899387359,Medium,2026-10-01T07:22:18Z,train,1
8652-YHIYU,pytorch_tabular_net,0.267410010099411,Medium,2026-10-01T07:22:18Z,train,0
8654-DHAOW,pytorch_tabular_net,0.3546999990940094,Medium,2026-10-01T07:22:18Z,train,1
8659-HDIYE,pytorch_tabular_net,0.0992700010538101,Low,2026-10-01T07:22:18Z,test,0
8659-IOOPU,pytorch_tabular_net,0.0270899999886751,Low,2026-10-01T07:22:18Z,train,0
8660-BUETV,pytorch_tabular_net,0.3591200113296509,Medium,2026-10-01T07:22:18Z,train,1
8661-BOYNW,pytorch_tabular_net,0.02398999966681,Low,2026-10-01T07:22:18Z,train,0
8663-UPDGF,pytorch_tabular_net,0.2040199935436248,Medium,2026-10-01T07:22:18Z,valid,0
8665-UTDHZ,pytorch_tabular_net,0.5446799993515015,High,2026-10-01T07:22:18Z,train,1
8668-KNZTI,pytorch_tabular_net,0.0507999993860721,Low,2026-10-01T07:22:18Z,train,0
8670-ERCJH,pytorch_tabular_net,0.0726400017738342,Low,2026-10-01T07:22:18Z,train,0
8670-MEFCP,pytorch_tabular_net,0.0208500009030103,Low,2026-10-01T07:22:18Z,train,0
8671-KKKOS,pytorch_tabular_net,0.164680004119873,Low,2026-10-01T07:22:18Z,train,0
8672-OAUPW,pytorch_tabular_net,0.0612200014293193,Low,2026-10-01T07:22:18Z,train,0
8676-OOQEJ,pytorch_tabular_net,0.415580004453659,High,2026-10-01T07:22:18Z,valid,1
8676-TRMJS,pytorch_tabular_net,0.5585399866104126,High,2026-10-01T07:22:18Z,test,1
8677-HDZEE,pytorch_tabular_net,0.315090000629425,Medium,2026-10-01T07:22:18Z,test,0
8679-JOEVF,pytorch_tabular_net,0.351060003042221,Medium,2026-10-01T07:22:18Z,train,1
8679-LZBMD,pytorch_tabular_net,0.2231899946928024,Medium,2026-10-01T07:22:18Z,test,0
8680-CGLTP,pytorch_tabular_net,0.1025900021195411,Low,2026-10-01T07:22:18Z,train,0
8681-ICONS,pytorch_tabular_net,0.0631500035524368,Low,2026-10-01T07:22:18Z,test,0
8685-WHQPW,pytorch_tabular_net,0.4595400094985962,High,2026-10-01T07:22:18Z,valid,1
8687-BAFGU,pytorch_tabular_net,0.636709988117218,Critical,2026-10-01T07:22:18Z,train,1
8690-UPCZI,pytorch_tabular_net,0.0574299991130828,Low,2026-10-01T07:22:18Z,valid,0
8690-ZVLCL,pytorch_tabular_net,0.0167399998754262,Low,2026-10-01T07:22:18Z,test,0
8695-ARGXZ,pytorch_tabular_net,0.5787699818611145,High,2026-10-01T07:22:18Z,test,1
8695-WDYEA,pytorch_tabular_net,0.3721800148487091,Medium,2026-10-01T07:22:18Z,test,1
8696-JKZNU,pytorch_tabular_net,0.5400199890136719,High,2026-10-01T07:22:18Z,train,1
8699-ASUFO,pytorch_tabular_net,0.7589700222015381,Critical,2026-10-01T07:22:18Z,train,1
8701-DGLVH,pytorch_tabular_net,0.0113199995830655,Low,2026-10-01T07:22:18Z,train,0
8705-DWKTI,pytorch_tabular_net,0.2984099984169006,Medium,2026-10-01T07:22:18Z,test,0
8705-WZCYL,pytorch_tabular_net,0.6950200200080872,Critical,2026-10-01T07:22:18Z,test,1
8706-HRADD,pytorch_tabular_net,0.2910700142383575,Medium,2026-10-01T07:22:18Z,train,0
8707-HOEDG,pytorch_tabular_net,0.0693800002336502,Low,2026-10-01T07:22:18Z,valid,0
8707-RMEZH,pytorch_tabular_net,0.1226200014352798,Low,2026-10-01T07:22:18Z,test,0
8708-XPXHZ,pytorch_tabular_net,0.7305799722671509,Critical,2026-10-01T07:22:18Z,train,1
8709-KRDVL,pytorch_tabular_net,0.6725299954414368,Critical,2026-10-01T07:22:18Z,test,1
8710-YGLWG,pytorch_tabular_net,0.6530699729919434,Critical,2026-10-01T07:22:18Z,valid,1
8711-LOBKY,pytorch_tabular_net,0.010870000347495,Low,2026-10-01T07:22:18Z,train,0
8713-IGZSO,pytorch_tabular_net,0.2519800066947937,Medium,2026-10-01T07:22:18Z,train,0
8714-CTZJW,pytorch_tabular_net,0.7034400105476379,Critical,2026-10-01T07:22:18Z,train,1
8714-EUHJO,pytorch_tabular_net,0.6235299706459045,Critical,2026-10-01T07:22:18Z,train,1
8715-KKTFG,pytorch_tabular_net,0.22257000207901,Medium,2026-10-01T07:22:18Z,train,0
8717-VCTXJ,pytorch_tabular_net,0.0194700006395578,Low,2026-10-01T07:22:18Z,test,0
8718-PTMEZ,pytorch_tabular_net,0.3660799860954284,Medium,2026-10-01T07:22:18Z,train,1
8720-RQSBJ,pytorch_tabular_net,0.6388199925422668,Critical,2026-10-01T07:22:18Z,train,1
8722-NGNBH,pytorch_tabular_net,0.2422900050878524,Medium,2026-10-01T07:22:18Z,train,0
8722-PRFDV,pytorch_tabular_net,0.0152200004085898,Low,2026-10-01T07:22:18Z,train,0
8725-JEDFD,pytorch_tabular_net,0.299450010061264,Medium,2026-10-01T07:22:18Z,valid,0
8727-JQFHV,pytorch_tabular_net,0.0111800003796815,Low,2026-10-01T07:22:18Z,test,0
8727-XDPUD,pytorch_tabular_net,0.0406700000166893,Low,2026-10-01T07:22:18Z,train,0
8728-SKJLR,pytorch_tabular_net,0.2419099956750869,Medium,2026-10-01T07:22:18Z,train,0
8731-WBBMB,pytorch_tabular_net,0.088189996778965,Low,2026-10-01T07:22:18Z,train,0
8734-DKSTZ,pytorch_tabular_net,0.63850998878479,Critical,2026-10-01T07:22:18Z,test,1
8734-FNWVH,pytorch_tabular_net,0.1135300025343895,Low,2026-10-01T07:22:18Z,test,0
8735-DCXNF,pytorch_tabular_net,0.1727800071239471,Low,2026-10-01T07:22:18Z,valid,0
8735-IJJEG,pytorch_tabular_net,0.1703699976205825,Low,2026-10-01T07:22:18Z,valid,0
8735-NBLWT,pytorch_tabular_net,0.0811100006103515,Low,2026-10-01T07:22:18Z,train,0
8735-SDUFN,pytorch_tabular_net,0.0186700001358985,Low,2026-10-01T07:22:18Z,valid,0
8738-JOKAR,pytorch_tabular_net,0.0418599992990493,Low,2026-10-01T07:22:18Z,train,0
8739-QOTTN,pytorch_tabular_net,0.1720300018787384,Low,2026-10-01T07:22:18Z,test,0
8739-WWKDU,pytorch_tabular_net,0.6874799728393555,Critical,2026-10-01T07:22:18Z,train,1
8739-XNIKG,pytorch_tabular_net,0.832069993019104,Critical,2026-10-01T07:22:18Z,test,1
8740-CRYFY,pytorch_tabular_net,0.8415899872779846,Critical,2026-10-01T07:22:18Z,valid,1
8740-XLHDR,pytorch_tabular_net,0.3574700057506561,Medium,2026-10-01T07:22:18Z,train,1
8741-LQOBK,pytorch_tabular_net,0.0727799981832504,Low,2026-10-01T07:22:18Z,train,0
8745-PVESG,pytorch_tabular_net,0.0363299995660781,Low,2026-10-01T07:22:18Z,train,0
8746-BFOAJ,pytorch_tabular_net,0.0652500018477439,Low,2026-10-01T07:22:18Z,test,0
8746-OQQRW,pytorch_tabular_net,0.168270006775856,Low,2026-10-01T07:22:18Z,train,0
8747-UDCOI,pytorch_tabular_net,0.0113800000399351,Low,2026-10-01T07:22:18Z,test,0
8748-HFWBO,pytorch_tabular_net,0.0171399991959333,Low,2026-10-01T07:22:18Z,train,0
8749-CLJXC,pytorch_tabular_net,0.2304099947214126,Medium,2026-10-01T07:22:18Z,train,0
8749-JMNKX,pytorch_tabular_net,0.3364000022411346,Medium,2026-10-01T07:22:18Z,train,0
8749-TZYEC,pytorch_tabular_net,0.0188200008124113,Low,2026-10-01T07:22:18Z,train,0
8750-QWZAJ,pytorch_tabular_net,0.0114500001072883,Low,2026-10-01T07:22:18Z,train,0
8751-EDEKA,pytorch_tabular_net,0.2875199913978576,Medium,2026-10-01T07:22:18Z,train,0
8752-GHJFU,pytorch_tabular_net,0.1857900023460388,Low,2026-10-01T07:22:18Z,test,0
8752-IMQOS,pytorch_tabular_net,0.0283899996429681,Low,2026-10-01T07:22:18Z,test,0
8752-STIVR,pytorch_tabular_net,0.7668399810791016,Critical,2026-10-01T07:22:18Z,valid,1
8755-IWJHN,pytorch_tabular_net,0.2204300016164779,Medium,2026-10-01T07:22:18Z,train,0
8755-OGKNA,pytorch_tabular_net,0.011459999717772,Low,2026-10-01T07:22:18Z,train,0
8756-RDDLT,pytorch_tabular_net,0.0754999965429306,Low,2026-10-01T07:22:18Z,train,0
8757-TFHHJ,pytorch_tabular_net,0.4978800117969513,High,2026-10-01T07:22:18Z,train,1
8760-ZRHKE,pytorch_tabular_net,0.0599699988961219,Low,2026-10-01T07:22:18Z,train,0
8761-NSOBC,pytorch_tabular_net,0.291159987449646,Medium,2026-10-01T07:22:18Z,train,0
8763-KIAFH,pytorch_tabular_net,0.0187100004404783,Low,2026-10-01T07:22:18Z,valid,0
8766-PAFNE,pytorch_tabular_net,0.0256999991834163,Low,2026-10-01T07:22:18Z,train,0
8769-KKTPH,pytorch_tabular_net,0.2289000004529953,Medium,2026-10-01T07:22:18Z,train,0
8773-HHUOZ,pytorch_tabular_net,0.3300800025463104,Medium,2026-10-01T07:22:18Z,train,0
8774-GSBUN,pytorch_tabular_net,0.0121799996122717,Low,2026-10-01T07:22:18Z,valid,0
8775-CEBBJ,pytorch_tabular_net,0.3148100078105926,Medium,2026-10-01T07:22:18Z,test,0
8775-ERLNB,pytorch_tabular_net,0.797760009765625,Critical,2026-10-01T07:22:18Z,test,1
8775-LHDJH,pytorch_tabular_net,0.8718199729919434,Critical,2026-10-01T07:22:18Z,train,1
8777-MBMTS,pytorch_tabular_net,0.0535999983549118,Low,2026-10-01T07:22:18Z,train,0
8777-PVYGU,pytorch_tabular_net,0.0429700016975402,Low,2026-10-01T07:22:18Z,train,0
8778-LMWTJ,pytorch_tabular_net,0.5458400249481201,High,2026-10-01T07:22:18Z,test,1
8779-QRDMV,pytorch_tabular_net,0.8697400093078613,Critical,2026-10-01T07:22:18Z,train,1
8779-YIQQA,pytorch_tabular_net,0.017179999500513,Low,2026-10-01T07:22:18Z,test,0
8780-IHCRN,pytorch_tabular_net,0.0151100000366568,Low,2026-10-01T07:22:18Z,train,0
8780-IXSTS,pytorch_tabular_net,0.7901999950408936,Critical,2026-10-01T07:22:18Z,valid,1
8780-RSYYU,pytorch_tabular_net,0.1033900007605552,Low,2026-10-01T07:22:18Z,test,0
8780-YRMTT,pytorch_tabular_net,0.006349999923259,Low,2026-10-01T07:22:18Z,test,0
8782-LKFPK,pytorch_tabular_net,0.4159600138664245,High,2026-10-01T07:22:18Z,train,1
8782-NUUOL,pytorch_tabular_net,0.0777700021862983,Low,2026-10-01T07:22:18Z,train,0
8784-CGILN,pytorch_tabular_net,0.6156799793243408,Critical,2026-10-01T07:22:18Z,train,1
8785-CJSHH,pytorch_tabular_net,0.4546400010585785,High,2026-10-01T07:22:18Z,valid,1
8785-EPNCG,pytorch_tabular_net,0.1562899947166443,Low,2026-10-01T07:22:18Z,train,0
8788-DOXSU,pytorch_tabular_net,0.0696000009775161,Low,2026-10-01T07:22:18Z,test,0
8791-GFXLZ,pytorch_tabular_net,0.2167900055646896,Medium,2026-10-01T07:22:18Z,train,0
8792-AOROI,pytorch_tabular_net,0.0272700004279613,Low,2026-10-01T07:22:18Z,train,0
8799-OXZMD,pytorch_tabular_net,0.1823299974203109,Low,2026-10-01T07:22:18Z,train,0
8800-JOOCF,pytorch_tabular_net,0.7141900062561035,Critical,2026-10-01T07:22:18Z,train,1
8800-ZKRFW,pytorch_tabular_net,0.5310099720954895,High,2026-10-01T07:22:18Z,train,1
8802-UNOJF,pytorch_tabular_net,0.5253499746322632,High,2026-10-01T07:22:18Z,train,1
8805-JNRAZ,pytorch_tabular_net,0.3486399948596954,Medium,2026-10-01T07:22:18Z,train,1
8806-EAGWC,pytorch_tabular_net,0.400409996509552,High,2026-10-01T07:22:18Z,train,1
8807-ARQET,pytorch_tabular_net,0.2231100052595138,Medium,2026-10-01T07:22:18Z,train,0
8807-OPMBM,pytorch_tabular_net,0.0142900003120303,Low,2026-10-01T07:22:18Z,valid,0
8808-ELEHO,pytorch_tabular_net,0.7841299772262573,Critical,2026-10-01T07:22:18Z,test,1
8809-RIHDD,pytorch_tabular_net,0.1544699966907501,Low,2026-10-01T07:22:18Z,train,0
8809-XKHMD,pytorch_tabular_net,0.0296199992299079,Low,2026-10-01T07:22:18Z,train,0
8812-ZRHFP,pytorch_tabular_net,0.1225600019097328,Low,2026-10-01T07:22:18Z,test,0
8815-LMFLX,pytorch_tabular_net,0.0823500007390976,Low,2026-10-01T07:22:18Z,test,0
8816-VXNZD,pytorch_tabular_net,0.8497499823570251,Critical,2026-10-01T07:22:18Z,train,1
8818-DOPVL,pytorch_tabular_net,0.6371899843215942,Critical,2026-10-01T07:22:18Z,train,1
8818-XYFCQ,pytorch_tabular_net,0.4727700054645538,High,2026-10-01T07:22:18Z,train,1
8819-IMISP,pytorch_tabular_net,0.4663099944591522,High,2026-10-01T07:22:18Z,valid,1
8819-WFGGJ,pytorch_tabular_net,0.0270700007677078,Low,2026-10-01T07:22:18Z,train,0
8819-ZBYNA,pytorch_tabular_net,0.0795100033283233,Low,2026-10-01T07:22:18Z,train,0
8821-KVZKQ,pytorch_tabular_net,0.0504099987447261,Low,2026-10-01T07:22:18Z,train,0
8821-XNHVZ,pytorch_tabular_net,0.8380500078201294,Critical,2026-10-01T07:22:18Z,train,1
8822-KNBHV,pytorch_tabular_net,0.1291200071573257,Low,2026-10-01T07:22:18Z,train,0
8823-RLPWL,pytorch_tabular_net,0.0511399991810321,Low,2026-10-01T07:22:18Z,train,0
8824-RWFXJ,pytorch_tabular_net,0.4795700013637543,High,2026-10-01T07:22:18Z,train,1
8835-VSDSE,pytorch_tabular_net,0.7769799828529358,Critical,2026-10-01T07:22:18Z,test,1
8837-VVWLQ,pytorch_tabular_net,0.5313500165939331,High,2026-10-01T07:22:18Z,train,1
8838-GPHZP,pytorch_tabular_net,0.0069499998353421,Low,2026-10-01T07:22:18Z,train,0
8840-DQLGN,pytorch_tabular_net,0.4471000134944916,High,2026-10-01T07:22:18Z,train,1
8844-TONUD,pytorch_tabular_net,0.6166300177574158,Critical,2026-10-01T07:22:18Z,test,1
8845-LWKGE,pytorch_tabular_net,0.0873600021004676,Low,2026-10-01T07:22:18Z,test,0
8847-GEOOQ,pytorch_tabular_net,0.1960600018501281,Low,2026-10-01T07:22:18Z,train,0
8849-AYPTR,pytorch_tabular_net,0.4474200010299682,High,2026-10-01T07:22:18Z,valid,1
8849-GYOKR,pytorch_tabular_net,0.1712400019168853,Low,2026-10-01T07:22:18Z,valid,0
8849-PRIQJ,pytorch_tabular_net,0.2297099977731704,Medium,2026-10-01T07:22:18Z,train,0
8851-RAGOV,pytorch_tabular_net,0.0586900003254413,Low,2026-10-01T07:22:18Z,valid,0
8853-TZDGH,pytorch_tabular_net,0.0441000014543533,Low,2026-10-01T07:22:18Z,train,0
8854-CCVSQ,pytorch_tabular_net,0.5651100277900696,High,2026-10-01T07:22:18Z,test,1
8857-CUPFQ,pytorch_tabular_net,0.010309999808669,Low,2026-10-01T07:22:18Z,train,0
8859-AXJZP,pytorch_tabular_net,0.0160000007599592,Low,2026-10-01T07:22:18Z,train,0
8859-DZTGQ,pytorch_tabular_net,0.0115299997851252,Low,2026-10-01T07:22:18Z,test,0
8859-YSTWS,pytorch_tabular_net,0.0238499995321035,Low,2026-10-01T07:22:18Z,valid,0
8861-HGGKB,pytorch_tabular_net,0.5709199905395508,High,2026-10-01T07:22:18Z,test,1
8865-TNMNX,pytorch_tabular_net,0.0883800014853477,Low,2026-10-01T07:22:18Z,train,0
8868-GAGIO,pytorch_tabular_net,0.2991400063037872,Medium,2026-10-01T07:22:18Z,train,0
8868-WOZGU,pytorch_tabular_net,0.701960027217865,Critical,2026-10-01T07:22:18Z,train,1
8869-LIHMK,pytorch_tabular_net,0.0449899993836879,Low,2026-10-01T07:22:18Z,train,0
8869-TORSS,pytorch_tabular_net,0.0631700009107589,Low,2026-10-01T07:22:18Z,train,0
8871-JLMHM,pytorch_tabular_net,0.0286800004541873,Low,2026-10-01T07:22:18Z,test,0
8873-GLDMH,pytorch_tabular_net,0.5550900101661682,High,2026-10-01T07:22:18Z,valid,1
8873-TMKGR,pytorch_tabular_net,0.0189800001680851,Low,2026-10-01T07:22:18Z,valid,0
8874-EJNSR,pytorch_tabular_net,0.0110799996182322,Low,2026-10-01T07:22:18Z,test,0
8875-AKBYH,pytorch_tabular_net,0.7236400246620178,Critical,2026-10-01T07:22:18Z,test,1
8878-HMWBV,pytorch_tabular_net,0.5884600281715393,High,2026-10-01T07:22:18Z,train,1
8878-RYUKI,pytorch_tabular_net,0.1388899981975555,Low,2026-10-01T07:22:18Z,train,0
8879-XUAHX,pytorch_tabular_net,0.0719399973750114,Low,2026-10-01T07:22:18Z,train,0
8879-ZKJOF,pytorch_tabular_net,0.0820899978280067,Low,2026-10-01T07:22:18Z,train,0
8882-TLVRW,pytorch_tabular_net,0.0086500002071261,Low,2026-10-01T07:22:18Z,train,0
8883-ANODQ,pytorch_tabular_net,0.0357900001108646,Low,2026-10-01T07:22:18Z,valid,0
8883-GRDWQ,pytorch_tabular_net,0.1038900017738342,Low,2026-10-01T07:22:18Z,test,0
8884-ADFVN,pytorch_tabular_net,0.8303599953651428,Critical,2026-10-01T07:22:18Z,test,1
8884-FEEWR,pytorch_tabular_net,0.0258000008761882,Low,2026-10-01T07:22:18Z,train,0
8884-MRNSU,pytorch_tabular_net,0.0203499998897314,Low,2026-10-01T07:22:18Z,train,0
8885-QSQBX,pytorch_tabular_net,0.3679899871349334,Medium,2026-10-01T07:22:18Z,valid,1
8887-IPQNC,pytorch_tabular_net,0.384469985961914,Medium,2026-10-01T07:22:18Z,train,1
8894-JVDCV,pytorch_tabular_net,0.2527199983596802,Medium,2026-10-01T07:22:18Z,train,0
8896-BQTTI,pytorch_tabular_net,0.4240700006484985,High,2026-10-01T07:22:18Z,valid,1
8896-RAZCR,pytorch_tabular_net,0.0086599998176097,Low,2026-10-01T07:22:18Z,valid,0
8898-KASCD,pytorch_tabular_net,0.033890001475811,Low,2026-10-01T07:22:18Z,train,0
8901-HJXTF,pytorch_tabular_net,0.1341899931430816,Low,2026-10-01T07:22:18Z,train,0
8901-UPRHR,pytorch_tabular_net,0.0413599982857704,Low,2026-10-01T07:22:18Z,valid,0
8902-ZEOVF,pytorch_tabular_net,0.0143299996852874,Low,2026-10-01T07:22:18Z,test,0
8903-WMRNW,pytorch_tabular_net,0.6511099934577942,Critical,2026-10-01T07:22:18Z,valid,1
8903-XEBGX,pytorch_tabular_net,0.5848199725151062,High,2026-10-01T07:22:18Z,train,1
8904-OPDCK,pytorch_tabular_net,0.3859300017356872,Medium,2026-10-01T07:22:18Z,test,1
8905-IAZPF,pytorch_tabular_net,0.2076600044965744,Medium,2026-10-01T07:22:18Z,train,0
8908-NMQTX,pytorch_tabular_net,0.0259799994528293,Low,2026-10-01T07:22:18Z,test,0
8908-SLFCJ,pytorch_tabular_net,0.0244699995964765,Low,2026-10-01T07:22:18Z,train,0
8909-BOLNL,pytorch_tabular_net,0.0537200011312961,Low,2026-10-01T07:22:18Z,train,0
8910-ICHIU,pytorch_tabular_net,0.1344600021839141,Low,2026-10-01T07:22:18Z,train,0
8910-LEDAG,pytorch_tabular_net,0.2507500052452087,Medium,2026-10-01T07:22:18Z,train,0
8914-RBTSB,pytorch_tabular_net,0.5023599863052368,High,2026-10-01T07:22:18Z,train,1
8915-NNTRC,pytorch_tabular_net,0.0948999971151351,Low,2026-10-01T07:22:18Z,train,0
8917-FAEMR,pytorch_tabular_net,0.0073699997738003,Low,2026-10-01T07:22:18Z,train,0
8917-SZTTJ,pytorch_tabular_net,0.0146099999547004,Low,2026-10-01T07:22:18Z,train,0
8919-FYFQZ,pytorch_tabular_net,0.5197499990463257,High,2026-10-01T07:22:18Z,train,1
8920-NAVAY,pytorch_tabular_net,0.2868799865245819,Medium,2026-10-01T07:22:18Z,train,0
8922-LIEGH,pytorch_tabular_net,0.6081600189208984,Critical,2026-10-01T07:22:18Z,test,1
8922-NPKBJ,pytorch_tabular_net,0.0100499996915459,Low,2026-10-01T07:22:18Z,train,0
8929-KSWIH,pytorch_tabular_net,0.0682199969887733,Low,2026-10-01T07:22:18Z,train,0
8930-XOTDP,pytorch_tabular_net,0.1980399936437606,Low,2026-10-01T07:22:18Z,test,0
8931-GJJIQ,pytorch_tabular_net,0.7443600296974182,Critical,2026-10-01T07:22:18Z,valid,1
8932-CZHRQ,pytorch_tabular_net,0.0782300010323524,Low,2026-10-01T07:22:18Z,train,0
8937-RDTHP,pytorch_tabular_net,0.7372699975967407,Critical,2026-10-01T07:22:18Z,train,1
8938-UMKPI,pytorch_tabular_net,0.6098600029945374,Critical,2026-10-01T07:22:18Z,train,1
8942-DBMHZ,pytorch_tabular_net,0.0755300000309944,Low,2026-10-01T07:22:18Z,valid,0
8943-URTMR,pytorch_tabular_net,0.7963799834251404,Critical,2026-10-01T07:22:18Z,test,1
8944-AILEF,pytorch_tabular_net,0.0937099978327751,Low,2026-10-01T07:22:18Z,train,0
8945-GRKHX,pytorch_tabular_net,0.763979971408844,Critical,2026-10-01T07:22:18Z,valid,1
8945-MUQUF,pytorch_tabular_net,0.2279900014400482,Medium,2026-10-01T07:22:18Z,valid,0
8946-BFWSG,pytorch_tabular_net,0.0116100003942847,Low,2026-10-01T07:22:18Z,valid,0
8947-YRTDV,pytorch_tabular_net,0.1096199974417686,Low,2026-10-01T07:22:18Z,test,0
8949-JTMAY,pytorch_tabular_net,0.6640200018882751,Critical,2026-10-01T07:22:18Z,train,1
8950-MTZNV,pytorch_tabular_net,0.6529200077056885,Critical,2026-10-01T07:22:18Z,valid,1
8952-WCVCD,pytorch_tabular_net,0.158950001001358,Low,2026-10-01T07:22:18Z,train,0
8957-THMOA,pytorch_tabular_net,0.0149100003764033,Low,2026-10-01T07:22:18Z,train,0
8958-JPTRR,pytorch_tabular_net,0.0147000001743435,Low,2026-10-01T07:22:18Z,train,0
8961-QDZZJ,pytorch_tabular_net,0.2847599983215332,Medium,2026-10-01T07:22:18Z,train,0
8963-JLGJT,pytorch_tabular_net,0.2523199915885925,Medium,2026-10-01T07:22:18Z,valid,0
8963-MQVYN,pytorch_tabular_net,0.091679997742176,Low,2026-10-01T07:22:18Z,test,0
8966-KZXXA,pytorch_tabular_net,0.0144600002095103,Low,2026-10-01T07:22:18Z,train,0
8966-OIQHG,pytorch_tabular_net,0.0174700003117322,Low,2026-10-01T07:22:18Z,train,0
8966-SNIZF,pytorch_tabular_net,0.0113500002771615,Low,2026-10-01T07:22:18Z,valid,0
8967-SZQAS,pytorch_tabular_net,0.1980099976062774,Low,2026-10-01T07:22:18Z,train,0
8969-PRHFK,pytorch_tabular_net,0.0224300008267164,Low,2026-10-01T07:22:18Z,test,0
8970-ANWXO,pytorch_tabular_net,0.1907099932432174,Low,2026-10-01T07:22:18Z,test,0
8972-HJWNV,pytorch_tabular_net,0.8323699831962585,Critical,2026-10-01T07:22:18Z,valid,1
8974-OVACP,pytorch_tabular_net,0.2498099952936172,Medium,2026-10-01T07:22:18Z,train,0
8975-SKGRX,pytorch_tabular_net,0.05180000141263,Low,2026-10-01T07:22:18Z,train,0
8976-OQHGT,pytorch_tabular_net,0.1889400035142898,Low,2026-10-01T07:22:18Z,train,0
8979-CAMGB,pytorch_tabular_net,0.3021399974822998,Medium,2026-10-01T07:22:18Z,test,0
8980-WQFWL,pytorch_tabular_net,0.1979999989271164,Low,2026-10-01T07:22:18Z,test,0
8981-FJGLA,pytorch_tabular_net,0.6692100167274475,Critical,2026-10-01T07:22:18Z,train,1
8982-NHAVY,pytorch_tabular_net,0.3782800137996673,Medium,2026-10-01T07:22:18Z,train,1
8984-EYLLL,pytorch_tabular_net,0.1322699934244156,Low,2026-10-01T07:22:18Z,train,0
8984-HPEMB,pytorch_tabular_net,0.0584600009024143,Low,2026-10-01T07:22:18Z,train,0
8985-OOPOS,pytorch_tabular_net,0.2320500016212463,Medium,2026-10-01T07:22:18Z,train,0
8988-ECPJR,pytorch_tabular_net,0.4607400000095367,High,2026-10-01T07:22:18Z,train,1
8990-YOZLV,pytorch_tabular_net,0.0124300001189112,Low,2026-10-01T07:22:18Z,test,0
8990-ZXLSU,pytorch_tabular_net,0.4832099974155426,High,2026-10-01T07:22:18Z,train,1
8992-CEUEN,pytorch_tabular_net,0.2955999970436096,Medium,2026-10-01T07:22:18Z,valid,0
8992-JQYUN,pytorch_tabular_net,0.8156399726867676,Critical,2026-10-01T07:22:18Z,train,1
8992-OBVDG,pytorch_tabular_net,0.1244800016283989,Low,2026-10-01T07:22:18Z,train,0
8992-VONJD,pytorch_tabular_net,0.2579199969768524,Medium,2026-10-01T07:22:18Z,train,0
8993-IZEUX,pytorch_tabular_net,0.3524799942970276,Medium,2026-10-01T07:22:18Z,train,1
8993-PHFWD,pytorch_tabular_net,0.4178299903869629,High,2026-10-01T07:22:18Z,train,1
8996-ZROXE,pytorch_tabular_net,0.1485300064086914,Low,2026-10-01T07:22:18Z,test,0
8999-BOHSE,pytorch_tabular_net,0.5423600077629089,High,2026-10-01T07:22:18Z,test,1
8999-EXMNO,pytorch_tabular_net,0.0084600001573562,Low,2026-10-01T07:22:18Z,test,0
8999-XXGNS,pytorch_tabular_net,0.2269300073385238,Medium,2026-10-01T07:22:18Z,train,0
8999-YPYBV,pytorch_tabular_net,0.0206000003963708,Low,2026-10-01T07:22:18Z,valid,0
9000-PLFUZ,pytorch_tabular_net,0.0827500000596046,Low,2026-10-01T07:22:18Z,train,0
9003-CPATH,pytorch_tabular_net,0.3252699971199035,Medium,2026-10-01T07:22:18Z,train,0
9013-AQORL,pytorch_tabular_net,0.0919699966907501,Low,2026-10-01T07:22:18Z,train,0
9018-PCIOK,pytorch_tabular_net,0.0139899998903274,Low,2026-10-01T07:22:18Z,train,0
9019-QVLZD,pytorch_tabular_net,0.8022900223731995,Critical,2026-10-01T07:22:18Z,train,1
9025-AOMKI,pytorch_tabular_net,0.7819300293922424,Critical,2026-10-01T07:22:18Z,train,1
9025-ZRPVR,pytorch_tabular_net,0.1127299964427948,Low,2026-10-01T07:22:18Z,train,0
9026-LHEVG,pytorch_tabular_net,0.3010100126266479,Medium,2026-10-01T07:22:18Z,train,0
9026-RNUJS,pytorch_tabular_net,0.525160014629364,High,2026-10-01T07:22:18Z,train,1
9027-TMATR,pytorch_tabular_net,0.0185700003057718,Low,2026-10-01T07:22:18Z,train,0
9027-YFHQJ,pytorch_tabular_net,0.19514000415802,Low,2026-10-01T07:22:18Z,test,0
9028-LIHRP,pytorch_tabular_net,0.0369199998676776,Low,2026-10-01T07:22:18Z,train,0
9029-FEGVJ,pytorch_tabular_net,0.3189699947834015,Medium,2026-10-01T07:22:18Z,valid,0
9030-QGZNL,pytorch_tabular_net,0.0150199998170137,Low,2026-10-01T07:22:18Z,train,0
9031-ZVQPT,pytorch_tabular_net,0.1035699993371963,Low,2026-10-01T07:22:18Z,valid,0
9033-EOXWV,pytorch_tabular_net,0.1990000009536743,Low,2026-10-01T07:22:18Z,train,0
9036-CSKBW,pytorch_tabular_net,0.1536999940872192,Low,2026-10-01T07:22:18Z,train,0
9039-RBEEE,pytorch_tabular_net,0.2990800142288208,Medium,2026-10-01T07:22:18Z,train,0
9039-ZVJDC,pytorch_tabular_net,0.219879999756813,Medium,2026-10-01T07:22:18Z,train,0
9040-KZVWO,pytorch_tabular_net,0.0672399997711181,Low,2026-10-01T07:22:18Z,train,0
9046-DQMTP,pytorch_tabular_net,0.0593799985945224,Low,2026-10-01T07:22:18Z,test,0
9046-JBFWA,pytorch_tabular_net,0.048539999872446,Low,2026-10-01T07:22:18Z,test,0
9048-JVYVF,pytorch_tabular_net,0.4124000072479248,High,2026-10-01T07:22:18Z,train,1
9050-IKDZA,pytorch_tabular_net,0.7023699879646301,Critical,2026-10-01T07:22:18Z,train,1
9050-QLROH,pytorch_tabular_net,0.6287299990653992,Critical,2026-10-01T07:22:18Z,train,1
9052-DHNKM,pytorch_tabular_net,0.0854199975728988,Low,2026-10-01T07:22:18Z,valid,0
9052-VKDUW,pytorch_tabular_net,0.3663600087165832,Medium,2026-10-01T07:22:18Z,train,1
9053-EJUNL,pytorch_tabular_net,0.5618500113487244,High,2026-10-01T07:22:18Z,test,1
9053-JZFKV,pytorch_tabular_net,0.0936900004744529,Low,2026-10-01T07:22:18Z,train,0
9054-FOWNV,pytorch_tabular_net,0.6667199730873108,Critical,2026-10-01T07:22:18Z,test,1
9055-MOJJJ,pytorch_tabular_net,0.0321700014173984,Low,2026-10-01T07:22:18Z,train,0
9057-MSWCO,pytorch_tabular_net,0.3872599899768829,Medium,2026-10-01T07:22:18Z,train,1
9057-SIHCH,pytorch_tabular_net,0.8820300102233887,Critical,2026-10-01T07:22:18Z,train,1
9058-CBREO,pytorch_tabular_net,0.653219997882843,Critical,2026-10-01T07:22:18Z,train,1
9058-HRZSV,pytorch_tabular_net,0.1937599927186966,Low,2026-10-01T07:22:18Z,train,0
9058-MJLZC,pytorch_tabular_net,0.5510299801826477,High,2026-10-01T07:22:18Z,train,1
9060-HJJRW,pytorch_tabular_net,0.1052099987864494,Low,2026-10-01T07:22:18Z,test,0
9061-TIHDA,pytorch_tabular_net,0.7732499837875366,Critical,2026-10-01T07:22:18Z,train,1
9063-ZGTUY,pytorch_tabular_net,0.0398700013756752,Low,2026-10-01T07:22:18Z,train,0
9065-ZCPQX,pytorch_tabular_net,0.0159200001507997,Low,2026-10-01T07:22:18Z,train,0
9066-QRSDU,pytorch_tabular_net,0.0190200004726648,Low,2026-10-01T07:22:18Z,train,0
9067-SQTNS,pytorch_tabular_net,0.0179500002413988,Low,2026-10-01T07:22:18Z,valid,0
9067-YGSCA,pytorch_tabular_net,0.0208599995821714,Low,2026-10-01T07:22:18Z,train,0
9068-FHQHD,pytorch_tabular_net,0.0114399995654821,Low,2026-10-01T07:22:18Z,valid,0
9068-VPWQQ,pytorch_tabular_net,0.0240599997341632,Low,2026-10-01T07:22:18Z,valid,0
9069-LGEUL,pytorch_tabular_net,0.100890003144741,Low,2026-10-01T07:22:18Z,train,0
9070-BCKQP,pytorch_tabular_net,0.047139998525381,Low,2026-10-01T07:22:18Z,train,0
9073-ZZIAY,pytorch_tabular_net,0.0271600000560283,Low,2026-10-01T07:22:18Z,test,0
9074-KGVOX,pytorch_tabular_net,0.2058700025081634,Medium,2026-10-01T07:22:18Z,test,0
9076-AXYIK,pytorch_tabular_net,0.1287299990653991,Low,2026-10-01T07:22:18Z,train,0
9079-LWTFD,pytorch_tabular_net,0.246749997138977,Medium,2026-10-01T07:22:18Z,train,0
9079-YEXQJ,pytorch_tabular_net,0.3442699909210205,Medium,2026-10-01T07:22:18Z,train,1
9081-WWXKP,pytorch_tabular_net,0.0103000001981854,Low,2026-10-01T07:22:18Z,train,0
9084-OAYKL,pytorch_tabular_net,0.0113899996504187,Low,2026-10-01T07:22:18Z,train,0
9086-YJYXS,pytorch_tabular_net,0.098580002784729,Low,2026-10-01T07:22:18Z,train,0
9087-EYCPR,pytorch_tabular_net,0.0073799998499453,Low,2026-10-01T07:22:18Z,train,0
9089-UOWJG,pytorch_tabular_net,0.2123399972915649,Medium,2026-10-01T07:22:18Z,test,0
9090-SGQXL,pytorch_tabular_net,0.493259996175766,High,2026-10-01T07:22:18Z,train,1
9091-WTUUY,pytorch_tabular_net,0.0234600007534027,Low,2026-10-01T07:22:18Z,train,0
9092-GDZKO,pytorch_tabular_net,0.1447499990463256,Low,2026-10-01T07:22:18Z,train,0
9093-FPDLG,pytorch_tabular_net,0.5113400220870972,High,2026-10-01T07:22:18Z,train,1
9094-AZPHK,pytorch_tabular_net,0.7090799808502197,Critical,2026-10-01T07:22:18Z,test,1
9095-HFAFX,pytorch_tabular_net,0.6720200181007385,Critical,2026-10-01T07:22:18Z,train,1
9097-ZUBYC,pytorch_tabular_net,0.0946699976921081,Low,2026-10-01T07:22:18Z,train,0
9099-FTUHS,pytorch_tabular_net,0.1570599973201751,Low,2026-10-01T07:22:18Z,train,0
9101-BWFSS,pytorch_tabular_net,0.2883599996566772,Medium,2026-10-01T07:22:18Z,train,0
9101-NTIXF,pytorch_tabular_net,0.1757500022649765,Low,2026-10-01T07:22:18Z,valid,0
9102-IAYHT,pytorch_tabular_net,0.6796299815177917,Critical,2026-10-01T07:22:18Z,train,1
9102-OXKFY,pytorch_tabular_net,0.0344099998474121,Low,2026-10-01T07:22:18Z,train,0
9103-CXVOK,pytorch_tabular_net,0.1990499943494796,Low,2026-10-01T07:22:18Z,train,0
9103-TCIHJ,pytorch_tabular_net,0.2441000044345855,Medium,2026-10-01T07:22:18Z,train,0
9107-UKCKY,pytorch_tabular_net,0.2082500010728836,Medium,2026-10-01T07:22:18Z,train,0
9108-EJFJP,pytorch_tabular_net,0.4952999949455261,High,2026-10-01T07:22:18Z,train,1
9108-EQPNQ,pytorch_tabular_net,0.014560000039637,Low,2026-10-01T07:22:18Z,train,0
9110-HSGTV,pytorch_tabular_net,0.0254800003021955,Low,2026-10-01T07:22:18Z,valid,0
9112-WSNPU,pytorch_tabular_net,0.3048000037670135,Medium,2026-10-01T07:22:18Z,train,0
9114-AAFQH,pytorch_tabular_net,0.0833100005984306,Low,2026-10-01T07:22:18Z,test,0
9114-DPSIA,pytorch_tabular_net,0.0199200008064508,Low,2026-10-01T07:22:18Z,train,0
9114-VEPUF,pytorch_tabular_net,0.1717700064182281,Low,2026-10-01T07:22:18Z,train,0
9115-YQHGA,pytorch_tabular_net,0.1313499957323074,Low,2026-10-01T07:22:18Z,test,0
9117-SHLZX,pytorch_tabular_net,0.6505699753761292,Critical,2026-10-01T07:22:18Z,test,1
9121-PHQSR,pytorch_tabular_net,0.6870999932289124,Critical,2026-10-01T07:22:18Z,train,1
9122-UMROB,pytorch_tabular_net,0.2298199981451034,Medium,2026-10-01T07:22:18Z,test,0
9124-LHCJQ,pytorch_tabular_net,0.8564800024032593,Critical,2026-10-01T07:22:18Z,train,1
9127-FHJBZ,pytorch_tabular_net,0.0865999981760978,Low,2026-10-01T07:22:18Z,train,0
9127-QRZMH,pytorch_tabular_net,0.0573600009083747,Low,2026-10-01T07:22:18Z,train,0
9128-CPXKI,pytorch_tabular_net,0.0473899990320205,Low,2026-10-01T07:22:18Z,train,0
9129-UXERG,pytorch_tabular_net,0.6564300060272217,Critical,2026-10-01T07:22:18Z,test,1
9133-AYJZG,pytorch_tabular_net,0.6744800209999084,Critical,2026-10-01T07:22:18Z,train,1
9134-CEQMF,pytorch_tabular_net,0.8073700070381165,Critical,2026-10-01T07:22:18Z,valid,1
9134-WYRVP,pytorch_tabular_net,0.0754299983382225,Low,2026-10-01T07:22:18Z,test,0
9135-HSWOC,pytorch_tabular_net,0.0177699998021125,Low,2026-10-01T07:22:18Z,valid,0
9135-MGVPY,pytorch_tabular_net,0.0205400008708238,Low,2026-10-01T07:22:18Z,test,0
9136-ALYBR,pytorch_tabular_net,0.766539990901947,Critical,2026-10-01T07:22:18Z,train,1
9137-NOQKA,pytorch_tabular_net,0.3986999988555908,Medium,2026-10-01T07:22:18Z,train,1
9137-UIYPG,pytorch_tabular_net,0.3333800137042999,Medium,2026-10-01T07:22:18Z,train,0
9138-EFSMO,pytorch_tabular_net,0.1153500005602836,Low,2026-10-01T07:22:18Z,train,0
9139-TWBAS,pytorch_tabular_net,0.0520499981939792,Low,2026-10-01T07:22:18Z,test,0
9139-WQQDY,pytorch_tabular_net,0.239449992775917,Medium,2026-10-01T07:22:18Z,train,0
9140-CZQZZ,pytorch_tabular_net,0.0228100009262561,Low,2026-10-01T07:22:18Z,test,0
9142-KZXOP,pytorch_tabular_net,0.2035900056362152,Medium,2026-10-01T07:22:18Z,test,0
9142-XMYJH,pytorch_tabular_net,0.0786800011992454,Low,2026-10-01T07:22:18Z,train,0
9143-CANJF,pytorch_tabular_net,0.0980499982833862,Low,2026-10-01T07:22:18Z,train,0
9146-JRIOX,pytorch_tabular_net,0.0770699977874755,Low,2026-10-01T07:22:18Z,train,0
9150-HEPMB,pytorch_tabular_net,0.031980000436306,Low,2026-10-01T07:22:18Z,train,0
9150-KPBJQ,pytorch_tabular_net,0.0309200007468462,Low,2026-10-01T07:22:18Z,train,0
9152-AMKAK,pytorch_tabular_net,0.0637800022959709,Low,2026-10-01T07:22:18Z,train,0
9153-BTBVV,pytorch_tabular_net,0.011490000411868,Low,2026-10-01T07:22:18Z,test,0
9154-QDGTH,pytorch_tabular_net,0.2346599996089935,Medium,2026-10-01T07:22:18Z,valid,0
9158-VCTQB,pytorch_tabular_net,0.327670007944107,Medium,2026-10-01T07:22:18Z,train,0
9163-GHAYE,pytorch_tabular_net,0.1820999979972839,Low,2026-10-01T07:22:18Z,test,0
9167-APMXZ,pytorch_tabular_net,0.5115799903869629,High,2026-10-01T07:22:18Z,train,1
9168-INPSZ,pytorch_tabular_net,0.4068500101566314,High,2026-10-01T07:22:18Z,train,1
9169-BSVIN,pytorch_tabular_net,0.3021200001239776,Medium,2026-10-01T07:22:18Z,train,0
9170-ARBTB,pytorch_tabular_net,0.0144300004467368,Low,2026-10-01T07:22:18Z,train,0
9170-CCKOU,pytorch_tabular_net,0.3783400058746338,Medium,2026-10-01T07:22:18Z,train,1
9170-GYZJC,pytorch_tabular_net,0.0692600011825561,Low,2026-10-01T07:22:18Z,train,0
9172-ANCRX,pytorch_tabular_net,0.7574300169944763,Critical,2026-10-01T07:22:18Z,test,1
9172-JITSM,pytorch_tabular_net,0.588450014591217,High,2026-10-01T07:22:18Z,train,1
9173-IVZVP,pytorch_tabular_net,0.0068999999202787,Low,2026-10-01T07:22:18Z,test,0
9174-FKWZE,pytorch_tabular_net,0.5745800137519836,High,2026-10-01T07:22:18Z,test,1
9174-IHETN,pytorch_tabular_net,0.0351199992001056,Low,2026-10-01T07:22:18Z,test,0
9178-JHUVJ,pytorch_tabular_net,0.0202799998223781,Low,2026-10-01T07:22:18Z,train,0
9184-GALIL,pytorch_tabular_net,0.033730000257492,Low,2026-10-01T07:22:18Z,test,0
9185-TQCVP,pytorch_tabular_net,0.63714998960495,Critical,2026-10-01T07:22:18Z,train,1
9189-JWSHV,pytorch_tabular_net,0.7171099781990051,Critical,2026-10-01T07:22:18Z,train,1
9190-MFJLN,pytorch_tabular_net,0.5814499855041504,High,2026-10-01T07:22:18Z,test,1
9191-MYQKX,pytorch_tabular_net,0.5200899839401245,High,2026-10-01T07:22:18Z,train,1
9194-GFVOI,pytorch_tabular_net,0.0295100007206201,Low,2026-10-01T07:22:18Z,train,0
9199-PWQVC,pytorch_tabular_net,0.0965399965643882,Low,2026-10-01T07:22:18Z,valid,0
9200-NLNPD,pytorch_tabular_net,0.1088400036096572,Low,2026-10-01T07:22:18Z,train,0
9206-GVPEQ,pytorch_tabular_net,0.389849990606308,Medium,2026-10-01T07:22:18Z,train,1
9207-ZPANB,pytorch_tabular_net,0.0812000036239624,Low,2026-10-01T07:22:18Z,valid,0
9208-OLGAQ,pytorch_tabular_net,0.6239500045776367,Critical,2026-10-01T07:22:18Z,train,1
9209-NWPGU,pytorch_tabular_net,0.0849400013685226,Low,2026-10-01T07:22:18Z,train,0
9210-IAHGH,pytorch_tabular_net,0.2813099920749664,Medium,2026-10-01T07:22:18Z,train,0
9214-EKVXR,pytorch_tabular_net,0.6671599745750427,Critical,2026-10-01T07:22:18Z,test,1
9220-CXRSC,pytorch_tabular_net,0.0271300002932548,Low,2026-10-01T07:22:18Z,train,0
9220-ZNKJI,pytorch_tabular_net,0.0237600002437829,Low,2026-10-01T07:22:18Z,train,0
9221-OTIVJ,pytorch_tabular_net,0.8264899849891663,Critical,2026-10-01T07:22:18Z,train,1
9223-UCPVT,pytorch_tabular_net,0.8279500007629395,Critical,2026-10-01T07:22:18Z,train,1
9224-VTYID,pytorch_tabular_net,0.0271899998188018,Low,2026-10-01T07:22:18Z,train,0
9225-BZLNZ,pytorch_tabular_net,0.0524800010025501,Low,2026-10-01T07:22:18Z,train,0
9227-LUNBG,pytorch_tabular_net,0.6081900000572205,Critical,2026-10-01T07:22:18Z,train,1
9227-UAQFT,pytorch_tabular_net,0.0159200001507997,Low,2026-10-01T07:22:18Z,train,0
9227-YBAXE,pytorch_tabular_net,0.0293600000441074,Low,2026-10-01T07:22:18Z,train,0
9229-RQABD,pytorch_tabular_net,0.0266800001263618,Low,2026-10-01T07:22:18Z,train,0
9231-ZJYAM,pytorch_tabular_net,0.7587000131607056,Critical,2026-10-01T07:22:18Z,train,1
9233-PSYHO,pytorch_tabular_net,0.2296600043773651,Medium,2026-10-01T07:22:18Z,train,0
9236-NDUCW,pytorch_tabular_net,0.011629999615252,Low,2026-10-01T07:22:18Z,train,0
9237-HQITU,pytorch_tabular_net,0.7793999910354614,Critical,2026-10-01T07:22:18Z,train,1
9239-GZHZE,pytorch_tabular_net,0.0434199981391429,Low,2026-10-01T07:22:18Z,train,0
9239-ZBZZV,pytorch_tabular_net,0.7018499970436096,Critical,2026-10-01T07:22:18Z,train,1
9242-TKFSV,pytorch_tabular_net,0.0213900003582239,Low,2026-10-01T07:22:18Z,test,0
9244-ZVAPM,pytorch_tabular_net,0.4615199863910675,High,2026-10-01T07:22:18Z,train,1
9248-OJYKK,pytorch_tabular_net,0.8622400164604187,Critical,2026-10-01T07:22:18Z,train,1
9249-FXSCK,pytorch_tabular_net,0.3362999856472015,Medium,2026-10-01T07:22:18Z,test,0
9250-WYPLL,pytorch_tabular_net,0.7135300040245056,Critical,2026-10-01T07:22:18Z,train,1
9251-AWQGT,pytorch_tabular_net,0.0068999999202787,Low,2026-10-01T07:22:18Z,test,0
9251-WNSOD,pytorch_tabular_net,0.0337699986994266,Low,2026-10-01T07:22:18Z,valid,0
9253-QXKBE,pytorch_tabular_net,0.6428599953651428,Critical,2026-10-01T07:22:18Z,test,1
9253-VIFJQ,pytorch_tabular_net,0.0549199990928173,Low,2026-10-01T07:22:18Z,train,0
9254-RBFON,pytorch_tabular_net,0.1711499989032745,Low,2026-10-01T07:22:18Z,train,0
9256-JTBNZ,pytorch_tabular_net,0.1057799980044364,Low,2026-10-01T07:22:18Z,test,0
9257-AZMTZ,pytorch_tabular_net,0.011459999717772,Low,2026-10-01T07:22:18Z,train,0
9258-CNWAC,pytorch_tabular_net,0.0374500006437301,Low,2026-10-01T07:22:18Z,test,0
9259-PACGQ,pytorch_tabular_net,0.094319999217987,Low,2026-10-01T07:22:18Z,valid,0
9261-WDCAF,pytorch_tabular_net,0.332040011882782,Medium,2026-10-01T07:22:18Z,test,0
9269-CQOOL,pytorch_tabular_net,0.3979099988937378,Medium,2026-10-01T07:22:18Z,train,1
9272-LSVYH,pytorch_tabular_net,0.3307200074195862,Medium,2026-10-01T07:22:18Z,valid,0
9274-CNFMO,pytorch_tabular_net,0.719730019569397,Critical,2026-10-01T07:22:18Z,train,1
9274-UARKJ,pytorch_tabular_net,0.4453200101852417,High,2026-10-01T07:22:18Z,train,1
9277-JOOMO,pytorch_tabular_net,0.2136099934577942,Medium,2026-10-01T07:22:18Z,train,0
9278-VZKCD,pytorch_tabular_net,0.4596999883651733,High,2026-10-01T07:22:18Z,train,1
9279-CJEOJ,pytorch_tabular_net,0.6816499829292297,Critical,2026-10-01T07:22:18Z,train,1
9281-CEDRU,pytorch_tabular_net,0.0228400006890296,Low,2026-10-01T07:22:18Z,test,0
9281-OFDMF,pytorch_tabular_net,0.3935500085353851,Medium,2026-10-01T07:22:18Z,train,1
9281-PKKZE,pytorch_tabular_net,0.3685300052165985,Medium,2026-10-01T07:22:18Z,train,1
9282-IZGQK,pytorch_tabular_net,0.870710015296936,Critical,2026-10-01T07:22:18Z,train,1
9283-LZQOH,pytorch_tabular_net,0.5599700212478638,High,2026-10-01T07:22:18Z,train,1
9286-BHDQG,pytorch_tabular_net,0.0113000003620982,Low,2026-10-01T07:22:18Z,train,0
9286-DOJGF,pytorch_tabular_net,0.3502199947834015,Medium,2026-10-01T07:22:18Z,valid,1
9289-LBQVU,pytorch_tabular_net,0.0550599992275238,Low,2026-10-01T07:22:18Z,train,0
9290-SHCMB,pytorch_tabular_net,0.7285100221633911,Critical,2026-10-01T07:22:18Z,train,1
9294-TDIPC,pytorch_tabular_net,0.1099200025200843,Low,2026-10-01T07:22:18Z,train,0
9297-EONCV,pytorch_tabular_net,0.0208500009030103,Low,2026-10-01T07:22:18Z,train,0
9297-FVVDH,pytorch_tabular_net,0.0289999991655349,Low,2026-10-01T07:22:18Z,train,0
9298-WGMRW,pytorch_tabular_net,0.0361599996685981,Low,2026-10-01T07:22:18Z,train,0
9300-AGZNL,pytorch_tabular_net,0.8949199914932251,Critical,2026-10-01T07:22:18Z,train,1
9300-RENDD,pytorch_tabular_net,0.8422200083732605,Critical,2026-10-01T07:22:18Z,train,1
9305-CDSKC,pytorch_tabular_net,0.8555799722671509,Critical,2026-10-01T07:22:18Z,valid,1
9306-CPCBC,pytorch_tabular_net,0.7468400001525879,Critical,2026-10-01T07:22:18Z,test,1
9308-ANMVE,pytorch_tabular_net,0.1371600031852722,Low,2026-10-01T07:22:18Z,test,0
9309-BZGNT,pytorch_tabular_net,0.0763199999928474,Low,2026-10-01T07:22:18Z,train,0
9313-CDOGY,pytorch_tabular_net,0.0463900007307529,Low,2026-10-01T07:22:18Z,test,0
9313-QOLTZ,pytorch_tabular_net,0.0512700006365776,Low,2026-10-01T07:22:18Z,test,0
9314-IJWSQ,pytorch_tabular_net,0.7574099898338318,Critical,2026-10-01T07:22:18Z,train,1
9314-QDMDW,pytorch_tabular_net,0.2775000035762787,Medium,2026-10-01T07:22:18Z,valid,0
9317-WZPGV,pytorch_tabular_net,0.776229977607727,Critical,2026-10-01T07:22:18Z,valid,1
9318-NKNFC,pytorch_tabular_net,0.332720011472702,Medium,2026-10-01T07:22:18Z,train,0
9323-HGFWY,pytorch_tabular_net,0.1870400011539459,Low,2026-10-01T07:22:18Z,test,0
9327-QSDED,pytorch_tabular_net,0.2211900055408477,Medium,2026-10-01T07:22:18Z,valid,0
9330-DHBFL,pytorch_tabular_net,0.0468299984931945,Low,2026-10-01T07:22:18Z,train,0
9330-IJWIO,pytorch_tabular_net,0.79448002576828,Critical,2026-10-01T07:22:18Z,train,1
9330-VOFSZ,pytorch_tabular_net,0.0574200004339218,Low,2026-10-01T07:22:18Z,train,0
9332-GYWLO,pytorch_tabular_net,0.3623299896717071,Medium,2026-10-01T07:22:18Z,valid,1
9334-GWGOW,pytorch_tabular_net,0.7540900111198425,Critical,2026-10-01T07:22:18Z,valid,1
9337-SRRNI,pytorch_tabular_net,0.0252100005745887,Low,2026-10-01T07:22:18Z,test,0
9339-FIIJL,pytorch_tabular_net,0.0276200007647275,Low,2026-10-01T07:22:18Z,train,0
9342-VNIMQ,pytorch_tabular_net,0.1615899950265884,Low,2026-10-01T07:22:18Z,train,0
9347-AERRL,pytorch_tabular_net,0.0252400003373622,Low,2026-10-01T07:22:18Z,valid,0
9348-ROUAI,pytorch_tabular_net,0.0189699996262788,Low,2026-10-01T07:22:18Z,train,0
9348-YVOMK,pytorch_tabular_net,0.4559699892997741,High,2026-10-01T07:22:18Z,train,1
9350-VLHMB,pytorch_tabular_net,0.2309499979019165,Medium,2026-10-01T07:22:18Z,train,0
9350-ZXYJC,pytorch_tabular_net,0.0677200034260749,Low,2026-10-01T07:22:18Z,train,0
9351-HXDMR,pytorch_tabular_net,0.0682099983096122,Low,2026-10-01T07:22:18Z,train,0
9351-LZYGF,pytorch_tabular_net,0.1145299971103668,Low,2026-10-01T07:22:18Z,train,0
9355-NPPFS,pytorch_tabular_net,0.5378999710083008,High,2026-10-01T07:22:18Z,train,1
9356-AXGMP,pytorch_tabular_net,0.4035499989986419,High,2026-10-01T07:22:18Z,test,1
9357-UJRUN,pytorch_tabular_net,0.1101099997758865,Low,2026-10-01T07:22:18Z,train,0
9359-JANWS,pytorch_tabular_net,0.016160000115633,Low,2026-10-01T07:22:18Z,train,0
9359-UGBTK,pytorch_tabular_net,0.0416299998760223,Low,2026-10-01T07:22:18Z,train,0
9360-AHGNL,pytorch_tabular_net,0.3416000008583069,Medium,2026-10-01T07:22:18Z,test,1
9360-OMDZZ,pytorch_tabular_net,0.7228999733924866,Critical,2026-10-01T07:22:18Z,test,1
9361-YNQWJ,pytorch_tabular_net,0.0182700008153915,Low,2026-10-01T07:22:18Z,train,0
9362-MWODR,pytorch_tabular_net,0.0996299982070922,Low,2026-10-01T07:22:18Z,train,0
9364-YKUVW,pytorch_tabular_net,0.0836900025606155,Low,2026-10-01T07:22:18Z,train,0
9365-CSLBQ,pytorch_tabular_net,0.014050000347197,Low,2026-10-01T07:22:18Z,train,0
9365-SRSZE,pytorch_tabular_net,0.5684599876403809,High,2026-10-01T07:22:18Z,train,1
9367-OIUXP,pytorch_tabular_net,0.1373700052499771,Low,2026-10-01T07:22:18Z,train,0
9367-TCUYN,pytorch_tabular_net,0.0740600004792213,Low,2026-10-01T07:22:18Z,test,0
9367-WXLCH,pytorch_tabular_net,0.5383800268173218,High,2026-10-01T07:22:18Z,valid,1
9369-XFEHK,pytorch_tabular_net,0.3721700012683868,Medium,2026-10-01T07:22:18Z,valid,1
9371-BITHB,pytorch_tabular_net,0.0068500000052154,Low,2026-10-01T07:22:18Z,train,0
9372-TXXPS,pytorch_tabular_net,0.0213500000536441,Low,2026-10-01T07:22:18Z,train,0
9373-WSLOY,pytorch_tabular_net,0.5367400050163269,High,2026-10-01T07:22:18Z,test,1
9374-YOLBJ,pytorch_tabular_net,0.2187799960374832,Medium,2026-10-01T07:22:18Z,train,0
9375-MHRRS,pytorch_tabular_net,0.1824399977922439,Low,2026-10-01T07:22:18Z,train,0
9378-FXTIZ,pytorch_tabular_net,0.134100005030632,Low,2026-10-01T07:22:18Z,train,0
9381-NDKME,pytorch_tabular_net,0.4592700004577636,High,2026-10-01T07:22:18Z,valid,1
9385-EHGDO,pytorch_tabular_net,0.0099400002509355,Low,2026-10-01T07:22:18Z,test,0
9385-NXKDA,pytorch_tabular_net,0.0244800001382827,Low,2026-10-01T07:22:18Z,train,0
9386-LDCZR,pytorch_tabular_net,0.152329996228218,Low,2026-10-01T07:22:18Z,train,0
9388-ZEYVT,pytorch_tabular_net,0.0568200014531612,Low,2026-10-01T07:22:18Z,train,0
9389-ACWBI,pytorch_tabular_net,0.4276300072669983,High,2026-10-01T07:22:18Z,train,1
9391-DXGGG,pytorch_tabular_net,0.1394400000572204,Low,2026-10-01T07:22:18Z,train,0
9391-EOYLI,pytorch_tabular_net,0.6502799987792969,Critical,2026-10-01T07:22:18Z,valid,1
9391-LMANN,pytorch_tabular_net,0.1021900027990341,Low,2026-10-01T07:22:18Z,train,0
9391-TTOYH,pytorch_tabular_net,0.0583899989724159,Low,2026-10-01T07:22:18Z,test,0
9391-YZEJW,pytorch_tabular_net,0.1761499941349029,Low,2026-10-01T07:22:18Z,test,0
9392-XBGTD,pytorch_tabular_net,0.0131099997088313,Low,2026-10-01T07:22:18Z,valid,0
9396-ZSFLL,pytorch_tabular_net,0.1471299976110458,Low,2026-10-01T07:22:18Z,train,0
9397-TZSHA,pytorch_tabular_net,0.0160099994391202,Low,2026-10-01T07:22:18Z,train,0
9398-MMQTO,pytorch_tabular_net,0.4852100014686584,High,2026-10-01T07:22:18Z,train,1
9399-APLBT,pytorch_tabular_net,0.817870020866394,Critical,2026-10-01T07:22:18Z,train,1
9402-CXWPL,pytorch_tabular_net,0.1973299980163574,Low,2026-10-01T07:22:18Z,train,0
9402-ORRAH,pytorch_tabular_net,0.7313299775123596,Critical,2026-10-01T07:22:18Z,train,1
9402-ROUMJ,pytorch_tabular_net,0.0820500031113624,Low,2026-10-01T07:22:18Z,test,0
9405-GPBBG,pytorch_tabular_net,0.0615900009870529,Low,2026-10-01T07:22:18Z,train,0
9408-HRXRK,pytorch_tabular_net,0.4613699913024902,High,2026-10-01T07:22:18Z,train,1
9408-SSNVZ,pytorch_tabular_net,0.6847599744796753,Critical,2026-10-01T07:22:18Z,test,1
9411-TPQQV,pytorch_tabular_net,0.0971700027585029,Low,2026-10-01T07:22:18Z,train,0
9412-ARGBX,pytorch_tabular_net,0.0426100008189678,Low,2026-10-01T07:22:18Z,valid,0
9412-GHEEC,pytorch_tabular_net,0.3619000017642975,Medium,2026-10-01T07:22:18Z,train,1
9415-DPEWS,pytorch_tabular_net,0.6660900115966797,Critical,2026-10-01T07:22:18Z,train,1
9415-TPKRV,pytorch_tabular_net,0.264299988746643,Medium,2026-10-01T07:22:18Z,train,0
9415-ZNBSX,pytorch_tabular_net,0.0169699992984533,Low,2026-10-01T07:22:18Z,test,0
9418-RUKPH,pytorch_tabular_net,0.0096599999815225,Low,2026-10-01T07:22:18Z,train,0
9419-IPPBE,pytorch_tabular_net,0.2369000017642974,Medium,2026-10-01T07:22:18Z,valid,0
9420-LOJKX,pytorch_tabular_net,0.5364000201225281,High,2026-10-01T07:22:18Z,valid,1
9424-CMPOG,pytorch_tabular_net,0.0134500004351139,Low,2026-10-01T07:22:18Z,test,0
9426-SXNHE,pytorch_tabular_net,0.2289600074291229,Medium,2026-10-01T07:22:18Z,train,0
9430-FRQOC,pytorch_tabular_net,0.7188699841499329,Critical,2026-10-01T07:22:18Z,train,1
9430-NKQLY,pytorch_tabular_net,0.0197999998927116,Low,2026-10-01T07:22:18Z,test,0
9432-RUVSL,pytorch_tabular_net,0.0425800010561943,Low,2026-10-01T07:22:18Z,train,0
9432-VOFYX,pytorch_tabular_net,0.4771000146865845,High,2026-10-01T07:22:18Z,train,1
9435-JMLSX,pytorch_tabular_net,0.0216099992394447,Low,2026-10-01T07:22:18Z,train,0
9436-ZBZCT,pytorch_tabular_net,0.6538400053977966,Critical,2026-10-01T07:22:18Z,train,1
9441-QHEVC,pytorch_tabular_net,0.2327799946069717,Medium,2026-10-01T07:22:18Z,train,0
9442-JTWDL,pytorch_tabular_net,0.0416099987924099,Low,2026-10-01T07:22:18Z,train,0
9443-JUBUO,pytorch_tabular_net,0.0222100000828504,Low,2026-10-01T07:22:18Z,train,0
9444-JTXHZ,pytorch_tabular_net,0.7437000274658203,Critical,2026-10-01T07:22:18Z,test,1
9445-SZLCH,pytorch_tabular_net,0.4004200100898742,High,2026-10-01T07:22:18Z,train,1
9445-ZUEQE,pytorch_tabular_net,0.3613600134849548,Medium,2026-10-01T07:22:18Z,train,1
9447-YPTBX,pytorch_tabular_net,0.0180399995297193,Low,2026-10-01T07:22:18Z,test,0
9448-REEVD,pytorch_tabular_net,0.368149995803833,Medium,2026-10-01T07:22:18Z,test,1
9450-TRJUU,pytorch_tabular_net,0.4477500021457672,High,2026-10-01T07:22:18Z,valid,1
9451-LPGOO,pytorch_tabular_net,0.7331299781799316,Critical,2026-10-01T07:22:18Z,train,1
9451-WLYRI,pytorch_tabular_net,0.0175999999046325,Low,2026-10-01T07:22:18Z,valid,0
9453-PATOS,pytorch_tabular_net,0.0136700002476572,Low,2026-10-01T07:22:18Z,valid,0
9462-MJUAW,pytorch_tabular_net,0.3591600060462951,Medium,2026-10-01T07:22:18Z,test,1
9465-RWMXL,pytorch_tabular_net,0.5357400178909302,High,2026-10-01T07:22:18Z,train,1
9467-ROOLM,pytorch_tabular_net,0.0456800013780593,Low,2026-10-01T07:22:18Z,valid,0
9469-WEJBT,pytorch_tabular_net,0.2875500023365021,Medium,2026-10-01T07:22:18Z,train,0
9470-RTWDV,pytorch_tabular_net,0.1084700003266334,Low,2026-10-01T07:22:18Z,test,0
9470-XCCEM,pytorch_tabular_net,0.4388400018215179,High,2026-10-01T07:22:18Z,train,1
9470-YFUYI,pytorch_tabular_net,0.0976400002837181,Low,2026-10-01T07:22:18Z,valid,0
9473-CBZOP,pytorch_tabular_net,0.0347100012004375,Low,2026-10-01T07:22:18Z,train,0
9474-PHLYD,pytorch_tabular_net,0.3539299964904785,Medium,2026-10-01T07:22:18Z,train,1
9475-NNDGC,pytorch_tabular_net,0.2192199975252151,Medium,2026-10-01T07:22:18Z,train,0
9477-LGWQI,pytorch_tabular_net,0.0245799999684095,Low,2026-10-01T07:22:18Z,train,0
9479-HYNYL,pytorch_tabular_net,0.0173099990934133,Low,2026-10-01T07:22:18Z,train,0
9480-BQJEI,pytorch_tabular_net,0.1154500022530555,Low,2026-10-01T07:22:18Z,train,0
9481-IEBZY,pytorch_tabular_net,0.2602599859237671,Medium,2026-10-01T07:22:18Z,valid,0
9481-SFCQY,pytorch_tabular_net,0.2134599983692169,Medium,2026-10-01T07:22:18Z,train,0
9481-WHGWY,pytorch_tabular_net,0.0299500003457069,Low,2026-10-01T07:22:18Z,train,0
9483-GCPWE,pytorch_tabular_net,0.0279699992388486,Low,2026-10-01T07:22:18Z,valid,0
9488-FVZCC,pytorch_tabular_net,0.0116200000047683,Low,2026-10-01T07:22:18Z,test,0
9488-FYQAU,pytorch_tabular_net,0.047019999474287,Low,2026-10-01T07:22:18Z,train,0
9488-HGMJH,pytorch_tabular_net,0.83788001537323,Critical,2026-10-01T07:22:18Z,valid,1
9489-DEDVP,pytorch_tabular_net,0.0301600005477666,Low,2026-10-01T07:22:18Z,train,0
9489-JMTTN,pytorch_tabular_net,0.016610000282526,Low,2026-10-01T07:22:18Z,train,0
9489-UTFKA,pytorch_tabular_net,0.3011699914932251,Medium,2026-10-01T07:22:18Z,test,0
9490-DFPMD,pytorch_tabular_net,0.602370023727417,Critical,2026-10-01T07:22:18Z,test,1
9492-TOKRI,pytorch_tabular_net,0.6019200086593628,Critical,2026-10-01T07:22:18Z,train,1
9494-BDNNC,pytorch_tabular_net,0.1869200021028518,Low,2026-10-01T07:22:18Z,test,0
9494-MRNYX,pytorch_tabular_net,0.5520700216293335,High,2026-10-01T07:22:18Z,test,1
9495-REDIY,pytorch_tabular_net,0.0952600017189979,Low,2026-10-01T07:22:18Z,test,0
9495-SKLKD,pytorch_tabular_net,0.3035100102424621,Medium,2026-10-01T07:22:18Z,train,0
9496-IVVRP,pytorch_tabular_net,0.1273899972438812,Low,2026-10-01T07:22:18Z,valid,0
9497-QCMMS,pytorch_tabular_net,0.894860029220581,Critical,2026-10-01T07:22:18Z,train,1
9498-FIMXL,pytorch_tabular_net,0.0379399992525577,Low,2026-10-01T07:22:18Z,train,0
9499-XPZXM,pytorch_tabular_net,0.016890000551939,Low,2026-10-01T07:22:18Z,train,0
9500-IWPXQ,pytorch_tabular_net,0.0549199990928173,Low,2026-10-01T07:22:18Z,test,0
9500-LTVBP,pytorch_tabular_net,0.2963699996471405,Medium,2026-10-01T07:22:18Z,train,0
9500-WBGRP,pytorch_tabular_net,0.0121999997645616,Low,2026-10-01T07:22:18Z,train,0
9501-UKKNL,pytorch_tabular_net,0.2659299969673157,Medium,2026-10-01T07:22:18Z,train,0
9503-XJUME,pytorch_tabular_net,0.0242599993944168,Low,2026-10-01T07:22:18Z,train,0
9504-DSHWM,pytorch_tabular_net,0.1152499988675117,Low,2026-10-01T07:22:18Z,train,0
9504-YAZWB,pytorch_tabular_net,0.0071600000374019,Low,2026-10-01T07:22:18Z,valid,0
9505-SQFSW,pytorch_tabular_net,0.2379799932241439,Medium,2026-10-01T07:22:18Z,train,0
9506-UXUSK,pytorch_tabular_net,0.511709988117218,High,2026-10-01T07:22:18Z,test,1
9507-EXLTT,pytorch_tabular_net,0.8001000285148621,Critical,2026-10-01T07:22:18Z,train,1
9507-HSMMZ,pytorch_tabular_net,0.0106300003826618,Low,2026-10-01T07:22:18Z,valid,0
9508-ILZDG,pytorch_tabular_net,0.5931400060653687,High,2026-10-01T07:22:18Z,train,1
9509-MPYOD,pytorch_tabular_net,0.0121700000017881,Low,2026-10-01T07:22:18Z,train,0
9512-PHSMG,pytorch_tabular_net,0.1104800030589103,Low,2026-10-01T07:22:18Z,test,0
9512-UIBFX,pytorch_tabular_net,0.5532699823379517,High,2026-10-01T07:22:18Z,valid,1
9513-DXHDA,pytorch_tabular_net,0.125900000333786,Low,2026-10-01T07:22:18Z,test,0
9514-JDSKI,pytorch_tabular_net,0.7518100142478943,Critical,2026-10-01T07:22:18Z,valid,1
9518-IMLHK,pytorch_tabular_net,0.1245800033211708,Low,2026-10-01T07:22:18Z,train,0
9518-RWHZL,pytorch_tabular_net,0.2039600014686584,Medium,2026-10-01T07:22:18Z,train,0
9518-XXBXE,pytorch_tabular_net,0.4470700025558471,High,2026-10-01T07:22:18Z,train,1
9522-BNTHX,pytorch_tabular_net,0.4966799914836883,High,2026-10-01T07:22:18Z,train,1
9522-ZSINC,pytorch_tabular_net,0.049040000885725,Low,2026-10-01T07:22:18Z,train,0
9524-EGPJC,pytorch_tabular_net,0.5177599787712097,High,2026-10-01T07:22:18Z,valid,1
9526-BIHHD,pytorch_tabular_net,0.4480099976062774,High,2026-10-01T07:22:18Z,valid,1
9526-JAWYF,pytorch_tabular_net,0.4013499915599823,High,2026-10-01T07:22:18Z,test,1
9529-OFXHY,pytorch_tabular_net,0.4950900077819824,High,2026-10-01T07:22:18Z,train,1
9530-EHPOH,pytorch_tabular_net,0.3220599889755249,Medium,2026-10-01T07:22:18Z,train,0
9530-GRMJG,pytorch_tabular_net,0.0401300005614757,Low,2026-10-01T07:22:18Z,train,0
9531-NSBMR,pytorch_tabular_net,0.0223200004547834,Low,2026-10-01T07:22:18Z,train,0
9534-NSXEM,pytorch_tabular_net,0.0434399992227554,Low,2026-10-01T07:22:18Z,test,0
9537-JALFH,pytorch_tabular_net,0.016330000013113,Low,2026-10-01T07:22:18Z,train,0
9537-VHDTA,pytorch_tabular_net,0.3555099964141845,Medium,2026-10-01T07:22:18Z,valid,1
9540-JYROE,pytorch_tabular_net,0.5187699794769287,High,2026-10-01T07:22:18Z,train,1
9541-PWTWO,pytorch_tabular_net,0.0309800002723932,Low,2026-10-01T07:22:18Z,train,0
9541-ZPSEA,pytorch_tabular_net,0.026240000501275,Low,2026-10-01T07:22:18Z,train,0
9544-PYPSJ,pytorch_tabular_net,0.2842999994754791,Medium,2026-10-01T07:22:18Z,train,0
9546-CQJSU,pytorch_tabular_net,0.8901000022888184,Critical,2026-10-01T07:22:18Z,train,1
9546-KDTRB,pytorch_tabular_net,0.0887299999594688,Low,2026-10-01T07:22:18Z,valid,0
9547-ITEFG,pytorch_tabular_net,0.6407700181007385,Critical,2026-10-01T07:22:18Z,train,1
9548-LERKT,pytorch_tabular_net,0.0104999998584389,Low,2026-10-01T07:22:18Z,train,0
9548-LIGTA,pytorch_tabular_net,0.0303099993616342,Low,2026-10-01T07:22:18Z,train,0
9548-ZMVTX,pytorch_tabular_net,0.0278500001877546,Low,2026-10-01T07:22:18Z,train,0
9552-TGUZV,pytorch_tabular_net,0.5032600164413452,High,2026-10-01T07:22:18Z,test,1
9553-DLCLU,pytorch_tabular_net,0.0367299988865852,Low,2026-10-01T07:22:18Z,train,0
9554-DFKIC,pytorch_tabular_net,0.1262100040912628,Low,2026-10-01T07:22:18Z,valid,0
9555-SAHUZ,pytorch_tabular_net,0.0834600031375885,Low,2026-10-01T07:22:18Z,train,0
9558-IHEZX,pytorch_tabular_net,0.0515699982643127,Low,2026-10-01T07:22:18Z,train,0
9560-ARGQJ,pytorch_tabular_net,0.6642900109291077,Critical,2026-10-01T07:22:18Z,test,1
9560-BBZXK,pytorch_tabular_net,0.0128399999812245,Low,2026-10-01T07:22:18Z,train,0
9564-KCLHR,pytorch_tabular_net,0.3558300137519836,Medium,2026-10-01T07:22:18Z,valid,1
9565-AXSMR,pytorch_tabular_net,0.0103299999609589,Low,2026-10-01T07:22:18Z,train,0
9565-DJPIB,pytorch_tabular_net,0.7180500030517578,Critical,2026-10-01T07:22:18Z,train,1
9565-FLVCG,pytorch_tabular_net,0.0350899994373321,Low,2026-10-01T07:22:18Z,train,0
9565-JSNFM,pytorch_tabular_net,0.0707599967718124,Low,2026-10-01T07:22:18Z,train,0
9570-KYEUA,pytorch_tabular_net,0.0479599982500076,Low,2026-10-01T07:22:18Z,train,0
9571-EDEBV,pytorch_tabular_net,0.2436800003051757,Medium,2026-10-01T07:22:18Z,train,0
9572-MTILT,pytorch_tabular_net,0.3432399928569793,Medium,2026-10-01T07:22:18Z,train,1
9572-WUKSB,pytorch_tabular_net,0.6307700276374817,Critical,2026-10-01T07:22:18Z,train,1
9574-BOSMD,pytorch_tabular_net,0.0154699999839067,Low,2026-10-01T07:22:18Z,train,0
9574-RKJIF,pytorch_tabular_net,0.5456799864768982,High,2026-10-01T07:22:18Z,train,1
9575-IWCAZ,pytorch_tabular_net,0.0486700013279914,Low,2026-10-01T07:22:18Z,valid,0
9576-ANLXO,pytorch_tabular_net,0.6770899891853333,Critical,2026-10-01T07:22:18Z,train,1
9576-SYUHJ,pytorch_tabular_net,0.5349699854850769,High,2026-10-01T07:22:18Z,valid,1
9577-WJVCQ,pytorch_tabular_net,0.0430900007486343,Low,2026-10-01T07:22:18Z,test,0
9578-FOMUK,pytorch_tabular_net,0.1581999957561493,Low,2026-10-01T07:22:18Z,train,0
9578-VRMNM,pytorch_tabular_net,0.3856599926948547,Medium,2026-10-01T07:22:18Z,train,1
9581-GVBXT,pytorch_tabular_net,0.0203600004315376,Low,2026-10-01T07:22:18Z,train,0
9584-EXCDZ,pytorch_tabular_net,0.2297900021076202,Medium,2026-10-01T07:22:18Z,train,0
9585-KKMFD,pytorch_tabular_net,0.0133400000631809,Low,2026-10-01T07:22:18Z,test,0
9586-JGQKH,pytorch_tabular_net,0.0742100030183792,Low,2026-10-01T07:22:18Z,test,0
9588-OZDMQ,pytorch_tabular_net,0.6244999766349792,Critical,2026-10-01T07:22:18Z,valid,1
9588-YRFHY,pytorch_tabular_net,0.0236300006508827,Low,2026-10-01T07:22:18Z,train,0
9589-ABEPT,pytorch_tabular_net,0.0750200003385543,Low,2026-10-01T07:22:18Z,valid,0
9591-YVTEB,pytorch_tabular_net,0.4693000018596649,High,2026-10-01T07:22:18Z,test,1
9592-ERDKV,pytorch_tabular_net,0.1445100009441375,Low,2026-10-01T07:22:18Z,train,0
9593-CVZKR,pytorch_tabular_net,0.0101600000634789,Low,2026-10-01T07:22:18Z,valid,0
9600-NAXZN,pytorch_tabular_net,0.5958799719810486,High,2026-10-01T07:22:18Z,train,1
9600-UDOPK,pytorch_tabular_net,0.6100500226020813,Critical,2026-10-01T07:22:18Z,train,1
9601-BRXPO,pytorch_tabular_net,0.5222300291061401,High,2026-10-01T07:22:18Z,train,1
9602-WCXPI,pytorch_tabular_net,0.0295100007206201,Low,2026-10-01T07:22:18Z,test,0
9603-OAIHC,pytorch_tabular_net,0.8131600022315979,Critical,2026-10-01T07:22:18Z,valid,1
9605-WGJVW,pytorch_tabular_net,0.836329996585846,Critical,2026-10-01T07:22:18Z,train,1
9606-PBKBQ,pytorch_tabular_net,0.5726500153541565,High,2026-10-01T07:22:18Z,train,1
9609-BENEA,pytorch_tabular_net,0.1720599979162216,Low,2026-10-01T07:22:18Z,valid,0
9610-WCESF,pytorch_tabular_net,0.0285000000149011,Low,2026-10-01T07:22:18Z,train,0
9611-CTWIH,pytorch_tabular_net,0.7425699830055237,Critical,2026-10-01T07:22:18Z,train,1
9614-RMGHA,pytorch_tabular_net,0.2856799960136413,Medium,2026-10-01T07:22:18Z,test,0
9617-INGJY,pytorch_tabular_net,0.7773500084877014,Critical,2026-10-01T07:22:18Z,train,1
9617-UDPEU,pytorch_tabular_net,0.0194700006395578,Low,2026-10-01T07:22:18Z,valid,0
9618-LFJRU,pytorch_tabular_net,0.1783999949693679,Low,2026-10-01T07:22:18Z,train,0
9619-GSATL,pytorch_tabular_net,0.0475400015711784,Low,2026-10-01T07:22:18Z,test,0
9620-ENEJV,pytorch_tabular_net,0.5125200152397156,High,2026-10-01T07:22:18Z,train,1
9620-QJREV,pytorch_tabular_net,0.0245699994266033,Low,2026-10-01T07:22:18Z,train,0
9621-OUPYD,pytorch_tabular_net,0.0238000005483627,Low,2026-10-01T07:22:18Z,train,0
9624-EGDEQ,pytorch_tabular_net,0.0072400001809,Low,2026-10-01T07:22:18Z,valid,0
9625-QNLUX,pytorch_tabular_net,0.0471699982881546,Low,2026-10-01T07:22:18Z,train,0
9625-QSTYE,pytorch_tabular_net,0.5486400127410889,High,2026-10-01T07:22:18Z,valid,1
9625-RZFUK,pytorch_tabular_net,0.011040000244975,Low,2026-10-01T07:22:18Z,train,0
9626-VFRGG,pytorch_tabular_net,0.3842700123786926,Medium,2026-10-01T07:22:18Z,train,1
9626-WEQRM,pytorch_tabular_net,0.3702499866485595,Medium,2026-10-01T07:22:18Z,train,1
9629-NHXFW,pytorch_tabular_net,0.2892200052738189,Medium,2026-10-01T07:22:18Z,train,0
9631-RXVJM,pytorch_tabular_net,0.011629999615252,Low,2026-10-01T07:22:18Z,valid,0
9631-XEYKE,pytorch_tabular_net,0.3395499885082245,Medium,2026-10-01T07:22:18Z,test,0
9633-DENPU,pytorch_tabular_net,0.1043199971318245,Low,2026-10-01T07:22:18Z,test,0
9633-XQABV,pytorch_tabular_net,0.7446900010108948,Critical,2026-10-01T07:22:18Z,train,1
9637-CDTKZ,pytorch_tabular_net,0.0656099990010261,Low,2026-10-01T07:22:18Z,train,0
9637-EIHEQ,pytorch_tabular_net,0.6103399991989136,Critical,2026-10-01T07:22:18Z,valid,1
9638-JIQYA,pytorch_tabular_net,0.7153199911117554,Critical,2026-10-01T07:22:18Z,train,1
9639-BUJXT,pytorch_tabular_net,0.0157999992370605,Low,2026-10-01T07:22:18Z,train,0
9640-ZSLDC,pytorch_tabular_net,0.0356299988925457,Low,2026-10-01T07:22:18Z,valid,0
9643-AVVWI,pytorch_tabular_net,0.6790000200271606,Critical,2026-10-01T07:22:18Z,train,1
9643-YBLUR,pytorch_tabular_net,0.2623299956321716,Medium,2026-10-01T07:22:18Z,train,0
9644-KVCNC,pytorch_tabular_net,0.0919900014996528,Low,2026-10-01T07:22:18Z,train,0
9644-UMGQA,pytorch_tabular_net,0.3291299939155578,Medium,2026-10-01T07:22:18Z,train,0
9646-NMHXE,pytorch_tabular_net,0.0095300003886222,Low,2026-10-01T07:22:18Z,train,0
9647-ERGBE,pytorch_tabular_net,0.7098900079727173,Critical,2026-10-01T07:22:18Z,train,1
9648-BCHKM,pytorch_tabular_net,0.0209100004285573,Low,2026-10-01T07:22:18Z,test,0
9650-VBUOG,pytorch_tabular_net,0.0142999999225139,Low,2026-10-01T07:22:18Z,train,0
9651-GTSAQ,pytorch_tabular_net,0.1606799960136413,Low,2026-10-01T07:22:18Z,test,0
9658-WYUFB,pytorch_tabular_net,0.6722400188446045,Critical,2026-10-01T07:22:18Z,valid,1
9659-QEQSY,pytorch_tabular_net,0.4338299930095672,High,2026-10-01T07:22:18Z,test,1
9659-ZTWSM,pytorch_tabular_net,0.2375299930572509,Medium,2026-10-01T07:22:18Z,valid,0
9661-ACXBS,pytorch_tabular_net,0.569130003452301,High,2026-10-01T07:22:18Z,valid,1
9661-JALZV,pytorch_tabular_net,0.0184199996292591,Low,2026-10-01T07:22:18Z,train,0
9661-MHUMO,pytorch_tabular_net,0.4922800064086914,High,2026-10-01T07:22:18Z,train,1
9667-EQRXU,pytorch_tabular_net,0.5367599725723267,High,2026-10-01T07:22:18Z,train,1
9667-TKTVZ,pytorch_tabular_net,0.5156099796295166,High,2026-10-01T07:22:18Z,test,1
9668-PUGNU,pytorch_tabular_net,0.0179699994623661,Low,2026-10-01T07:22:18Z,train,0
9670-BPNXF,pytorch_tabular_net,0.0926200002431869,Low,2026-10-01T07:22:18Z,train,0
9674-EHPPG,pytorch_tabular_net,0.0151599999517202,Low,2026-10-01T07:22:18Z,train,0
9675-ICXCT,pytorch_tabular_net,0.0329499989748001,Low,2026-10-01T07:22:18Z,valid,0
9677-AVKED,pytorch_tabular_net,0.1005199998617172,Low,2026-10-01T07:22:18Z,train,0
9680-NIAUV,pytorch_tabular_net,0.0390000008046627,Low,2026-10-01T07:22:18Z,test,0
9681-KYGYB,pytorch_tabular_net,0.4665699899196625,High,2026-10-01T07:22:18Z,train,1
9681-OXGVC,pytorch_tabular_net,0.8745999932289124,Critical,2026-10-01T07:22:18Z,test,1
9685-WKZGT,pytorch_tabular_net,0.6714100241661072,Critical,2026-10-01T07:22:18Z,test,1
9688-YGXVR,pytorch_tabular_net,0.3326599895954132,Medium,2026-10-01T07:22:18Z,valid,0
9689-PTNPG,pytorch_tabular_net,0.787559986114502,Critical,2026-10-01T07:22:18Z,train,1
9691-HKOVS,pytorch_tabular_net,0.0981699973344802,Low,2026-10-01T07:22:18Z,train,0
9692-TUSXH,pytorch_tabular_net,0.6061800122261047,Critical,2026-10-01T07:22:18Z,train,1
9693-XMUOB,pytorch_tabular_net,0.4269799888134002,High,2026-10-01T07:22:18Z,train,1
9695-IDRZR,pytorch_tabular_net,0.0797699987888336,Low,2026-10-01T07:22:18Z,train,0
9696-RMYBA,pytorch_tabular_net,0.7195199728012085,Critical,2026-10-01T07:22:18Z,train,1
9699-UBQFS,pytorch_tabular_net,0.5721499919891357,High,2026-10-01T07:22:18Z,train,1
9700-ISPUP,pytorch_tabular_net,0.1619099974632263,Low,2026-10-01T07:22:18Z,test,0
9700-ZCLOT,pytorch_tabular_net,0.1911800056695938,Low,2026-10-01T07:22:18Z,train,0
9701-CDXHR,pytorch_tabular_net,0.1292800009250641,Low,2026-10-01T07:22:18Z,train,0
9702-AIUJO,pytorch_tabular_net,0.0648899972438812,Low,2026-10-01T07:22:18Z,train,0
9705-IOVQQ,pytorch_tabular_net,0.2291699945926666,Medium,2026-10-01T07:22:18Z,train,0
9705-ZJBCG,pytorch_tabular_net,0.0467099994421005,Low,2026-10-01T07:22:18Z,train,0
9708-HPXWZ,pytorch_tabular_net,0.5296300053596497,High,2026-10-01T07:22:18Z,train,1
9708-KFDBY,pytorch_tabular_net,0.211899995803833,Medium,2026-10-01T07:22:18Z,train,0
9710-NJERN,pytorch_tabular_net,0.007309999782592,Low,2026-10-01T07:22:18Z,train,0
9710-ZUSHQ,pytorch_tabular_net,0.5726600289344788,High,2026-10-01T07:22:18Z,train,1
9711-FJTBX,pytorch_tabular_net,0.1061199977993965,Low,2026-10-01T07:22:18Z,train,0
9714-EDSUC,pytorch_tabular_net,0.4329499900341034,High,2026-10-01T07:22:18Z,train,1
9715-SBVSU,pytorch_tabular_net,0.0421300008893013,Low,2026-10-01T07:22:18Z,train,0
9715-WZCLW,pytorch_tabular_net,0.1679600030183792,Low,2026-10-01T07:22:18Z,train,0
9717-IOAAF,pytorch_tabular_net,0.0289600007236003,Low,2026-10-01T07:22:18Z,train,0
9717-QEBGU,pytorch_tabular_net,0.7443100214004517,Critical,2026-10-01T07:22:18Z,test,1
9720-JJJOR,pytorch_tabular_net,0.0502899996936321,Low,2026-10-01T07:22:18Z,train,0
9722-UJOJR,pytorch_tabular_net,0.456959992647171,High,2026-10-01T07:22:18Z,train,1
9725-SCPZG,pytorch_tabular_net,0.8466100096702576,Critical,2026-10-01T07:22:18Z,train,1
9728-FTTVZ,pytorch_tabular_net,0.8137999773025513,Critical,2026-10-01T07:22:18Z,test,1
9730-DRTMJ,pytorch_tabular_net,0.1001100018620491,Low,2026-10-01T07:22:18Z,train,0
9732-EQMWY,pytorch_tabular_net,0.3632000088691711,Medium,2026-10-01T07:22:18Z,train,1
9732-KPKBW,pytorch_tabular_net,0.4778400063514709,High,2026-10-01T07:22:18Z,train,1
9732-OUYRN,pytorch_tabular_net,0.0178100001066923,Low,2026-10-01T07:22:18Z,valid,0
9734-UYXQI,pytorch_tabular_net,0.7169399857521057,Critical,2026-10-01T07:22:18Z,train,1
9734-YWGEX,pytorch_tabular_net,0.7210999727249146,Critical,2026-10-01T07:22:18Z,test,1
9738-QLWTP,pytorch_tabular_net,0.1187999993562698,Low,2026-10-01T07:22:18Z,train,0
9739-JLPQJ,pytorch_tabular_net,0.0399900004267692,Low,2026-10-01T07:22:18Z,train,0
9741-YLNTD,pytorch_tabular_net,0.5679000020027161,High,2026-10-01T07:22:18Z,train,1
9742-XOKTS,pytorch_tabular_net,0.0876099988818168,Low,2026-10-01T07:22:18Z,train,0
9743-DQKQW,pytorch_tabular_net,0.5402299761772156,High,2026-10-01T07:22:18Z,train,1
9746-MDMBK,pytorch_tabular_net,0.2013500034809112,Medium,2026-10-01T07:22:18Z,train,0
9746-UGFAC,pytorch_tabular_net,0.024830000475049,Low,2026-10-01T07:22:18Z,train,0
9746-YKGXB,pytorch_tabular_net,0.031879998743534,Low,2026-10-01T07:22:18Z,train,0
9747-DDZOS,pytorch_tabular_net,0.6802399754524231,Critical,2026-10-01T07:22:18Z,train,1
9750-BOOHV,pytorch_tabular_net,0.0208000000566244,Low,2026-10-01T07:22:18Z,train,0
9752-ZNQUT,pytorch_tabular_net,0.6771299839019775,Critical,2026-10-01T07:22:18Z,test,1
9753-OYLBX,pytorch_tabular_net,0.2493800073862075,Medium,2026-10-01T07:22:18Z,train,0
9754-CLVZW,pytorch_tabular_net,0.1301099956035614,Low,2026-10-01T07:22:18Z,train,0
9755-JHNMN,pytorch_tabular_net,0.0213799998164176,Low,2026-10-01T07:22:18Z,train,0
9758-MFWGD,pytorch_tabular_net,0.0306700002402067,Low,2026-10-01T07:22:18Z,train,0
9761-XUJWD,pytorch_tabular_net,0.1173600032925605,Low,2026-10-01T07:22:18Z,test,0
9762-YAQAA,pytorch_tabular_net,0.1169100031256675,Low,2026-10-01T07:22:18Z,valid,0
9763-GRSKD,pytorch_tabular_net,0.189750000834465,Low,2026-10-01T07:22:18Z,train,0
9763-PDTKK,pytorch_tabular_net,0.547980010509491,High,2026-10-01T07:22:18Z,train,1
9764-REAFF,pytorch_tabular_net,0.0112899998202919,Low,2026-10-01T07:22:18Z,train,0
9766-HGEDE,pytorch_tabular_net,0.015939999371767,Low,2026-10-01T07:22:18Z,train,0
9767-FFLEM,pytorch_tabular_net,0.2962499856948852,Medium,2026-10-01T07:22:18Z,valid,0
9769-TSBZE,pytorch_tabular_net,0.0234500002115964,Low,2026-10-01T07:22:18Z,valid,0
9770-KXGQU,pytorch_tabular_net,0.1002900004386901,Low,2026-10-01T07:22:18Z,valid,0
9770-LXDBK,pytorch_tabular_net,0.1565099954605102,Low,2026-10-01T07:22:18Z,train,0
9773-PEQBZ,pytorch_tabular_net,0.4870499968528747,High,2026-10-01T07:22:18Z,valid,1
9774-NRNAU,pytorch_tabular_net,0.1367300003767013,Low,2026-10-01T07:22:18Z,train,0
9776-CLUJA,pytorch_tabular_net,0.388480007648468,Medium,2026-10-01T07:22:18Z,train,1
9776-OJUZI,pytorch_tabular_net,0.2866800129413605,Medium,2026-10-01T07:22:18Z,test,0
9777-IQHWP,pytorch_tabular_net,0.0360499992966651,Low,2026-10-01T07:22:18Z,train,0
9777-WJJPR,pytorch_tabular_net,0.3298099935054779,Medium,2026-10-01T07:22:18Z,train,0
9778-OGKQZ,pytorch_tabular_net,0.0243100002408027,Low,2026-10-01T07:22:18Z,test,0
9779-DPNEJ,pytorch_tabular_net,0.5441100001335144,High,2026-10-01T07:22:18Z,train,1
9780-FKVVF,pytorch_tabular_net,0.2530499994754791,Medium,2026-10-01T07:22:18Z,test,0
9782-LGXMC,pytorch_tabular_net,0.0507000014185905,Low,2026-10-01T07:22:18Z,train,0
9786-IJYDL,pytorch_tabular_net,0.064300000667572,Low,2026-10-01T07:22:18Z,train,0
9786-YWNHU,pytorch_tabular_net,0.0102000003680586,Low,2026-10-01T07:22:18Z,train,0
9787-XVQIU,pytorch_tabular_net,0.845550000667572,Critical,2026-10-01T07:22:18Z,train,1
9788-HNGUT,pytorch_tabular_net,0.0604100003838539,Low,2026-10-01T07:22:18Z,train,0
9788-YTFGE,pytorch_tabular_net,0.1298200041055679,Low,2026-10-01T07:22:18Z,train,0
9793-WECQC,pytorch_tabular_net,0.4166299998760223,High,2026-10-01T07:22:18Z,train,1
9795-NREXC,pytorch_tabular_net,0.0250300001353025,Low,2026-10-01T07:22:18Z,test,0
9795-SHUHB,pytorch_tabular_net,0.0282499995082616,Low,2026-10-01T07:22:18Z,train,0
9795-VOWON,pytorch_tabular_net,0.2772800028324127,Medium,2026-10-01T07:22:18Z,train,0
9796-BPKIW,pytorch_tabular_net,0.5644800066947937,High,2026-10-01T07:22:18Z,train,1
9796-MVYXX,pytorch_tabular_net,0.0364100001752376,Low,2026-10-01T07:22:18Z,train,0
9798-DRYDS,pytorch_tabular_net,0.1176100000739097,Low,2026-10-01T07:22:18Z,train,0
9798-OPFEM,pytorch_tabular_net,0.0108599998056888,Low,2026-10-01T07:22:18Z,test,0
9799-CAYJJ,pytorch_tabular_net,0.8413199782371521,Critical,2026-10-01T07:22:18Z,train,1
9800-ONTFE,pytorch_tabular_net,0.4071100056171417,High,2026-10-01T07:22:18Z,valid,1
9800-OUIGR,pytorch_tabular_net,0.0151500003412365,Low,2026-10-01T07:22:18Z,test,0
9801-GDWGV,pytorch_tabular_net,0.6323300004005432,Critical,2026-10-01T07:22:18Z,valid,1
9801-NOSHQ,pytorch_tabular_net,0.0197800006717443,Low,2026-10-01T07:22:18Z,train,0
9802-CAQUT,pytorch_tabular_net,0.0361699983477592,Low,2026-10-01T07:22:18Z,train,0
9803-FTJCG,pytorch_tabular_net,0.0707800015807151,Low,2026-10-01T07:22:18Z,train,0
9804-ICWBG,pytorch_tabular_net,0.7990700006484985,Critical,2026-10-01T07:22:18Z,train,1
9805-FILKB,pytorch_tabular_net,0.0226199999451637,Low,2026-10-01T07:22:18Z,test,0
9809-IMGCQ,pytorch_tabular_net,0.7389600276947021,Critical,2026-10-01T07:22:18Z,train,1
9812-GHVRI,pytorch_tabular_net,0.3111799955368042,Medium,2026-10-01T07:22:18Z,valid,0
9814-AOUDH,pytorch_tabular_net,0.0226300004869699,Low,2026-10-01T07:22:18Z,train,0
9817-APLHW,pytorch_tabular_net,0.1356499940156936,Low,2026-10-01T07:22:18Z,train,0
9818-XQCUV,pytorch_tabular_net,0.1920199990272522,Low,2026-10-01T07:22:18Z,train,0
9819-FBNSV,pytorch_tabular_net,0.3048799932003021,Medium,2026-10-01T07:22:18Z,valid,0
9820-RMCQV,pytorch_tabular_net,0.215829998254776,Medium,2026-10-01T07:22:18Z,train,0
9821-BESNZ,pytorch_tabular_net,0.3320800065994262,Medium,2026-10-01T07:22:18Z,train,0
9821-POOTN,pytorch_tabular_net,0.4897699952125549,High,2026-10-01T07:22:18Z,train,1
9822-BIIGN,pytorch_tabular_net,0.0872199982404708,Low,2026-10-01T07:22:18Z,train,0
9822-OAOVB,pytorch_tabular_net,0.7077199816703796,Critical,2026-10-01T07:22:18Z,valid,1
9822-WMWVG,pytorch_tabular_net,0.4358400106430053,High,2026-10-01T07:22:18Z,test,1
9823-EALYC,pytorch_tabular_net,0.0275400001555681,Low,2026-10-01T07:22:18Z,train,0
9824-BEMCV,pytorch_tabular_net,0.5541300177574158,High,2026-10-01T07:22:18Z,train,1
9824-QCJPK,pytorch_tabular_net,0.0159000009298324,Low,2026-10-01T07:22:18Z,train,0
9825-YCXWZ,pytorch_tabular_net,0.1703599989414215,Low,2026-10-01T07:22:18Z,train,0
9828-AOQLM,pytorch_tabular_net,0.678409993648529,Critical,2026-10-01T07:22:18Z,train,1
9828-QHFBK,pytorch_tabular_net,0.2125300019979477,Medium,2026-10-01T07:22:18Z,train,0
9830-ECLEN,pytorch_tabular_net,0.0394299998879432,Low,2026-10-01T07:22:18Z,train,0
9831-BPFRI,pytorch_tabular_net,0.1766699999570846,Low,2026-10-01T07:22:18Z,train,0
9833-TGFHX,pytorch_tabular_net,0.2601299881935119,Medium,2026-10-01T07:22:18Z,train,0
9835-ZIITK,pytorch_tabular_net,0.3787499964237213,Medium,2026-10-01T07:22:18Z,test,1
9837-BMCLM,pytorch_tabular_net,0.7808300256729126,Critical,2026-10-01T07:22:18Z,train,1
9837-FWLCH,pytorch_tabular_net,0.1153300032019615,Low,2026-10-01T07:22:18Z,valid,0
9838-BFCQT,pytorch_tabular_net,0.0122899999842047,Low,2026-10-01T07:22:18Z,train,0
9839-ETQOE,pytorch_tabular_net,0.1540199965238571,Low,2026-10-01T07:22:18Z,valid,0
9840-DVNDC,pytorch_tabular_net,0.6192200183868408,Critical,2026-10-01T07:22:18Z,train,1
9840-EFJQB,pytorch_tabular_net,0.7001100182533264,Critical,2026-10-01T07:22:18Z,train,1
9842-EFSYY,pytorch_tabular_net,0.4552400112152099,High,2026-10-01T07:22:18Z,train,1
9844-FELAJ,pytorch_tabular_net,0.193900004029274,Low,2026-10-01T07:22:18Z,train,0
9845-PEEKO,pytorch_tabular_net,0.0507600009441375,Low,2026-10-01T07:22:18Z,train,0
9845-QOMAD,pytorch_tabular_net,0.019710000604391,Low,2026-10-01T07:22:18Z,train,0
9846-GKXAS,pytorch_tabular_net,0.6791399717330933,Critical,2026-10-01T07:22:18Z,train,1
9847-HNVGP,pytorch_tabular_net,0.0240599997341632,Low,2026-10-01T07:22:18Z,test,0
9848-JQJTX,pytorch_tabular_net,0.0708699971437454,Low,2026-10-01T07:22:18Z,train,0
9850-OWRHQ,pytorch_tabular_net,0.794439971446991,Critical,2026-10-01T07:22:18Z,valid,1
9851-KIELU,pytorch_tabular_net,0.5259400010108948,High,2026-10-01T07:22:18Z,test,1
9851-QXEEQ,pytorch_tabular_net,0.6393899917602539,Critical,2026-10-01T07:22:18Z,train,1
9853-JFZDU,pytorch_tabular_net,0.0858799964189529,Low,2026-10-01T07:22:18Z,train,0
9860-LISIZ,pytorch_tabular_net,0.0370000004768371,Low,2026-10-01T07:22:18Z,test,0
9861-PDSZP,pytorch_tabular_net,0.0532299987971782,Low,2026-10-01T07:22:18Z,train,0
9862-KJTYK,pytorch_tabular_net,0.4280399978160858,High,2026-10-01T07:22:18Z,test,1
9863-JZAIC,pytorch_tabular_net,0.1354299932718277,Low,2026-10-01T07:22:18Z,train,0
9866-OCCKE,pytorch_tabular_net,0.0662799999117851,Low,2026-10-01T07:22:18Z,train,0
9866-QEVEE,pytorch_tabular_net,0.5005000233650208,High,2026-10-01T07:22:18Z,test,1
9867-JCZSP,pytorch_tabular_net,0.0167599990963935,Low,2026-10-01T07:22:18Z,test,0
9867-NNXLC,pytorch_tabular_net,0.0600700005888938,Low,2026-10-01T07:22:18Z,train,0
9867-XOBQA,pytorch_tabular_net,0.0116499997675418,Low,2026-10-01T07:22:18Z,valid,0
9871-ELEYA,pytorch_tabular_net,0.0212299991399049,Low,2026-10-01T07:22:18Z,test,0
9873-MNDKV,pytorch_tabular_net,0.3057799935340881,Medium,2026-10-01T07:22:18Z,test,0
9874-QLCLH,pytorch_tabular_net,0.6662999987602234,Critical,2026-10-01T07:22:18Z,train,1
9878-TNQGW,pytorch_tabular_net,0.7494800090789795,Critical,2026-10-01T07:22:18Z,test,1
9880-TDQAC,pytorch_tabular_net,0.0165800005197525,Low,2026-10-01T07:22:18Z,train,0
9881-VCZEP,pytorch_tabular_net,0.1503999978303909,Low,2026-10-01T07:22:18Z,valid,0
9885-AIBVB,pytorch_tabular_net,0.5588600039482117,High,2026-10-01T07:22:18Z,train,1
9885-CSMWE,pytorch_tabular_net,0.7718799710273743,Critical,2026-10-01T07:22:18Z,train,1
9885-MFVSU,pytorch_tabular_net,0.0265299994498491,Low,2026-10-01T07:22:18Z,train,0
9888-ZCUMM,pytorch_tabular_net,0.0187599994242191,Low,2026-10-01T07:22:18Z,valid,0
9889-TMAHG,pytorch_tabular_net,0.5908600091934204,High,2026-10-01T07:22:18Z,train,1
9891-NQDBD,pytorch_tabular_net,0.0151599999517202,Low,2026-10-01T07:22:18Z,train,0
9894-EZEWG,pytorch_tabular_net,0.7755399942398071,Critical,2026-10-01T07:22:18Z,test,1
9894-QMIMJ,pytorch_tabular_net,0.0433100014925003,Low,2026-10-01T07:22:18Z,train,0
9895-VFOXH,pytorch_tabular_net,0.5454599857330322,High,2026-10-01T07:22:18Z,test,1
9896-UYMIE,pytorch_tabular_net,0.2419999986886978,Medium,2026-10-01T07:22:18Z,test,0
9897-KXHCM,pytorch_tabular_net,0.785539984703064,Critical,2026-10-01T07:22:18Z,train,1
9898-KZQDZ,pytorch_tabular_net,0.4066900014877319,High,2026-10-01T07:22:18Z,train,1
9903-LYSAB,pytorch_tabular_net,0.6122699975967407,Critical,2026-10-01T07:22:18Z,train,1
9904-EHEVJ,pytorch_tabular_net,0.5561800003051758,High,2026-10-01T07:22:18Z,test,1
9906-NHHVC,pytorch_tabular_net,0.024830000475049,Low,2026-10-01T07:22:18Z,test,0
9907-SWKKF,pytorch_tabular_net,0.7415199875831604,Critical,2026-10-01T07:22:18Z,train,1
9909-DFRJA,pytorch_tabular_net,0.1283199936151504,Low,2026-10-01T07:22:18Z,train,0
9909-IDLEK,pytorch_tabular_net,0.3506700098514557,Medium,2026-10-01T07:22:18Z,train,1
9912-GVSEQ,pytorch_tabular_net,0.6134499907493591,Critical,2026-10-01T07:22:18Z,test,1
9912-OMZDS,pytorch_tabular_net,0.3350099921226501,Medium,2026-10-01T07:22:18Z,test,0
9916-AYHTC,pytorch_tabular_net,0.0227600000798702,Low,2026-10-01T07:22:18Z,train,0
9917-KWRBE,pytorch_tabular_net,0.0602700002491474,Low,2026-10-01T07:22:18Z,test,0
9919-FZDED,pytorch_tabular_net,0.0589700005948543,Low,2026-10-01T07:22:18Z,valid,0
9919-KNPOO,pytorch_tabular_net,0.7011500000953674,Critical,2026-10-01T07:22:18Z,valid,1
9919-YLNNG,pytorch_tabular_net,0.3102500140666961,Medium,2026-10-01T07:22:18Z,valid,0
9921-EZKBY,pytorch_tabular_net,0.3982599973678589,Medium,2026-10-01T07:22:18Z,valid,1
9921-QFQUL,pytorch_tabular_net,0.3979699909687042,Medium,2026-10-01T07:22:18Z,test,1
9921-ZVRHG,pytorch_tabular_net,0.6324499845504761,Critical,2026-10-01T07:22:18Z,valid,1
9924-JPRMC,pytorch_tabular_net,0.096170000731945,Low,2026-10-01T07:22:18Z,train,0
9926-PJHDQ,pytorch_tabular_net,0.0353100001811981,Low,2026-10-01T07:22:18Z,train,0
9927-DSWDF,pytorch_tabular_net,0.2777200043201446,Medium,2026-10-01T07:22:18Z,valid,0
9928-BZVLZ,pytorch_tabular_net,0.0117600001394748,Low,2026-10-01T07:22:18Z,train,0
9929-PLVPA,pytorch_tabular_net,0.1498699933290481,Low,2026-10-01T07:22:18Z,train,0
9931-DCEZH,pytorch_tabular_net,0.1195600032806396,Low,2026-10-01T07:22:18Z,valid,0
9931-KGHOA,pytorch_tabular_net,0.0634199976921081,Low,2026-10-01T07:22:18Z,train,0
9932-WBWIK,pytorch_tabular_net,0.0813099965453147,Low,2026-10-01T07:22:18Z,train,0
9933-QRGTX,pytorch_tabular_net,0.0399300009012222,Low,2026-10-01T07:22:18Z,train,0
9938-EKRGF,pytorch_tabular_net,0.1302700042724609,Low,2026-10-01T07:22:18Z,test,0
9938-PRCVK,pytorch_tabular_net,0.011490000411868,Low,2026-10-01T07:22:18Z,test,0
9938-TKDGL,pytorch_tabular_net,0.0784299969673156,Low,2026-10-01T07:22:18Z,train,0
9938-ZREHM,pytorch_tabular_net,0.0522000007331371,Low,2026-10-01T07:22:18Z,valid,0
9940-HPQPG,pytorch_tabular_net,0.3928999900817871,Medium,2026-10-01T07:22:18Z,test,1
9940-RHLFB,pytorch_tabular_net,0.7633600234985352,Critical,2026-10-01T07:22:18Z,train,1
9943-VSZUV,pytorch_tabular_net,0.2979199886322021,Medium,2026-10-01T07:22:18Z,train,0
9944-AEXBM,pytorch_tabular_net,0.3875100016593933,Medium,2026-10-01T07:22:18Z,train,1
9944-HKVVB,pytorch_tabular_net,0.8385000228881836,Critical,2026-10-01T07:22:18Z,valid,1
9945-PSVIP,pytorch_tabular_net,0.0109900003299117,Low,2026-10-01T07:22:18Z,train,0
9947-OTFQU,pytorch_tabular_net,0.5829200148582458,High,2026-10-01T07:22:18Z,test,1
9948-YPTDG,pytorch_tabular_net,0.3073500096797943,Medium,2026-10-01T07:22:18Z,train,0
9950-MTGYX,pytorch_tabular_net,0.0176400002092123,Low,2026-10-01T07:22:18Z,valid,0
9953-ZMKSM,pytorch_tabular_net,0.0123500004410743,Low,2026-10-01T07:22:18Z,train,0
9955-QOPOY,pytorch_tabular_net,0.1310299932956695,Low,2026-10-01T07:22:18Z,train,0
9957-YODKZ,pytorch_tabular_net,0.8073300123214722,Critical,2026-10-01T07:22:18Z,test,1
9958-MEKUC,pytorch_tabular_net,0.0353499986231327,Low,2026-10-01T07:22:18Z,train,0
9959-WOFKT,pytorch_tabular_net,0.0588200017809867,Low,2026-10-01T07:22:18Z,train,0
9961-JBNMK,pytorch_tabular_net,0.5549100041389465,High,2026-10-01T07:22:18Z,train,1
9962-BFPDU,pytorch_tabular_net,0.1945900022983551,Low,2026-10-01T07:22:18Z,train,0
9964-WBQDJ,pytorch_tabular_net,0.0146899996325373,Low,2026-10-01T07:22:18Z,train,0
9965-YOKZB,pytorch_tabular_net,0.7410699725151062,Critical,2026-10-01T07:22:18Z,valid,1
9967-ATRFS,pytorch_tabular_net,0.0548200011253356,Low,2026-10-01T07:22:18Z,test,0
9968-FFVVH,pytorch_tabular_net,0.0571199990808963,Low,2026-10-01T07:22:18Z,test,0
9970-QBCDA,pytorch_tabular_net,0.15973000228405,Low,2026-10-01T07:22:18Z,train,0
9971-ZWPBF,pytorch_tabular_net,0.4602600038051605,High,2026-10-01T07:22:18Z,valid,1
9972-EWRJS,pytorch_tabular_net,0.013770000077784,Low,2026-10-01T07:22:18Z,train,0
9972-NKTFD,pytorch_tabular_net,0.0751900002360344,Low,2026-10-01T07:22:18Z,train,0
9972-VAFJJ,pytorch_tabular_net,0.1787700057029724,Low,2026-10-01T07:22:18Z,valid,0
9974-JFBHQ,pytorch_tabular_net,0.226960003376007,Medium,2026-10-01T07:22:18Z,train,0
9975-GPKZU,pytorch_tabular_net,0.0137200001627206,Low,2026-10-01T07:22:18Z,test,0
9975-SKRNR,pytorch_tabular_net,0.2333099991083145,Medium,2026-10-01T07:22:18Z,valid,0
9978-HYCIN,pytorch_tabular_net,0.1088199988007545,Low,2026-10-01T07:22:18Z,test,0
9979-RGMZT,pytorch_tabular_net,0.506850004196167,High,2026-10-01T07:22:18Z,train,1
9985-MWVIX,pytorch_tabular_net,0.7899900078773499,Critical,2026-10-01T07:22:18Z,train,1
9986-BONCE,pytorch_tabular_net,0.1602199971675872,Low,2026-10-01T07:22:18Z,train,0
9987-LUTYD,pytorch_tabular_net,0.0493399985134601,Low,2026-10-01T07:22:18Z,train,0
9992-RRAMN,pytorch_tabular_net,0.6032500267028809,Critical,2026-10-01T07:22:18Z,test,1
9992-UJOEL,pytorch_tabular_net,0.5342900156974792,High,2026-10-01T07:22:18Z,train,1
9993-LHIEB,pytorch_tabular_net,0.016890000551939,Low,2026-10-01T07:22:18Z,valid,0
9995-HOTOH,pytorch_tabular_net,0.0214900001883506,Low,2026-10-01T07:22:18Z,valid,0
