customer_id,contract_key,payment_key,internet_key,tenure,tenure_band,phone_service,multiple_lines,paperless_billing,n_addons,n_services,monthly_charges,total_charges,charge_drift,churn
7590-VHVEG,1,3,1,1,0-6m,0,No phone service,1,1,2,29.85,29.85,0.0,0
5575-GNVDE,2,4,1,34,25-48m,1,No,0,2,4,56.95,1889.5,1.3764705882352999,0
3668-QPYBK,1,4,1,2,0-6m,1,No,1,2,4,53.85,108.15,-0.22500000000000142,1
7795-CFOCW,2,1,1,45,25-48m,0,No phone service,0,3,4,42.3,1840.75,1.3944444444444386,0
9237-HQITU,1,3,2,2,0-6m,1,No,1,0,2,70.7,151.65,-5.125,1
9305-CDSKC,1,3,2,8,7-12m,1,Yes,1,3,6,99.65,820.5,-2.9124999999999943,1
1452-KIOVK,1,2,2,22,13-24m,1,Yes,1,2,5,89.1,1949.4,0.49090909090908497,0
6713-OKOMC,1,4,1,10,7-12m,0,No phone service,0,1,2,29.75,301.9,-0.4399999999999977,0
7892-POOKP,1,3,2,28,25-48m,1,Yes,1,4,7,104.8,3046.05,-3.9875000000000114,1
6388-TABGU,2,1,1,62,61m+,1,No,0,2,4,56.15,3487.95,-0.10725806451613096,0
9763-GRSKD,1,4,1,13,13-24m,1,No,1,1,3,49.95,587.45,4.761538461538464,0
7469-LKBCI,3,2,3,16,13-24m,1,No,0,0,1,18.95,326.8,-1.4750000000000014,0
8091-TTVAX,2,2,2,58,49-60m,1,Yes,0,3,6,100.35,5681.1,2.3999999999999915,0
0280-XJGEX,1,1,2,49,49-60m,1,Yes,1,4,7,103.7,5036.3,0.9183673469387799,1
5129-JLPIS,1,3,2,25,25-48m,1,No,1,5,7,105.5,2686.05,-1.9420000000000073,0
3655-SNQYZ,3,2,2,69,61m+,1,Yes,0,6,9,113.25,7895.15,-1.1724637681159322,0
8191-XWSZG,2,4,3,52,49-60m,1,No,0,0,1,20.65,1022.95,0.9778846153846139,0
9959-WOFKT,3,1,2,71,61m+,1,Yes,0,4,7,106.7,7382.25,2.7246478873239397,0
4190-MFLUW,1,2,1,10,7-12m,1,No,0,2,4,55.2,528.35,2.365000000000002,1
4183-MYFRB,1,3,2,21,13-24m,1,No,1,3,5,90.05,1862.9,1.3404761904761813,0
8779-QRDMV,1,3,1,1,0-6m,0,No phone service,1,2,3,39.65,39.65,0.0,1
1680-VDCWW,2,1,3,12,7-12m,1,No,0,0,1,19.8,202.25,2.945833333333333,0
1066-JKSGK,1,4,3,1,0-6m,1,No,0,0,1,20.15,20.15,0.0,1
3638-WEABW,3,2,1,58,49-60m,1,Yes,1,2,5,59.9,3505.1,-0.5327586206896555,0
6322-HRPFA,1,2,1,49,49-60m,1,No,0,3,5,59.6,2970.3,-1.0183673469387813,0
6865-JZNKO,1,1,1,30,25-48m,1,No,1,2,4,55.3,1530.6,4.280000000000001,0
6467-CHFZW,1,3,2,47,25-48m,1,Yes,1,3,6,99.35,4749.15,-1.695744680851064,1
8665-UTDHZ,1,3,1,1,0-6m,0,No phone service,0,1,2,30.2,30.2,0.0,1
5248-YGIJN,3,2,1,72,61m+,1,Yes,1,6,9,90.25,6369.45,1.7854166666666629,0
8773-HHUOZ,1,4,1,17,13-24m,1,No,1,2,4,64.7,1093.1,0.4000000000000057,1
3841-NFECX,3,2,2,71,61m+,1,Yes,1,4,7,96.35,6766.95,1.0408450704225345,0
4929-XIHVW,1,2,2,2,0-6m,1,No,1,3,5,95.5,181.65,4.674999999999997,0
6827-IEAUQ,2,4,1,27,25-48m,1,No,0,4,6,66.15,1874.45,-3.274074074074065,0
7310-EGVHZ,1,1,3,1,0-6m,1,No,0,0,1,20.2,20.2,0.0,0
3413-BMNZE,1,1,1,1,0-6m,1,No,0,0,2,45.25,45.25,0.0,0
6234-RAAPL,3,1,2,72,61m+,1,Yes,0,4,7,99.9,7251.7,-0.8180555555555458,0
6047-YHPVI,1,3,2,5,0-6m,1,No,1,0,2,69.7,316.9,6.320000000000007,1
6572-ADKRS,1,2,2,46,25-48m,1,No,1,1,3,74.8,3548.3,-2.3369565217391397,0
5380-WJKOV,1,3,2,34,25-48m,1,Yes,1,4,7,106.35,3549.25,1.9602941176470523,1
8168-UQWWF,1,1,2,11,7-12m,1,Yes,1,3,6,97.85,1105.4,-2.640909090909105,1
8865-TNMNX,2,4,1,10,7-12m,1,No,0,1,3,49.55,475.7,1.9799999999999969,0
9489-DEDVP,3,2,1,70,61m+,1,Yes,1,3,6,69.2,4872.35,-0.40500000000000114,0
9867-JCZSP,2,4,3,17,13-24m,1,No,0,0,1,20.75,418.25,-3.852941176470587,0
4671-VJLCL,3,2,1,63,61m+,1,Yes,1,5,8,79.85,4861.45,2.6841269841269764,0
4080-IIARD,1,3,1,13,13-24m,1,Yes,1,4,7,76.2,981.45,0.7038461538461576,0
3714-NTNFO,1,3,2,49,49-60m,1,Yes,1,1,4,84.5,3906.7,4.771428571428572,0
5948-UJZLF,1,4,1,2,0-6m,1,No,0,1,3,49.25,97.0,0.75,0
7760-OYPDY,1,3,2,2,0-6m,1,No,1,1,3,80.65,144.15,8.575000000000003,1
7639-LIAYI,3,2,1,52,49-60m,1,Yes,1,4,7,79.75,4217.8,-1.3615384615384585,0
2954-PIBKO,3,2,1,69,61m+,1,Yes,1,3,6,64.15,4254.1,2.496376811594203,0
8012-SOUDQ,1,3,2,43,25-48m,1,Yes,1,2,5,90.25,3838.75,0.9767441860465169,0
9420-LOJKX,1,2,2,15,13-24m,1,No,1,4,6,99.1,1426.4,4.006666666666661,1
6575-SUVOI,1,2,1,25,25-48m,1,Yes,1,3,6,69.5,1752.65,-0.6060000000000088,0
7495-OOKFY,1,2,2,8,7-12m,1,Yes,1,1,4,80.65,633.3,1.4875000000000114,1
4667-QONEA,2,2,1,60,49-60m,1,No,1,5,7,74.85,4456.35,0.5774999999999864,0
1658-BYGOY,1,3,2,18,13-24m,1,Yes,1,2,5,95.45,1752.55,-1.9138888888888772,1
8769-KKTPH,2,2,2,63,61m+,1,Yes,1,3,6,99.65,6311.2,-0.5277777777777715,0
5067-XJQFU,2,3,2,66,61m+,1,Yes,1,5,8,108.45,7076.35,1.2325757575757592,0
3957-SQXML,3,2,3,34,25-48m,1,Yes,0,0,2,24.95,894.3,-1.352941176470587,0
5954-BDFSG,3,2,2,72,61m+,1,Yes,1,4,7,107.5,7853.7,-1.5791666666666657,0
0434-CSFON,1,3,2,47,25-48m,1,Yes,1,3,6,100.5,4707.1,0.3489361702127525,0
1215-FIGMP,1,1,2,60,49-60m,1,Yes,1,2,5,89.9,5450.7,-0.9449999999999932,0
0526-SXDJP,3,1,1,72,61m+,0,No phone service,0,3,4,42.1,2962.0,0.9611111111111157,0
0557-ASKVU,2,2,1,18,13-24m,1,No,1,2,4,54.4,957.1,1.2277777777777743,0
5698-BQJOH,1,3,2,9,7-12m,1,Yes,0,2,5,94.4,857.25,-0.8499999999999943,1
5122-CYFXA,1,3,1,3,0-6m,1,No,1,4,6,75.3,244.1,-6.066666666666663,0
8627-ZYGSZ,2,3,2,47,25-48m,1,Yes,1,1,4,78.9,3650.35,1.2329787234042584,0
3410-YOQBQ,3,4,1,31,25-48m,1,No,0,5,7,79.2,2497.2,-1.3548387096774093,0
3170-NMYVV,3,1,3,50,49-60m,1,No,0,0,1,20.15,930.9,1.532,0
7410-OIEDU,1,4,2,10,7-12m,1,No,1,2,4,79.85,887.35,-8.885000000000005,0
2273-QCKXA,1,4,1,1,0-6m,1,No,0,1,3,49.05,49.05,0.0,0
0731-EBJQB,2,3,3,52,49-60m,1,No,1,0,1,20.4,1090.65,-0.5740384615384642,0
1891-QRQSA,3,1,2,64,61m+,1,Yes,1,5,8,111.6,7099.0,0.6781249999999943,0
8028-PNXHQ,3,1,3,62,61m+,1,Yes,1,0,2,24.25,1424.6,1.272580645161291,0
5630-AHZIL,1,1,1,3,0-6m,1,No,1,3,5,64.5,177.4,5.366666666666667,0
2673-CXQEU,2,3,2,56,49-60m,1,Yes,0,5,8,110.5,6139.5,0.8660714285714306,0
6416-JNVRK,2,2,1,46,25-48m,1,No,0,1,3,55.65,2688.85,-2.8032608695652144,0
5590-ZSKRV,1,4,1,8,7-12m,1,No,0,2,4,54.65,482.25,-5.631250000000001,0
0191-ZHSKZ,1,3,1,30,25-48m,1,No,1,4,6,74.75,2111.3,4.373333333333321,0
3887-PBQAO,2,2,3,45,25-48m,1,Yes,1,0,2,25.9,1216.6,-1.1355555555555554,0
5919-TMRGD,1,3,2,1,0-6m,1,No,1,1,3,79.35,79.35,0.0,1
8108-UXRQN,1,3,1,11,7-12m,0,No phone service,0,3,4,50.55,565.35,-0.845454545454551,0
9191-MYQKX,1,1,2,7,7-12m,1,No,1,1,3,75.15,496.9,4.164285714285725,1
9919-YLNNG,1,1,2,42,25-48m,1,No,1,5,7,103.8,4327.5,0.7642857142857054,0
0318-ZOPWS,3,1,3,49,49-60m,1,No,1,0,1,20.15,973.35,0.2857142857142847,0
4445-ZJNMU,1,2,2,9,7-12m,1,Yes,1,3,6,99.3,918.75,-2.7833333333333314,0
4808-YNLEU,2,1,1,35,25-48m,1,No,1,2,4,62.15,2215.45,-1.1485714285714224,0
1862-QRWPE,3,1,3,48,25-48m,1,No,0,0,1,20.65,1057.0,-1.3708333333333336,0
2796-NNUFI,3,4,3,46,25-48m,1,No,1,0,1,19.95,927.1,-0.20434782608695912,0
3016-KSVCP,1,4,1,29,25-48m,0,No phone service,0,1,2,33.75,1009.25,-1.051724137931032,0
4767-HZZHQ,1,1,2,30,25-48m,1,No,0,2,4,82.05,2570.2,-3.623333333333335,0
2424-WVHPL,1,3,2,1,0-6m,1,No,0,1,3,74.7,74.7,0.0,0
7233-PAHHL,3,4,1,66,61m+,1,Yes,1,5,8,84.0,5714.25,-2.5795454545454533,0
6067-NGCEU,1,2,2,65,61m+,1,Yes,1,5,8,111.05,7107.0,1.7115384615384528,0
9848-JQJTX,3,1,2,72,61m+,1,Yes,1,4,7,100.9,7459.05,-2.697916666666657,0
8637-XJIVR,1,3,2,12,7-12m,1,Yes,1,1,4,78.95,927.35,1.6708333333333343,1
9803-FTJCG,2,2,1,71,61m+,1,Yes,1,3,6,66.85,4748.7,-0.0330985915493045,0
0278-YXOOG,1,4,3,5,0-6m,1,No,0,0,1,21.05,113.85,-1.7199999999999989,1
3212-KXOCR,3,1,3,52,49-60m,1,No,0,0,1,21.0,1107.2,-0.2923076923076948,0
4598-XLKNJ,1,3,2,25,25-48m,1,No,1,4,6,98.5,2514.5,-2.0799999999999983,1
6380-ARCEH,1,4,3,1,0-6m,1,No,0,0,1,20.2,20.2,0.0,0
3679-XASPY,1,3,3,1,0-6m,1,No,0,0,1,19.45,19.45,0.0,0
7123-WQUHX,2,1,2,38,25-48m,1,Yes,0,3,6,95.0,3605.6,0.11578947368421666,0
5386-THSLQ,2,1,1,66,61m+,0,No phone service,0,3,4,45.55,3027.25,-0.31742424242424505,0
3192-NQECA,3,1,2,68,61m+,1,Yes,1,5,8,110.0,7611.85,-1.9389705882352928,1
6180-YBIQI,1,4,1,5,0-6m,0,No phone service,0,0,1,24.3,100.2,4.260000000000002,0
6728-DKUCO,2,3,2,72,61m+,1,Yes,1,4,7,104.15,7303.05,2.71875,0
9750-BOOHV,2,4,1,32,25-48m,0,No phone service,0,1,2,30.15,927.65,1.1609374999999993,0
8597-CWYHH,2,4,2,43,25-48m,1,Yes,0,2,5,94.35,3921.3,3.1569767441860392,0
2848-YXSMW,3,2,3,72,61m+,1,No,0,0,1,19.4,1363.25,0.46597222222222,0
0486-HECZI,1,3,2,55,49-60m,1,Yes,1,3,6,96.75,5238.9,1.4972727272727298,1
4549-ZDQYY,2,2,1,52,49-60m,1,No,0,3,5,57.95,3042.25,-0.5548076923076906,0
5712-AHQNN,1,3,2,43,25-48m,1,No,1,3,5,91.65,3954.1,-0.30581395348836793,0
4846-WHAFZ,1,3,2,37,25-48m,1,Yes,1,0,3,76.5,2868.15,-1.0175675675675677,1
5256-SKJGO,3,3,1,64,61m+,0,No phone service,1,4,5,54.6,3423.5,1.1078125000000014,0
3071-VBYPO,1,3,2,3,0-6m,1,No,0,3,5,89.85,248.4,7.049999999999997,0
9560-BBZXK,3,1,1,36,25-48m,0,No phone service,0,1,2,31.05,1126.35,-0.23749999999999716,0
5299-RULOA,1,3,2,10,7-12m,1,Yes,1,3,6,100.25,1064.65,-6.215000000000003,1
8402-OOOHJ,3,4,3,41,25-48m,1,No,0,0,1,20.65,835.15,0.2804878048780495,0
9445-ZUEQE,1,2,2,27,25-48m,1,Yes,1,2,5,85.2,2151.6,5.51111111111112,0
1091-SOZGA,2,2,2,56,49-60m,1,Yes,1,3,6,99.8,5515.45,1.309821428571425,0
2928-HLDBA,1,4,3,6,0-6m,1,No,0,0,1,20.7,112.75,1.9083333333333314,0
0404-SWRVG,1,3,2,3,0-6m,1,Yes,1,0,3,74.4,229.55,-2.11666666666666,1
6497-TILVL,1,4,1,7,7-12m,1,No,0,1,3,50.7,350.35,0.6499999999999986,0
7219-TLZHO,1,4,3,4,0-6m,1,No,0,0,1,20.85,62.9,5.125000000000002,0
4622-YNKIJ,3,3,2,33,25-48m,1,No,1,3,5,88.95,3027.65,-2.796969696969697,0
4412-YLTKF,1,3,2,27,25-48m,1,Yes,1,1,4,78.05,2135.5,-1.042592592592598,1
6734-PSBAW,3,1,3,72,61m+,1,Yes,1,0,2,23.55,1723.95,-0.3937500000000007,0
3930-ZGWVE,1,4,3,1,0-6m,1,No,0,0,1,19.75,19.75,0.0,0
2639-UGMAZ,2,3,1,71,61m+,0,No phone service,1,4,5,56.45,3985.35,0.3183098591549367,0
2876-GZYZC,1,3,2,13,13-24m,1,Yes,1,1,4,85.95,1215.65,-7.561538461538461,0
6207-WIOLX,1,2,1,25,25-48m,0,No phone service,1,5,6,58.6,1502.65,-1.5060000000000002,1
8587-XYZSF,3,1,1,67,61m+,1,No,0,1,3,50.55,3260.1,1.8917910447761201,0
3091-FYHKI,1,3,1,1,0-6m,0,No phone service,1,1,2,35.45,35.45,0.0,1
2372-HWUHI,1,3,1,2,0-6m,1,No,0,0,2,44.35,81.25,3.7250000000000014,1
7799-LGRDP,3,2,3,43,25-48m,1,Yes,1,0,2,25.7,1188.2,-1.932558139534887,0
7850-VWJUU,1,1,2,23,13-24m,1,No,1,1,3,75.0,1778.5,-2.326086956521735,0
3774-VBNXY,3,4,3,64,61m+,1,No,0,0,1,20.2,1277.75,0.2351562499999993,0
6217-KDYWC,3,4,3,57,49-60m,1,No,1,0,1,19.6,1170.55,-0.9359649122806992,0
0390-DCFDQ,1,4,2,1,0-6m,1,No,1,0,2,70.45,70.45,0.0,1
3146-MSEGF,3,2,1,72,61m+,1,Yes,1,6,9,88.05,6425.65,-1.1951388888888914,0
4080-OGPJL,1,3,1,8,7-12m,1,Yes,0,3,6,71.15,563.65,0.6937500000000085,1
1095-WGNGG,3,1,2,61,61m+,1,Yes,1,3,6,101.05,5971.25,3.1606557377049143,0
2636-SJDOU,2,2,2,64,61m+,1,Yes,1,2,5,84.3,5289.05,1.6585937499999943,0
1131-QQZEB,3,1,3,71,61m+,1,Yes,0,0,2,23.95,1756.2,-0.7852112676056358,0
5716-EZXZN,3,2,2,65,61m+,1,Yes,1,4,7,99.05,6416.7,0.33153846153845734,0
6837-BJYDQ,2,4,3,3,0-6m,1,No,0,0,1,19.6,61.35,-0.8499999999999979,0
2135-RXIHG,1,3,1,1,0-6m,1,No,1,0,2,45.65,45.65,0.0,1
6440-DKQGE,2,2,1,30,25-48m,1,No,0,3,5,64.5,1929.95,0.16833333333333655,0
3466-BYAVD,1,4,1,15,13-24m,1,No,1,4,6,69.5,1071.4,-1.9266666666666765,0
3780-YVMFA,1,3,1,8,7-12m,1,No,1,3,5,68.55,564.35,-1.9937500000000057,0
3874-EQOEP,1,4,2,7,7-12m,1,Yes,0,2,5,95.0,655.5,1.3571428571428612,1
1679-JRFBR,2,2,2,70,61m+,1,Yes,1,5,8,108.15,7930.55,-5.14357142857142,0
9073-ZZIAY,3,3,1,62,61m+,1,No,0,6,8,86.1,5215.25,1.9830645161290334,0
3077-RSNTJ,1,4,3,6,0-6m,1,No,0,0,1,19.7,113.5,0.7833333333333314,0
6551-GNYDG,1,1,2,14,13-24m,1,No,1,1,3,80.9,1152.8,-1.442857142857136,0
9167-APMXZ,1,1,2,22,13-24m,1,Yes,1,1,4,84.15,1821.95,1.3340909090909179,0
2749-CTKAJ,2,4,3,22,13-24m,1,No,0,0,1,20.15,419.9,1.0636363636363626,0
6371-NZYEG,3,4,1,16,13-24m,1,No,0,3,5,64.25,1024.0,0.25,0
7554-NEWDD,3,1,3,10,7-12m,1,Yes,0,0,2,25.7,251.6,0.5399999999999991,0
8992-VONJD,1,3,1,13,13-24m,1,No,1,2,4,56.0,764.55,-2.8115384615384613,0
0867-MKZVY,1,3,2,20,13-24m,1,Yes,0,1,4,82.4,1592.35,2.782500000000013,1
4482-EWFMI,1,3,2,2,0-6m,1,No,1,0,2,69.7,135.2,2.1000000000000085,0
4648-YPBTM,3,1,1,53,49-60m,1,Yes,1,4,7,73.9,3958.25,-0.7839622641509436,0
2907-ILJBN,2,4,3,11,7-12m,1,No,0,0,1,20.6,233.9,-0.663636363636364,0
6345-FZOQH,3,4,3,69,61m+,1,No,0,0,1,19.9,1363.45,0.13985507246376727,0
3376-BMGFE,1,1,2,4,0-6m,1,No,1,0,2,70.9,273.0,2.6500000000000057,1
5997-OPVFA,3,1,1,72,61m+,1,Yes,1,6,9,89.05,6254.45,2.1826388888888886,0
3445-HXXGF,1,3,1,58,49-60m,0,No phone service,1,3,4,45.3,2651.2,-0.4103448275862078,1
1159-WFSGR,1,3,3,16,13-24m,1,No,0,0,1,20.4,321.4,0.3125,0
7654-YWJUF,2,1,2,43,25-48m,1,No,1,3,5,84.25,3539.25,1.941860465116278,0
1875-QIVME,1,3,2,2,0-6m,1,Yes,1,4,7,104.4,242.8,-17.0,1
6727-IOTLZ,3,4,1,14,13-24m,1,No,0,5,7,81.95,1181.75,-2.460714285714289,0
0691-JVSYA,2,1,2,53,49-60m,1,No,1,3,5,94.85,5000.2,0.5066037735848994,1
5918-VUKWP,2,1,3,32,25-48m,1,No,0,0,1,20.55,654.55,0.09531250000000213,0
1744-JHKYS,1,3,3,34,25-48m,1,Yes,0,0,2,24.7,780.2,1.7529411764705856,0
2656-FMOKZ,1,4,2,15,13-24m,1,Yes,1,0,3,74.45,1145.7,-1.9300000000000068,1
2070-FNEXE,1,1,2,7,7-12m,1,No,0,1,3,76.45,503.6,4.507142857142853,1
5947-SGKCL,1,1,2,15,13-24m,1,Yes,1,4,7,105.35,1559.25,1.3999999999999915,0
3712-PKXZA,2,2,3,61,61m+,1,No,1,0,1,20.55,1252.0,0.0254098360655739,0
6317-YPKDH,1,1,1,1,0-6m,0,No phone service,0,1,2,29.95,29.95,0.0,1
6582-OIVSP,1,4,1,1,0-6m,1,No,0,0,2,45.3,45.3,0.0,0
9367-WXLCH,1,1,2,8,7-12m,1,Yes,0,1,4,84.5,662.65,1.6687500000000028,1
5524-KHNJP,2,2,1,33,25-48m,1,No,0,4,6,74.75,2453.3,0.40757575757575637,0
1918-ZBFQJ,1,3,2,13,13-24m,1,No,1,2,4,79.25,1111.65,-6.261538461538464,1
1024-GUALD,1,3,1,1,0-6m,0,No phone service,1,0,1,24.8,24.8,0.0,1
4827-USJHP,1,4,1,20,13-24m,1,No,1,1,3,51.8,1023.85,0.6074999999999946,0
8167-GJLRN,1,3,1,3,0-6m,0,No phone service,0,1,2,30.4,82.15,3.016666666666662,0
0956-SYCWG,2,3,3,13,13-24m,1,No,0,0,1,19.65,244.8,0.8192307692307672,0
8017-UVSZU,1,2,1,40,25-48m,1,Yes,0,1,4,56.6,2379.1,-2.8774999999999977,0
7100-FQPRV,2,2,1,43,25-48m,1,Yes,1,3,6,71.9,3173.35,-1.8988372093023145,0
2472-OVKUP,1,3,2,6,0-6m,1,No,1,3,5,91.0,531.0,2.5,1
2984-RGEYA,3,1,3,69,61m+,1,No,0,0,1,19.75,1375.4,-0.18333333333333357,0
9680-NIAUV,3,2,2,72,61m+,1,Yes,0,5,8,109.7,8129.3,-3.2069444444444457,0
2146-EGVDT,3,2,3,59,49-60m,1,No,0,0,1,19.3,1192.7,-0.9152542372881349,0
2604-IJPDU,1,3,2,20,13-24m,1,No,1,4,6,96.55,1901.65,1.467499999999987,0
9178-JHUVJ,3,1,3,24,13-24m,1,Yes,1,0,2,24.1,587.4,-0.37499999999999645,0
6168-YBYNP,1,3,2,59,49-60m,1,Yes,1,5,8,111.35,6519.75,0.8457627118643956,0
7255-SSFBC,3,1,2,72,61m+,1,Yes,1,5,8,112.25,8041.65,0.5604166666666686,0
3645-DEYGF,1,4,3,1,0-6m,1,No,0,0,1,20.75,20.75,0.0,0
9323-HGFWY,2,2,2,27,25-48m,1,No,1,4,6,101.9,2681.15,2.598148148148155,0
8544-GOQSH,1,2,2,14,13-24m,1,No,1,2,4,80.05,1112.3,0.5999999999999943,0
3363-DTIVD,3,3,2,71,61m+,1,Yes,0,4,7,105.55,7405.5,1.2471830985915489,0
7018-WBJNK,1,2,2,13,13-24m,1,No,1,1,3,78.3,1033.95,-1.2346153846153953,0
9142-KZXOP,1,2,2,44,25-48m,1,No,0,0,2,68.85,2958.95,1.601136363636357,0
7674-YTAFD,2,1,2,33,25-48m,1,No,1,2,4,79.95,2684.85,-1.4090909090909065,0
6348-SNFUS,3,2,1,72,61m+,0,No phone service,1,5,6,55.45,4179.2,-2.5944444444444414,0
1285-OKIPP,1,3,2,1,0-6m,1,No,0,1,3,79.9,79.9,0.0,1
7825-ECJRF,1,3,2,19,13-24m,1,No,1,5,7,106.6,1934.45,4.786842105263148,1
1347-KTTTA,2,2,2,64,61m+,1,No,1,5,7,102.45,6654.1,-1.5203125000000028,0
7841-TZDMQ,1,2,1,2,0-6m,1,No,1,0,2,46.0,84.5,3.75,1
4195-NZGTA,1,3,1,1,0-6m,0,No phone service,0,0,1,25.25,25.25,0.0,0
7157-SMCFK,3,4,3,61,61m+,1,No,0,0,1,19.75,1124.2,1.3204918032786885,0
4709-LKHYG,2,3,3,29,25-48m,1,No,0,0,1,20.0,540.05,1.3775862068965523,0
2504-DSHIH,1,3,2,23,13-24m,1,Yes,0,1,4,86.8,1975.85,0.8934782608695713,0
0699-NDKJM,1,1,1,57,49-60m,0,No phone service,1,5,6,58.75,3437.45,-1.5561403508771932,0
9286-BHDQG,3,2,1,72,61m+,0,No phone service,0,4,5,45.25,3139.8,1.6416666666666657,0
0230-WEQUW,3,1,1,66,61m+,0,No phone service,1,5,6,56.6,3789.2,-0.8121212121212054,0
2040-LDIWQ,3,1,1,65,61m+,1,Yes,1,5,8,84.2,5324.5,2.2846153846153925,0
6496-JDSSB,1,1,2,8,7-12m,1,No,1,1,3,80.0,624.6,1.9249999999999972,0
9408-SSNVZ,1,3,2,4,0-6m,1,No,1,0,2,70.15,268.35,3.0625,1
4443-EMBNA,3,1,3,71,61m+,1,Yes,0,0,2,24.75,1836.9,-1.1218309859154942,0
6469-MRVET,2,3,3,1,0-6m,1,No,1,0,1,20.2,20.2,0.0,0
0742-MOABM,1,4,1,4,0-6m,1,No,0,1,3,50.05,179.35,5.212499999999999,1
5961-VUSRV,2,1,3,12,7-12m,1,No,1,0,1,19.35,219.35,1.0708333333333364,0
6778-JFCMK,2,4,1,24,13-24m,0,No phone service,1,3,4,50.6,1288.75,-3.097916666666663,0
6341-JVQGF,2,4,1,31,25-48m,1,No,1,5,7,81.15,2545.75,-0.9709677419354819,0
2232-DMLXU,1,4,1,1,0-6m,1,No,0,1,3,55.2,55.2,0.0,1
4811-JBUVU,1,2,2,30,25-48m,1,Yes,1,2,5,89.9,2723.15,-0.8716666666666697,0
0945-TSONX,3,2,1,47,25-48m,1,Yes,1,5,8,85.3,4107.25,-2.0882978723404335,0
2651-ZCBXV,3,2,2,54,49-60m,1,Yes,1,5,8,108.0,5760.65,1.3212962962962962,0
3316-UWXUY,1,2,2,50,49-60m,1,No,1,4,6,93.5,4747.5,-1.4500000000000028,0
8937-RDTHP,1,4,2,1,0-6m,1,No,1,2,4,84.6,84.6,0.0,1
7083-MIOPC,3,2,3,72,61m+,1,No,0,0,1,20.25,1566.9,-1.5125000000000028,0
1984-GPTEH,1,3,3,29,25-48m,1,Yes,0,0,2,25.15,702.0,0.9431034482758598,0
1251-KRREG,1,4,1,2,0-6m,1,Yes,1,1,4,54.4,114.1,-2.6499999999999986,1
0621-JFHOL,3,4,1,10,7-12m,0,No phone service,1,1,2,29.6,299.05,-0.3049999999999997,0
9903-LYSAB,1,3,2,18,13-24m,1,Yes,1,0,3,73.15,1305.95,0.5972222222222285,0
0094-OIFMO,1,3,2,11,7-12m,1,No,1,3,5,95.0,1120.3,-6.845454545454544,1
9227-UAQFT,3,4,3,16,13-24m,1,No,0,0,1,19.75,284.35,1.9781249999999986,0
7301-ABVAD,3,1,1,72,61m+,1,Yes,0,5,8,86.6,6350.5,-1.6013888888888914,0
6614-FHDBO,3,1,2,72,61m+,1,Yes,0,5,8,109.2,7878.3,-0.22083333333333144,0
7576-ASEJU,2,2,1,41,25-48m,1,No,1,4,6,74.7,3187.65,-3.0475609756097555,0
9058-HRZSV,1,3,2,65,61m+,1,No,0,4,6,94.4,6126.15,0.15153846153847894,0
4522-AKYLR,1,3,1,13,13-24m,1,No,1,2,4,54.8,731.3,-1.4538461538461505,0
0221-WMXNQ,1,3,2,4,0-6m,1,No,0,1,3,75.35,273.4,7.0,0
0303-UNCIP,2,4,1,41,25-48m,1,Yes,0,2,5,65.0,2531.8,3.248780487804872,0
9947-OTFQU,1,3,2,15,13-24m,1,No,1,1,3,74.4,1074.3,2.7800000000000153,1
0322-YINQP,1,4,1,1,0-6m,1,No,1,1,3,48.55,48.55,0.0,1
0959-WHOKV,2,3,2,42,25-48m,1,Yes,1,4,7,99.0,4298.45,-3.3440476190476147,0
4075-JFPGR,2,3,2,51,49-60m,1,No,1,4,6,93.5,4619.55,2.920588235294119,0
4629-NRXKX,1,3,2,2,0-6m,1,No,0,0,2,70.4,147.15,-3.174999999999997,1
9514-JDSKI,1,3,1,1,0-6m,0,No phone service,0,2,3,40.2,40.2,0.0,1
3282-ZISZV,2,2,1,32,25-48m,1,Yes,0,5,8,83.7,2633.3,1.4093749999999972,0
3675-YDUPJ,1,4,3,10,7-12m,1,No,1,0,1,19.85,193.05,0.5450000000000017,0
4111-BNXIF,3,3,1,67,61m+,0,No phone service,1,5,6,59.55,4103.9,-1.702238805970147,0
7017-VFHAY,3,2,2,61,61m+,1,Yes,0,6,9,115.1,7008.15,0.2122950819672127,0
6655-LHBYW,2,2,2,50,49-60m,1,Yes,0,6,9,114.35,5791.1,-1.4720000000000084,0
4959-JOSRX,1,2,1,2,0-6m,1,No,1,0,2,44.6,80.55,4.325000000000003,1
5046-NUHWD,1,3,1,29,25-48m,0,No phone service,1,3,4,45.0,1228.65,2.63275862068965,0
7273-TEFQD,1,3,1,3,0-6m,0,No phone service,1,2,3,41.15,132.2,-2.9166666666666643,1
3606-TWKGI,1,3,2,13,13-24m,1,Yes,1,4,7,106.9,1364.3,1.9538461538461576,1
7529-ZDFXI,1,3,2,57,49-60m,1,Yes,1,2,5,89.85,4925.35,3.4403508771929694,0
7605-BDWDC,3,1,1,31,25-48m,0,No phone service,1,4,5,49.85,1520.1,0.8145161290322633,0
1950-KSVVJ,2,4,2,45,25-48m,1,Yes,0,6,9,113.3,5032.25,1.4722222222222143,0
0123-CRBRT,3,4,1,61,61m+,1,Yes,0,6,9,88.1,5526.75,-2.502459016393445,0
6292-TOSSS,3,1,3,50,49-60m,1,Yes,0,0,2,24.9,1195.25,0.9949999999999974,0
3197-ARFOY,1,4,2,19,13-24m,1,No,1,5,7,105.0,2007.25,-0.6447368421052602,0
6323-AYBRX,3,4,3,59,49-60m,1,No,0,0,1,19.35,1099.6,0.7127118644067814,1
7014-ZZXAW,3,2,3,71,61m+,1,Yes,1,0,2,24.25,1732.95,-0.15774647887323923,0
4385-GZQXV,1,3,2,16,13-24m,1,No,1,3,5,94.45,1511.2,0.0,1
7633-MVPUY,3,3,1,57,49-60m,1,No,1,3,5,59.75,3450.15,-0.7789473684210577,0
6366-ZGQGL,1,1,1,1,0-6m,0,No phone service,0,0,1,24.8,24.8,0.0,1
4716-HHKQH,1,3,2,20,13-24m,1,Yes,0,4,7,107.05,2172.05,-1.552500000000009,0
5940-AHUHD,1,4,2,1,0-6m,1,No,0,0,2,70.6,70.6,0.0,1
6432-TWQLB,1,3,2,5,0-6m,1,Yes,1,2,5,85.4,401.1,5.180000000000007,1
4484-GLZOU,1,3,2,52,49-60m,1,Yes,1,4,7,105.05,5624.85,-3.120192307692321,1
3179-GBRWV,1,1,1,21,13-24m,1,No,1,3,5,64.95,1339.8,1.1500000000000057,0
8645-KWHJO,1,3,1,14,13-24m,0,No phone service,1,4,5,55.0,771.95,-0.13928571428571956,0
4130-MZLCC,1,1,1,5,0-6m,1,No,0,1,3,50.55,244.75,1.5999999999999943,0
0314-TKOSI,1,4,1,6,0-6m,1,No,0,2,4,55.15,322.9,1.3333333333333357,0
8229-MYEJZ,1,3,1,10,7-12m,1,No,0,1,3,51.2,498.25,1.375,0
2080-SRCDE,1,4,3,1,0-6m,1,Yes,0,0,2,25.4,25.4,0.0,0
9577-WJVCQ,1,4,1,68,61m+,1,Yes,0,1,4,54.45,3687.75,0.2183823529411768,0
9512-UIBFX,1,4,2,18,13-24m,1,No,0,3,5,95.15,1779.95,-3.7361111111111143,1
6202-DYYFX,2,2,2,22,13-24m,1,Yes,1,0,3,76.0,1783.6,-5.072727272727263,0
3808-HFKDE,1,3,1,20,13-24m,1,No,1,0,2,44.35,927.15,-2.0075000000000003,0
5583-SXDAG,1,3,2,1,0-6m,1,No,0,0,2,70.0,70.0,0.0,1
3488-PGMQJ,1,3,2,8,7-12m,1,No,1,1,3,74.5,606.55,-1.3187499999999943,1
3580-REOAC,1,2,1,10,7-12m,1,No,1,0,2,44.85,435.4,1.3100000000000023,1
7534-BFESC,1,3,2,24,13-24m,1,Yes,1,0,3,76.1,1712.7,4.737499999999997,1
3727-OWVYD,2,4,1,35,25-48m,1,No,0,3,5,61.2,2021.2,3.451428571428572,0
2294-SALNE,2,4,2,23,13-24m,1,No,0,3,5,86.8,1940.8,2.417391304347831,0
4847-TAJYI,1,3,2,6,0-6m,1,No,1,2,4,89.35,567.8,-5.283333333333331,0
1563-IWQEX,1,4,3,12,7-12m,1,No,0,0,1,19.7,220.35,1.3374999999999986,0
8203-XJZRC,1,4,3,1,0-6m,1,No,0,0,1,20.25,20.25,0.0,0
6556-DBKZF,3,3,2,71,61m+,1,No,0,1,3,76.05,5436.45,-0.519718309859158,0
6851-WEFYX,1,3,2,35,25-48m,1,Yes,1,3,6,100.8,3437.5,2.585714285714289,0
2985-JUUBZ,1,3,1,40,25-48m,1,Yes,1,3,6,74.55,3015.75,-0.84375,0
6390-DSAZX,1,4,2,1,0-6m,1,No,1,1,3,73.6,73.6,0.0,1
0895-LMRSF,2,1,1,23,13-24m,1,No,1,2,4,64.9,1509.8,-0.7434782608695514,0
8098-LLAZX,1,3,2,4,0-6m,1,Yes,1,2,5,95.45,396.1,-3.575000000000003,1
8266-VBFQL,1,3,2,4,0-6m,1,No,1,3,5,90.4,356.65,1.2375000000000114,0
8181-YHCMF,3,2,1,68,61m+,0,No phone service,0,5,6,60.3,4109.0,-0.12647058823529989,0
2240-HSJQD,1,4,2,38,25-48m,1,Yes,1,1,4,81.85,3141.7,-0.8263157894736821,0
1248-DYXUB,3,4,3,52,49-60m,1,Yes,0,0,2,24.8,1229.1,1.16346153846154,0
0265-EDXBD,1,3,2,32,25-48m,1,Yes,1,0,3,74.9,2303.35,2.9203125000000085,1
4115-BNPJY,3,4,1,29,25-48m,1,No,0,4,6,75.55,2054.4,4.708620689655163,0
3167-SNQPL,1,3,2,38,25-48m,1,Yes,0,3,6,101.15,3741.85,2.6802631578947427,0
4091-TVOCN,2,2,1,48,25-48m,1,Yes,1,4,7,78.75,3682.45,2.0322916666666657,0
1098-TDVUQ,1,1,3,1,0-6m,1,No,1,0,1,19.25,19.25,0.0,0
7277-OZCGZ,1,3,2,22,13-24m,1,No,1,3,5,89.05,1886.25,3.3113636363636374,0
1557-EMYVT,3,2,2,43,25-48m,1,Yes,0,6,9,115.05,4895.1,1.2104651162790532,0
2799-ARNLO,1,3,2,5,0-6m,1,No,1,0,2,69.35,341.6,1.029999999999987,0
7563-BIUPC,1,3,2,5,0-6m,1,No,1,1,3,80.6,415.55,-2.510000000000005,1
5027-YOCXN,2,2,2,51,49-60m,1,Yes,0,5,8,110.05,5686.4,-1.448039215686265,0
3973-SKMLN,3,2,3,71,61m+,1,No,1,0,1,19.9,1355.1,0.8140845070422529,0
2321-OMBXY,2,2,1,38,25-48m,1,No,0,5,7,80.3,3058.65,-0.1907894736842195,1
2840-XANRC,1,3,2,24,13-24m,1,No,1,3,5,93.15,2231.05,0.18958333333333144,1
6745-JEFZB,1,2,2,35,25-48m,1,Yes,1,2,5,91.5,3236.35,-0.9671428571428606,0
5020-ZSTTY,2,1,1,54,49-60m,1,Yes,0,5,8,82.45,4350.1,1.8925925925925924,1
9880-TDQAC,3,3,1,72,61m+,0,No phone service,1,5,6,60.0,4264.0,0.7777777777777786,0
8705-WZCYL,1,3,1,1,0-6m,1,No,1,0,2,44.8,44.8,0.0,0
7102-JJVTX,2,4,1,9,7-12m,1,No,0,1,3,48.6,422.3,1.6777777777777771,0
8626-PTQGE,3,1,1,69,61m+,0,No phone service,1,5,6,60.05,4176.7,-0.4818840579710155,0
4983-CLMLV,1,2,2,52,49-60m,1,Yes,1,4,7,102.7,5138.1,3.8903846153846047,0
5701-YVSVF,1,3,2,11,7-12m,1,No,1,2,4,82.9,880.05,2.8954545454545553,0
5804-LEPIM,1,3,2,2,0-6m,1,No,1,0,2,70.35,139.05,0.8249999999999886,1
5697-GOMBF,1,3,1,28,25-48m,0,No phone service,1,1,2,35.9,973.65,1.1267857142857167,0
2739-CACDQ,1,2,2,17,13-24m,1,Yes,1,1,4,82.65,1470.05,-3.823529411764696,0
9385-EHGDO,3,4,3,35,25-48m,1,No,1,0,1,19.85,739.35,-1.274285714285714,0
9498-FIMXL,2,4,3,8,7-12m,1,No,1,0,1,19.2,161.95,-1.0437499999999993,0
2379-GYFLQ,2,2,2,46,25-48m,1,Yes,1,3,6,94.9,4422.95,-1.251086956521732,0
0122-OAHPZ,1,3,2,7,7-12m,1,Yes,1,0,3,73.85,511.25,0.8142857142857025,1
2868-SNELZ,1,4,2,2,0-6m,1,Yes,0,1,4,80.6,155.8,2.6999999999999886,1
4322-RCYMT,2,1,1,68,61m+,1,Yes,1,4,7,75.8,5293.95,-2.0522058823529363,1
6680-NENYN,3,3,2,43,25-48m,1,Yes,1,4,7,104.6,4759.85,-6.094186046511638,1
2088-IEBAU,3,3,1,68,61m+,1,Yes,1,6,9,88.15,6148.45,-2.268382352941174,0
7982-VCELR,1,2,2,36,25-48m,1,No,1,3,5,94.8,3565.65,-4.245833333333337,0
1343-EHPYB,1,3,2,63,61m+,1,Yes,1,4,7,103.4,6603.0,-1.4095238095238045,1
6035-BXTTY,1,1,1,32,25-48m,1,No,0,2,4,54.65,1830.1,-2.5406249999999986,0
6885-PKOAM,3,2,1,71,61m+,1,Yes,0,6,9,85.75,6223.8,-1.9091549295774684,0
7520-HQWJU,1,1,1,66,61m+,1,Yes,1,3,6,67.45,4508.65,-0.8628787878787847,0
9639-BUJXT,2,4,3,63,61m+,1,No,0,0,1,20.5,1328.15,-0.5817460317460323,0
5924-SNGKP,2,2,3,41,25-48m,1,No,1,0,1,20.25,865.0,-0.8475609756097562,0
0021-IKXGC,1,3,2,1,0-6m,1,Yes,1,0,3,72.1,72.1,0.0,0
2034-GDRCN,1,3,2,2,0-6m,1,No,1,2,4,90.4,168.2,6.300000000000011,1
8966-SNIZF,3,1,3,70,61m+,1,No,0,0,1,19.45,1303.5,0.8285714285714292,0
6243-OZGFH,1,3,1,23,13-24m,0,No phone service,1,2,3,44.95,996.85,1.608695652173914,0
4654-DLAMQ,2,1,2,64,61m+,1,No,0,4,6,97.0,6430.9,-3.4828124999999943,0
0513-RBGPE,3,2,1,37,25-48m,1,Yes,1,3,6,62.8,2278.75,1.2121621621621586,0
5160-UXJED,2,4,1,17,13-24m,1,No,0,0,2,44.6,681.4,4.517647058823535,0
4115-NZRKS,1,3,2,7,7-12m,1,No,1,2,4,89.15,574.35,7.1000000000000085,0
0219-YTZUE,1,1,2,4,0-6m,1,Yes,1,2,5,84.8,371.9,-8.174999999999997,1
0623-IIHUG,1,3,1,21,13-24m,0,No phone service,1,2,3,41.9,840.1,1.895238095238092,1
4572-DVCGN,1,1,2,10,7-12m,1,No,1,1,3,80.25,846.0,-4.349999999999994,1
3351-NGXYI,1,3,1,16,13-24m,1,Yes,1,1,4,54.1,889.0,-1.4624999999999986,0
8984-EYLLL,3,3,2,64,61m+,1,Yes,1,4,7,105.25,6823.4,-1.3656249999999943,0
9057-MSWCO,1,2,1,27,25-48m,0,No phone service,0,1,2,30.75,805.1,0.9314814814814802,1
9833-TGFHX,2,3,2,42,25-48m,1,Yes,0,3,6,97.1,4016.75,1.4630952380952351,0
9294-TDIPC,1,4,3,5,0-6m,1,No,0,0,1,20.2,83.75,3.4499999999999993,0
5229-DTFYB,3,1,2,41,25-48m,1,No,1,4,6,98.8,3959.15,2.2353658536585357,0
0104-PPXDV,2,2,1,58,49-60m,1,No,0,1,3,50.3,2878.55,0.6698275862068925,0
5176-LMJXE,3,4,3,47,25-48m,1,No,1,0,1,20.55,945.7,0.42872340425531874,0
3583-KRKMD,1,1,2,18,13-24m,1,No,1,1,3,75.9,1373.05,-0.38055555555554577,0
1010-DIAUQ,1,1,2,5,0-6m,1,No,0,3,5,96.5,492.55,-2.010000000000005,1
9069-LGEUL,1,1,1,23,13-24m,1,No,1,2,4,59.95,1406.0,-1.1804347826086925,0
7302-ZHMHP,1,4,3,1,0-6m,1,No,0,0,1,19.15,19.15,0.0,0
9571-EDEBV,2,2,2,71,61m+,1,Yes,1,3,6,98.65,6962.85,0.581690140845069,0
3520-FJGCV,3,2,2,72,61m+,1,Yes,1,6,9,112.6,8126.65,-0.27013888888889426,0
6563-VRERX,2,4,3,33,25-48m,1,No,0,0,1,20.6,690.25,-0.31666666666666643,0
0259-GBZSH,1,3,2,2,0-6m,1,Yes,1,1,4,85.65,181.5,-5.099999999999994,1
6122-EFVKN,3,4,1,24,13-24m,0,No phone service,0,2,3,35.75,830.8,1.1333333333333329,0
2805-EDJPQ,2,2,2,56,49-60m,1,Yes,1,4,7,99.75,5608.4,-0.3999999999999915,0
6862-CQUMB,1,2,2,37,25-48m,1,No,1,3,5,96.1,3646.8,-2.4621621621621728,0
7156-MXBJE,2,2,1,43,25-48m,1,Yes,0,5,8,85.1,3662.25,-0.06860465116280068,0
6158-HDPXZ,1,4,1,1,0-6m,0,No phone service,0,0,1,25.35,25.35,0.0,0
9601-BRXPO,1,1,2,25,25-48m,1,Yes,1,4,7,104.95,2566.5,2.2900000000000063,1
2863-IMQDR,3,3,1,61,61m+,1,Yes,0,6,9,89.65,5308.7,2.6221311475409976,0
5686-CMAWK,2,3,2,17,13-24m,1,Yes,0,2,5,86.75,1410.25,3.794117647058826,0
5651-CRHKQ,2,1,2,41,25-48m,1,No,1,3,5,86.2,3339.05,4.759756097560981,0
6905-NIQIN,1,4,1,1,0-6m,1,No,0,1,3,50.65,50.65,0.0,1
8204-YJCLA,3,1,1,72,61m+,0,No phone service,1,6,7,64.8,4732.35,-0.9270833333333428,0
5167-ZFFMM,1,2,2,1,0-6m,1,Yes,1,2,5,90.85,90.85,0.0,1
6583-SZVGP,3,1,2,48,25-48m,1,Yes,1,4,7,108.1,5067.45,2.528125000000003,0
4895-TMWIR,1,4,3,11,7-12m,1,No,0,0,1,19.95,214.75,0.4272727272727259,1
0533-BNWKF,1,3,2,55,49-60m,1,Yes,1,2,5,85.45,4874.7,-3.1809090909090827,1
1708-PBBOA,2,3,1,42,25-48m,0,No phone service,1,5,6,54.75,2348.45,-1.1654761904761841,0
8782-LKFPK,1,4,2,44,25-48m,1,Yes,1,2,5,90.4,4063.0,-1.9409090909090878,0
5522-JBWMO,1,3,1,1,0-6m,1,No,0,0,2,44.0,44.0,0.0,0
3597-MVHJT,1,1,2,27,25-48m,1,Yes,1,2,5,95.6,2595.25,-0.5203703703703724,0
9774-NRNAU,1,1,1,27,25-48m,1,Yes,1,5,8,84.8,2309.55,-0.7388888888888943,0
0224-RLWWD,1,3,1,2,0-6m,1,No,1,0,2,44.3,89.3,-0.3500000000000014,0
9967-ATRFS,1,4,3,19,13-24m,1,No,0,0,1,19.9,367.55,0.5552631578947356,0
3951-NJCVI,1,3,2,42,25-48m,1,Yes,1,2,5,95.05,3944.5,1.1333333333333258,0
2977-CEBSX,3,2,1,66,61m+,1,Yes,1,6,9,90.05,5965.95,-0.3431818181818187,0
0177-PXBAT,1,1,2,33,25-48m,1,Yes,1,5,8,109.9,3694.7,-2.060606060606048,0
6599-CEBNN,1,2,2,34,25-48m,1,No,1,1,3,73.95,2524.45,-0.2985294117647044,1
2519-ERQOJ,1,3,1,33,25-48m,0,No phone service,1,4,5,54.6,1803.7,-0.05757575757575495,0
5876-QMYLD,2,4,3,23,13-24m,1,No,0,0,1,20.05,415.1,2.002173913043478,0
2277-AXSDC,2,1,3,32,25-48m,1,No,0,0,1,19.75,624.15,0.2453125000000007,0
9442-JTWDL,2,2,3,11,7-12m,1,No,0,0,1,20.05,237.7,-1.5590909090909086,0
0979-PHULV,1,2,2,69,61m+,1,Yes,1,3,6,99.45,7007.6,-2.1094202898550805,1
3067-SVMTC,2,1,1,68,61m+,1,No,0,2,4,55.9,3848.8,-0.7000000000000028,0
5495-GPSRW,3,4,3,20,13-24m,1,No,1,0,1,19.7,419.4,-1.2699999999999996,0
7606-BPHHN,3,2,3,72,61m+,1,No,1,0,1,19.8,1468.75,-0.5993055555555564,0
4742-DRORA,2,1,2,60,49-60m,1,Yes,1,3,6,95.4,5812.0,-1.4666666666666544,0
0111-KLBQG,1,4,2,32,25-48m,1,No,1,3,5,93.95,2861.45,4.5296875000000085,0
4800-VHZKI,1,4,3,1,0-6m,1,No,1,0,1,19.9,19.9,0.0,1
7989-CHGTL,1,4,3,1,0-6m,1,No,1,0,1,19.6,19.6,0.0,1
0334-GDDSO,1,3,2,3,0-6m,1,Yes,1,1,4,81.35,233.7,3.450000000000003,1
4163-NCJAK,2,1,3,46,25-48m,1,Yes,1,0,2,24.45,1066.15,1.2728260869565204,0
5233-AOZUF,1,3,2,29,25-48m,1,Yes,1,0,3,74.95,2149.05,0.8448275862068897,0
5973-EJGDP,1,3,2,51,49-60m,1,Yes,1,3,6,87.35,4473.0,-0.35588235294117965,0
1996-DBMUS,1,1,2,48,25-48m,1,No,1,0,2,70.65,3545.05,-3.2052083333333314,0
7916-VCCPB,1,1,2,16,13-24m,1,No,0,1,3,73.25,1195.75,-1.484375,0
4686-GEFRM,3,1,2,70,61m+,1,Yes,1,4,7,98.7,6858.9,0.7157142857142986,0
5249-QYHEX,3,4,3,40,25-48m,1,Yes,1,0,2,24.8,1024.7,-0.817499999999999,0
0578-SKVMF,1,3,2,22,13-24m,1,No,0,2,4,83.3,1845.9,-0.6045454545454589,1
5564-NEMQO,1,1,2,1,0-6m,1,No,1,1,3,75.3,75.3,0.0,1
2233-FAGXV,1,4,3,5,0-6m,1,Yes,1,0,2,24.3,132.25,-2.1499999999999986,0
5605-IYGFG,1,1,2,7,7-12m,1,No,1,0,2,69.85,515.45,-3.785714285714292,0
7663-ZTEGJ,2,2,2,29,25-48m,1,Yes,0,4,7,100.55,2830.45,2.948275862068968,0
3935-TBRZZ,2,4,3,44,25-48m,1,Yes,0,0,2,25.7,1110.5,0.461363636363636,0
8111-BKVDS,1,1,1,10,7-12m,0,No phone service,0,3,4,40.7,449.3,-4.229999999999997,0
2055-SIFSS,1,1,1,55,49-60m,1,Yes,0,0,3,51.65,2838.55,0.03999999999999204,0
2806-MLNTI,2,1,2,52,49-60m,1,Yes,1,4,7,105.1,5376.4,1.7076923076923123,0
8734-DKSTZ,1,3,2,10,7-12m,1,Yes,0,1,4,85.95,858.6,0.09000000000000341,0
4360-PNRQB,1,1,2,18,13-24m,1,Yes,1,0,3,75.6,1395.05,-1.9027777777777857,0
6152-ONASV,2,1,1,68,61m+,1,Yes,0,2,5,58.25,3975.7,-0.21617647058823053,0
9063-ZGTUY,1,4,3,61,61m+,1,No,1,0,1,19.4,1182.55,0.01393442622950758,1
7781-HVGMK,3,2,1,72,61m+,0,No phone service,1,6,7,65.2,4784.45,-1.2506944444444343,0
2181-UAESM,1,3,1,2,0-6m,1,No,0,2,4,53.45,119.5,-6.299999999999997,0
2957-LOLHO,1,1,1,12,7-12m,1,No,1,0,2,45.4,518.9,2.1583333333333314,1
6048-NJXHX,3,3,3,41,25-48m,1,No,1,0,1,19.75,899.45,-2.18780487804878,0
2320-SLKMB,1,2,1,26,25-48m,0,No phone service,1,3,4,44.45,1183.8,-1.0807692307692278,0
4980-URKXC,2,1,3,36,25-48m,1,No,0,0,1,20.85,720.05,0.848611111111115,0
4376-KFVRS,3,2,2,72,61m+,1,Yes,1,6,9,114.05,8468.2,-3.563888888888897,0
5886-VLQVU,1,1,2,35,25-48m,1,Yes,1,2,5,89.85,3161.2,-0.46999999999999886,0
3577-AMVUX,1,4,1,1,0-6m,1,No,0,2,4,55.05,55.05,0.0,0
0771-WLCLA,1,3,2,16,13-24m,1,Yes,1,5,8,112.95,1882.55,-4.709374999999994,0
5628-RKIFK,1,2,2,49,49-60m,1,Yes,0,3,6,101.55,5070.4,-1.9275510204081598,0
0206-TBWLC,2,4,2,54,49-60m,1,Yes,1,6,9,114.65,6049.5,2.6222222222222342,0
2937-FTHUR,1,3,1,18,13-24m,1,Yes,0,2,5,64.8,1166.7,-0.01666666666666572,0
1910-FMXJM,1,3,2,36,25-48m,1,No,0,1,3,80.4,2937.65,-1.2013888888888857,0
7752-XUSCI,1,3,2,60,49-60m,1,Yes,1,4,7,105.9,6396.45,-0.707499999999996,1
4110-PFEUZ,1,4,2,1,0-6m,1,No,0,0,2,69.55,69.55,0.0,1
0732-OCQOC,3,1,3,52,49-60m,1,Yes,1,0,2,25.05,1270.25,0.622115384615384,0
5168-MSWXT,1,3,2,8,7-12m,1,No,1,3,5,94.75,759.55,-0.19374999999999432,0
1090-ESELR,3,1,2,72,61m+,1,No,0,5,7,105.5,7611.55,-0.21597222222222,0
8592-PLTMQ,2,4,3,64,61m+,1,Yes,0,0,2,24.7,1642.75,-0.9679687500000007,0
5760-WRAHC,1,4,1,22,13-24m,1,No,1,4,6,69.75,1545.4,-0.4954545454545496,0
8847-GEOOQ,1,1,1,60,49-60m,0,No phone service,1,5,6,60.2,3582.4,0.4933333333333323,0
0256-LTHVJ,1,3,2,28,25-48m,1,No,1,1,3,81.05,2227.1,1.5107142857142861,1
4785-FCIFB,3,4,3,61,61m+,1,Yes,0,0,2,24.4,1417.9,1.1557377049180282,0
8313-NDOIA,1,3,2,24,13-24m,1,Yes,1,4,7,104.15,2494.65,0.20624999999999716,0
5149-CUZUJ,2,1,2,28,25-48m,1,No,0,4,6,92.9,2768.35,-5.969642857142844,0
0942-KOWSM,3,1,1,30,25-48m,1,No,0,5,7,80.8,2369.3,1.8233333333333235,0
4237-CLSMM,1,4,3,2,0-6m,1,No,0,0,1,20.0,38.0,1.0,0
1452-VOQCH,1,3,2,1,0-6m,1,Yes,1,0,3,75.1,75.1,0.0,0
4719-UMSIY,1,4,3,6,0-6m,1,No,0,0,1,19.65,100.9,2.833333333333332,0
6614-VBEGU,1,1,1,24,13-24m,1,No,1,3,5,69.45,1614.05,2.1979166666666714,0
0880-TKATG,1,3,2,4,0-6m,1,Yes,0,3,6,101.15,385.9,4.675000000000011,1
3811-VBYBZ,1,3,2,7,7-12m,1,Yes,1,3,6,99.8,673.25,3.6214285714285666,1
1480-BKXGA,3,1,2,72,61m+,1,Yes,1,6,9,116.05,8404.9,-0.68472222222222,0
2996-XAUVF,3,4,1,70,61m+,0,No phone service,1,2,3,40.05,2799.75,0.053571428571423496,0
9076-AXYIK,3,3,2,64,61m+,1,Yes,0,4,7,102.1,6538.45,-0.06328125000000284,0
5968-XQIVE,2,3,2,72,61m+,1,Yes,1,2,5,89.7,6588.95,-1.8131944444444343,0
8896-RAZCR,3,4,3,44,25-48m,1,No,0,0,1,19.9,868.1,0.1704545454545432,0
4640-UHDOS,1,3,1,13,13-24m,1,No,0,1,3,55.95,734.35,-0.5384615384615401,1
4933-IKULF,2,4,3,17,13-24m,1,No,0,0,1,20.65,330.6,1.2029411764705848,0
3583-EKAPL,1,3,1,1,0-6m,1,No,1,1,3,55.0,55.0,0.0,1
1304-BCCFO,1,4,1,9,7-12m,1,No,1,3,5,70.05,564.4,7.338888888888889,0
4104-PVRPS,1,4,1,24,13-24m,1,No,0,2,4,53.6,1315.35,-1.2062499999999972,0
9399-APLBT,1,3,2,1,0-6m,1,No,1,1,3,74.7,74.7,0.0,1
2359-KMGLI,1,3,2,24,13-24m,1,Yes,1,1,4,80.25,1861.5,2.6875,1
3780-DDGSE,1,3,1,35,25-48m,1,No,1,4,6,76.05,2747.2,-2.441428571428574,0
4431-EDMIQ,1,3,1,7,7-12m,1,No,1,5,7,75.7,554.05,-3.4499999999999886,0
0306-JAELE,1,3,2,5,0-6m,1,No,1,3,5,96.1,453.4,5.420000000000002,1
6227-HWPWX,1,1,2,15,13-24m,1,No,0,0,2,69.0,994.8,2.680000000000007,1
0486-LGCCH,3,4,3,11,7-12m,1,No,0,0,1,19.65,225.75,-0.8727272727272748,0
0447-BEMNG,1,1,1,48,25-48m,0,No phone service,1,3,4,45.3,2145.0,0.6124999999999972,1
4612-SSVHJ,1,3,2,20,13-24m,1,No,1,1,3,81.45,1671.6,-2.1299999999999955,0
5168-MQQCA,2,1,2,72,61m+,1,Yes,1,5,8,108.5,8003.8,-2.6638888888888914,0
5949-XIKAE,1,3,2,8,7-12m,1,No,1,2,4,83.55,680.05,-1.4562499999999972,1
7971-HLVXI,3,2,2,72,61m+,1,Yes,1,1,4,84.5,6130.85,-0.6506944444444542,0
9094-AZPHK,1,3,2,15,13-24m,1,Yes,1,3,6,100.15,1415.0,5.816666666666677,0
3649-JPUGY,3,1,1,72,61m+,1,Yes,1,5,8,88.6,6201.95,2.461805555555557,0
4472-LVYGI,3,1,1,0,0-6m,0,No phone service,1,4,5,52.55,0.0,0.0,0
8372-JUXUI,1,3,2,1,0-6m,1,Yes,1,0,3,74.35,74.35,0.0,1
3552-CTCYF,3,1,2,63,61m+,1,Yes,1,4,7,104.8,6597.25,0.0817460317460359,0
6778-YSNIH,1,3,1,2,0-6m,1,No,1,2,4,59.0,114.15,1.9249999999999972,0
0388-EOPEX,1,3,2,2,0-6m,1,No,1,1,3,74.4,139.4,4.700000000000003,1
5756-OZRIO,2,1,1,61,61m+,1,Yes,0,2,5,64.05,3902.6,0.0729508196721298,0
6579-JPICP,1,4,3,1,0-6m,1,No,0,0,1,20.4,20.4,0.0,0
8205-OTCHB,2,1,1,22,13-24m,0,No phone service,1,3,4,43.75,903.6,2.6772727272727295,1
4134-BSXLX,1,4,1,28,25-48m,1,No,0,3,5,60.9,1785.65,-2.8732142857142904,0
0505-SPOOW,3,1,3,70,61m+,1,No,0,0,1,19.8,1397.65,-0.16642857142857181,0
6235-VDHOM,1,3,1,5,0-6m,0,No phone service,0,1,2,28.45,131.05,2.2399999999999984,1
7783-YKGDV,1,1,2,12,7-12m,1,Yes,1,4,7,99.7,1238.45,-3.504166666666663,1
4374-YMUSQ,2,2,2,34,25-48m,1,Yes,0,6,9,116.25,3899.05,1.572058823529403,0
4513-CXYIX,3,2,2,71,61m+,1,Yes,1,1,4,80.7,5676.0,0.7563380281690115,0
3957-HHLMR,2,1,1,70,61m+,1,Yes,0,2,5,65.2,4543.15,0.29785714285715414,0
7803-XOCCZ,1,1,2,52,49-60m,1,No,1,3,5,84.05,4326.8,0.8423076923076849,0
5736-YEJAX,3,2,1,69,61m+,1,Yes,1,5,8,79.45,5502.55,-0.29710144927535964,0
5609-CEBID,1,3,2,20,13-24m,1,Yes,1,3,6,94.1,1782.4,4.97999999999999,1
8981-FJGLA,1,4,2,11,7-12m,1,Yes,1,1,4,78.0,851.8,0.5636363636363626,0
7218-HKQFK,1,3,2,2,0-6m,1,No,1,3,5,94.2,167.5,10.450000000000003,1
4636-QRJKY,1,3,2,6,0-6m,1,Yes,1,1,4,80.5,502.85,-3.308333333333337,1
1135-LMECX,1,4,3,1,0-6m,1,No,0,0,1,19.85,19.85,0.0,0
4332-MUOEZ,2,2,2,20,13-24m,1,No,0,4,6,94.3,1818.3,3.385000000000005,0
8535-SFUTN,1,3,2,61,61m+,1,Yes,1,4,7,106.45,6300.15,3.1688524590164064,0
5956-VKDTT,1,3,2,5,0-6m,1,Yes,1,0,3,74.35,334.8,7.389999999999986,1
8677-HDZEE,1,1,2,56,49-60m,1,Yes,1,4,7,105.45,5916.95,-0.2098214285714164,0
2475-MROZF,1,2,2,30,25-48m,1,Yes,1,4,7,95.0,2852.4,-0.0799999999999983,0
9412-GHEEC,1,1,2,40,25-48m,1,Yes,0,4,7,104.8,4131.95,1.5012499999999989,1
3482-ABPKK,2,4,1,28,25-48m,1,No,0,2,4,54.3,1546.3,-0.9250000000000043,0
6705-LXORM,1,3,2,5,0-6m,1,No,0,0,2,70.05,302.6,9.529999999999994,0
0257-ZESQC,1,1,2,27,25-48m,1,No,1,1,3,75.2,1929.35,3.742592592592601,1
7531-GQHME,1,2,3,12,7-12m,1,No,0,0,1,20.05,265.45,-2.070833333333333,0
5174-ITUMV,2,3,2,67,61m+,1,Yes,1,4,7,105.4,6989.45,1.0798507462686615,0
4109-CYRBD,1,3,1,29,25-48m,1,Yes,1,0,3,51.6,1442.0,1.8758620689655174,0
0913-XWSCN,1,1,2,55,49-60m,1,Yes,0,1,4,85.5,4713.4,-0.19818181818180847,0
6825-UYPFK,1,1,2,23,13-24m,1,Yes,0,0,3,75.6,1758.6,-0.8608695652173992,1
8397-MVTAZ,1,3,2,34,25-48m,1,Yes,1,3,6,100.05,3480.0,-2.302941176470597,1
0750-EBAIU,2,3,2,52,49-60m,1,No,0,3,5,91.25,4738.3,0.12884615384615472,0
8606-CIQUL,3,2,2,72,61m+,1,Yes,1,6,9,115.75,8399.15,-0.9048611111111029,0
3571-DPYUH,2,2,2,58,49-60m,1,Yes,1,3,6,94.7,5430.35,1.073275862068968,0
7601-GNDYK,3,4,3,35,25-48m,1,No,0,0,1,19.6,686.95,-0.027142857142855803,0
0356-OBMAC,3,1,2,56,49-60m,1,Yes,1,4,7,99.9,5706.3,-1.9982142857142833,0
8067-NIOYM,3,2,3,24,13-24m,1,No,1,0,1,21.1,490.65,0.6562500000000036,0
1403-GYAFU,3,2,3,70,61m+,1,No,0,0,1,20.05,1360.25,0.6178571428571438,0
4234-XTNEA,1,3,2,2,0-6m,1,No,1,1,3,79.95,174.45,-7.2749999999999915,0
1297-VQDRP,2,2,2,68,61m+,1,Yes,1,4,7,107.15,7379.8,-1.3764705882352928,0
9282-IZGQK,1,3,2,1,0-6m,1,Yes,1,1,4,85.0,85.0,0.0,1
5348-CAGXB,1,3,2,12,7-12m,1,Yes,1,2,5,89.55,1021.75,4.404166666666669,0
0621-HJWXJ,1,1,2,63,61m+,1,Yes,1,1,4,81.55,5029.05,1.7238095238095212,0
5844-QVTAT,2,4,1,33,25-48m,1,No,1,3,5,58.45,1955.4,-0.8045454545454547,0
8905-IAZPF,2,2,2,69,61m+,1,No,1,3,5,95.65,6744.2,-2.092028985507241,0
5394-MEITZ,3,1,1,60,49-60m,1,No,1,5,7,80.6,4946.7,-1.8449999999999989,0
6859-QNXIQ,3,1,2,72,61m+,1,Yes,1,6,9,113.1,8248.5,-1.4625000000000057,0
2782-LFZVW,1,4,1,11,7-12m,1,Yes,1,1,4,58.95,601.6,4.259090909090908,0
2866-IKBTM,1,4,3,1,0-6m,1,No,0,0,1,19.55,19.55,0.0,0
1342-JPNKI,1,1,2,10,7-12m,1,Yes,1,1,4,86.05,834.1,2.6400000000000006,1
2817-NTQDO,1,2,1,13,13-24m,0,No phone service,1,3,4,45.55,597.0,-0.37307692307692264,1
7129-AZJDE,2,1,2,34,25-48m,1,No,1,1,3,78.95,2647.2,1.0911764705882376,0
6986-IJDHX,1,4,2,39,25-48m,1,No,1,2,4,86.3,3266.0,2.5564102564102598,1
2560-PPCHE,2,1,2,65,61m+,1,Yes,1,4,7,105.05,6744.25,1.2923076923076877,0
4676-MQUEA,2,1,2,50,49-60m,1,Yes,1,4,7,101.9,5265.5,-3.4099999999999966,0
8138-EALND,1,4,3,15,13-24m,1,No,0,0,1,19.75,311.6,-1.0233333333333334,0
3580-HYCSP,3,1,2,72,61m+,1,Yes,1,5,8,110.3,7966.9,-0.3513888888888914,0
1352-HNSAW,3,1,2,72,61m+,1,Yes,1,6,9,115.6,8220.4,1.4277777777777771,0
2075-PUEPR,3,1,3,55,49-60m,1,No,0,0,1,19.35,1153.25,-1.6181818181818173,0
1982-FEBTD,3,2,3,23,13-24m,1,Yes,1,0,2,25.6,514.75,3.219565217391306,0
5301-GAUUY,1,1,2,32,25-48m,1,Yes,1,1,4,80.35,2596.15,-0.7796875000000085,1
5791-KAJFD,2,1,1,56,49-60m,1,Yes,1,3,6,68.75,3808.0,0.75,0
2654-VBVPB,1,1,3,1,0-6m,1,No,0,0,1,19.9,19.9,0.0,0
1154-HYWWO,2,4,1,38,25-48m,1,No,0,4,6,70.6,2708.2,-0.6684210526315866,0
2501-XWWTZ,1,3,2,11,7-12m,1,No,0,0,2,70.2,760.05,1.104545454545459,0
3716-UVSPD,1,3,1,1,0-6m,1,No,1,1,3,49.3,49.3,0.0,0
6815-ABQFQ,2,3,2,56,49-60m,1,Yes,1,4,7,107.25,6033.3,-0.48749999999999716,0
7343-EOBEU,1,4,3,3,0-6m,1,Yes,1,0,2,23.6,89.05,-6.083333333333332,0
3701-SFMUH,1,2,1,7,7-12m,1,No,0,3,5,69.7,516.15,-4.035714285714278,0
6103-LIANB,3,2,2,59,49-60m,1,Yes,1,3,6,99.5,5861.75,0.14830508474575765,0
7319-VENRZ,1,1,1,7,7-12m,1,No,0,3,5,64.3,445.95,0.5928571428571416,0
5846-NEQVZ,3,2,1,71,61m+,1,No,1,4,6,70.85,4973.4,0.8021126760563391,0
6967-QIQRV,2,3,2,15,13-24m,1,No,0,4,6,101.9,1667.25,-9.25,0
5781-RFZRP,3,2,1,71,61m+,1,Yes,0,4,7,73.5,5357.75,-1.9612676056338074,0
0939-YAPAF,1,3,2,35,25-48m,1,Yes,1,3,6,100.25,3527.6,-0.53857142857143,1
0308-IVGOK,2,2,1,11,7-12m,0,No phone service,1,3,4,40.4,422.6,1.981818181818177,0
7293-LSCDV,3,2,3,60,49-60m,1,No,1,0,1,19.25,1103.25,0.8625000000000007,0
7025-WCBNE,3,1,1,47,25-48m,1,Yes,0,2,5,59.6,2754.0,1.004255319148939,0
5756-JYOJT,2,2,1,11,7-12m,1,No,0,3,5,64.9,697.25,1.5136363636363726,0
4710-FDUIZ,2,2,2,56,49-60m,1,Yes,0,3,6,100.3,5614.45,0.04196428571428612,1
6030-REHUX,1,3,2,28,25-48m,1,Yes,1,5,8,110.85,3204.4,-3.592857142857156,0
9548-LIGTA,3,4,1,61,61m+,1,No,1,5,7,81.05,4747.65,3.219672131147547,0
5150-LJNSR,2,1,2,31,25-48m,1,Yes,0,3,6,98.05,3082.1,-1.3725806451612925,0
8270-RKSAP,1,3,2,9,7-12m,1,No,1,0,2,70.5,597.9,4.066666666666663,0
6522-YRBXD,1,3,2,35,25-48m,1,Yes,1,3,6,94.55,3365.4,-1.604285714285723,0
2640-LYMOV,1,4,3,2,0-6m,1,No,1,0,1,19.65,38.8,0.25,0
1218-VKFPE,1,4,3,12,7-12m,1,No,0,0,1,19.0,233.55,-0.46250000000000213,1
3627-FHKBK,1,4,2,1,0-6m,1,No,0,1,3,75.3,75.3,0.0,1
2865-TCHJW,1,3,2,4,0-6m,1,Yes,1,2,5,89.2,346.2,2.6500000000000057,1
1423-BMPBQ,1,4,3,1,0-6m,1,No,1,0,1,19.0,19.0,0.0,0
2393-DIVAI,1,4,3,3,0-6m,1,No,1,0,1,20.0,61.7,-0.5666666666666664,0
5192-EBGOV,1,3,2,1,0-6m,1,Yes,1,1,4,85.7,85.7,0.0,1
4568-KNYWR,3,2,1,52,49-60m,1,No,1,3,5,63.25,3342.45,-1.0278846153846075,0
8752-IMQOS,2,4,3,5,0-6m,1,No,0,0,1,20.1,85.1,3.080000000000002,0
0742-LAFQK,3,3,2,72,61m+,1,Yes,1,4,7,99.15,7422.1,-3.93472222222222,0
0795-LAFGP,3,3,1,71,61m+,1,Yes,0,6,9,90.4,6668.05,-3.5161971830985834,0
0619-OLYUR,3,2,2,72,61m+,1,Yes,1,5,8,111.9,8071.05,-0.1979166666666572,0
5512-IDZEI,2,3,3,46,25-48m,1,Yes,0,0,2,24.9,1174.8,-0.6391304347826079,0
0459-SPZHJ,3,2,1,63,61m+,1,Yes,0,5,8,83.5,5435.0,-2.7698412698412653,0
0215-BQKGS,1,2,2,30,25-48m,1,No,1,3,5,84.3,2438.6,3.0133333333333354,0
9244-ZVAPM,1,4,1,1,0-6m,1,No,0,0,2,45.6,45.6,0.0,0
0719-SYFRB,1,4,1,12,7-12m,1,Yes,1,3,6,61.65,713.75,2.1708333333333343,1
8208-EUMTE,3,4,1,16,13-24m,0,No phone service,0,5,6,54.85,916.15,-2.409374999999997,0
5172-MIGPM,1,4,1,4,0-6m,1,Yes,0,2,5,65.55,237.2,6.25,0
1710-RCXUS,2,2,2,51,49-60m,1,Yes,1,2,5,90.35,4614.55,-0.13137254901961626,0
0374-FIUCA,3,2,3,65,61m+,1,No,1,0,1,20.4,1414.45,-1.3607692307692325,0
5839-SUYVZ,1,2,2,16,13-24m,1,No,1,1,3,74.55,1170.5,1.3937499999999972,0
5173-ZXXXL,2,4,3,2,0-6m,1,No,0,0,1,19.95,47.7,-3.900000000000002,0
1096-ADRUX,2,1,2,66,61m+,1,Yes,1,0,3,74.25,4859.25,0.625,0
2001-MCUUW,3,3,2,46,25-48m,1,Yes,0,5,8,108.65,4903.2,2.058695652173924,0
2731-GJRDG,2,1,2,32,25-48m,1,Yes,1,5,8,109.55,3608.0,-3.200000000000003,0
4723-BEGSG,3,2,1,72,61m+,1,Yes,0,5,8,86.65,6094.25,2.0076388888888914,0
6516-NKQBO,3,2,1,38,25-48m,1,No,0,5,7,81.0,3084.9,-0.18157894736842195,0
8672-OAUPW,2,2,1,51,49-60m,1,No,0,1,3,47.85,2356.75,1.639215686274511,0
8207-DMRVL,3,1,2,72,61m+,1,Yes,0,6,9,114.55,8306.05,-0.8118055555555515,0
3419-SNJJD,1,1,2,65,61m+,1,Yes,0,4,7,105.25,6786.4,0.8438461538461581,1
6543-CPZMK,1,3,1,9,7-12m,0,No phone service,1,1,2,29.95,248.95,2.288888888888888,1
4765-OXPPD,1,4,1,9,7-12m,1,No,0,4,6,65.0,663.05,-8.672222222222217,1
2804-ETQDK,3,4,3,66,61m+,1,No,0,0,1,20.55,1357.1,-0.012121212121211755,0
6689-VRRTK,2,2,2,44,25-48m,1,Yes,1,5,8,109.8,4860.35,-0.6625000000000085,0
7138-GIRSH,3,1,1,50,49-60m,1,Yes,0,3,6,69.5,3418.2,1.13600000000001,0
9396-ZSFLL,1,4,1,15,13-24m,1,Yes,0,0,3,48.85,631.4,6.756666666666668,0
6464-KEXXH,1,2,1,8,7-12m,0,No phone service,1,0,1,25.25,186.3,1.9624999999999986,0
7134-MJPDY,2,2,2,66,61m+,1,Yes,1,4,7,102.85,6976.75,-2.8583333333333343,0
5240-CAOYT,1,1,2,57,49-60m,1,Yes,1,3,6,87.55,4884.85,1.850877192982452,0
4059-IIEBK,1,1,2,7,7-12m,1,Yes,1,1,4,78.55,522.95,3.8428571428571274,0
4881-JVQOD,1,1,1,10,7-12m,0,No phone service,1,1,2,34.55,362.6,-1.710000000000008,0
0516-UXRMT,2,3,2,62,61m+,1,Yes,1,3,6,92.05,5755.8,-0.7854838709677523,0
4851-BQDNX,2,3,2,40,25-48m,1,No,1,2,4,85.05,3355.65,1.1587499999999977,0
5148-HKFIR,3,4,3,20,13-24m,1,No,0,0,1,19.7,406.95,-0.6475000000000009,0
1009-IRMNA,1,1,3,7,7-12m,1,No,0,0,1,20.0,137.6,0.3428571428571452,1
3003-CMDUU,1,3,2,25,25-48m,1,No,1,3,5,95.15,2395.7,-0.6779999999999831,0
5016-IBERQ,1,3,2,23,13-24m,1,Yes,0,2,5,84.25,1968.1,-1.3195652173913004,0
6797-UCJHZ,2,2,2,66,61m+,1,Yes,0,4,7,104.6,6819.45,1.2749999999999915,0
2469-DTSGX,3,3,2,72,61m+,1,Yes,0,5,8,111.65,7943.45,1.3243055555555685,0
4554-YGZIH,1,2,2,49,49-60m,1,Yes,0,2,5,90.05,4547.25,-2.7510204081632708,1
5099-BAILX,1,1,2,43,25-48m,1,Yes,1,5,8,110.75,4687.9,1.729069767441871,1
9931-KGHOA,1,1,1,46,25-48m,1,Yes,0,1,4,55.0,2473.95,1.218478260869567,0
1775-KWJKQ,3,2,1,72,61m+,1,Yes,0,6,9,89.85,6562.9,-1.3013888888888943,0
7665-VIGUD,2,4,3,10,7-12m,1,No,0,0,1,20.35,176.3,2.719999999999999,0
9411-TPQQV,2,1,1,40,25-48m,0,No phone service,1,4,5,54.55,2236.2,-1.3549999999999969,0
7207-RMRDB,1,3,2,65,61m+,1,Yes,1,4,7,105.5,6985.65,-1.971538461538458,1
7954-MLBUN,3,1,2,31,25-48m,1,No,0,4,6,99.45,3109.9,-0.8693548387096826,0
2077-DDHJK,3,2,1,68,61m+,1,Yes,0,4,7,70.9,4911.35,-1.3257352941176492,0
4913-EHYUI,2,1,2,56,49-60m,1,Yes,1,4,7,104.55,5794.65,1.0741071428571445,1
0195-IESCP,1,3,2,10,7-12m,1,Yes,1,1,4,85.25,855.3,-0.28000000000000114,1
9574-BOSMD,3,1,3,68,61m+,1,Yes,0,0,2,25.4,1620.2,1.573529411764703,0
4580-TMHJU,1,3,1,43,25-48m,1,No,0,1,3,56.15,2499.3,-1.973255813953493,1
0970-ETWGE,1,3,2,1,0-6m,1,No,1,2,4,89.55,89.55,0.0,1
4908-XAXAY,2,1,2,49,49-60m,1,No,1,3,5,89.85,4287.2,2.3561224489795904,0
8404-VLQFB,1,3,3,15,13-24m,1,Yes,1,0,2,25.25,394.85,-1.0733333333333341,0
1626-ERCMM,1,3,2,20,13-24m,1,Yes,1,2,5,94.55,1899.65,-0.43250000000000455,1
0887-HJGAR,1,4,1,1,0-6m,1,No,1,0,2,45.7,45.7,0.0,1
2391-IPLOP,2,3,1,50,49-60m,1,Yes,1,3,6,69.65,3442.15,0.8070000000000022,0
5644-PDMZC,1,3,2,2,0-6m,1,Yes,0,2,5,89.5,161.5,8.75,1
3509-GWQGF,1,2,2,24,13-24m,1,No,0,0,2,70.0,1732.6,-2.191666666666663,0
9576-ANLXO,1,1,2,3,0-6m,1,No,1,0,2,69.55,222.3,-4.550000000000011,1
2024-BASKD,1,4,2,1,0-6m,1,No,1,1,3,74.6,74.6,0.0,1
5845-BZZIB,3,4,3,35,25-48m,1,No,0,0,1,20.1,655.3,1.3771428571428608,0
1140-UKVZG,1,4,3,17,13-24m,1,Yes,0,0,2,24.8,475.25,-3.155882352941177,0
4160-AMJTL,1,3,3,8,7-12m,1,No,0,0,1,19.65,164.3,-0.8875000000000028,1
5183-SNMJQ,1,2,2,10,7-12m,1,No,1,3,5,95.1,865.1,8.58999999999999,0
8100-PNJMH,3,2,1,68,61m+,1,Yes,1,6,9,88.85,6132.7,-1.3367647058823593,0
7838-LAZFO,2,1,1,45,25-48m,1,No,0,5,7,78.8,3597.5,-1.1444444444444457,0
4464-JCOLN,2,4,3,2,0-6m,1,No,0,0,1,19.85,35.9,1.9000000000000021,1
2085-JVGAD,1,1,3,37,25-48m,1,No,0,0,1,20.35,697.65,1.494594594594595,0
5650-VDUDS,1,4,1,4,0-6m,0,No phone service,1,0,1,24.25,96.05,0.2375000000000007,1
8095-WANWK,1,4,1,10,7-12m,1,No,0,0,2,45.25,428.7,2.3800000000000026,0
3030-ZKIWL,1,4,3,1,0-6m,1,No,0,0,1,20.05,20.05,0.0,0
9565-FLVCG,3,4,1,65,61m+,1,Yes,1,3,6,69.55,4459.15,0.9476923076923072,0
8755-OGKNA,3,1,3,57,49-60m,1,No,0,0,1,19.5,1167.6,-0.9842105263157883,0
2800-VEQXM,1,4,2,3,0-6m,1,No,1,1,3,74.75,238.1,-4.61666666666666,0
7538-GWHML,1,3,2,2,0-6m,1,No,0,0,2,69.65,145.15,-2.924999999999997,1
5533-RJFTJ,1,1,1,49,49-60m,0,No phone service,1,1,2,30.2,1453.1,0.5448979591836753,0
3859-CVCET,1,4,1,4,0-6m,1,No,0,0,2,45.65,191.05,-2.1125000000000043,1
0214-JHPFW,3,1,1,70,61m+,0,No phone service,0,5,6,57.8,4039.3,0.09571428571427987,0
5642-MHDQT,2,1,3,53,49-60m,1,No,1,0,1,19.85,1039.45,0.23773584905660528,0
3088-FVYWK,3,2,3,53,49-60m,1,Yes,0,0,2,25.55,1336.1,0.3405660377358508,0
3276-HDUEG,1,4,2,1,0-6m,1,Yes,1,0,3,75.05,75.05,0.0,1
9092-GDZKO,1,2,3,22,13-24m,1,Yes,1,0,2,24.85,493.4,2.4227272727272755,0
0823-HSCDJ,1,3,1,52,49-60m,0,No phone service,1,3,4,49.15,2550.9,0.09423076923076934,1
3729-OWRVL,3,3,2,65,61m+,1,Yes,1,5,8,110.35,7246.15,-1.129230769230773,0
2324-AALNO,2,1,3,48,25-48m,1,Yes,0,0,2,24.55,1203.95,-0.5322916666666657,0
0822-GAVAP,1,3,1,2,0-6m,0,No phone service,1,1,2,34.7,62.25,3.575000000000003,1
5760-IFJOZ,1,4,2,3,0-6m,1,Yes,0,4,7,107.95,313.6,3.416666666666657,0
2826-UWHIS,1,1,2,45,25-48m,1,Yes,0,1,4,81.4,3775.85,-2.5077777777777754,0
1448-PWKYE,1,3,2,1,0-6m,1,No,0,1,3,80.0,80.0,0.0,1
7501-IWUNG,3,1,1,61,61m+,1,No,1,4,6,73.8,4616.05,-1.8729508196721412,0
4957-TREIR,1,2,1,3,0-6m,1,No,1,3,5,64.4,195.65,-0.8166666666666629,0
7251-LJBQN,2,2,2,40,25-48m,1,Yes,1,4,7,103.75,4188.4,-0.9599999999999937,0
8040-MNRTF,1,4,2,1,0-6m,1,No,0,0,2,71.1,71.1,0.0,0
1536-HBSWP,1,3,1,1,0-6m,1,No,1,1,3,49.9,49.9,0.0,0
5313-FPXWG,2,1,3,51,49-60m,1,Yes,1,0,2,24.6,1266.4,-0.23137254901960702,0
0067-DKWBL,1,3,1,2,0-6m,1,No,1,1,3,49.25,91.1,3.700000000000003,1
0946-FKYTX,2,4,1,52,49-60m,0,No phone service,0,1,2,30.1,1623.4,-1.119230769230768,0
5076-YVXCM,1,1,2,51,49-60m,1,Yes,0,1,4,83.4,4149.45,2.038235294117655,0
8262-COGGB,1,4,3,1,0-6m,1,No,1,0,1,20.45,20.45,0.0,0
6663-JOCQO,2,1,1,31,25-48m,1,Yes,1,4,7,75.25,2344.5,-0.37903225806451246,0
9620-QJREV,2,2,3,47,25-48m,1,No,0,0,1,20.55,1013.05,-1.0042553191489354,0
2276-YDAVZ,1,2,2,3,0-6m,1,Yes,1,0,3,75.1,270.7,-15.13333333333334,1
2682-KEVRP,2,4,3,22,13-24m,1,No,1,0,1,20.05,417.0,1.0954545454545475,0
2480-JZOSN,1,4,3,1,0-6m,1,No,1,0,1,20.65,20.65,0.0,0
0078-XZMHT,3,1,1,72,61m+,1,Yes,1,5,8,85.15,6316.2,-2.5749999999999886,0
5896-NPFWW,1,3,1,3,0-6m,1,No,1,1,3,50.15,168.15,-5.900000000000006,1
9978-HYCIN,2,1,2,47,25-48m,1,No,1,2,4,84.95,4018.05,-0.5404255319148916,0
8338-QIUNR,3,2,1,72,61m+,1,Yes,1,3,6,66.5,4811.6,-0.32777777777778283,0
1525-LNLOJ,3,1,1,66,61m+,1,Yes,1,2,5,63.3,4189.7,-0.18030303030302974,0
9450-TRJUU,1,3,2,35,25-48m,1,Yes,0,1,4,83.15,2848.45,1.7657142857142958,0
1766-GKNMI,1,3,2,29,25-48m,1,Yes,1,1,4,84.9,2516.2,-1.865517241379294,0
6942-LBFDP,1,4,3,2,0-6m,1,No,1,0,1,20.55,33.6,3.75,0
1456-TWCGB,1,4,1,4,0-6m,1,No,0,1,3,49.25,208.45,-2.862499999999997,0
7133-VBDCG,1,1,2,25,25-48m,1,No,1,2,4,79.85,2015.35,-0.7639999999999958,1
7596-ZYWBB,3,4,1,65,61m+,1,No,1,3,5,59.6,3739.8,2.0646153846153865,0
8329-UTMVM,2,1,2,27,25-48m,1,Yes,1,4,7,104.65,2964.0,-5.127777777777766,0
3014-WJKSM,1,2,2,29,25-48m,1,No,1,1,3,75.3,2263.4,-2.748275862068965,0
3347-YJZZE,1,2,1,29,25-48m,1,Yes,0,4,7,80.1,2211.8,3.8310344827586107,0
1029-QFBEN,1,4,3,1,0-6m,1,No,0,0,1,19.55,19.55,0.0,1
7929-DMBCV,1,4,2,20,13-24m,1,No,1,2,4,81.0,1683.7,-3.1850000000000023,0
9661-JALZV,3,2,3,58,49-60m,1,Yes,1,0,2,24.7,1519.0,-1.4896551724137943,0
5433-KYGHE,1,4,2,14,13-24m,1,Yes,1,2,5,86.0,1164.05,2.8535714285714278,0
4312-KFRXN,3,4,3,72,61m+,1,Yes,0,0,2,25.4,1710.9,1.6374999999999957,0
5575-TPIZQ,1,2,2,46,25-48m,1,Yes,1,2,5,89.15,4245.55,-3.1445652173913032,0
0114-IGABW,3,1,1,71,61m+,0,No phone service,0,5,6,58.25,4145.9,-0.14295774647887072,0
9944-AEXBM,1,1,2,32,25-48m,1,Yes,1,1,4,85.65,2664.3,2.390625,0
1853-ARAAQ,1,2,1,26,25-48m,0,No phone service,1,3,4,50.35,1277.5,1.2153846153846146,0
6952-OMNWB,1,2,2,68,61m+,1,Yes,1,1,4,80.35,5589.3,-1.8455882352941302,0
4697-LUPSU,2,4,3,2,0-6m,1,No,0,0,1,20.2,34.75,2.8249999999999993,0
8434-VGEQQ,3,2,3,61,61m+,1,No,0,0,1,20.55,1305.95,-0.8590163934426229,0
4952-YSOGZ,1,3,2,4,0-6m,1,Yes,1,1,4,85.95,381.3,-9.375,1
1589-AGTLK,1,3,1,3,0-6m,1,No,1,0,2,45.35,141.5,-1.8166666666666629,1
5244-IRFIH,1,3,2,33,25-48m,1,Yes,1,2,5,94.5,3105.55,0.3924242424242408,1
6549-YMFAW,1,4,3,9,7-12m,1,No,1,0,1,21.25,204.55,-1.4777777777777779,0
4950-HKQTE,3,4,3,22,13-24m,1,Yes,0,0,2,26.25,605.9,-1.2909090909090892,0
6786-OBWQR,1,3,2,5,0-6m,1,No,1,1,3,80.85,356.1,9.629999999999995,0
2684-EIWEO,1,2,2,30,25-48m,1,Yes,0,3,6,91.7,2758.15,-0.23833333333332973,1
2753-JMMCV,3,2,1,65,61m+,1,Yes,1,4,7,74.2,4805.65,0.26692307692309214,0
6439-GTPCA,1,3,2,45,25-48m,1,Yes,1,2,5,87.25,3941.7,-0.3433333333333337,1
6621-YOBKI,1,4,3,5,0-6m,1,No,0,0,1,20.35,92.75,1.8000000000000007,0
1216-JWVUX,1,3,2,25,25-48m,1,No,1,1,3,75.5,1901.05,-0.5420000000000016,0
7564-GHCVB,3,1,2,72,61m+,1,Yes,0,1,4,79.05,5730.7,-0.5430555555555543,0
1173-NOEYG,1,1,2,27,25-48m,1,Yes,0,2,5,90.15,2423.4,0.3944444444444457,0
7595-EHCDL,1,2,1,32,25-48m,0,No phone service,0,3,4,50.6,1653.45,-1.0703125,0
6647-ZEDXT,2,2,2,30,25-48m,1,Yes,0,5,8,110.45,3327.05,-0.451666666666668,0
2521-NPUZR,3,2,2,70,61m+,1,No,0,5,7,101.0,7085.5,-0.22142857142857508,0
1307-TVUFB,1,1,2,42,25-48m,1,Yes,1,1,4,79.35,3344.1,-0.27142857142857224,0
7503-MIOGA,3,1,1,72,61m+,1,Yes,1,6,9,89.85,6697.35,-3.168750000000017,0
4381-MHQDC,3,4,1,47,25-48m,1,Yes,1,3,6,65.0,2879.9,3.7255319148936152,0
6923-JHPMP,1,3,2,2,0-6m,1,No,1,2,4,80.45,137.1,11.900000000000006,0
5138-WVKYJ,1,3,2,10,7-12m,1,Yes,0,3,6,98.55,1008.55,-2.3049999999999926,1
4018-PPNDW,3,4,3,61,61m+,1,Yes,1,0,2,24.1,1551.6,-1.3360655737704903,0
1635-FJFCC,1,2,1,5,0-6m,1,No,1,0,2,44.05,202.15,3.6199999999999974,0
2499-AJYUA,3,2,2,72,61m+,1,Yes,1,5,8,110.8,7882.25,1.3243055555555543,0
6919-ELBGL,3,1,2,72,61m+,1,Yes,1,6,9,114.95,8196.4,1.1111111111111143,0
3966-HRMZA,1,4,2,3,0-6m,1,No,0,1,3,75.05,202.9,7.416666666666657,0
6425-JWTDV,3,4,3,48,25-48m,1,No,0,0,1,19.25,855.1,1.435416666666665,0
8405-IGQFX,2,2,2,63,61m+,1,No,1,3,5,90.05,5817.0,-2.2833333333333314,0
8224-IVVPA,1,4,1,27,25-48m,1,No,1,2,4,56.7,1652.95,-4.520370370370372,0
9477-LGWQI,3,2,1,70,61m+,1,No,1,5,7,80.15,5600.15,0.14785714285714846,0
1410-RSCMR,1,2,1,7,7-12m,1,No,1,4,6,71.35,515.75,-2.3285714285714363,0
3115-CZMZD,3,4,3,0,0-6m,1,No,0,0,1,20.25,0.0,0.0,0
0139-IVFJG,1,3,2,2,0-6m,1,No,0,3,5,90.35,190.5,-4.900000000000006,0
6683-VLCTZ,1,3,2,20,13-24m,1,Yes,1,3,6,98.55,1842.8,6.409999999999997,1
5730-DBDSI,3,1,3,66,61m+,1,No,0,0,1,19.7,1253.8,0.7030303030303031,0
0030-FNXPP,1,4,3,3,0-6m,1,No,0,0,1,19.85,57.2,0.783333333333335,0
2189-WWOEW,1,1,2,15,13-24m,1,No,1,2,4,85.9,1269.55,1.2633333333333354,1
5684-FJVYR,3,1,2,72,61m+,1,Yes,1,3,6,90.35,6563.4,-0.8083333333333371,0
4013-GUXND,1,4,3,1,0-6m,1,No,0,0,1,20.8,20.8,0.0,0
1894-IGFSG,1,3,2,22,13-24m,1,No,0,2,4,89.25,1907.85,2.529545454545456,1
7379-POKDZ,1,3,2,3,0-6m,1,No,1,0,2,70.3,208.85,0.6833333333333371,1
1266-NZYUI,3,1,1,72,61m+,1,Yes,0,3,6,66.85,4758.8,0.7555555555555458,0
7969-FFOWG,3,4,3,65,61m+,1,No,0,0,1,19.9,1292.6,0.013846153846152731,0
4718-DHSMV,1,4,1,11,7-12m,0,No phone service,1,1,2,35.8,363.15,2.786363636363639,0
5175-WLYXL,1,4,2,22,13-24m,1,Yes,1,1,4,78.85,1600.25,6.1113636363636346,0
7817-OMJNA,2,1,3,14,13-24m,1,No,0,0,1,20.4,275.7,0.7071428571428555,0
8728-SKJLR,1,3,2,41,25-48m,1,No,1,1,3,74.25,3089.1,-1.09390243902439,0
3137-NYQQI,2,4,1,17,13-24m,1,No,0,3,5,64.8,1175.6,-4.35294117647058,0
7706-DZNKK,1,2,3,11,7-12m,1,No,1,0,1,20.45,237.3,-1.1227272727272748,0
0236-HFWSV,1,3,2,15,13-24m,1,Yes,1,2,5,93.35,1444.65,-2.960000000000008,1
3900-AQPHZ,1,4,3,1,0-6m,1,No,0,0,1,19.9,19.9,0.0,1
5842-POCOP,1,4,2,5,0-6m,1,No,1,3,5,88.9,454.15,-1.9299999999999926,1
2037-XJFUP,2,3,2,33,25-48m,1,No,1,3,5,95.8,3036.75,3.777272727272731,1
8823-RLPWL,3,2,2,72,61m+,1,Yes,1,5,8,110.65,8065.65,-1.3729166666666544,0
9505-SQFSW,1,4,1,3,0-6m,0,No phone service,0,2,3,40.3,92.5,9.466666666666665,0
7314-OXENN,1,3,2,2,0-6m,1,Yes,1,1,4,82.0,184.65,-10.325000000000003,1
3758-CKOQL,2,2,2,59,49-60m,1,Yes,1,5,8,107.0,6152.3,2.723728813559319,0
0322-CHQRU,1,3,1,2,0-6m,1,No,0,0,2,45.35,89.5,0.6000000000000014,1
5676-CFLYY,3,2,1,71,61m+,1,No,1,4,6,73.35,5154.5,0.7514084507042185,0
7521-AFHAB,1,4,1,5,0-6m,1,No,0,0,2,44.8,220.45,0.7100000000000009,0
0285-INHLN,1,2,1,27,25-48m,1,No,1,2,4,54.75,1510.3,-1.1870370370370367,0
4678-DVQEO,1,3,1,1,0-6m,1,No,1,1,3,52.2,52.2,0.0,1
5125-CNDSP,2,1,1,63,61m+,0,No phone service,1,3,4,40.6,2588.95,-0.49444444444444,0
0691-IFBQW,2,3,2,46,25-48m,1,Yes,1,5,8,110.0,4874.8,4.026086956521738,1
4992-LTJNE,3,1,1,72,61m+,1,Yes,0,1,4,55.3,3983.6,-0.027777777777778567,0
2202-OUTMO,1,1,1,34,25-48m,1,Yes,1,2,5,60.85,2003.6,1.9205882352941188,0
0810-BDHAW,2,3,1,24,13-24m,1,Yes,0,4,7,78.4,1832.4,2.049999999999997,0
0229-LFJAF,3,1,1,72,61m+,1,Yes,0,4,7,69.65,4908.25,1.47986111111112,0
7131-ZQZNK,3,2,1,60,49-60m,0,No phone service,0,5,6,59.85,3590.2,0.013333333333335418,0
3442-ZHHCC,2,2,1,68,61m+,1,Yes,1,4,7,76.9,5023.0,3.0323529411764696,0
5726-CVNYA,3,4,3,8,7-12m,1,No,1,0,1,19.85,146.6,1.5250000000000021,0
9871-ELEYA,3,2,1,34,25-48m,1,No,0,4,6,67.65,2339.3,-1.1529411764705912,0
4257-GAESD,1,2,1,6,0-6m,0,No phone service,0,2,3,45.0,298.7,-4.783333333333331,0
5173-WXOQV,1,4,1,2,0-6m,1,No,1,3,5,64.2,143.65,-7.625,0
2040-OBMLJ,2,2,2,31,25-48m,1,Yes,0,1,4,81.7,2548.65,-0.5145161290322591,0
6286-ZHAOK,1,1,3,20,13-24m,1,Yes,1,0,2,25.55,507.4,0.18000000000000327,0
3807-XHCJH,1,3,3,1,0-6m,1,No,0,0,1,20.0,20.0,0.0,0
3009-JWMPU,2,3,2,62,61m+,1,Yes,1,3,6,96.75,6125.4,-2.046774193548387,1
5671-RQRLP,3,2,2,70,61m+,1,Yes,1,0,3,75.65,5411.4,-1.655714285714268,0
1450-GALXR,1,3,2,10,7-12m,1,Yes,1,3,6,98.5,1058.25,-7.325000000000003,1
8859-AXJZP,3,4,3,39,25-48m,1,Yes,1,0,2,23.8,903.8,0.625641025641027,0
3174-AKMAS,3,2,1,46,25-48m,1,No,1,3,5,64.2,3009.5,-1.2239130434782624,0
3138-BKYAV,1,3,2,6,0-6m,1,No,1,2,4,85.35,489.45,3.7749999999999915,1
9926-PJHDQ,3,1,1,72,61m+,1,Yes,1,3,6,76.8,5468.45,0.84930555555556,0
7382-DFJTU,1,2,1,18,13-24m,1,No,0,2,4,55.2,1058.1,-3.5833333333333286,0
2798-NYLMZ,3,2,2,71,61m+,1,Yes,1,5,8,108.55,7616.0,1.282394366197181,0
4289-DTDKW,1,3,2,40,25-48m,1,Yes,1,3,6,101.3,4113.1,-1.5275000000000176,1
1820-TQVEV,1,3,2,1,0-6m,1,No,1,0,2,69.55,69.55,0.0,1
2239-JALAW,2,1,2,58,49-60m,1,Yes,1,4,7,103.25,6017.65,-0.5025862068965523,1
4853-RULSV,3,2,2,70,61m+,1,Yes,1,4,7,104.0,7250.15,0.4264285714285734,1
8098-TDCBU,3,3,3,42,25-48m,1,Yes,0,0,2,25.25,1108.2,-1.1357142857142861,0
3551-GAEGL,2,1,1,34,25-48m,0,No phone service,0,1,2,30.4,938.65,2.7926470588235297,0
4785-NKHCX,1,1,3,5,0-6m,1,No,0,0,1,20.05,94.15,1.2199999999999989,0
3196-NVXLZ,1,4,2,25,25-48m,1,Yes,1,1,4,84.6,2088.05,1.0779999999999887,0
6275-YDUVO,1,4,2,2,0-6m,1,No,1,2,4,86.2,178.7,-3.1499999999999915,1
0036-IHMOT,2,1,2,55,49-60m,1,No,1,5,7,103.7,5656.75,0.8500000000000085,0
0115-TFERT,1,3,2,21,13-24m,1,Yes,1,5,8,111.2,2317.1,0.8619047619047677,1
4178-EGMON,3,2,2,70,61m+,1,Yes,1,3,6,88.0,5986.45,2.479285714285723,0
4220-TINQT,1,3,2,61,61m+,1,Yes,1,4,7,106.35,6751.35,-4.327868852459034,0
5318-YKDPV,3,2,1,43,25-48m,1,No,1,5,7,79.15,3566.6,-3.7941860465116264,0
7975-TZMLR,2,3,2,47,25-48m,1,Yes,1,4,7,103.1,4889.3,-0.9276595744680947,0
0295-QVKPB,1,2,1,5,0-6m,1,No,1,3,5,63.95,318.1,0.3299999999999983,0
4335-BSMJS,3,2,3,62,61m+,1,Yes,1,0,2,25.8,1563.95,0.5749999999999993,0
2311-QYMUQ,1,2,2,16,13-24m,1,No,1,3,5,89.45,1430.25,0.05937500000000284,1
3643-AHCFP,1,1,2,7,7-12m,1,Yes,1,2,5,95.6,644.35,3.549999999999997,1
9146-JRIOX,1,4,3,14,13-24m,1,Yes,0,0,2,25.55,372.45,-1.053571428571427,0
3104-OWCGK,2,3,2,60,49-60m,1,No,0,3,5,90.95,5453.4,0.060000000000002274,1
5337-IIWKZ,1,3,1,34,25-48m,0,No phone service,1,3,4,44.85,1442.6,2.420588235294119,0
9101-BWFSS,2,3,2,50,49-60m,1,Yes,0,5,8,108.55,5610.7,-3.6640000000000015,1
9650-VBUOG,3,2,3,38,25-48m,1,Yes,0,0,2,25.05,963.95,-0.3171052631578952,0
3487-EARAT,2,2,1,70,61m+,1,No,0,5,7,74.1,5222.3,-0.5042857142857287,0
2672-TGEFF,1,3,2,37,25-48m,1,Yes,1,2,5,88.8,3340.55,-1.4851351351351383,0
9231-ZJYAM,1,3,2,4,0-6m,1,No,1,1,3,78.85,292.8,5.6499999999999915,1
4250-WAROZ,1,3,2,60,49-60m,1,Yes,1,3,6,93.25,5774.55,-2.992500000000007,0
8184-WMOFI,2,2,1,62,61m+,1,No,0,4,6,71.4,4487.3,-0.9758064516128968,0
6982-SSHFK,1,4,1,1,0-6m,1,No,0,0,2,44.4,44.4,0.0,1
6092-QZVPP,1,2,1,36,25-48m,1,No,1,5,7,79.2,2854.95,-0.10416666666665719,0
4625-LAMOB,3,2,3,44,25-48m,1,No,0,0,1,20.4,905.55,-0.18068181818181728,0
0727-BMPLR,2,3,2,55,49-60m,1,Yes,1,3,6,100.0,5509.3,-0.16909090909091162,1
0392-BZIUW,3,2,2,72,61m+,1,Yes,1,4,7,105.0,7589.8,-0.4138888888888914,0
1038-ZAGBI,2,1,3,12,7-12m,1,No,0,0,1,19.8,229.6,0.6666666666666679,1
6549-NNDYT,1,1,1,13,13-24m,0,No phone service,1,1,2,30.85,394.1,0.5346153846153854,0
3027-ZTDHO,1,3,2,1,0-6m,1,No,1,2,4,89.9,89.9,0.0,1
0422-OHQHQ,2,4,3,15,13-24m,1,No,0,0,1,20.55,295.95,0.8200000000000003,0
6916-HIJSE,3,1,1,65,61m+,1,No,1,6,8,84.85,5459.2,0.8623076923076951,0
2316-ESMLS,2,2,1,12,7-12m,0,No phone service,0,2,3,33.15,444.75,-3.9125000000000014,0
9778-OGKQZ,3,2,1,72,61m+,1,Yes,1,6,9,92.0,6782.15,-2.1965277777777743,0
7408-OFWXJ,3,2,1,72,61m+,1,Yes,0,6,9,89.8,6510.45,-0.6229166666666686,0
6007-TCTST,3,1,2,72,61m+,1,Yes,1,6,9,115.8,8476.5,-1.9291666666666742,0
2252-NKNSI,3,4,1,52,49-60m,1,Yes,1,5,8,85.15,4461.85,-0.6548076923076991,0
8713-IGZSO,1,4,3,2,0-6m,1,Yes,0,0,2,24.85,62.0,-6.149999999999999,0
7905-TVXTA,1,3,1,5,0-6m,1,No,1,3,5,64.35,352.65,-6.180000000000007,0
7695-PKLCZ,3,2,3,68,61m+,1,No,0,0,1,20.5,1424.9,-0.45441176470588474,0
2382-BCKQJ,2,3,2,62,61m+,1,Yes,1,3,6,100.15,6413.65,-3.2959677419354705,1
8374-UULRV,3,2,1,72,61m+,1,Yes,0,5,8,86.05,6309.65,-1.5840277777777771,0
2207-NHRJK,1,3,1,1,0-6m,1,No,0,1,3,50.8,50.8,0.0,1
3224-DFQNQ,2,3,2,66,61m+,1,Yes,0,3,6,89.0,5898.6,-0.3727272727272748,0
5275-PMFUT,3,2,1,72,61m+,0,No phone service,1,6,7,64.8,4719.75,-0.7520833333333314,0
4795-UXVCJ,2,2,3,26,25-48m,1,No,0,0,1,19.8,457.3,2.2115384615384635,0
9777-IQHWP,3,1,2,64,61m+,1,Yes,0,3,6,93.4,5822.3,2.426562500000003,0
0947-MUGVO,1,3,2,20,13-24m,1,No,1,1,3,73.65,1463.5,0.4750000000000085,1
9944-HKVVB,1,3,2,3,0-6m,1,No,1,3,5,95.1,307.4,-7.36666666666666,1
4124-MMETB,1,2,2,22,13-24m,1,Yes,1,2,5,94.65,2104.55,-1.0113636363636402,1
3671-SHRSP,1,4,2,4,0-6m,1,No,1,2,4,80.6,319.15,0.8125,1
0979-MOZQI,3,1,1,62,61m+,0,No phone service,1,2,3,39.0,2337.45,1.2991935483871018,0
2732-ISEZX,1,4,3,5,0-6m,1,No,1,0,1,20.5,104.3,-0.35999999999999943,0
3313-QKNKB,2,3,2,59,49-60m,1,Yes,0,1,4,85.55,5084.65,-0.6305084745762741,1
0323-XWWTN,3,4,3,3,0-6m,1,Yes,1,0,2,26.4,121.25,-14.016666666666666,0
1937-OTUKY,3,1,2,72,61m+,1,Yes,1,4,7,98.2,7015.9,0.7569444444444571,0
1573-LGXBA,2,2,2,57,49-60m,1,No,1,4,6,97.55,5598.0,-0.6605263157894825,0
1764-VUUMT,3,2,3,66,61m+,1,No,0,0,1,19.95,1269.1,0.7212121212121225,0
5073-WXOYN,1,3,1,60,49-60m,0,No phone service,1,3,4,50.8,3027.4,0.3433333333333266,1
4713-ZBURT,3,1,2,45,25-48m,1,Yes,0,3,6,99.7,4634.35,-3.285555555555561,0
3050-GBUSH,1,2,1,3,0-6m,0,No phone service,1,1,2,34.8,113.95,-3.183333333333337,0
0207-MDKNV,1,3,2,15,13-24m,1,No,0,5,7,105.1,1582.75,-0.4166666666666714,1
7876-AEHIG,2,1,1,51,49-60m,0,No phone service,0,5,6,60.15,3077.0,-0.18333333333333712,0
7945-HLKEA,2,3,1,60,49-60m,1,Yes,0,3,6,64.75,4039.5,-2.575000000000003,0
9342-VNIMQ,1,1,1,33,25-48m,1,Yes,1,1,4,54.65,1665.2,4.189393939393938,0
9851-KIELU,1,3,2,10,7-12m,1,No,1,6,8,110.1,1043.3,5.769999999999996,1
3523-BRGUW,2,2,3,26,25-48m,1,No,0,0,1,19.3,504.2,-0.09230769230769198,0
3908-BLSYF,1,3,2,6,0-6m,1,No,0,2,4,83.9,497.55,0.9750000000000085,1
3199-NPKCN,2,3,2,67,61m+,1,Yes,1,5,8,111.25,7511.65,-0.8641791044775999,0
5170-PTRKA,2,2,1,49,49-60m,0,No phone service,1,2,3,35.8,1782.0,-0.5673469387755148,0
4661-NJEUX,1,4,3,1,0-6m,1,No,1,0,1,20.05,20.05,0.0,0
2123-AGEEN,1,3,2,7,7-12m,1,No,1,2,4,84.35,609.65,-2.7428571428571473,0
1258-YMZNM,2,1,2,27,25-48m,1,Yes,1,5,8,110.5,2857.6,4.662962962962965,0
0048-LUMLS,2,2,2,37,25-48m,1,No,0,2,4,91.2,3247.55,3.428378378378383,0
7549-MYGPK,1,3,2,63,61m+,1,Yes,1,4,7,100.55,6215.35,1.893650793650778,1
5898-IGSLP,1,3,2,31,25-48m,1,Yes,0,3,6,89.3,2823.0,-1.764516129032259,0
3804-RVTGV,1,1,2,50,49-60m,1,Yes,1,4,7,103.85,5017.9,3.4920000000000044,1
6259-WJQLC,1,2,2,32,25-48m,1,Yes,1,1,4,81.1,2619.25,-0.7515625000000057,0
9227-LUNBG,1,3,1,1,0-6m,0,No phone service,0,0,1,24.6,24.6,0.0,1
7997-EASSD,2,2,2,63,61m+,1,Yes,1,1,4,81.2,4965.1,2.3888888888888857,0
0730-KOAVE,1,2,2,30,25-48m,1,Yes,1,3,6,94.3,2679.7,4.976666666666674,0
8975-SKGRX,3,1,2,71,61m+,1,Yes,1,6,9,116.1,8310.55,-0.9499999999999886,0
0678-RLHVP,3,3,2,53,49-60m,1,Yes,0,4,7,105.55,5682.25,-1.6622641509434004,0
4315-MURBD,1,1,2,12,7-12m,1,No,1,4,6,98.9,1120.95,5.487499999999997,1
2267-FPIMA,1,2,2,50,49-60m,1,Yes,1,3,6,94.4,4914.9,-3.897999999999982,0
1051-GEJLJ,1,4,3,2,0-6m,1,No,0,0,1,19.5,27.55,5.725,0
9734-YWGEX,1,2,2,9,7-12m,1,Yes,0,3,6,98.3,923.5,-4.311111111111117,1
2719-BDAQO,1,3,2,17,13-24m,1,No,0,3,5,93.85,1625.65,-1.7764705882352985,1
5285-MVEHD,2,2,2,56,49-60m,1,No,1,5,7,105.6,6068.65,-2.768749999999997,0
0379-DJQHR,3,2,1,67,61m+,1,No,0,5,7,81.35,5398.6,0.7738805970149087,0
0781-LKXBR,1,3,2,9,7-12m,1,Yes,1,3,6,100.5,918.6,-1.5666666666666629,1
5543-QDCRY,1,3,1,4,0-6m,1,No,1,1,3,56.4,234.85,-2.3125,0
0297-RBCSG,2,1,1,19,13-24m,1,No,1,3,5,65.35,1231.85,0.5157894736842081,0
4694-PHWFW,1,4,3,8,7-12m,1,No,0,0,1,19.95,170.9,-1.4125000000000014,0
0835-JKADZ,3,3,2,71,61m+,1,Yes,1,5,8,111.25,7984.15,-1.2028169014084398,0
1907-UBQFC,1,3,2,10,7-12m,1,No,1,1,3,72.85,688.65,3.9849999999999994,1
7508-SMHXL,1,2,2,15,13-24m,1,Yes,0,2,5,89.0,1288.3,3.1133333333333297,0
3865-YIOTT,2,1,2,72,61m+,1,Yes,1,4,7,106.1,7848.5,-2.9069444444444485,0
5993-BQHEA,2,2,3,12,7-12m,1,No,0,0,1,20.05,267.0,-2.1999999999999993,0
6024-RUGGH,3,1,3,72,61m+,1,Yes,1,0,2,25.2,1798.9,0.21527777777777501,0
6513-EECDB,1,3,2,1,0-6m,1,Yes,1,0,3,73.55,73.55,0.0,1
3956-CJUST,1,1,2,23,13-24m,1,No,1,1,3,75.4,1643.55,3.9413043478260903,0
4079-WWQQQ,3,1,1,72,61m+,0,No phone service,1,6,7,65.55,4807.45,-1.2201388888888829,0
6103-BOCOU,1,3,2,26,25-48m,1,Yes,1,1,4,80.7,2193.0,-3.6461538461538368,0
5149-TGWDZ,2,4,2,21,13-24m,1,No,1,5,7,104.55,2239.4,-2.0880952380952493,0
7471-WNSUF,2,1,3,60,49-60m,1,Yes,0,0,2,24.15,1505.9,-0.9483333333333377,0
8942-DBMHZ,1,4,3,12,7-12m,1,No,0,0,1,20.45,255.35,-0.8291666666666657,0
4301-VVZKA,1,3,2,16,13-24m,1,Yes,1,0,3,75.4,1189.4,1.0625,0
9199-PWQVC,2,2,1,63,61m+,1,Yes,1,4,7,79.7,4786.15,3.729365079365081,0
4824-GUCBY,1,3,2,22,13-24m,1,No,0,2,4,81.7,1820.9,-1.068181818181813,0
5393-HJZSM,1,1,1,32,25-48m,1,No,0,5,7,76.3,2404.15,1.1703124999999943,0
7074-IEVOJ,1,3,2,3,0-6m,1,Yes,1,1,4,79.4,205.05,11.049999999999997,1
9625-QSTYE,1,3,2,13,13-24m,1,No,1,2,4,81.15,952.3,7.896153846153851,1
0862-PRCBS,3,2,2,68,61m+,1,Yes,1,4,7,103.75,7039.45,0.22867647058824048,0
8812-ZRHFP,2,3,2,30,25-48m,1,No,0,2,4,86.45,2538.05,1.8483333333333292,0
5146-CBVOE,1,1,2,16,13-24m,1,No,0,1,3,75.1,1212.85,-0.703125,0
0454-OKRCT,3,1,2,33,25-48m,1,No,0,2,4,80.6,2651.1,0.26363636363636545,0
5787-KXGIY,3,2,3,72,61m+,1,No,0,0,1,19.3,1304.8,1.1777777777777807,0
4750-ZRXIU,1,3,2,4,0-6m,1,Yes,1,1,4,84.6,360.1,-5.425000000000011,1
4198-VFOEA,2,4,1,12,7-12m,0,No phone service,1,2,3,33.6,435.45,-2.6875,0
6630-UJZMY,1,3,2,4,0-6m,1,Yes,1,1,4,83.25,308.05,6.237499999999997,0
5709-LVOEQ,3,4,1,0,0-6m,1,No,0,5,7,80.85,0.0,0.0,0
6400-BWQKW,1,3,2,6,0-6m,1,Yes,1,1,4,79.05,434.5,6.633333333333326,1
2692-AQCPF,2,2,2,65,61m+,1,Yes,1,5,8,108.05,7118.9,-1.471538461538458,0
0347-UBKUZ,1,4,3,15,13-24m,1,No,0,0,1,19.9,320.45,-1.4633333333333347,0
0835-DUUIQ,2,1,3,24,13-24m,1,No,0,0,1,21.05,531.55,-1.0979166666666629,0
0811-GSDTP,1,3,1,13,13-24m,0,No phone service,0,1,2,30.15,382.2,0.75,0
7567-ECMCM,1,2,2,24,13-24m,1,No,1,1,3,79.85,2001.0,-3.5250000000000057,0
6115-ZTBFQ,3,1,1,72,61m+,0,No phone service,0,6,7,65.5,4919.7,-2.8291666666666657,0
6353-BRMMA,1,1,2,54,49-60m,1,Yes,1,4,7,104.1,5645.8,-0.45185185185185617,0
6680-WKXRZ,1,1,2,3,0-6m,1,Yes,0,0,3,74.4,215.8,2.4666666666666686,1
6231-WFGFH,1,4,3,4,0-6m,1,No,1,0,1,20.5,77.6,1.1000000000000014,0
9904-EHEVJ,1,4,2,32,25-48m,1,Yes,1,2,5,91.35,2896.55,0.8328124999999886,0
7028-DVOIQ,1,3,2,35,25-48m,1,Yes,1,3,6,99.05,3395.8,2.0271428571428487,1
6169-PPETC,3,1,3,35,25-48m,1,No,0,0,1,20.5,759.35,-1.1957142857142848,0
4208-UFFGW,1,4,1,2,0-6m,1,No,0,0,2,44.95,85.15,2.375,1
8584-KMVXD,1,3,2,8,7-12m,1,No,0,1,3,75.6,535.55,8.65625,0
8467-WYNSR,1,4,1,22,13-24m,1,No,0,2,4,55.1,1253.15,-1.8613636363636417,0
0851-DFJKB,1,3,1,15,13-24m,1,No,0,3,5,58.95,955.15,-4.7266666666666595,0
5382-SOYZL,1,3,2,22,13-24m,1,Yes,1,2,5,95.1,2162.6,-3.200000000000003,0
9448-REEVD,1,2,1,1,0-6m,1,No,0,0,2,44.7,44.7,0.0,1
3261-CQXOL,3,1,3,71,61m+,1,Yes,0,0,2,25.45,1813.35,-0.09014084507042242,0
8388-FYNPZ,1,3,1,4,0-6m,1,No,0,2,4,56.75,245.15,-4.537500000000001,0
4002-BQWPQ,1,1,1,25,25-48m,1,Yes,0,5,8,81.75,2028.8,0.597999999999999,0
5651-YLPRD,1,3,2,32,25-48m,1,No,1,2,4,86.1,2723.75,0.9828124999999943,0
2826-DXLQO,1,1,1,7,7-12m,0,No phone service,0,1,2,29.8,220.45,-1.6928571428571395,0
4378-BZYFP,2,4,3,17,13-24m,1,No,1,0,1,20.5,365.8,-1.0176470588235311,0
9489-UTFKA,1,1,1,8,7-12m,1,No,0,2,4,60.9,551.95,-8.093750000000007,0
4849-PYRLQ,3,1,1,56,49-60m,1,Yes,0,4,7,73.25,4054.2,0.8535714285714278,0
9117-SHLZX,1,4,1,1,0-6m,1,No,1,0,2,45.7,45.7,0.0,1
9889-TMAHG,1,2,2,8,7-12m,1,No,0,4,6,100.3,832.35,-3.7437500000000057,1
4541-RMRLG,1,3,3,7,7-12m,1,No,0,0,1,19.25,112.3,3.207142857142859,1
7764-BDPEE,1,4,3,3,0-6m,1,No,0,0,1,20.85,60.65,0.6333333333333364,0
3429-IFLEM,3,2,1,71,61m+,1,No,0,5,7,77.35,5550.1,-0.8204225352112786,0
3158-MOERK,1,3,2,2,0-6m,1,Yes,1,2,5,96.0,174.8,8.599999999999994,1
7294-TMAOP,1,3,2,1,0-6m,1,No,0,2,4,90.55,90.55,0.0,1
5002-GCQFH,1,1,2,49,49-60m,1,Yes,1,3,6,93.85,4733.1,-2.743877551020418,0
0556-FJEGU,3,1,1,58,49-60m,1,No,0,4,6,70.1,4048.95,0.29051724137930535,0
8919-FYFQZ,1,3,1,44,25-48m,0,No phone service,1,1,2,30.35,1359.7,-0.5522727272727259,1
0604-THJFP,3,2,1,59,49-60m,1,No,1,4,6,75.95,4542.35,-1.0389830508474631,0
2834-JRTUA,3,3,2,71,61m+,1,Yes,1,5,8,108.05,7532.15,1.9633802816901493,1
5875-YPQFJ,1,3,2,1,0-6m,1,No,1,0,2,69.9,69.9,0.0,1
5879-SESNB,1,3,2,11,7-12m,1,Yes,0,0,3,75.25,888.65,-5.536363636363632,0
6646-QVXLR,2,3,2,62,61m+,1,Yes,1,4,7,103.75,6383.35,0.7927419354838605,1
6461-PPAXN,2,1,1,35,25-48m,1,No,1,2,4,54.95,1916.0,0.20714285714286262,0
3318-ISQFQ,1,1,3,20,13-24m,1,No,1,0,1,19.5,413.0,-1.1499999999999986,0
1106-HRLKZ,3,4,3,40,25-48m,1,No,0,0,1,19.6,808.95,-0.6237500000000011,0
2483-XSSMZ,2,3,1,39,25-48m,1,No,1,1,3,47.85,1886.4,-0.5192307692307736,0
8603-IJWDN,1,3,2,1,0-6m,1,Yes,1,1,4,86.6,86.6,0.0,1
8165-ZJRNM,3,1,3,72,61m+,1,Yes,0,0,2,23.75,1679.25,0.42708333333333215,0
9369-XFEHK,1,1,2,33,25-48m,1,Yes,1,1,4,80.6,2656.5,0.09999999999999432,1
2604-XVDAM,1,1,1,12,7-12m,1,No,0,0,2,43.8,540.95,-1.2791666666666757,0
3717-OFRTN,1,1,3,1,0-6m,1,No,0,0,1,19.75,19.75,0.0,0
9046-JBFWA,1,4,3,27,25-48m,1,No,0,0,1,19.15,537.35,-0.7518518518518533,0
3280-NMUVX,2,2,3,34,25-48m,1,No,0,0,1,19.6,678.8,-0.3647058823529399,0
1206-EHBDD,3,1,2,56,49-60m,1,No,0,2,4,80.3,4513.65,-0.3008928571428555,0
8361-LBRDI,3,2,3,58,49-60m,1,Yes,0,0,2,24.35,1423.85,-0.1991379310344783,0
4883-KCPZJ,3,2,3,22,13-24m,1,Yes,0,0,2,25.25,555.4,0.004545454545453964,0
9108-EQPNQ,3,2,3,10,7-12m,1,Yes,0,0,2,26.1,225.55,3.5450000000000017,0
7277-KAMWT,3,2,3,13,13-24m,1,No,0,0,1,20.0,268.45,-0.6499999999999986,0
3842-IYKUE,1,2,2,35,25-48m,1,Yes,0,2,5,85.3,2917.5,1.942857142857136,1
6641-XRPSU,1,2,2,34,25-48m,1,No,1,0,2,70.0,2416.1,-1.0617647058823536,1
1374-DMZUI,1,3,2,4,0-6m,1,Yes,1,2,5,94.3,424.45,-11.8125,1
2545-LXYVJ,3,1,3,72,61m+,1,No,0,0,1,20.7,1492.1,-0.023611111111112137,0
3234-VKACU,1,3,1,2,0-6m,1,No,0,3,5,70.3,132.4,4.099999999999994,0
8357-EQXFO,1,3,2,7,7-12m,1,No,1,3,5,95.35,660.9,0.9357142857142833,1
1989-PRJHP,1,3,2,27,25-48m,1,Yes,1,0,3,75.5,1893.95,5.353703703703701,1
8120-JDCAM,1,4,2,4,0-6m,1,No,1,0,2,69.55,284.9,-1.6749999999999972,0
8917-FAEMR,3,4,3,37,25-48m,1,No,0,0,1,19.85,784.25,-1.345945945945946,0
7047-YXDMZ,1,4,3,21,13-24m,1,No,0,0,1,20.0,417.7,0.10952380952381091,0
2858-EIMXH,2,2,2,53,49-60m,1,Yes,1,2,5,95.85,5016.25,1.2037735849056617,0
9524-EGPJC,1,3,2,18,13-24m,1,Yes,1,2,5,90.1,1612.75,0.5027777777777658,1
6993-OHLXR,1,3,2,2,0-6m,1,No,0,0,2,68.95,119.75,9.075000000000003,1
8818-XYFCQ,1,2,2,32,25-48m,1,Yes,1,3,6,99.55,3204.65,-0.5953125000000057,1
6419-ZTTLE,2,3,3,23,13-24m,1,No,1,0,1,20.75,485.2,-0.3456521739130416,0
0929-HYQEW,1,4,1,3,0-6m,1,No,1,1,3,50.15,160.85,-3.4666666666666686,0
6614-YOLAC,3,4,1,71,61m+,0,No phone service,0,5,6,58.65,4145.25,0.26619718309859053,0
7426-RHZGU,1,1,2,9,7-12m,1,No,1,3,5,95.9,827.45,3.9611111111111086,0
4065-JJAVA,1,3,1,1,0-6m,1,No,0,1,3,49.5,49.5,0.0,0
4695-VADHF,1,3,1,18,13-24m,1,No,0,2,4,57.45,990.85,2.4027777777777786,1
3863-IUBJR,2,2,1,12,7-12m,1,No,0,1,3,53.65,696.35,-4.37916666666667,1
7649-SIJJF,3,4,1,71,61m+,1,Yes,1,5,8,80.1,5585.4,1.4323943661971867,0
9361-YNQWJ,2,1,3,64,61m+,1,Yes,1,0,2,24.4,1601.2,-0.6187500000000021,0
3748-FVMZZ,1,3,1,4,0-6m,0,No phone service,1,2,3,40.05,162.45,-0.5625,0
9391-TTOYH,1,4,3,23,13-24m,1,No,1,0,1,19.5,470.2,-0.9434782608695649,0
1452-XRSJV,1,2,1,39,25-48m,1,No,0,1,3,51.05,2066.0,-1.9243589743589737,0
3422-WJOYD,2,4,1,28,25-48m,1,No,0,2,4,54.35,1426.45,3.4053571428571416,0
8242-SOQUO,1,3,2,5,0-6m,1,No,1,2,4,84.7,392.5,6.200000000000003,0
7460-ITWWP,1,3,2,45,25-48m,1,No,1,2,4,86.1,3861.45,0.28999999999999204,0
7147-AYBAA,1,4,2,37,25-48m,1,No,1,0,2,70.35,2552.9,1.3527027027027003,0
7868-TMWMZ,3,1,2,60,49-60m,1,No,1,6,8,110.0,6668.35,-1.139166666666668,0
4822-RVYBB,1,3,2,8,7-12m,1,Yes,1,3,6,100.6,819.4,-1.8250000000000028,1
6732-FZUGP,2,2,2,47,25-48m,1,Yes,0,3,6,94.9,4615.25,-3.296808510638286,0
8436-BJUMM,1,3,2,26,25-48m,1,Yes,1,1,4,83.75,2070.6,4.1115384615384585,1
4184-TJFAN,1,4,2,3,0-6m,1,No,1,3,5,88.3,273.75,-2.950000000000003,1
8329-GWVPJ,1,1,2,50,49-60m,1,No,1,0,2,69.75,3557.7,-1.4039999999999964,0
1352-VHKAJ,1,1,1,27,25-48m,1,Yes,0,3,6,71.6,1957.1,-0.8851851851851933,0
4145-UQXUQ,1,3,2,8,7-12m,1,No,1,3,5,92.1,729.95,0.8562499999999886,1
2632-TACXW,3,1,3,62,61m+,1,Yes,0,0,2,23.65,1416.75,0.7991935483870947,0
8146-QQKZH,3,1,1,71,61m+,1,No,0,5,7,81.85,5924.4,-1.5922535211267643,0
1767-CJKBA,3,4,3,66,61m+,1,Yes,0,0,2,25.1,1697.7,-0.6227272727272712,0
6445-TNRXS,3,1,2,68,61m+,1,Yes,1,6,9,114.7,7849.85,-0.7389705882352899,0
4581-LNWUM,1,3,1,13,13-24m,0,No phone service,0,3,4,49.15,649.4,-0.8038461538461519,0
4869-EPIUS,2,3,2,56,49-60m,1,No,1,1,3,80.9,4557.5,-0.4839285714285637,0
9948-YPTDG,1,3,2,38,25-48m,1,No,1,2,4,79.45,3013.05,0.15921052631578902,1
1236-WFCDV,1,2,2,14,13-24m,1,No,0,2,4,90.45,1266.1,0.014285714285719564,1
1915-OAKWD,2,1,3,16,13-24m,1,No,1,0,1,19.3,360.35,-3.2218750000000007,0
7296-PIXQY,1,3,2,14,13-24m,1,No,0,0,2,70.2,1046.5,-4.549999999999997,0
4883-QICIH,1,1,2,32,25-48m,1,No,1,0,2,69.75,2347.9,-3.621875000000003,1
3354-OADJP,2,1,1,8,7-12m,1,No,0,2,4,54.25,447.75,-1.71875,0
3524-WQDSG,1,1,2,43,25-48m,1,Yes,1,3,6,99.3,4209.95,1.394186046511635,0
0810-DHDBD,2,2,1,52,49-60m,1,Yes,0,4,7,74.0,3877.65,-0.5701923076923094,0
4026-SKKHW,1,4,1,3,0-6m,1,No,1,1,3,50.25,152.3,-0.5166666666666728,0
2829-HYVZP,2,4,3,29,25-48m,1,No,1,0,1,19.8,572.2,0.06896551724137723,0
8329-IBCTI,1,4,3,1,0-6m,1,No,0,0,1,19.65,19.65,0.0,1
1271-SJBGZ,1,3,1,12,7-12m,0,No phone service,1,3,4,43.65,526.95,-0.26250000000000284,1
3845-JHAMY,1,2,1,16,13-24m,0,No phone service,1,1,2,35.5,552.7,0.9562499999999972,0
7013-PSXHK,2,4,1,40,25-48m,1,Yes,1,4,7,80.75,3208.65,0.5337499999999977,0
5669-SRAIP,1,3,1,5,0-6m,0,No phone service,0,2,3,39.5,210.75,-2.6499999999999986,1
5981-ITEMU,1,1,2,40,25-48m,1,Yes,1,2,5,97.1,3706.95,4.426249999999996,1
3486-NPGST,2,4,3,36,25-48m,1,No,0,0,1,19.55,620.75,2.3069444444444436,0
6941-PMGEP,1,3,2,5,0-6m,1,No,1,1,3,80.0,412.5,-2.5,1
1624-WOIWJ,1,4,2,10,7-12m,1,No,1,2,4,84.7,832.05,1.4950000000000045,1
2074-GKOWZ,1,1,2,2,0-6m,1,No,1,2,4,89.55,185.55,-3.2250000000000085,1
0376-YMCJC,1,3,2,23,13-24m,1,Yes,1,2,5,90.6,1943.2,6.113043478260863,1
6100-FJZDG,2,1,3,26,25-48m,1,No,1,0,1,20.05,505.9,0.5923076923076955,0
4829-ZLJTK,3,3,2,72,61m+,1,Yes,1,5,8,112.4,8046.85,0.6381944444444514,0
1730-VFMWO,1,1,1,34,25-48m,1,No,0,1,3,50.2,1815.3,-3.191176470588232,0
7143-BQIBA,1,1,1,10,7-12m,1,No,0,3,5,62.25,612.95,0.9549999999999983,0
3800-LYTRK,2,4,1,14,13-24m,1,No,0,2,4,55.7,795.15,-1.096428571428568,0
0634-SZPQA,1,1,2,23,13-24m,1,Yes,1,2,5,90.05,2169.8,-4.289130434782621,1
9646-NMHXE,3,4,3,47,25-48m,1,No,0,0,1,19.65,973.1,-1.0542553191489397,0
7030-NJVDP,1,3,2,24,13-24m,1,No,1,3,5,89.25,2210.2,-2.8416666666666544,0
5536-RTPWK,1,1,2,49,49-60m,1,Yes,1,3,6,99.05,4853.75,-0.006122448979596129,1
8883-GRDWQ,2,4,1,20,13-24m,1,No,0,2,4,54.0,1055.9,1.2049999999999983,0
6166-ILMNY,1,1,2,2,0-6m,1,No,0,0,2,69.75,144.55,-2.5250000000000057,1
3097-NNSPB,1,2,1,2,0-6m,1,No,1,1,3,49.05,91.1,3.5,1
7771-ZONAT,3,1,1,22,13-24m,0,No phone service,0,4,5,56.75,1304.85,-2.5613636363636303,0
0655-RBDUG,1,1,2,7,7-12m,1,Yes,1,3,6,98.05,713.0,-3.807142857142864,1
2111-DWYHN,1,4,3,1,0-6m,1,No,0,0,1,21.1,21.1,0.0,0
4194-WHFCB,1,1,2,59,49-60m,1,Yes,1,3,6,96.65,5580.8,2.0601694915254285,0
4121-AGSIN,2,2,3,58,49-60m,1,Yes,1,0,2,24.5,1497.9,-1.3258620689655203,0
4361-BKAXE,1,1,2,41,25-48m,1,Yes,1,6,9,114.5,4527.45,4.074390243902442,1
9845-PEEKO,3,2,2,59,49-60m,1,Yes,1,1,4,79.2,4590.35,1.3974576271186407,0
0455-XFASS,1,3,2,3,0-6m,1,No,1,0,2,69.55,200.2,2.816666666666663,0
0301-KOBTQ,3,1,3,32,25-48m,1,No,1,0,1,20.05,614.45,0.8484374999999993,0
1751-NCDLI,1,3,2,46,25-48m,1,Yes,1,3,6,98.85,4564.9,-0.38695652173912265,0
4367-NUYAO,3,4,3,0,0-6m,1,Yes,0,0,2,25.75,0.0,0.0,0
9878-TNQGW,1,3,2,2,0-6m,1,No,1,1,3,80.95,171.15,-4.625,1
9170-ARBTB,2,2,3,52,49-60m,1,No,0,0,1,19.6,1012.4,0.13076923076923208,0
4441-NIHPT,1,3,2,13,13-24m,1,No,1,1,3,74.3,940.35,1.9653846153846075,1
8999-BOHSE,1,1,2,11,7-12m,1,No,0,2,4,89.7,1047.7,-5.545454545454547,1
7241-AJHFS,1,1,2,32,25-48m,1,Yes,0,2,5,87.65,2766.4,1.2000000000000028,0
7029-RPUAV,1,2,2,17,13-24m,1,Yes,1,3,6,100.45,1622.45,5.0117647058823565,1
4546-FOKWR,1,2,2,16,13-24m,1,Yes,1,0,3,74.75,1129.35,4.165625000000006,0
9036-CSKBW,2,1,2,51,49-60m,1,Yes,0,5,8,107.45,5680.9,-3.940196078431356,0
5832-TRLPB,2,1,1,29,25-48m,1,No,1,4,6,75.35,2243.9,-2.025862068965523,0
8590-YFFQO,3,2,1,70,61m+,1,No,0,4,6,64.95,4523.25,0.3321428571428555,0
8659-IOOPU,3,3,2,71,61m+,1,Yes,0,4,7,100.45,7159.7,-0.3908450704225288,0
1338-CECEE,2,1,1,41,25-48m,1,Yes,0,3,6,68.5,2839.95,-0.767073170731706,0
7439-DKZTW,1,3,2,1,0-6m,1,No,1,1,3,80.55,80.55,0.0,0
4646-QZXTF,1,1,1,7,7-12m,1,No,0,5,7,81.25,580.1,-1.6214285714285808,0
4607-CHPCA,2,3,2,25,25-48m,1,No,1,2,4,90.4,2178.6,3.2560000000000144,1
9742-XOKTS,2,3,2,67,61m+,1,Yes,0,3,6,89.55,6038.55,-0.5776119402985103,0
6921-OZMFH,1,4,1,5,0-6m,1,Yes,1,1,4,55.7,259.4,3.8200000000000074,0
9578-FOMUK,1,3,3,15,13-24m,1,Yes,1,0,2,24.8,324.15,3.1900000000000013,0
4712-UYOOI,1,3,3,20,13-24m,1,No,0,0,1,20.0,417.65,-0.8825000000000003,0
8824-RWFXJ,1,4,1,3,0-6m,1,No,1,2,4,56.15,168.15,0.09999999999999432,1
7722-CVFXN,2,3,2,54,49-60m,1,Yes,1,4,7,105.2,5637.85,0.7953703703703638,0
8717-VCTXJ,2,4,3,42,25-48m,1,No,1,0,1,19.55,839.4,-0.4357142857142833,0
7363-QTBIW,1,3,2,9,7-12m,1,No,1,1,3,79.75,769.1,-5.705555555555563,0
4159-NAAIX,3,1,2,63,61m+,1,Yes,0,3,6,97.45,6253.0,-1.8039682539682502,0
0971-QIFJK,3,1,3,69,61m+,1,Yes,0,0,2,24.25,1641.8,0.4557971014492743,0
9397-TZSHA,3,2,3,69,61m+,1,Yes,0,0,2,24.6,1678.05,0.2804347826086975,0
3391-JSQEW,1,4,1,40,25-48m,1,No,1,1,3,50.15,2058.5,-1.3125,0
0343-QLUZP,3,1,1,60,49-60m,0,No phone service,0,3,4,39.6,2424.5,-0.80833333333333,0
9763-PDTKK,1,1,2,4,0-6m,1,No,1,4,6,94.4,387.2,-2.3999999999999915,1
2176-LVPNX,3,4,1,71,61m+,1,Yes,0,6,9,89.85,6293.45,1.2098591549295747,0
7627-JKIAZ,1,2,2,37,25-48m,1,Yes,1,1,4,78.95,2839.65,2.202702702702709,1
3312-UUMZW,1,2,2,32,25-48m,1,Yes,1,3,6,98.85,3145.9,0.5406249999999915,0
1271-UODNO,3,2,1,39,25-48m,1,Yes,1,1,4,53.85,2200.7,-2.57820512820512,0
8461-EFQYM,2,3,3,38,25-48m,1,Yes,1,0,2,24.25,914.4,0.1868421052631568,0
6900-RBKER,3,2,2,52,49-60m,1,Yes,1,2,5,89.45,4577.75,1.4163461538461632,0
6891-JPYFF,1,2,2,48,25-48m,1,Yes,1,4,7,105.25,4997.5,1.1354166666666714,0
1459-QNFQT,3,1,1,70,61m+,0,No phone service,0,5,6,59.5,4144.8,0.2885714285714229,0
1047-NNCBF,1,2,2,20,13-24m,1,No,0,0,2,70.55,1493.55,-4.127499999999998,0
3696-XRIEN,2,2,1,50,49-60m,1,Yes,1,5,8,82.5,4179.1,-1.0820000000000078,0
4081-DYXAV,2,2,1,19,13-24m,0,No phone service,1,2,3,44.85,893.55,-2.178947368421049,1
0074-HDKDG,2,1,1,25,25-48m,1,No,1,3,5,61.6,1611.0,-2.8399999999999963,0
8791-GFXLZ,1,1,1,12,7-12m,1,No,1,1,3,49.05,593.05,-0.37083333333333,0
8111-SLLHI,1,3,2,39,25-48m,1,Yes,1,4,7,105.65,4284.8,-4.216666666666669,1
0927-LCSMG,1,4,2,7,7-12m,1,No,0,1,3,74.65,544.55,-3.1428571428571246,1
9330-DHBFL,2,4,1,23,13-24m,1,No,1,4,6,66.25,1533.8,-0.436956521739134,0
0098-BOWSO,1,3,3,27,25-48m,1,No,1,0,1,19.4,529.8,-0.22222222222222143,0
3452-ABWRL,1,2,2,47,25-48m,1,Yes,1,1,4,86.05,3865.6,3.8031914893616943,0
5859-HZYLF,3,2,3,26,25-48m,1,No,1,0,1,19.15,515.75,-0.6865384615384613,0
8257-RZAHR,1,1,1,14,13-24m,1,Yes,1,2,5,64.7,941.0,-2.5142857142857054,1
5293-WXJAK,1,1,2,11,7-12m,1,Yes,1,4,7,104.05,1133.65,0.990909090909085,1
3156-QLHBO,1,4,3,2,0-6m,1,No,0,0,1,19.25,48.35,-4.925000000000001,0
2208-NQBCT,1,3,2,26,25-48m,1,No,0,2,4,81.95,2070.05,2.332692307692298,0
1779-PWPMG,3,1,2,72,61m+,1,Yes,1,6,9,114.65,8333.95,-1.09930555555556,0
6621-NRZAK,3,2,3,63,61m+,1,No,0,0,1,20.0,1209.25,0.8055555555555571,0
0831-JNISG,3,4,3,71,61m+,1,No,0,0,1,19.8,1396.25,0.13450704225352084,0
0774-IFUVM,1,1,1,11,7-12m,1,Yes,1,2,5,65.15,723.35,-0.6090909090909093,0
3082-WQRVY,2,4,3,14,13-24m,1,No,0,0,1,19.65,228.65,3.3178571428571395,0
9553-DLCLU,3,2,1,13,13-24m,1,Yes,0,6,9,88.95,1161.75,-0.41538461538461036,0
1641-BYBTK,1,4,3,6,0-6m,1,No,1,0,1,20.2,98.35,3.8083333333333336,0
2460-NGXBJ,1,2,2,11,7-12m,1,Yes,1,0,3,75.2,775.3,4.718181818181819,0
2446-ZKVAF,1,2,1,18,13-24m,1,Yes,0,1,4,56.8,1074.65,-2.9027777777777857,0
0841-NULXI,1,3,1,1,0-6m,0,No phone service,1,1,2,35.55,35.55,0.0,1
3522-CDKHF,1,1,2,32,25-48m,1,No,1,1,3,75.5,2324.7,2.8531250000000057,0
1430-SFQSA,2,4,1,29,25-48m,0,No phone service,0,2,3,35.6,1072.6,-1.3862068965517196,0
0411-EZJZE,1,3,1,3,0-6m,1,Yes,1,1,4,60.25,170.5,3.4166666666666643,0
7851-WZEKY,1,3,2,2,0-6m,1,Yes,1,2,5,95.15,196.9,-3.299999999999997,1
8844-TONUD,1,4,2,13,13-24m,1,No,1,3,5,96.65,1162.85,7.200000000000017,1
8807-ARQET,1,3,1,41,25-48m,0,No phone service,1,2,3,40.35,1677.85,-0.5731707317073145,0
8992-CEUEN,1,3,3,1,0-6m,1,No,0,0,1,18.85,18.85,0.0,0
4320-QMLLA,1,4,1,7,7-12m,1,No,0,1,3,54.85,370.4,1.9357142857142904,0
8777-PVYGU,2,4,1,52,49-60m,1,No,1,3,5,64.3,3410.6,-1.288461538461533,0
8292-ITGYJ,3,1,3,45,25-48m,1,Yes,1,0,2,24.65,1138.8,-0.6566666666666663,0
6870-ZWMNX,3,2,1,70,61m+,1,Yes,0,4,7,76.1,5264.25,0.8964285714285722,0
0621-CXBKL,3,4,3,53,49-60m,1,No,0,0,1,18.7,1005.7,-0.2754716981132077,0
5268-DSMNQ,2,2,2,62,61m+,1,Yes,1,3,6,97.95,5936.55,2.1991935483871003,0
5334-JLAXU,1,2,2,60,49-60m,1,Yes,1,3,6,94.1,5475.9,2.8349999999999937,0
4086-YQSNZ,1,3,2,3,0-6m,1,No,1,1,3,80.4,224.05,5.716666666666669,1
6242-MBHPK,1,3,2,23,13-24m,1,No,1,3,5,95.1,2326.05,-6.032608695652186,0
5868-CZJDR,1,4,1,1,0-6m,0,No phone service,1,1,2,31.35,31.35,0.0,1
9359-UGBTK,2,1,1,67,61m+,1,No,1,4,6,72.35,4991.5,-2.1500000000000057,0
0135-NMXAP,1,1,2,12,7-12m,1,Yes,1,2,5,89.75,1052.4,2.049999999999997,1
4782-OSFXZ,3,1,1,71,61m+,1,Yes,1,5,8,82.7,5831.2,0.5704225352112786,0
6479-OAUSD,2,2,3,25,25-48m,1,No,0,0,1,19.9,510.8,-0.5320000000000036,0
7129-ACFOG,1,3,1,5,0-6m,1,Yes,1,1,4,53.8,283.95,-2.990000000000002,0
4189-NAKJS,2,2,1,26,25-48m,1,Yes,1,0,3,51.55,1295.4,1.7269230769230717,0
5562-BETPV,2,4,3,1,0-6m,1,No,0,0,1,19.65,19.65,0.0,0
1282-IHQAC,2,2,1,70,61m+,0,No phone service,1,3,4,44.05,3011.65,1.0264285714285677,0
9127-FHJBZ,3,3,2,72,61m+,1,Yes,1,6,9,114.0,8093.15,1.595138888888897,0
6270-OMFIW,2,3,2,60,49-60m,1,No,1,3,5,94.4,5610.25,0.8958333333333428,1
1641-RQDAY,1,3,2,32,25-48m,1,Yes,1,3,6,100.4,3217.65,-0.15156249999999716,0
0107-WESLM,1,3,3,1,0-6m,1,No,1,0,1,19.85,19.85,0.0,1
6994-ORCWG,2,4,1,14,13-24m,1,Yes,1,1,4,54.25,773.2,-0.9785714285714349,0
1346-UFHAX,1,2,2,13,13-24m,1,Yes,1,1,4,80.0,1029.35,0.8192307692307708,0
3992-YWPKO,1,2,2,6,0-6m,1,Yes,1,5,8,109.9,669.45,-1.6749999999999972,1
2933-XEUJM,3,4,1,46,25-48m,1,Yes,0,4,7,79.2,3593.8,1.0739130434782567,0
0125-LZQXK,1,3,2,15,13-24m,1,No,1,4,6,101.35,1553.95,-2.2466666666666697,1
5461-QKNTN,1,3,2,43,25-48m,1,Yes,1,3,6,94.3,3953.15,2.366279069767444,0
4835-YSJMR,3,1,1,39,25-48m,1,No,1,1,3,49.8,1971.15,-0.7423076923076977,0
8399-YNDCH,1,1,1,21,13-24m,1,No,1,2,4,60.05,1236.15,1.1857142857142762,1
3164-YAXFY,1,3,1,57,49-60m,0,No phone service,1,4,5,53.75,3196.0,-2.3201754385964932,0
0887-WBJVH,2,3,2,53,49-60m,1,No,1,3,5,93.45,4872.2,1.5216981132075489,0
4660-IRIBM,1,4,2,18,13-24m,1,No,1,3,5,87.9,1500.5,4.538888888888891,0
5673-FSSMF,1,3,1,1,0-6m,1,Yes,1,1,4,60.15,60.15,0.0,1
7670-ZBPOQ,2,1,1,58,49-60m,1,Yes,1,2,5,61.05,3478.75,1.071551724137926,0
8089-UZWLX,3,1,2,71,61m+,1,Yes,0,3,6,104.05,7413.55,-0.36619718309859195,0
0080-OROZO,2,3,2,35,25-48m,1,No,1,4,6,99.25,3532.0,-1.664285714285711,0
3916-NRPAP,1,2,2,3,0-6m,1,No,0,2,4,85.7,256.75,0.11666666666667425,0
6807-SIWJI,2,3,2,38,25-48m,1,Yes,1,4,7,104.85,3887.25,2.553947368421049,0
8221-HVAYI,3,2,1,35,25-48m,1,Yes,1,4,7,69.15,2490.15,-1.9971428571428476,0
1579-KLYDT,1,3,2,7,7-12m,1,Yes,1,2,5,90.45,593.45,5.671428571428564,1
5232-NXPAY,3,4,1,47,25-48m,1,No,0,4,6,74.45,3510.3,-0.23723404255319736,0
8967-SZQAS,1,3,1,14,13-24m,1,No,0,1,3,50.45,765.45,-4.225000000000001,0
4468-KAZHE,1,3,1,20,13-24m,1,No,1,2,4,60.0,1259.35,-2.967499999999994,0
0455-ENTCR,3,3,1,66,61m+,1,Yes,0,5,8,85.25,5538.35,1.3356060606060538,0
8944-AILEF,1,2,3,15,13-24m,1,No,1,0,1,19.45,340.85,-3.273333333333337,0
5542-NKVRU,3,1,3,42,25-48m,1,No,1,0,1,20.75,844.45,0.644047619047619,0
7126-RBHSD,1,3,2,17,13-24m,1,Yes,0,1,4,78.9,1348.95,-0.45000000000000284,0
5370-IIVVL,2,2,2,37,25-48m,1,Yes,1,4,7,104.5,3778.0,2.3918918918918877,0
6789-HJBWG,1,3,1,12,7-12m,1,No,1,1,3,49.4,611.65,-1.5708333333333329,0
3927-NLNRY,2,1,2,53,49-60m,1,No,1,3,5,94.25,4867.95,2.401886792452828,1
9087-EYCPR,3,4,3,60,49-60m,1,Yes,0,0,2,25.0,1505.05,-0.08416666666666472,0
6791-YBNAK,1,2,1,18,13-24m,0,No phone service,0,0,1,25.55,467.85,-0.44166666666666643,0
6358-LYNGM,1,3,2,1,0-6m,1,Yes,1,0,3,74.9,74.9,0.0,1
6077-BDPXA,1,3,2,3,0-6m,1,No,1,0,2,70.15,194.2,5.416666666666671,0
0013-MHZWF,1,2,1,9,7-12m,1,No,1,3,5,69.4,571.45,5.9055555555555586,0
5494-HECPR,1,3,2,1,0-6m,1,No,1,1,3,80.25,80.25,0.0,1
8268-YDIXR,2,3,2,56,49-60m,1,Yes,1,3,6,93.15,5253.95,-0.6705357142857054,0
9824-BEMCV,1,3,2,17,13-24m,1,No,1,0,2,69.0,1149.65,1.3735294117647072,1
1373-ORVIZ,1,3,1,11,7-12m,1,Yes,1,2,5,66.35,740.8,-0.9954545454545496,1
4291-SHSBH,1,3,2,7,7-12m,1,No,1,0,2,69.55,521.35,-4.928571428571431,0
6980-IMXXE,3,1,3,69,61m+,1,No,0,0,1,20.2,1412.65,-0.2731884057971037,0
9866-QEVEE,1,1,2,19,13-24m,1,Yes,1,1,4,86.0,1532.45,5.344736842105263,1
9897-KXHCM,1,3,2,3,0-6m,1,No,1,1,3,80.3,250.05,-3.0500000000000114,1
0040-HALCW,3,2,3,54,49-60m,1,No,0,0,1,20.4,1090.6,0.2037037037037024,0
0784-GTUUK,2,2,3,62,61m+,1,Yes,1,0,2,23.75,1446.8,0.41451612903225765,0
7979-CORPM,1,2,2,24,13-24m,1,Yes,1,2,5,90.55,2282.55,-4.556250000000006,1
2294-DMMUS,1,2,1,62,61m+,1,Yes,1,2,5,70.45,4300.45,1.087903225806457,0
0872-JCPIB,1,1,1,17,13-24m,1,Yes,0,2,5,65.75,1111.2,0.38529411764704946,0
3055-MJDSB,1,4,1,9,7-12m,0,No phone service,1,0,1,24.6,190.1,3.4777777777777814,0
9091-WTUUY,3,4,1,64,61m+,1,No,0,4,6,69.25,4447.75,-0.24609375,0
1618-CFHME,1,3,2,2,0-6m,1,Yes,1,0,3,75.9,143.35,4.2250000000000085,1
3165-HDOEW,1,4,1,1,0-6m,1,No,1,0,2,45.85,45.85,0.0,1
6581-NQCBA,1,3,1,16,13-24m,0,No phone service,1,3,4,49.95,810.2,-0.6875,1
7115-IRDHS,3,1,3,72,61m+,1,Yes,0,0,2,24.65,1830.05,-0.7673611111111107,0
8496-DMZUK,2,1,2,30,25-48m,1,Yes,0,3,6,90.4,2820.65,-3.6216666666666697,0
2040-VZIKE,1,4,2,49,49-60m,1,Yes,1,3,6,100.85,4847.35,1.9244897959183476,0
9068-VPWQQ,3,2,1,61,61m+,1,Yes,0,4,7,75.35,4729.3,-2.179508196721315,0
0178-SZBHO,1,3,2,47,25-48m,1,Yes,0,2,5,87.2,4017.45,1.7223404255319252,0
0384-RVBPI,1,2,1,20,13-24m,1,No,0,3,5,64.4,1398.6,-5.529999999999987,0
1689-MRZQR,1,3,2,34,25-48m,1,No,0,1,3,78.3,2564.3,2.8794117647058783,1
1299-AURJA,3,1,3,70,61m+,1,Yes,0,0,2,24.7,1685.9,0.615714285714283,0
4525-VZCZG,2,3,2,54,49-60m,1,No,1,5,7,105.85,5826.65,-2.050925925925924,0
1543-LLLFT,2,4,2,61,61m+,1,Yes,1,4,7,98.3,6066.55,-1.151639344262307,0
5835-BEQEU,1,3,2,3,0-6m,1,Yes,1,0,3,76.95,228.4,0.8166666666666629,1
2788-CJQAQ,2,4,3,13,13-24m,1,No,0,0,1,19.45,270.2,-1.334615384615386,0
5565-FILXA,1,3,2,16,13-24m,1,Yes,1,2,5,96.15,1529.2,0.5750000000000028,1
0319-QZTCO,1,2,1,3,0-6m,1,No,1,2,4,58.7,168.6,2.500000000000007,0
2120-SMPEX,1,4,3,25,25-48m,1,No,1,0,1,20.15,536.35,-1.304000000000002,0
0096-FCPUF,1,4,1,30,25-48m,1,Yes,1,2,5,64.5,1888.45,1.5516666666666623,0
0668-OGMHD,1,3,1,21,13-24m,0,No phone service,0,1,2,28.5,629.35,-1.4690476190476218,0
5552-ZNFSJ,1,3,1,1,0-6m,1,No,0,0,2,45.3,45.3,0.0,1
2223-KAGMX,1,1,3,15,13-24m,1,No,0,0,1,19.4,289.3,0.11333333333332973,1
6507-ZJSUR,1,3,2,23,13-24m,1,No,1,2,4,90.45,2117.25,-1.6043478260869506,0
9408-HRXRK,1,3,2,45,25-48m,1,Yes,1,4,7,105.15,4730.9,0.018888888888909605,0
5593-SUAOO,2,1,2,24,13-24m,1,Yes,0,2,5,83.15,2033.05,-1.5604166666666544,0
7321-PKUYW,1,3,2,11,7-12m,1,Yes,0,2,5,90.15,987.95,0.3363636363636431,1
2833-SLKDQ,1,4,1,1,0-6m,1,No,0,0,2,45.05,45.05,0.0,1
6766-HFKLA,3,1,2,56,49-60m,1,Yes,0,4,7,103.2,5744.35,0.6223214285714249,0
7595-EUIVN,1,3,2,1,0-6m,1,No,0,1,3,75.8,75.8,0.0,1
7617-EYGLW,1,3,3,1,0-6m,1,No,0,0,1,19.45,19.45,0.0,0
2026-TGDHM,1,3,2,7,7-12m,1,No,1,1,3,79.3,523.15,4.564285714285717,1
9220-ZNKJI,3,2,2,55,49-60m,1,No,0,3,5,88.8,4805.3,1.4309090909090827,0
4030-VPZBD,1,3,1,2,0-6m,0,No phone service,1,1,2,30.9,59.05,1.375,1
2226-ICFDO,3,2,1,72,61m+,1,Yes,1,5,8,85.9,6110.75,1.0284722222222342,0
0723-VSOBE,2,3,1,45,25-48m,0,No phone service,0,1,2,34.2,1596.6,-1.279999999999994,0
5529-GIBVH,3,4,3,47,25-48m,1,No,0,0,1,20.15,1046.2,-2.1095744680851105,0
4187-CINZD,2,2,2,46,25-48m,1,No,0,3,5,95.25,4424.2,-0.9282608695652073,1
9992-UJOEL,1,4,1,2,0-6m,1,No,1,1,3,50.3,92.75,3.924999999999997,0
4741-WWJQZ,1,3,2,2,0-6m,1,No,1,2,4,80.15,194.55,-17.125,0
6625-UTXEW,1,3,1,12,7-12m,1,No,1,1,3,51.25,612.1,0.24166666666666714,0
6818-WOBHJ,1,1,2,68,61m+,1,Yes,1,2,5,89.6,6127.6,-0.5117647058823707,1
6244-BESBM,3,2,2,69,61m+,1,No,1,3,5,95.2,6671.7,-1.4913043478260875,0
1004-NOZNR,2,2,2,56,49-60m,1,No,0,3,5,94.8,5264.3,0.794642857142847,0
1251-STYSZ,1,3,2,4,0-6m,1,Yes,1,1,4,80.25,303.7,4.325000000000003,0
2612-PHGOX,3,1,1,64,61m+,1,Yes,1,4,7,76.1,4818.8,0.8062499999999915,0
2408-TZMJL,2,3,2,59,49-60m,1,Yes,1,5,8,110.15,6448.05,0.8610169491525426,1
8480-PPONV,3,1,2,62,61m+,1,Yes,0,6,9,115.55,7159.05,0.08145161290322278,0
8780-IHCRN,3,2,3,63,61m+,1,Yes,0,0,2,24.65,1574.5,-0.34206349206349174,0
4598-ZADCK,2,3,1,53,49-60m,0,No phone service,1,5,6,53.6,2879.2,-0.7245283018867852,0
1257-SXUXQ,1,4,3,5,0-6m,1,No,0,0,1,19.45,86.05,2.2399999999999984,0
9681-KYGYB,1,3,2,49,49-60m,1,Yes,1,3,6,88.2,4159.45,3.31326530612246,0
7182-OVLBJ,3,1,2,62,61m+,1,Yes,1,3,6,101.15,6638.35,-5.920161290322582,0
5095-ETBRJ,3,4,1,55,49-60m,1,No,0,3,5,56.8,3112.05,0.2172727272727215,0
7005-CYUIL,3,3,2,71,61m+,1,No,1,5,7,99.4,7168.25,-1.5612676056338017,0
4821-WQOYN,3,2,3,72,61m+,1,No,1,0,1,20.1,1326.25,1.6798611111111121,0
4730-AWNAU,2,2,1,36,25-48m,0,No phone service,0,5,6,60.7,2234.55,-1.3708333333333371,0
3452-FLHYD,2,1,3,25,25-48m,1,No,1,0,1,20.95,495.15,1.144000000000002,0
2388-LAESQ,3,1,2,72,61m+,1,Yes,1,6,9,114.85,8317.95,-0.6770833333333428,0
9531-NSBMR,2,1,3,36,25-48m,1,No,1,0,1,19.25,679.8,0.36666666666666714,0
6260-ONULR,1,4,1,1,0-6m,1,No,1,2,4,62.8,62.8,0.0,0
4389-UEFCZ,3,3,2,72,61m+,1,Yes,1,4,7,105.5,7544.0,0.7222222222222285,0
8711-LOBKY,3,4,3,59,49-60m,1,No,0,0,1,19.85,1188.25,-0.2898305084745765,0
9134-CEQMF,1,3,2,7,7-12m,1,No,1,2,4,89.5,676.7,-7.171428571428578,1
8985-OOPOS,2,2,1,1,0-6m,1,No,0,4,6,74.1,74.1,0.0,0
8800-ZKRFW,1,3,2,30,25-48m,1,Yes,1,5,8,107.5,3242.5,-0.5833333333333286,0
2616-FLVQC,3,4,3,64,61m+,1,No,0,0,1,19.55,1240.15,0.1726562499999993,0
9968-FFVVH,2,1,1,63,61m+,1,Yes,0,4,7,68.8,4111.35,3.540476190476184,0
3108-PCCGG,3,2,1,72,61m+,1,Yes,0,5,8,84.45,5899.85,2.5076388888888914,0
7993-PYKOF,1,3,2,8,7-12m,1,No,0,1,3,75.0,632.95,-4.118750000000006,1
8390-FESFV,3,1,1,62,61m+,1,Yes,0,5,8,84.5,5193.2,0.7387096774193509,0
3022-BEXHZ,3,1,2,67,61m+,1,Yes,1,5,8,111.2,7530.8,-1.2000000000000028,0
5027-XWQHA,1,3,1,6,0-6m,1,No,0,0,2,44.75,270.95,-0.40833333333333144,1
6248-TKCQV,3,1,1,70,61m+,1,Yes,1,4,7,80.6,5460.2,2.597142857142856,0
6729-GDNGC,1,1,2,20,13-24m,1,No,0,1,3,80.7,1614.2,-0.010000000000005116,0
6198-ZFIOJ,1,3,2,5,0-6m,1,Yes,0,0,3,75.6,402.5,-4.900000000000006,0
5989-OMNJE,2,3,1,24,13-24m,0,No phone service,0,5,6,57.6,1367.75,0.6104166666666657,0
4566-QVRRW,1,3,1,11,7-12m,1,No,1,0,2,44.05,483.7,0.07727272727272805,1
1291-CUOCY,3,2,2,72,61m+,1,Yes,1,5,8,110.6,7962.2,0.013888888888885731,0
9795-SHUHB,3,2,1,66,61m+,1,No,1,3,5,58.2,3810.8,0.4606060606060609,0
3230-IUALN,3,4,1,45,25-48m,1,No,1,5,7,81.0,3533.6,2.475555555555559,0
0042-RLHYP,3,1,3,69,61m+,1,No,0,0,1,19.7,1396.9,-0.5449275362318851,0
8519-IMDHU,1,1,2,15,13-24m,1,Yes,1,1,4,85.6,1345.55,-4.103333333333339,1
4945-RVMTE,1,1,1,28,25-48m,1,No,1,2,4,59.55,1646.45,0.7482142857142833,0
0201-OAMXR,2,2,2,70,61m+,1,Yes,0,6,9,115.55,8127.6,-0.5585714285714403,1
1866-NXPSP,2,4,1,36,25-48m,1,No,1,5,7,75.55,2680.15,1.1013888888888772,0
3372-KWFBM,1,3,2,16,13-24m,1,Yes,1,1,4,86.6,1281.0,6.537499999999994,1
7831-QGOXH,1,3,2,18,13-24m,1,Yes,1,1,4,85.2,1553.9,-1.12777777777778,1
6393-WRYZE,1,3,2,34,25-48m,1,Yes,1,2,5,97.65,3207.55,3.310294117647061,1
3941-XTSKM,2,2,1,42,25-48m,0,No phone service,1,3,4,45.1,2049.05,-3.6869047619047635,0
1661-CZBAU,2,1,1,48,25-48m,1,Yes,1,3,6,70.95,3629.2,-4.658333333333331,0
6599-RCLCJ,1,3,2,47,25-48m,1,Yes,1,5,8,109.55,5124.55,0.5170212765957416,1
9831-BPFRI,2,3,2,39,25-48m,1,Yes,1,3,6,89.55,3474.45,0.461538461538467,1
5158-RIVOP,3,2,3,11,7-12m,1,No,0,0,1,20.9,202.3,2.509090909090908,0
9788-YTFGE,1,4,3,7,7-12m,1,No,1,0,1,19.95,147.5,-1.1214285714285737,0
9277-JOOMO,1,4,3,3,0-6m,1,Yes,0,0,2,24.6,86.35,-4.18333333333333,0
1907-YLNYW,1,3,1,8,7-12m,1,No,1,3,5,66.7,579.0,-5.674999999999997,0
1725-MIMXW,1,4,3,1,0-6m,1,No,1,0,1,19.45,19.45,0.0,1
8947-YRTDV,2,4,2,32,25-48m,1,No,0,4,6,94.8,3131.55,-3.0609375000000085,0
3161-ONRWK,2,1,1,60,49-60m,1,No,1,4,6,65.85,3928.3,0.3783333333333303,0
0114-RSRRW,1,1,3,10,7-12m,1,No,1,0,1,19.95,187.75,1.1750000000000007,0
4565-NLZBV,3,1,3,71,61m+,1,Yes,1,0,2,24.65,1710.15,0.5633802816901365,0
0031-PVLZI,1,4,3,4,0-6m,1,No,0,0,1,20.35,76.35,1.2625000000000028,1
7206-GZCDC,1,3,2,1,0-6m,1,No,1,0,2,69.25,69.25,0.0,1
6682-VCIXC,2,1,1,43,25-48m,0,No phone service,1,4,5,51.25,2151.6,1.2127906976744214,0
4791-QRGMF,2,1,2,59,49-60m,1,Yes,1,3,6,99.5,5961.1,-1.5355932203389955,1
6475-VHUIZ,1,3,1,23,13-24m,1,No,0,2,4,54.25,1221.55,1.139130434782608,0
3910-MRQOY,3,1,3,72,61m+,1,No,0,0,1,19.4,1496.45,-1.3840277777777814,0
0661-WCQNQ,2,2,1,22,13-24m,1,No,1,2,4,56.25,1292.2,-2.4863636363636417,0
7537-RBWEA,1,4,1,1,0-6m,0,No phone service,1,0,1,25.15,25.15,0.0,0
4656-CAURT,3,1,3,69,61m+,1,Yes,0,0,2,23.95,1713.1,-0.8775362318840578,0
0121-SNYRK,2,4,1,50,49-60m,0,No phone service,1,2,3,35.4,1748.9,0.42199999999999704,0
1768-ZAIFU,1,3,1,1,0-6m,0,No phone service,1,0,1,25.2,25.2,0.0,1
4671-LXRDQ,1,4,1,2,0-6m,1,No,1,0,2,45.0,96.45,-3.2250000000000014,1
3733-LSYCE,1,1,2,15,13-24m,1,No,0,1,3,75.35,1114.55,1.0466666666666669,0
6265-FRMTQ,3,1,3,31,25-48m,1,No,0,0,1,20.4,609.1,0.751612903225805,0
1934-SJVJK,1,4,3,1,0-6m,1,No,0,0,1,20.15,20.15,0.0,1
3838-OZURD,1,2,2,66,61m+,1,Yes,1,4,7,105.0,7133.25,-3.0795454545454533,1
1371-DWPAZ,3,2,1,0,0-6m,0,No phone service,0,5,6,56.05,0.0,0.0,0
9269-CQOOL,1,2,1,3,0-6m,1,No,1,1,3,54.7,169.45,-1.7833333333333243,1
2017-CCBLH,3,4,3,8,7-12m,1,No,0,0,1,20.0,141.6,2.3000000000000007,0
7690-KPNCU,2,2,1,64,61m+,1,No,1,4,6,73.05,4688.65,-0.21015624999999716,0
0536-BGFMZ,1,4,3,28,25-48m,1,No,0,0,1,20.5,563.05,0.3910714285714292,0
2293-IJWPS,2,2,2,57,49-60m,1,Yes,1,3,6,100.75,5985.0,-4.25,0
2845-HSJCY,1,3,2,14,13-24m,1,Yes,1,2,5,87.25,1258.6,-2.6499999999999915,1
5469-NUJUR,3,4,3,19,13-24m,1,No,1,0,1,19.95,373.5,0.2921052631578931,0
1184-PJVDB,1,3,2,10,7-12m,1,No,1,1,3,79.95,857.2,-5.769999999999996,1
2625-TRCZQ,1,3,1,51,49-60m,0,No phone service,1,3,4,49.65,2553.35,-0.41568627450980244,0
4102-HLENU,3,4,1,67,61m+,1,Yes,0,3,6,65.65,4322.85,1.1298507462686587,0
7266-GSSJX,1,3,3,11,7-12m,1,No,1,0,1,20.45,250.8,-2.3500000000000014,0
7722-VJRQD,3,1,1,72,61m+,0,No phone service,0,5,6,60.95,4549.05,-2.231250000000003,0
7073-QETQY,2,3,3,66,61m+,1,No,1,0,1,20.35,1359.5,-0.2484848484848463,0
9415-DPEWS,1,3,2,18,13-24m,1,Yes,1,2,5,88.35,1639.3,-2.7222222222222285,1
5624-RYAMH,1,3,3,9,7-12m,1,No,1,0,1,19.5,178.85,-0.37222222222222,0
0196-JTUQI,1,2,2,9,7-12m,1,Yes,1,0,3,75.2,633.85,4.772222222222226,0
7130-YXBRO,1,1,2,48,25-48m,1,Yes,1,5,8,111.45,5315.1,0.71875,0
9272-LSVYH,1,4,2,10,7-12m,1,No,0,0,2,70.15,735.5,-3.3999999999999915,0
7943-RQCHR,1,3,2,9,7-12m,1,Yes,1,2,5,94.75,889.9,-4.12777777777778,1
3793-MMFUH,1,3,2,13,13-24m,1,Yes,1,2,5,95.05,1290.0,-4.180769230769229,1
3249-ZPQRG,1,3,2,4,0-6m,1,Yes,0,1,4,78.45,330.05,-4.0625,1
2568-BRGYX,1,3,2,4,0-6m,1,No,1,0,2,70.2,237.95,10.712500000000006,1
3084-DOWLE,3,1,1,72,61m+,1,Yes,0,6,9,92.0,6474.4,2.077777777777783,0
1084-MNSMJ,3,2,1,51,49-60m,1,No,0,6,8,85.5,4421.95,-1.204901960784312,0
7721-JXEAW,1,1,1,59,49-60m,0,No phone service,1,2,3,41.05,2452.7,-0.5211864406779654,1
7249-WBIYX,1,3,2,10,7-12m,1,Yes,1,1,4,85.6,813.85,4.214999999999989,1
4238-HFHSN,1,3,2,61,61m+,1,Yes,1,1,4,82.15,4904.85,1.7426229508196656,0
6250-CGGUN,2,3,2,54,49-60m,1,No,0,3,5,84.4,4484.05,1.362037037037041,0
5478-JJVZK,1,4,1,33,25-48m,1,Yes,1,2,5,60.9,2033.85,-0.731818181818177,0
7596-IIWYC,3,1,3,27,25-48m,1,No,1,0,1,20.25,538.2,0.31666666666666643,0
6567-HOOPW,1,3,2,1,0-6m,1,No,1,1,3,79.2,79.2,0.0,1
9793-WECQC,1,4,2,23,13-24m,1,No,0,3,5,95.3,2192.9,-0.04347826086957696,0
4291-HPAXL,1,4,3,1,0-6m,1,No,0,0,1,19.85,19.85,0.0,0
8999-YPYBV,3,4,1,45,25-48m,1,No,1,6,8,84.35,3858.05,-1.3844444444444548,0
1839-FBNFR,3,1,3,39,25-48m,1,No,1,0,1,19.85,854.8,-2.067948717948717,0
3164-AALRN,2,4,1,5,0-6m,1,No,1,3,5,70.0,347.4,0.5200000000000102,1
3071-MVJCD,3,1,1,72,61m+,1,Yes,0,5,8,82.3,5815.15,1.53402777777778,0
1697-BCSHV,1,1,1,58,49-60m,1,Yes,1,2,5,66.8,3970.4,-1.6551724137931103,0
0562-KBDVM,3,1,1,70,61m+,0,No phone service,1,4,5,44.6,3058.15,0.9121428571428538,0
1131-SUEKT,2,1,2,61,61m+,1,No,1,4,6,98.45,6145.2,-2.2909836065573757,0
3717-OEAUQ,1,4,2,2,0-6m,1,No,0,0,2,70.7,129.2,6.1000000000000085,0
4538-WNTMJ,2,4,3,46,25-48m,1,Yes,0,0,2,24.95,1165.9,-0.39565217391304586,0
3334-CTHOL,1,1,1,1,0-6m,1,Yes,1,0,3,49.95,49.95,0.0,1
4704-ERYFC,1,3,2,22,13-24m,1,No,1,0,2,69.25,1554.0,-1.3863636363636402,1
9432-RUVSL,3,2,2,48,25-48m,1,No,1,5,7,102.5,4904.25,0.328125,0
8060-HIWJJ,3,2,1,64,61m+,1,Yes,0,5,8,86.55,5632.55,-1.4585937500000057,0
7684-XSZIY,3,1,3,72,61m+,1,Yes,0,0,2,24.3,1643.25,1.4770833333333329,0
9089-UOWJG,1,2,1,12,7-12m,1,No,1,2,4,58.35,740.55,-3.362499999999997,0
8621-MNIHH,1,3,2,34,25-48m,1,Yes,1,3,6,94.25,3217.55,-0.3838235294117709,1
8039-ACLPL,3,2,1,72,61m+,1,No,0,4,6,68.75,4888.2,0.8583333333333343,0
9885-AIBVB,1,3,2,29,25-48m,1,Yes,1,2,5,85.8,2440.25,1.6534482758620612,0
1934-MKPXS,2,2,3,33,25-48m,1,No,0,0,1,20.1,620.55,1.2954545454545467,0
2592-YKDIF,1,4,3,1,0-6m,1,No,0,0,1,20.35,20.35,0.0,0
2272-JKMSI,2,3,2,62,61m+,1,Yes,1,5,8,110.8,6840.95,0.46209677419355444,0
0471-LVHGK,2,3,1,41,25-48m,1,Yes,1,3,6,73.0,3001.2,-0.19999999999998863,1
9518-RWHZL,2,2,2,64,61m+,1,Yes,1,3,6,100.05,6254.2,2.328125,1
8714-CTZJW,1,2,2,4,0-6m,1,No,1,2,4,82.85,319.6,2.9499999999999886,0
3569-EDBPQ,1,3,2,24,13-24m,1,Yes,1,2,5,84.35,1938.05,3.597916666666663,0
3131-NWVFJ,2,4,3,14,13-24m,1,No,0,0,1,19.55,294.5,-1.485714285714284,0
7521-YXVZY,1,4,3,3,0-6m,1,No,0,0,1,19.95,58.3,0.5166666666666657,0
5419-CONWX,1,2,2,4,0-6m,1,No,1,4,6,99.8,442.85,-10.912500000000009,1
6240-EURKS,1,3,1,18,13-24m,0,No phone service,1,1,2,35.0,553.0,4.277777777777779,1
2373-NTKOD,1,3,1,8,7-12m,1,No,1,2,4,66.25,546.45,-2.0562500000000057,0
1970-KKFWL,3,1,3,35,25-48m,1,Yes,0,0,2,23.3,797.1,0.5257142857142867,0
6960-HVYXR,1,3,2,1,0-6m,1,Yes,0,0,3,76.0,76.0,0.0,1
9337-SRRNI,3,2,3,66,61m+,1,Yes,1,0,2,25.3,1673.8,-0.060606060606058776,0
0895-UADGO,3,4,1,8,7-12m,0,No phone service,1,3,4,44.55,343.45,1.6187499999999986,0
5678-VFNEQ,2,2,2,71,61m+,1,Yes,1,4,7,104.1,7412.25,-0.29788732394366946,0
5977-CKHON,1,1,2,43,25-48m,1,Yes,1,2,5,92.55,4039.0,-1.3802325581395394,0
7024-OHCCK,1,3,2,2,0-6m,1,Yes,1,2,5,93.85,170.85,8.424999999999997,1
2692-BUCFV,1,1,2,29,25-48m,1,No,1,4,6,101.45,2948.6,-0.22586206896551175,0
7861-UVUFT,1,3,2,15,13-24m,1,No,1,2,4,84.3,1308.4,-2.9266666666666765,1
1830-GGFNM,3,2,2,65,61m+,1,Yes,0,4,7,94.55,6078.75,1.0307692307692236,0
5302-BDJNT,1,3,2,35,25-48m,1,Yes,0,3,6,95.5,3418.2,-2.162857142857135,0
5223-UZAVK,2,2,2,64,61m+,1,No,1,4,6,100.3,6603.8,-2.8843750000000057,0
4859-ZSRDZ,3,2,1,58,49-60m,0,No phone service,1,4,5,55.5,3166.9,0.8982758620689637,0
5651-WYIPH,1,2,1,18,13-24m,1,No,1,1,3,49.85,865.75,1.75277777777778,0
9350-VLHMB,1,1,2,67,61m+,1,Yes,1,2,5,89.55,6373.1,-5.570895522388071,0
3498-LZGQZ,3,4,3,63,61m+,1,No,1,0,1,19.15,1177.05,0.466666666666665,0
8785-CJSHH,1,3,2,60,49-60m,1,Yes,1,3,6,99.8,5985.75,0.037499999999994316,0
5357-TZHPP,1,2,2,9,7-12m,1,Yes,1,1,4,84.4,732.5,3.01111111111112,1
3870-SPZSI,3,2,2,70,61m+,1,Yes,1,6,9,113.05,7869.05,0.6349999999999909,0
0680-DFNNY,1,3,2,15,13-24m,1,Yes,1,3,6,101.1,1504.05,0.8299999999999983,1
7560-QRBXH,2,4,3,48,25-48m,1,No,0,0,1,19.95,936.7,0.435416666666665,0
7077-XJMET,1,3,1,12,7-12m,1,No,1,4,6,74.15,741.4,12.366666666666674,0
8752-GHJFU,2,3,2,71,61m+,1,Yes,1,4,7,92.0,6585.2,-0.7492957746478908,0
6896-SRVYQ,1,3,2,44,25-48m,1,No,0,1,3,73.85,3122.4,2.886363636363626,0
7767-UXAGJ,1,3,1,1,0-6m,1,Yes,1,0,3,50.45,50.45,0.0,1
4652-ODEVH,3,4,3,45,25-48m,1,Yes,0,0,2,24.45,1088.25,0.2666666666666657,0
6510-UPNKS,2,2,3,23,13-24m,1,Yes,0,0,2,24.8,615.35,-1.9543478260869556,0
6718-BDGHG,2,1,1,43,25-48m,1,Yes,1,2,5,64.85,2908.2,-2.782558139534885,0
9046-DQMTP,1,1,3,35,25-48m,1,No,0,0,1,20.75,739.9,-0.39000000000000057,0
6439-LAJXL,1,4,1,9,7-12m,1,No,1,4,6,68.95,593.85,2.9666666666666686,0
1571-SAVHK,1,4,2,12,7-12m,1,Yes,1,3,6,99.95,1132.75,5.554166666666674,1
9052-VKDUW,1,2,2,65,61m+,1,Yes,1,5,8,109.4,7227.45,-1.791538461538451,0
9546-CQJSU,1,3,2,2,0-6m,1,Yes,1,2,5,91.4,193.6,-5.3999999999999915,1
1666-JZPZT,1,4,1,27,25-48m,1,Yes,0,0,3,49.0,1291.35,1.1722222222222243,0
5777-KJIRB,2,4,1,40,25-48m,1,No,1,1,3,50.25,2023.55,-0.33874999999999744,0
0506-LVNGN,1,2,2,5,0-6m,1,No,1,1,3,75.55,349.65,5.6200000000000045,1
7677-SJJJK,2,2,3,8,7-12m,1,No,0,0,1,19.9,153.95,0.65625,0
2480-EJWYP,2,1,2,58,49-60m,1,Yes,1,3,6,97.8,5458.8,3.682758620689654,0
3253-HKOKL,2,3,2,52,49-60m,1,No,0,4,6,100.3,5244.45,-0.5548076923076906,0
7055-HNEOJ,1,4,1,3,0-6m,1,No,1,2,4,55.8,154.55,4.283333333333324,0
5514-YQENT,3,3,2,41,25-48m,1,No,1,6,8,111.15,4507.15,1.2195121951219647,0
3211-AAPKX,1,4,2,20,13-24m,1,Yes,1,3,6,98.55,2031.95,-3.0474999999999994,0
8445-DNBAE,1,3,1,1,0-6m,1,Yes,1,0,3,50.05,50.05,0.0,0
2951-QOQTK,1,2,2,4,0-6m,1,Yes,0,1,4,80.8,332.45,-2.3125,1
2958-NHPPS,1,3,3,23,13-24m,1,No,0,0,1,20.85,473.9,0.24565217391304728,0
6806-YDEUL,1,1,3,6,0-6m,1,No,0,0,1,19.5,106.8,1.6999999999999993,0
1735-XMJVH,1,4,3,8,7-12m,1,No,1,0,1,19.35,152.6,0.27500000000000213,0
6890-PFRQX,1,4,1,18,13-24m,1,Yes,0,3,6,69.5,1199.4,2.86666666666666,0
0222-CNVPT,1,2,1,52,49-60m,0,No phone service,1,3,4,48.8,2555.05,-0.3355769230769283,0
5899-OUVKV,1,3,2,31,25-48m,1,No,1,3,5,94.5,2979.2,-1.6032258064516043,0
8681-ICONS,1,4,3,29,25-48m,1,No,1,0,1,20.65,654.85,-1.9310344827586228,0
1621-YNCJH,3,2,2,36,25-48m,1,Yes,1,5,8,106.05,3834.4,-0.4611111111111228,0
3473-XIIIT,1,3,2,16,13-24m,1,Yes,1,3,6,100.0,1534.75,4.078125,1
6362-QHAFM,2,3,2,42,25-48m,1,Yes,1,4,7,108.3,4586.15,-0.8940476190476119,0
7893-IXHRQ,1,3,3,1,0-6m,1,No,0,0,1,20.55,20.55,0.0,1
3070-BDOQC,3,3,2,60,49-60m,1,No,1,4,6,99.65,5941.05,0.6325000000000074,0
2952-QAYZF,1,3,2,5,0-6m,1,Yes,1,2,5,85.3,424.15,0.46999999999999886,1
6234-PFPXL,1,2,2,22,13-24m,1,Yes,0,3,6,95.9,2234.95,-5.688636363636348,0
9824-QCJPK,2,4,3,36,25-48m,1,No,0,0,1,20.0,666.75,1.4791666666666679,0
4763-PGDPO,1,3,2,4,0-6m,1,No,0,0,2,70.4,281.0,0.15000000000000568,1
4283-IVYCI,1,4,1,9,7-12m,1,No,0,3,5,64.95,547.8,4.083333333333343,0
1866-OBPNR,1,2,2,1,0-6m,1,No,0,1,3,74.6,74.6,0.0,0
8205-MQUGY,1,3,1,12,7-12m,1,No,1,1,3,49.2,571.15,1.6041666666666714,0
8970-ANWXO,2,4,1,23,13-24m,1,Yes,1,3,6,73.75,1756.6,-2.623913043478254,0
9480-BQJEI,2,1,2,62,61m+,1,Yes,1,3,6,92.3,5731.45,-0.14274193548386904,0
5394-SVGJV,1,1,2,37,25-48m,1,Yes,0,3,6,98.8,3475.55,4.866216216216202,1
6979-TNDEU,1,4,3,8,7-12m,1,No,0,0,1,19.2,156.85,-0.40625,0
9777-WJJPR,1,2,2,31,25-48m,1,Yes,0,2,5,88.65,2683.2,2.0951612903225936,0
9283-LZQOH,1,2,2,13,13-24m,1,Yes,1,0,3,74.4,896.75,5.419230769230779,1
7079-QRCBC,1,3,2,24,13-24m,1,Yes,1,3,6,98.75,2407.3,-1.5541666666666742,1
9495-SKLKD,1,1,2,45,25-48m,1,Yes,1,3,6,95.95,4456.65,-3.086666666666659,0
6048-UWKAL,3,2,2,69,61m+,1,Yes,0,4,7,105.4,6998.95,3.965942028985509,0
5067-DGXLL,1,4,3,2,0-6m,1,No,0,0,1,20.25,36.8,1.8500000000000014,0
5469-CTCWN,2,3,2,61,61m+,1,Yes,1,4,7,106.0,6547.7,-1.3393442622950857,1
9851-QXEEQ,1,3,2,41,25-48m,1,Yes,1,4,7,104.7,4346.4,-1.309756097560964,1
6281-FKEWS,2,3,1,44,25-48m,0,No phone service,1,3,4,49.05,2265.0,-2.4272727272727295,0
8898-KASCD,2,4,1,39,25-48m,0,No phone service,0,2,3,35.55,1309.15,1.9820512820512803,0
9242-TKFSV,3,2,1,72,61m+,0,No phone service,1,6,7,65.1,4754.3,-0.9319444444444542,0
9290-SHCMB,1,3,2,13,13-24m,1,No,1,3,5,96.85,1235.55,1.8076923076923066,0
0743-HNPFG,2,2,1,51,49-60m,1,No,1,4,6,69.75,3562.5,-0.10294117647059409,0
2277-BKJKN,3,3,2,71,61m+,1,No,1,4,6,99.2,7213.75,-2.4021126760563334,0
9809-IMGCQ,1,3,2,22,13-24m,1,Yes,1,2,5,96.7,2082.95,2.0204545454545553,1
5208-HFSBT,1,2,1,2,0-6m,1,No,1,2,4,55.05,102.75,3.674999999999997,1
5035-PGZXH,2,3,2,56,49-60m,1,Yes,1,4,7,106.8,5914.4,1.1857142857142833,0
8695-WDYEA,1,4,1,1,0-6m,1,No,0,1,3,51.25,51.25,0.0,0
6543-JXSOO,2,4,1,23,13-24m,1,No,1,3,5,57.75,1282.85,1.9739130434782624,0
8016-ZMGMO,2,1,1,66,61m+,1,Yes,1,3,6,70.85,4738.85,-0.9507575757575921,0
8605-ITULD,1,4,3,1,0-6m,1,No,0,0,1,19.55,19.55,0.0,0
3254-YRILK,1,3,2,19,13-24m,1,Yes,1,2,5,88.2,1775.8,-5.263157894736835,1
6416-YJTTB,1,1,2,11,7-12m,1,No,1,2,4,79.5,795.65,7.1681818181818215,0
2667-WYLWJ,2,4,3,8,7-12m,1,No,1,0,1,19.75,145.0,1.625,1
4472-VESGY,1,1,2,52,49-60m,1,Yes,0,4,7,98.15,4993.4,2.123076923076937,0
3195-TQDZX,1,3,3,3,0-6m,1,No,1,0,1,20.25,61.45,-0.23333333333333428,0
3128-YOVTD,1,1,2,51,49-60m,1,No,1,2,4,79.15,4018.55,0.3549019607843178,0
0529-ONKER,1,3,2,15,13-24m,1,Yes,0,0,3,75.65,1146.65,-0.7933333333333366,1
1728-CXQBE,1,3,2,64,61m+,1,Yes,1,3,6,94.25,6081.4,-0.7718749999999943,0
7041-TXQJH,1,2,1,37,25-48m,0,No phone service,1,2,3,40.2,1478.85,0.23108108108108638,0
5014-GSOUQ,3,4,3,13,13-24m,1,No,0,0,1,19.95,243.65,1.2076923076923052,0
5724-BIDBU,2,3,1,49,49-60m,1,Yes,1,1,4,55.35,2633.95,1.5959183673469468,0
0481-SUMCB,2,1,2,45,25-48m,1,Yes,1,3,6,102.15,4735.35,-3.0799999999999983,0
1769-GRUIK,1,3,2,18,13-24m,1,No,1,0,2,71.1,1247.75,1.7805555555555515,0
5240-IJOQT,1,3,2,1,0-6m,1,Yes,1,0,3,74.7,74.7,0.0,1
8819-WFGGJ,3,1,1,68,61m+,0,No phone service,1,4,5,54.1,3794.5,-1.7014705882352956,0
7427-AUFPY,3,2,3,54,49-60m,1,No,0,0,1,19.65,1008.7,0.9703703703703681,0
2811-POVEX,1,1,2,23,13-24m,1,No,1,3,5,88.45,2130.55,-4.182608695652178,0
1092-GANHU,1,3,2,17,13-24m,1,No,1,1,3,76.65,1313.55,-0.6176470588235219,1
7898-PDWQE,3,2,1,71,61m+,1,Yes,0,5,8,80.4,5727.15,-0.2640845070422415,0
9972-EWRJS,3,1,3,67,61m+,1,No,1,0,1,19.25,1372.9,-1.2410447761194057,0
9314-IJWSQ,1,3,2,14,13-24m,1,Yes,1,1,4,84.8,1203.9,-1.1928571428571502,0
0661-XEYAN,1,4,1,1,0-6m,0,No phone service,1,0,1,25.8,25.8,0.0,1
5799-JRCZO,3,2,3,63,61m+,1,No,0,0,1,19.5,1215.1,0.2126984126984155,0
1921-KYSAY,2,3,1,41,25-48m,1,Yes,1,3,6,68.6,2877.05,-1.5719512195122007,0
6198-RTPMF,1,3,2,17,13-24m,1,Yes,0,2,5,92.6,1579.7,-0.32352941176471006,0
2924-KHUVI,2,3,2,56,49-60m,1,Yes,1,3,6,100.55,5514.95,2.0687499999999943,0
1925-GMVBW,1,2,3,5,0-6m,1,No,0,0,1,20.55,96.1,1.3300000000000018,0
7881-EVUAD,1,3,1,2,0-6m,0,No phone service,1,3,4,42.6,72.4,6.399999999999999,1
6184-DYUOB,1,4,3,3,0-6m,1,No,1,0,1,19.6,55.25,1.1833333333333336,0
9207-ZPANB,2,3,1,37,25-48m,1,Yes,0,4,7,67.45,2443.3,1.4148648648648674,0
5766-XQXMQ,1,1,1,29,25-48m,1,No,1,4,6,68.85,1970.5,0.9017241379310263,1
9327-QSDED,1,4,1,8,7-12m,1,No,0,0,2,43.55,335.4,1.625,0
1656-DRSMG,1,2,2,63,61m+,1,Yes,1,5,8,109.85,7002.95,-1.3079365079365175,0
3012-VFFMN,1,4,3,7,7-12m,1,No,0,0,1,20.65,158.95,-2.057142857142857,0
2984-AFWNC,1,3,2,3,0-6m,1,No,0,3,5,95.4,293.15,-2.3166666666666487,0
0640-YJTPY,3,1,3,72,61m+,1,No,0,0,1,21.0,1493.75,0.25347222222222143,0
8096-LOIST,1,3,1,19,13-24m,1,No,1,1,3,56.2,1093.4,-1.3473684210526358,0
9764-REAFF,3,1,3,59,49-60m,1,No,0,0,1,18.4,1057.85,0.47033898305084776,0
3703-VAVCL,1,2,2,2,0-6m,1,No,0,3,5,90.0,190.05,-5.025000000000006,1
7107-UBYKY,1,3,3,35,25-48m,1,Yes,1,0,2,25.75,882.55,0.5342857142857156,0
4881-GQJTW,1,2,3,14,13-24m,1,No,0,0,1,19.6,300.4,-1.857142857142854,0
8519-QJGJD,1,3,2,14,13-24m,1,No,0,1,3,75.35,1025.95,2.067857142857136,1
7876-DNYAP,3,2,3,69,61m+,1,No,0,0,1,19.8,1436.95,-1.0253623188405783,0
7905-NJMXS,1,3,1,7,7-12m,1,Yes,0,3,6,64.2,475.0,-3.6571428571428584,0
2882-WDTBA,3,1,1,69,61m+,1,No,1,5,7,75.75,5388.15,-2.3391304347826036,0
2091-GPPIQ,3,3,1,72,61m+,1,Yes,1,4,7,78.95,5730.15,-0.6354166666666572,0
6326-MTTXK,1,3,2,8,7-12m,1,Yes,0,3,6,100.85,819.55,-1.59375,1
5071-FBJFS,1,3,1,4,0-6m,1,No,0,1,3,50.3,217.1,-3.9750000000000014,0
2796-UUZZO,1,2,2,63,61m+,1,No,1,2,4,80.3,4896.35,2.5801587301587148,0
2429-AYKKO,3,1,3,72,61m+,1,No,0,0,1,19.85,1434.1,-0.06805555555555287,0
9798-OPFEM,3,3,3,46,25-48m,1,No,1,0,1,21.1,937.1,0.7282608695652186,0
0330-IVZHA,1,3,2,5,0-6m,1,No,0,0,2,69.95,330.15,3.9200000000000017,1
3794-NFNCH,1,4,1,30,25-48m,1,No,1,1,3,50.0,1474.9,0.836666666666666,0
5193-QLVZB,3,1,2,63,61m+,1,Yes,1,4,7,104.75,6536.5,0.9960317460317469,0
7114-AEOZE,3,1,3,60,49-60m,1,No,0,0,1,19.85,1128.1,1.0483333333333356,0
2886-KEFUM,2,3,2,63,61m+,1,Yes,1,4,7,107.5,6873.75,-1.6071428571428612,1
5522-NYKPB,1,3,2,25,25-48m,1,No,0,2,4,85.9,2199.05,-2.0619999999999976,0
4237-RLAQD,1,4,1,1,0-6m,1,No,1,0,2,45.85,45.85,0.0,1
9957-YODKZ,1,3,2,6,0-6m,1,Yes,1,1,4,80.8,457.1,4.61666666666666,0
6518-KZXCB,3,4,3,22,13-24m,1,Yes,0,0,2,25.25,566.5,-0.5,0
2245-ADZFJ,3,1,1,31,25-48m,1,Yes,0,4,7,80.55,2471.6,0.8209677419354904,0
7776-QGYJC,1,1,2,39,25-48m,1,No,1,2,4,81.5,3107.3,1.8256410256410192,0
9313-QOLTZ,1,4,3,26,25-48m,1,No,0,0,1,20.9,518.3,0.9653846153846146,0
9651-GTSAQ,2,1,2,53,49-60m,1,No,1,5,7,106.1,5769.75,-2.763207547169813,1
3186-BAXNB,1,3,2,1,0-6m,1,No,0,3,5,91.7,91.7,0.0,1
4672-FOTSD,1,3,1,12,7-12m,1,Yes,1,3,6,67.25,832.3,-2.1083333333333343,0
0637-YLETY,1,2,2,16,13-24m,1,Yes,1,3,6,95.6,1555.65,-1.6281250000000114,1
9818-XQCUV,1,4,3,2,0-6m,1,No,0,0,1,20.35,45.3,-2.299999999999997,0
7338-ERIVA,2,1,1,39,25-48m,0,No phone service,0,3,4,45.05,1790.6,-0.8628205128205124,0
1157-BQCUW,1,3,2,1,0-6m,1,Yes,1,0,3,74.95,74.95,0.0,1
8259-NFJTV,1,4,1,7,7-12m,0,No phone service,0,2,3,34.65,246.6,-0.5785714285714292,0
3223-DWFIO,1,3,2,4,0-6m,1,No,0,0,2,69.35,261.65,3.9375,0
2660-EMUBI,1,3,2,10,7-12m,1,Yes,1,2,5,95.35,898.35,5.514999999999986,1
6968-GMKPR,1,3,2,55,49-60m,1,No,1,2,4,81.55,4509.5,-0.4409090909090878,0
4751-ERMAN,3,1,1,72,61m+,1,No,1,4,6,75.4,5480.25,-0.7145833333333229,0
1436-ZMJAN,1,2,1,10,7-12m,1,No,1,3,5,67.8,653.15,2.4849999999999994,0
3292-PBZEJ,1,3,2,11,7-12m,1,Yes,1,5,8,111.4,1183.05,3.8500000000000085,0
0799-DDIHE,1,3,1,15,13-24m,1,No,0,0,2,46.3,639.45,3.6699999999999946,0
3070-FNFZQ,3,1,3,23,13-24m,1,No,0,0,1,20.4,478.75,-0.4152173913043491,0
2812-SFXMJ,1,4,3,1,0-6m,1,No,0,0,1,20.05,20.05,0.0,0
7675-OZCZG,1,3,1,3,0-6m,1,No,0,0,2,45.0,127.1,2.633333333333333,1
5014-WUQMG,2,3,2,47,25-48m,1,No,1,4,6,96.1,4391.45,2.664893617021278,0
5312-TSZVC,2,4,3,15,13-24m,1,No,0,0,1,19.65,270.6,1.6099999999999959,0
2003-CKLOR,1,3,2,66,61m+,1,No,0,4,6,99.5,6710.5,-2.174242424242422,1
0993-OSGPT,2,1,1,68,61m+,1,No,1,3,5,60.65,3975.9,2.1808823529411754,0
9254-RBFON,2,1,2,17,13-24m,1,No,0,4,6,98.6,1704.95,-1.6911764705882462,1
1205-WNWPJ,1,4,1,7,7-12m,1,No,1,2,4,59.5,415.95,0.07857142857142918,1
9391-EOYLI,1,3,2,12,7-12m,1,No,1,1,3,80.45,950.2,1.2666666666666657,1
7108-DGVUU,2,1,1,21,13-24m,1,Yes,0,3,6,71.7,1497.05,0.4119047619047649,0
2782-JEEBU,1,4,1,21,13-24m,0,No phone service,1,2,3,36.0,780.15,-1.1499999999999986,0
5127-BZENZ,2,1,1,56,49-60m,1,Yes,0,2,5,65.2,3512.15,2.4830357142857125,0
2720-FVBQP,1,2,1,6,0-6m,1,Yes,1,0,3,48.95,273.25,3.4083333333333385,0
9906-NHHVC,3,1,1,65,61m+,0,No phone service,1,4,5,53.5,3517.9,-0.6215384615384636,0
4522-XRWWI,2,2,1,42,25-48m,1,Yes,0,4,7,80.45,3375.9,0.0714285714285694,0
3766-EJLFL,3,1,2,68,61m+,1,Yes,1,5,8,109.05,7508.55,-1.3698529411764753,0
5939-SXWHM,3,1,3,48,25-48m,1,Yes,0,0,2,26.3,1245.05,0.361458333333335,0
8152-UOBNY,2,3,2,50,49-60m,1,Yes,1,4,7,106.8,5347.95,-0.15900000000000603,0
7351-KYHQH,1,3,1,7,7-12m,1,No,1,3,5,64.95,493.65,-5.571428571428569,0
7643-RCHXS,3,3,3,63,61m+,1,No,0,0,1,19.35,1263.85,-0.7111111111111086,0
8246-SHFGA,1,2,3,17,13-24m,1,No,0,0,1,21.1,385.55,-1.5794117647058812,0
8387-MOJJT,1,2,2,42,25-48m,1,No,1,1,3,77.95,3384.0,-2.6214285714285666,1
0620-XEFWH,1,4,3,4,0-6m,1,No,0,0,1,18.85,84.2,-2.1999999999999993,0
6485-QXWWE,3,1,3,62,61m+,1,Yes,0,0,2,26.0,1638.7,-0.4306451612903217,0
2761-OCIAX,1,3,2,2,0-6m,1,No,1,1,3,74.7,165.4,-8.0,1
7321-VGNKU,1,3,2,2,0-6m,1,No,1,0,2,70.35,120.25,10.224999999999994,0
5327-CNLUQ,3,1,2,48,25-48m,1,Yes,1,4,7,96.9,4473.45,3.703125000000014,0
7552-KEYGT,3,1,3,27,25-48m,1,No,0,0,1,19.55,520.55,0.27037037037037237,0
5816-JMLGY,3,1,1,70,61m+,1,No,1,5,7,80.4,5717.85,-1.2835714285714346,0
3068-OMWZA,1,3,2,1,0-6m,1,Yes,1,2,5,88.8,88.8,0.0,1
2927-QRRQV,2,3,2,46,25-48m,1,Yes,1,3,6,94.65,4312.5,0.9000000000000057,0
6032-KRXXO,1,3,2,30,25-48m,1,No,1,2,4,90.25,2755.35,-1.5949999999999989,1
7459-RRWQZ,1,1,1,15,13-24m,1,Yes,1,2,5,64.65,994.55,-1.6533333333333218,1
6265-SXWBU,2,2,2,69,61m+,1,Yes,0,3,6,95.75,6511.25,1.3840579710144993,0
7941-RCJOW,3,2,3,65,61m+,1,No,1,0,1,19.55,1218.65,0.8015384615384598,0
6374-NTQLP,3,2,2,72,61m+,1,No,1,5,7,104.1,7447.7,0.6597222222222143,0
4154-AQUGT,1,1,2,13,13-24m,1,No,1,3,5,89.05,1169.35,-0.8999999999999915,1
2387-KDZQY,2,4,3,17,13-24m,1,No,1,0,1,20.1,279.5,3.658823529411766,0
3584-WKTTW,2,3,2,51,49-60m,1,Yes,1,5,8,111.55,5720.35,-0.6137254901960887,0
3399-BMLVW,3,2,1,51,49-60m,1,No,0,3,5,60.5,3121.45,-0.7049019607843121,0
1971-DTCZB,3,1,1,72,61m+,1,Yes,1,6,9,90.95,6468.6,1.1083333333333343,0
3092-IGHWF,2,3,2,67,61m+,1,Yes,0,2,5,87.4,5918.8,-0.9402985074626855,1
3374-PZLXD,1,4,3,34,25-48m,1,No,0,0,1,19.7,675.6,-0.17058823529411882,0
3813-DHBBB,3,1,1,67,61m+,0,No phone service,1,4,5,50.95,3521.7,-1.6126865671641752,0
2812-REYAT,2,1,3,49,49-60m,1,No,1,0,1,20.05,923.1,1.2112244897959172,0
6518-PPLMZ,3,4,3,53,49-60m,1,No,1,0,1,19.4,1110.35,-1.5500000000000007,0
4939-KYYPY,1,3,1,27,25-48m,1,Yes,0,2,5,59.45,1611.65,-0.24074074074074048,0
8017-LXHFA,1,3,2,23,13-24m,1,No,1,3,5,94.75,2293.6,-4.971739130434784,1
5930-GBIWP,3,2,1,69,61m+,1,Yes,1,5,8,81.5,5553.25,1.0181159420289845,0
6022-KOUQO,1,1,1,2,0-6m,0,No phone service,0,1,2,29.05,44.75,6.675000000000001,0
6352-TWCAU,1,3,2,35,25-48m,1,Yes,1,1,4,86.45,3029.1,-0.09571428571427987,1
2361-UPSND,2,4,1,46,25-48m,1,No,0,4,6,70.6,3231.05,0.35978260869563883,0
6035-RIIOM,3,1,2,54,49-60m,1,Yes,1,3,6,97.2,5129.45,2.210185185185196,0
2929-QNSRW,2,3,2,56,49-60m,1,Yes,1,3,6,98.25,5508.35,-0.11339285714286973,1
1262-OPMFY,1,1,2,9,7-12m,1,No,1,1,3,75.75,655.9,2.87222222222222,1
9504-DSHWM,1,1,1,20,13-24m,1,Yes,0,2,5,59.2,1191.2,-0.35999999999999943,0
5035-BVCXS,1,4,2,11,7-12m,1,No,1,1,3,75.9,866.4,-2.8636363636363598,0
6267-DCFFZ,1,3,2,30,25-48m,1,Yes,1,2,5,90.05,2627.2,2.4766666666666737,0
3533-UVMOM,3,1,1,68,61m+,1,No,0,4,6,70.95,4741.45,1.2227941176470694,0
2439-LYPMQ,1,3,2,38,25-48m,1,Yes,1,4,7,102.6,4009.2,-2.905263157894737,0
4248-QPAVC,1,1,2,17,13-24m,1,Yes,1,2,5,85.35,1463.45,-0.7352941176470722,1
1899-VXWXM,2,2,2,48,25-48m,1,Yes,1,4,7,106.1,5082.8,0.2083333333333286,1
1478-VPOAD,1,3,1,1,0-6m,1,No,0,0,2,43.8,43.8,0.0,0
9995-HOTOH,3,3,1,63,61m+,0,No phone service,0,5,6,59.0,3707.6,0.14920634920635223,0
2988-PLAHS,2,3,1,3,0-6m,1,No,1,3,5,69.95,220.45,-3.5333333333333314,0
1371-OJCEK,2,1,3,48,25-48m,1,Yes,0,0,2,24.35,1133.7,0.7312499999999993,0
4999-IEZLT,2,2,1,66,61m+,0,No phone service,0,1,2,29.45,1983.15,-0.5977272727272762,0
8883-ANODQ,3,2,2,68,61m+,1,Yes,1,2,5,84.4,5746.75,-0.11102941176470438,0
4690-LLKUA,1,3,1,17,13-24m,1,No,1,0,2,45.05,770.6,-0.279411764705884,1
2351-RRBUE,2,4,3,7,7-12m,1,No,0,0,1,20.65,134.05,1.4999999999999964,0
5980-BDHPY,3,1,1,72,61m+,1,Yes,1,6,9,87.1,6230.1,0.5708333333333258,0
1498-DQNRX,1,4,3,29,25-48m,1,No,0,0,1,19.85,573.05,0.08965517241379573,0
9469-WEJBT,1,3,2,37,25-48m,1,No,1,3,5,90.35,3419.3,-2.063513513513527,0
3331-HQDTW,1,4,2,34,25-48m,1,Yes,1,5,8,109.8,3587.25,4.292647058823533,1
9490-DFPMD,1,3,2,42,25-48m,1,Yes,1,1,4,84.65,3541.35,0.33214285714286973,1
2581-VKIRT,2,4,1,59,49-60m,1,Yes,0,3,6,65.5,3801.3,1.0711864406779625,0
5442-XSDCW,1,1,2,11,7-12m,1,No,1,1,3,79.5,868.5,0.5454545454545467,1
7426-WEIJX,1,3,2,60,49-60m,1,Yes,1,1,4,80.95,4859.1,-0.03499999999999659,0
2851-MMUTZ,1,4,1,27,25-48m,1,No,1,2,4,56.15,1439.35,2.840740740740742,0
3049-NDXFL,1,4,2,1,0-6m,1,Yes,0,1,4,85.8,85.8,0.0,1
8580-AECUZ,1,3,2,1,0-6m,1,No,1,1,3,79.1,79.1,0.0,1
3307-TLCUD,1,4,1,17,13-24m,0,No phone service,0,2,3,34.4,592.75,-0.4676470588235304,0
6625-FLENO,3,4,3,58,49-60m,1,No,0,0,1,20.75,1185.95,0.30258620689654947,0
2967-MXRAV,2,4,3,1,0-6m,1,No,0,0,1,18.8,18.8,0.0,0
7963-GQRMY,1,4,1,3,0-6m,1,No,0,0,2,44.3,134.5,-0.5333333333333385,1
8189-HBVRW,1,3,2,53,49-60m,1,Yes,0,3,6,90.8,4921.2,-2.0528301886792377,0
4163-KIUHY,1,3,3,35,25-48m,1,Yes,1,0,2,25.6,901.25,-0.14999999999999858,0
1228-FZFRV,1,2,2,50,49-60m,1,Yes,0,4,7,105.95,5341.8,-0.8859999999999957,1
3500-NSDOA,3,2,1,68,61m+,1,Yes,0,3,6,70.8,4859.95,-0.6698529411764724,0
1171-TYKUR,1,3,3,47,25-48m,1,Yes,0,0,2,25.4,1139.2,1.1617021276595736,0
3761-FLYZI,1,1,2,65,61m+,1,Yes,1,4,7,108.8,7082.45,-0.16076923076923322,0
2058-DCJBE,1,3,2,5,0-6m,1,No,1,0,2,69.75,324.6,4.829999999999998,1
5364-XYIRR,1,3,2,51,49-60m,1,Yes,1,2,5,94.65,4812.75,0.2823529411764696,1
4829-AUOAX,1,1,2,46,25-48m,1,Yes,0,2,5,96.05,4399.5,0.408695652173904,1
1219-NNDDO,1,3,2,9,7-12m,1,Yes,1,0,3,76.85,663.55,3.12222222222222,0
8388-DMKAE,3,4,3,8,7-12m,1,No,0,0,1,20.25,174.65,-1.5812500000000007,0
4403-BWPAY,2,2,3,14,13-24m,1,Yes,1,0,2,24.8,321.7,1.821428571428573,0
9659-QEQSY,1,3,2,45,25-48m,1,Yes,1,6,9,115.65,5125.5,1.75,0
5405-ZMYXQ,1,2,2,8,7-12m,1,Yes,1,0,3,74.6,548.9,5.987499999999997,0
5047-LHVLY,1,4,1,1,0-6m,1,No,1,1,3,50.15,50.15,0.0,1
1442-OKRJE,2,1,2,66,61m+,1,No,1,5,7,103.15,7031.3,-3.384848484848476,0
4737-AQCPU,3,2,1,72,61m+,1,Yes,0,4,7,72.1,5016.65,2.4243055555555486,0
9158-VCTQB,1,1,2,41,25-48m,1,Yes,1,6,9,113.6,4594.95,1.5280487804878078,1
2808-CHTDM,3,4,3,23,13-24m,1,Yes,0,0,2,25.1,611.45,-1.484782608695653,0
6311-UEUME,1,3,2,29,25-48m,1,No,1,1,3,78.9,2384.15,-3.3120689655172413,1
0793-TWELN,1,3,2,4,0-6m,1,Yes,1,1,4,80.15,319.85,0.1875,0
3283-WCWXT,3,4,3,6,0-6m,1,Yes,0,0,2,25.4,153.3,-0.15000000000000213,0
1060-ENTOF,2,2,2,67,61m+,1,Yes,1,5,8,105.4,7035.6,0.3910447761194007,0
0999-QXNSA,1,4,1,7,7-12m,1,No,1,0,2,45.75,344.2,-3.421428571428571,0
5451-MHQOF,2,4,3,56,49-60m,1,Yes,1,0,2,24.45,1431.65,-1.1151785714285722,0
4836-WNFNO,3,2,3,72,61m+,1,Yes,0,0,2,25.0,1849.2,-0.6833333333333336,0
9225-BZLNZ,3,3,1,72,61m+,1,Yes,1,5,8,85.25,6083.1,0.7624999999999886,0
0354-VXMJC,3,2,3,23,13-24m,1,No,0,0,1,19.6,426.65,1.0500000000000007,0
4422-QVIJA,1,4,1,35,25-48m,1,Yes,0,0,3,50.15,1655.35,2.854285714285716,0
9365-SRSZE,1,3,2,27,25-48m,1,No,1,0,2,70.55,1943.9,-1.4462962962962962,0
6839-ITVZJ,1,3,1,26,25-48m,1,Yes,1,2,5,60.05,1616.15,-2.1096153846153882,1
8332-OSJDW,2,4,3,12,7-12m,1,Yes,0,0,2,26.4,314.95,0.154166666666665,0
4735-BJKOU,3,4,3,40,25-48m,1,No,0,0,1,20.15,804.85,0.02874999999999872,0
0274-JKUJR,1,4,1,7,7-12m,0,No phone service,0,5,6,58.85,465.7,-7.6785714285714235,0
5740-YHGTW,1,2,2,70,61m+,1,Yes,1,3,6,97.55,6669.05,2.277857142857144,0
8917-SZTTJ,3,2,3,60,49-60m,1,No,0,0,1,19.65,1161.75,0.28749999999999787,0
1696-MZVAU,2,2,1,39,25-48m,0,No phone service,1,0,1,25.25,947.75,0.9487179487179489,0
7359-WWYJV,3,2,2,72,61m+,1,Yes,0,6,9,114.45,8375.05,-1.8701388888888744,0
0375-HVGXO,1,3,1,1,0-6m,0,No phone service,1,1,2,34.7,34.7,0.0,1
4906-ZHGPK,2,3,1,54,49-60m,1,Yes,1,3,6,70.7,3770.0,0.8851851851851933,0
8593-WHYHV,1,3,2,3,0-6m,1,Yes,1,1,4,85.3,264.8,-2.9666666666666686,1
3795-GWTRD,3,2,1,63,61m+,1,No,0,5,7,75.55,4707.85,0.8222222222222086,0
1298-PHBTI,3,3,2,71,61m+,1,Yes,1,2,5,84.8,6152.4,-1.8535211267605547,0
6223-DHJGV,2,4,3,42,25-48m,1,No,1,0,1,20.65,958.1,-2.161904761904765,0
6961-MJKBO,3,1,3,47,25-48m,1,No,0,0,1,20.45,943.0,0.38617021276595764,0
6097-EQISJ,2,2,2,66,61m+,1,Yes,1,4,7,102.45,6615.15,2.220454545454558,1
4423-YLHDV,1,1,2,21,13-24m,1,Yes,1,4,7,104.4,2200.25,-0.3738095238095127,1
8158-WPEZG,1,3,1,11,7-12m,0,No phone service,1,2,3,35.65,425.1,-2.9954545454545496,0
0107-YHINA,1,3,2,1,0-6m,1,Yes,1,3,6,99.75,99.75,0.0,1
4918-FYJNT,1,3,2,55,49-60m,1,Yes,0,3,6,90.45,5044.8,-1.2736363636363706,0
0727-BNRLG,3,2,2,69,61m+,1,Yes,1,4,7,97.65,6743.55,-0.08260869565216922,0
4854-CIDCF,1,3,2,3,0-6m,1,No,0,1,3,73.85,196.4,8.383333333333326,0
8640-SDGKB,1,3,1,4,0-6m,1,No,1,4,6,74.4,299.7,-0.5249999999999915,1
3280-MRDOF,3,2,1,30,25-48m,1,Yes,1,3,6,69.1,2093.9,-0.6966666666666725,0
6435-SRWBJ,1,3,2,5,0-6m,1,Yes,1,2,5,82.75,417.75,-0.7999999999999972,0
9964-WBQDJ,3,2,3,71,61m+,1,Yes,1,0,2,24.4,1725.4,0.0985915492957723,0
6303-KFWSL,2,3,1,29,25-48m,1,Yes,1,1,4,55.25,1620.2,-0.6189655172413779,0
1702-CCFNJ,1,1,1,52,49-60m,1,Yes,0,2,5,61.35,3169.55,0.39711538461538254,0
8932-CZHRQ,2,2,1,68,61m+,1,Yes,0,4,7,76.75,5233.25,-0.2095588235294059,0
0386-CWRGM,3,4,3,46,25-48m,1,No,0,0,1,19.4,967.85,-1.6402173913043505,0
5515-RUGKN,1,2,1,8,7-12m,1,No,1,1,3,54.75,438.05,-0.006250000000001421,0
0404-AHASP,3,2,3,72,61m+,1,No,0,0,1,19.7,1421.9,-0.04861111111111427,0
7279-NMVJC,2,1,3,17,13-24m,1,No,0,0,1,19.9,323.15,0.8911764705882348,0
2081-VEYEH,1,3,2,3,0-6m,1,No,1,5,7,107.95,318.6,1.75,0
6407-UTSLV,1,1,2,2,0-6m,1,No,1,2,4,83.8,163.7,1.9500000000000028,0
4116-TZAQJ,1,2,2,9,7-12m,1,No,1,1,3,74.25,639.65,3.177777777777777,1
9060-HJJRW,2,2,1,51,49-60m,0,No phone service,1,4,5,56.4,2928.5,-1.021568627450982,0
2587-YNLES,3,4,3,6,0-6m,1,No,0,0,1,20.1,100.35,3.3750000000000036,0
7398-SKNQZ,1,3,2,3,0-6m,1,Yes,0,2,5,94.9,273.2,3.833333333333343,0
5935-FCCNB,1,3,2,17,13-24m,1,Yes,1,2,5,94.2,1608.15,-0.3970588235294201,0
1958-RNRKS,1,3,1,30,25-48m,1,Yes,0,0,3,49.9,1441.95,1.8349999999999937,0
5136-RGMZO,1,3,1,31,25-48m,1,Yes,1,3,6,71.05,2168.15,1.1096774193548384,0
8345-MVDYC,3,1,1,45,25-48m,1,No,0,5,7,81.65,3618.7,1.2344444444444491,0
8226-BXGES,2,1,2,64,61m+,1,Yes,0,3,6,89.45,5692.65,0.5023437500000085,0
3877-JRJIP,1,3,1,1,0-6m,1,Yes,1,1,4,59.85,59.85,0.0,1
8375-DKEBR,1,3,2,1,0-6m,1,No,1,0,2,69.6,69.6,0.0,1
9705-IOVQQ,2,3,2,61,61m+,1,Yes,0,3,6,99.0,5969.3,1.1426229508196712,0
1015-OWJKI,1,4,3,1,0-6m,1,No,0,0,1,19.05,19.05,0.0,0
7511-YMXVQ,1,3,1,9,7-12m,0,No phone service,1,2,3,45.4,418.8,-1.1333333333333329,1
2040-XBAVJ,3,1,2,72,61m+,1,Yes,0,6,9,114.45,8100.55,1.9423611111111114,0
7551-JOHTI,1,4,3,1,0-6m,1,No,0,0,1,19.5,19.5,0.0,1
8887-IPQNC,1,4,1,7,7-12m,1,No,1,0,2,44.25,313.45,-0.5285714285714249,0
8646-JCOMS,2,1,2,66,61m+,1,Yes,1,3,6,90.55,6130.95,-2.3431818181818187,0
9804-ICWBG,1,3,2,1,0-6m,1,No,1,0,2,69.9,69.9,0.0,1
1222-KJNZD,1,1,3,40,25-48m,1,No,1,0,1,20.4,745.3,1.7674999999999983,0
0106-GHRQR,1,1,1,16,13-24m,1,Yes,1,3,6,71.4,1212.1,-4.356249999999989,0
5318-IXUZF,1,1,2,2,0-6m,1,No,1,2,4,87.15,183.75,-4.724999999999994,1
3768-VHXQO,3,2,3,67,61m+,1,Yes,0,0,2,24.85,1583.5,1.2156716417910474,0
8952-WCVCD,2,1,2,41,25-48m,1,No,1,5,7,104.45,4162.05,2.9365853658536594,0
2418-TPEUN,3,2,3,56,49-60m,1,No,1,0,1,19.8,1119.9,-0.19821428571428612,0
3963-RYFNS,3,1,2,72,61m+,1,Yes,1,6,9,116.45,8013.55,5.15069444444444,0
3198-VELRD,1,1,2,3,0-6m,1,Yes,1,1,4,84.75,264.85,-3.5333333333333456,1
8540-ZQGEA,3,2,3,54,49-60m,1,No,0,0,1,20.05,1102.4,-0.36481481481481737,0
1320-REHCS,1,3,2,52,49-60m,1,Yes,1,5,8,110.75,5832.0,-1.4038461538461604,0
4137-JOPHL,3,1,2,50,49-60m,1,No,1,3,5,89.7,4304.5,3.6099999999999994,0
9436-ZBZCT,1,3,2,14,13-24m,1,Yes,1,2,5,89.95,1178.4,5.778571428571425,1
7801-CEDNV,2,2,1,27,25-48m,1,No,0,1,3,48.7,1421.75,-3.957407407407402,0
2057-BOYKM,3,1,2,72,61m+,1,Yes,1,4,7,96.6,6827.5,1.7736111111111086,0
3658-QQJYD,2,2,1,62,61m+,1,No,1,4,6,74.3,4698.05,-1.4750000000000085,0
1803-BGNBD,1,3,1,12,7-12m,1,No,1,2,4,54.3,654.5,-0.24166666666666714,0
0134-XWXCE,2,1,1,44,25-48m,1,No,0,4,6,74.85,3268.05,0.5761363636363512,0
6950-TWMYB,3,1,2,54,49-60m,1,No,1,2,4,79.95,4362.05,-0.8287037037037095,0
5848-FHRFC,3,1,3,68,61m+,1,No,0,0,1,20.05,1386.9,-0.34558823529411953,0
2243-FNMMI,1,4,3,20,13-24m,1,No,0,0,1,19.4,415.4,-1.370000000000001,0
2511-MORQY,2,1,1,50,49-60m,1,Yes,0,1,4,54.9,2614.1,2.618000000000002,0
5356-KZCKT,3,2,3,58,49-60m,1,Yes,1,0,2,24.45,1513.6,-1.6465517241379288,0
9470-XCCEM,1,1,2,35,25-48m,1,Yes,1,2,5,89.65,3161.6,-0.6814285714285688,0
6519-CFDBX,1,3,1,2,0-6m,1,No,1,0,2,45.4,80.95,4.924999999999997,0
3902-MIVLE,3,4,1,63,61m+,1,Yes,0,4,7,75.7,4676.7,1.4666666666666686,0
0409-WTMPL,2,2,2,58,49-60m,1,Yes,1,5,8,110.65,6526.65,-1.8784482758620555,0
8763-KIAFH,2,4,3,27,25-48m,1,No,1,0,1,20.55,583.3,-1.0537037037037003,0
3669-WHAFY,3,2,2,71,61m+,1,Yes,1,6,9,115.15,8078.1,1.3739436619718361,0
3055-VTCGS,2,2,1,63,61m+,1,No,0,2,4,58.55,3503.5,2.938888888888883,0
3144-KMTWZ,1,1,2,71,61m+,1,Yes,1,3,6,93.25,6669.45,-0.6859154929577471,0
7279-BUYWN,1,3,2,41,25-48m,1,Yes,1,5,8,113.2,4689.5,-1.1780487804877993,1
7156-MHUGY,1,3,2,13,13-24m,1,No,1,2,4,90.5,1201.15,-1.896153846153851,1
7198-GLXTC,1,3,2,2,0-6m,1,No,0,1,3,79.0,143.65,7.174999999999997,1
2007-QVGAW,3,1,3,68,61m+,1,No,1,0,1,19.35,1292.65,0.3404411764705877,0
5207-PLSTK,1,4,1,1,0-6m,1,No,1,1,3,48.75,48.75,0.0,0
2307-FYNNL,3,3,2,65,61m+,1,Yes,1,5,8,109.05,7108.2,-0.30692307692306997,0
5605-XNWEN,3,1,3,72,61m+,1,Yes,1,0,2,25.0,1802.55,-0.03541666666666643,0
2155-AMQRX,1,2,1,28,25-48m,1,Yes,1,1,4,54.9,1505.15,1.1446428571428555,0
6181-AXXYF,3,2,3,72,61m+,1,Yes,0,0,2,24.75,1859.1,-1.0708333333333329,0
5091-HFAZW,1,3,2,2,0-6m,1,No,1,3,5,91.15,168.5,6.900000000000006,0
0516-VRYBW,2,1,3,18,13-24m,1,No,0,0,1,20.15,390.85,-1.56388888888889,1
2519-LBNQL,2,3,2,60,49-60m,1,Yes,1,4,7,104.35,6339.45,-1.3075000000000045,0
8623-ULFNQ,1,3,1,26,25-48m,1,Yes,1,2,5,66.05,1652.4,2.496153846153838,0
8380-PEFPE,1,3,2,1,0-6m,1,No,1,0,2,71.65,71.65,0.0,1
5687-DKDTV,1,4,3,4,0-6m,1,No,0,0,1,20.35,77.5,0.9750000000000014,1
1568-LJSZU,3,2,1,68,61m+,1,Yes,1,6,9,92.2,6392.85,-1.8125,0
7530-HDYDS,1,2,2,38,25-48m,1,No,1,3,5,84.25,3264.5,-1.6578947368421098,1
7789-HKSBS,2,1,2,42,25-48m,1,Yes,1,4,7,105.2,4599.15,-4.303571428571416,0
7416-CKTEP,3,1,3,57,49-60m,1,No,1,0,1,19.6,1134.25,-0.2991228070175431,0
2586-CWXVV,1,3,1,54,49-60m,0,No phone service,0,1,2,30.4,1621.35,0.375,0
3096-IZETN,1,1,2,12,7-12m,1,No,0,1,3,78.1,947.3,-0.8416666666666686,1
2348-KCJLT,2,4,1,44,25-48m,1,No,1,3,5,61.5,2722.2,-0.3681818181818173,0
8401-EMUWF,1,1,1,42,25-48m,1,Yes,1,3,6,69.4,3058.3,-3.4166666666666714,0
4193-IBKSW,3,1,3,72,61m+,1,Yes,0,0,2,24.75,1769.6,0.17222222222222427,0
5377-NDTOU,3,4,1,71,61m+,1,Yes,0,6,9,91.05,6293.75,2.4056338028168938,0
5922-ABDVO,1,4,2,19,13-24m,1,Yes,0,2,5,89.65,1761.05,-3.0368421052631476,1
2474-LCNUE,1,2,1,23,13-24m,1,Yes,1,3,6,73.65,1642.75,2.2260869565217405,0
0839-QNXME,3,2,3,30,25-48m,1,No,0,0,1,19.4,578.5,0.11666666666666359,0
3506-OVLKD,2,1,3,35,25-48m,1,Yes,0,0,2,26.2,954.9,-1.0828571428571436,0
9172-ANCRX,1,3,2,10,7-12m,1,Yes,1,3,6,98.7,973.25,1.375,1
6650-VJONK,1,1,1,1,0-6m,1,No,1,0,2,43.85,43.85,0.0,0
2178-PMGCJ,1,4,2,22,13-24m,1,No,1,0,2,69.7,1490.4,1.9545454545454533,0
7492-TAFJD,3,4,1,7,7-12m,0,No phone service,0,3,4,38.55,280.0,-1.4500000000000028,0
2773-MADBQ,3,4,1,36,25-48m,0,No phone service,1,5,6,53.1,1901.25,0.2875000000000014,0
6016-LVTJQ,1,4,3,34,25-48m,1,No,0,0,1,20.65,716.4,-0.4205882352941188,0
7860-KSUGX,3,2,1,72,61m+,1,Yes,0,3,6,64.45,4720.0,-1.1055555555555543,0
8966-KZXXA,3,2,3,36,25-48m,1,Yes,0,0,2,25.1,930.95,-0.7597222222222229,0
6910-HADCM,1,3,2,1,0-6m,1,No,0,1,3,76.35,76.35,0.0,1
4816-LXZYW,1,3,2,23,13-24m,1,Yes,1,1,4,79.15,1676.95,6.239130434782609,1
9606-PBKBQ,1,3,2,32,25-48m,1,Yes,1,1,4,85.0,2642.05,2.4359374999999943,1
5149-QYTTU,2,2,2,71,61m+,1,Yes,1,4,7,95.15,6770.85,-0.21408450704225856,0
2070-XYMFH,1,4,2,23,13-24m,1,Yes,1,1,4,79.35,1835.3,-0.44565217391304657,0
2085-BOJKI,2,1,2,17,13-24m,1,No,1,3,5,96.65,1588.25,3.2235294117647157,0
0817-HSUSE,1,3,1,1,0-6m,1,No,1,4,6,75.5,75.5,0.0,0
5442-PPTJY,3,4,3,12,7-12m,1,No,0,0,1,19.7,258.35,-1.8291666666666693,0
1927-QEWMY,3,2,3,72,61m+,1,No,0,0,1,20.5,1502.25,-0.36458333333333215,0
1663-MHLHE,1,4,3,1,0-6m,1,No,0,0,1,19.2,19.2,0.0,0
5663-QBGIS,3,1,2,72,61m+,1,Yes,0,3,6,98.35,6929.4,2.1083333333333343,0
4450-MDZFX,1,1,2,60,49-60m,1,Yes,0,0,3,74.35,4453.3,0.1283333333333303,0
6701-DHKWQ,3,2,1,61,61m+,0,No phone service,0,4,5,51.35,3244.4,-1.836885245901641,0
7554-AKDQF,1,4,1,6,0-6m,1,No,0,0,2,45.65,323.45,-8.258333333333333,0
3536-IQCTX,1,3,2,32,25-48m,1,Yes,0,1,4,85.3,2661.1,2.140625,1
4911-BANWH,1,2,2,31,25-48m,1,Yes,1,1,4,86.55,2697.4,-0.46290322580645693,1
8496-EJAUI,1,2,2,19,13-24m,1,No,1,1,3,73.85,1424.5,-1.1236842105263207,1
0794-YVSGE,3,1,3,72,61m+,1,No,0,0,1,20.3,1401.15,0.8395833333333336,0
5423-BHIXO,1,3,1,32,25-48m,1,Yes,1,1,4,54.2,1739.6,-0.16249999999999432,0
6908-VVYHM,1,3,2,65,61m+,1,Yes,1,2,5,90.65,5931.0,-0.5961538461538396,0
2959-EEXWB,1,1,1,45,25-48m,0,No phone service,1,3,4,50.9,2333.85,-0.9633333333333312,0
1839-UMACK,2,3,3,42,25-48m,1,Yes,0,0,2,25.05,949.85,2.43452380952381,0
3030-YDNRM,1,3,2,8,7-12m,1,Yes,1,0,3,74.85,572.45,3.2937499999999886,0
7321-KKSDU,3,4,3,32,25-48m,1,No,0,0,1,20.5,696.8,-1.2749999999999986,0
3402-XRIUO,1,4,1,22,13-24m,1,Yes,1,3,6,63.55,1381.8,0.7409090909090921,0
3132-TVFDZ,1,3,1,57,49-60m,0,No phone service,1,2,3,44.85,2572.95,-0.28947368421052033,1
8286-AFUYI,1,3,1,1,0-6m,1,No,0,1,3,47.95,47.95,0.0,0
8080-DDEMJ,1,3,1,1,0-6m,1,No,0,0,2,45.1,45.1,0.0,1
8356-WUAOJ,1,3,1,1,0-6m,1,No,1,0,2,45.0,45.0,0.0,0
6365-MTGZX,1,3,2,24,13-24m,1,No,1,3,5,96.0,2122.45,7.564583333333346,1
1349-WXNGG,1,1,3,1,0-6m,1,No,0,0,1,20.05,20.05,0.0,1
8058-DMYRU,1,3,2,54,49-60m,1,Yes,1,2,5,90.05,4931.8,-1.279629629629639,0
9350-ZXYJC,3,2,3,4,0-6m,1,Yes,1,0,2,25.3,116.95,-3.9375,0
6990-YNRIO,3,1,2,65,61m+,1,Yes,0,5,8,108.65,6937.95,1.9123076923077065,1
8958-JPTRR,2,3,3,56,49-60m,1,Yes,0,0,2,24.3,1261.7,1.7696428571428555,0
6959-GQEGV,1,3,1,45,25-48m,1,No,1,4,6,75.95,3273.8,3.198888888888888,0
3173-WSSUE,3,2,3,71,61m+,1,No,0,0,1,19.7,1415.85,-0.24154929577464657,0
1265-HVPZB,2,2,1,59,49-60m,1,No,0,4,6,66.4,3958.2,-0.6881355932203235,0
4115-UMJFQ,2,1,1,69,61m+,0,No phone service,1,2,3,35.75,2492.25,-0.36956521739130466,0
7369-TRPFD,2,4,3,19,13-24m,1,No,0,0,1,18.8,279.2,4.105263157894738,0
1098-KFQEC,3,2,3,55,49-60m,1,No,0,0,1,19.4,1083.0,-0.2909090909090928,0
7190-XHTWJ,2,4,3,38,25-48m,1,No,0,0,1,19.3,755.5,-0.5815789473684205,0
0621-TWIEM,1,3,1,10,7-12m,1,No,1,0,2,45.55,402.6,5.289999999999992,1
3537-RYBHH,1,2,1,47,25-48m,1,Yes,1,3,6,67.45,3252.0,-1.741489361702122,0
2485-ITVKB,1,3,1,2,0-6m,0,No phone service,1,1,2,35.1,68.75,0.7250000000000014,1
3669-OYSJI,1,2,1,1,0-6m,1,No,0,0,2,46.2,46.2,0.0,1
1612-EOHDH,1,3,1,1,0-6m,1,No,0,0,2,45.15,45.15,0.0,1
6702-OHFWR,1,3,1,1,0-6m,0,No phone service,1,3,4,43.3,43.3,0.0,1
5296-BFCYD,3,4,3,46,25-48m,1,No,1,0,1,20.1,936.85,-0.26630434782608603,0
4510-PYUSH,1,2,1,38,25-48m,1,No,1,2,4,57.15,2250.65,-2.0776315789473756,1
9359-JANWS,3,2,1,65,61m+,1,No,0,3,5,58.9,3857.1,-0.4399999999999977,0
7517-SAWMO,1,3,2,19,13-24m,1,No,1,1,3,73.2,1441.1,-2.6473684210526187,1
4143-HHPMK,1,3,2,52,49-60m,1,No,1,2,4,85.35,4338.6,1.9153846153845961,1
3279-DYZQM,3,4,3,71,61m+,1,No,0,0,1,19.45,1378.45,0.0352112676056322,0
7054-LGEQW,1,4,1,1,0-6m,1,No,0,0,2,45.95,45.95,0.0,1
0523-VNGTF,1,3,1,52,49-60m,0,No phone service,1,4,5,50.5,2566.3,1.1480769230769212,0
9575-IWCAZ,2,4,3,6,0-6m,1,Yes,0,0,2,25.1,171.0,-3.3999999999999986,0
7105-MXJLL,2,4,1,26,25-48m,1,No,0,2,4,60.7,1597.4,-0.7384615384615358,0
7064-FRRSW,2,3,2,48,25-48m,1,Yes,1,3,6,99.0,4744.35,0.15937499999999716,0
7940-UQQUG,2,1,2,64,61m+,1,Yes,1,4,7,104.4,6721.6,-0.625,0
0923-PNFUB,1,3,2,3,0-6m,1,No,0,2,4,83.75,247.25,1.3333333333333286,1
3961-SXAXY,1,1,1,1,0-6m,1,No,1,0,2,44.05,44.05,0.0,0
7010-BRBUU,3,2,3,72,61m+,1,Yes,0,0,2,24.1,1734.65,0.0076388888888878625,0
3566-HJGPK,1,4,1,1,0-6m,1,No,1,0,2,45.55,45.55,0.0,0
3062-ICYZQ,1,3,2,51,49-60m,1,Yes,1,3,6,93.8,4539.35,4.79313725490195,0
9938-PRCVK,3,1,3,41,25-48m,1,No,0,0,1,19.7,804.25,0.08414634146341271,0
0973-KYVNF,3,2,1,72,61m+,1,No,1,4,6,70.65,5011.15,1.05069444444446,0
5129-HHMZC,3,2,1,43,25-48m,1,Yes,0,5,8,86.45,3574.5,3.3220930232558175,0
9637-CDTKZ,3,2,2,72,61m+,1,Yes,1,6,9,114.1,8086.4,1.7888888888888914,0
3946-JEWRQ,2,2,2,47,25-48m,1,Yes,1,2,5,95.2,4563.0,-1.8851063829787194,0
7873-CVMAW,3,2,1,72,61m+,1,Yes,0,6,9,88.55,6362.35,0.18402777777777146,0
0463-WZZKO,1,2,3,3,0-6m,1,No,1,0,1,20.75,67.1,-1.6166666666666636,0
3494-JCHRQ,1,3,2,1,0-6m,1,No,1,0,2,70.05,70.05,0.0,1
6474-FVJLC,1,3,2,2,0-6m,1,Yes,1,1,4,86.0,165.45,3.2750000000000057,1
4524-QCSSM,1,1,1,26,25-48m,0,No phone service,1,3,4,44.65,1156.55,0.16730769230769482,0
5832-EXGTT,1,4,1,29,25-48m,1,No,1,2,4,60.2,1834.15,-3.0465517241379345,0
8840-DQLGN,1,1,2,35,25-48m,1,Yes,1,4,7,100.5,3653.35,-3.8814285714285717,1
2039-JONDJ,2,1,1,27,25-48m,1,No,0,2,4,55.45,1477.65,0.7222222222222214,0
7217-JYHOQ,1,2,1,24,13-24m,1,No,1,4,6,70.3,1706.45,-0.8020833333333428,0
6695-FRVEC,3,1,1,67,61m+,1,No,1,3,5,60.4,3953.7,1.389552238805969,0
4547-LYTDD,1,3,2,16,13-24m,1,Yes,0,0,3,72.65,1194.3,-1.9937499999999915,1
9894-QMIMJ,2,1,1,23,13-24m,1,No,0,2,4,55.8,1327.85,-1.9326086956521706,0
8069-YQQAJ,1,4,1,14,13-24m,0,No phone service,1,1,2,31.1,419.7,1.1214285714285737,0
6770-XUAGN,1,3,3,1,0-6m,1,No,1,0,1,21.0,21.0,0.0,1
4193-ORFCL,1,4,1,1,0-6m,1,No,0,0,2,45.1,45.1,0.0,1
1636-NTNCO,1,2,1,4,0-6m,0,No phone service,1,3,4,50.95,207.35,-0.8874999999999957,0
3466-WAESX,1,3,1,16,13-24m,1,Yes,1,3,6,69.1,1083.7,1.3687499999999915,0
9281-PKKZE,1,3,1,46,25-48m,0,No phone service,1,2,3,43.95,2007.85,0.30108695652174333,0
3638-VBZTA,3,1,1,68,61m+,1,Yes,1,5,8,86.5,5882.75,-0.011029411764710062,0
7459-IMVYU,1,3,1,38,25-48m,1,Yes,0,4,7,69.95,2657.55,0.014473684210528859,0
7776-QWNFX,1,1,1,30,25-48m,1,No,1,1,3,50.4,1527.5,-0.5166666666666657,1
6689-TCZHQ,1,3,2,5,0-6m,1,No,0,1,3,78.95,378.4,3.2700000000000102,1
8563-OYMQY,1,2,2,17,13-24m,1,No,1,3,5,90.95,1612.2,-3.8852941176470637,0
0754-EEBDC,3,4,3,4,0-6m,1,No,0,0,1,19.9,76.65,0.7374999999999972,0
5777-ZPQNC,2,3,3,12,7-12m,1,No,0,0,1,20.15,260.7,-1.5749999999999993,0
1951-IEYXM,3,2,1,72,61m+,1,Yes,1,6,9,90.6,6441.85,1.1298611111110972,0
3318-NMQXL,1,3,2,3,0-6m,1,No,1,2,4,92.0,266.8,3.066666666666663,0
3143-ILDAL,1,3,2,56,49-60m,1,Yes,1,3,6,94.45,5124.6,2.9392857142857167,1
1022-RKXDR,2,4,3,41,25-48m,1,Yes,1,0,2,24.85,962.25,1.380487804878051,0
2361-FJWNO,2,2,1,40,25-48m,0,No phone service,0,2,3,36.0,1382.9,1.4274999999999949,0
2272-UOINI,1,3,1,7,7-12m,1,No,1,5,7,78.5,571.05,-3.078571428571422,0
8232-UTFOZ,3,2,3,69,61m+,1,No,0,0,1,19.95,1399.35,-0.33043478260869463,0
3750-YHRYO,2,4,3,7,7-12m,1,No,0,0,1,20.65,150.0,-0.7785714285714285,0
6637-KYRCV,1,3,1,5,0-6m,0,No phone service,1,1,2,30.5,167.2,-2.9399999999999977,0
5668-MEISB,3,2,2,72,61m+,1,Yes,0,5,8,106.1,7657.4,-0.25277777777778,0
0129-QMPDR,2,1,3,44,25-48m,1,No,1,0,1,20.5,865.05,0.8397727272727273,0
7188-CBBBA,2,3,2,65,61m+,1,Yes,1,3,6,95.5,6153.85,0.825384615384607,0
5356-CSVSQ,1,3,1,3,0-6m,1,Yes,0,2,5,64.6,174.2,6.533333333333331,0
3221-CJMSG,1,2,1,24,13-24m,1,No,1,1,3,51.1,1269.6,-1.7999999999999972,0
4720-VSTSI,1,1,2,44,25-48m,1,Yes,1,2,5,84.8,3862.55,-2.985227272727286,1
3219-JQRSL,3,2,1,72,61m+,1,Yes,0,6,9,89.1,6352.4,0.87222222222222,0
2801-NISEI,1,3,1,24,13-24m,1,No,0,2,4,54.95,1348.5,-1.2374999999999972,0
3946-MHCZW,1,4,1,1,0-6m,1,No,0,1,3,50.9,50.9,0.0,1
4623-ZKHLY,1,1,3,22,13-24m,1,No,1,0,1,20.45,471.55,-0.9840909090909093,0
6732-VAILE,3,2,1,70,61m+,1,Yes,1,5,8,85.95,5931.75,1.210714285714289,0
8201-AAXCB,1,3,1,25,25-48m,1,Yes,0,1,4,60.35,1404.65,4.163999999999994,0
7696-CFTAT,3,1,3,37,25-48m,1,No,0,0,1,19.8,726.1,0.1756756756756772,0
1845-CSBRZ,1,1,2,22,13-24m,1,Yes,0,1,4,85.35,1961.6,-3.8136363636363626,0
2123-VSCOT,3,1,1,59,49-60m,1,Yes,1,3,6,72.1,4194.85,1.0008474576271027,0
6651-AZVTJ,1,3,2,49,49-60m,1,Yes,1,3,6,99.8,4872.45,0.3622448979591866,1
4566-GOLUK,1,1,2,47,25-48m,1,Yes,1,4,7,107.35,5118.95,-1.5638297872340416,1
2484-DGXPZ,1,4,3,31,25-48m,1,No,1,0,1,19.55,658.95,-1.7064516129032263,1
2018-QKYGT,1,3,2,1,0-6m,1,No,1,1,3,81.05,81.05,0.0,0
2792-VPPET,1,3,3,3,0-6m,1,No,1,0,1,20.5,76.95,-5.150000000000002,0
7409-JURKQ,2,1,2,53,49-60m,1,Yes,1,5,8,111.8,5809.75,2.182075471698113,0
3247-MHJKM,1,4,3,1,0-6m,1,No,0,0,1,20.2,20.2,0.0,0
1964-SVLEA,2,4,3,20,13-24m,1,No,1,0,1,19.7,415.9,-1.0949999999999989,0
4587-NUKOX,1,3,2,3,0-6m,1,No,1,2,4,79.1,246.5,-3.066666666666677,1
7297-DVYGA,2,1,3,51,49-60m,1,No,1,0,1,19.85,996.95,0.3019607843137244,0
2239-CGBUZ,2,1,1,51,49-60m,1,No,1,3,5,60.5,3145.15,-1.169607843137257,0
0854-UYHZD,3,4,3,13,13-24m,1,No,0,0,1,19.55,265.3,-0.8576923076923073,0
7243-LCGGZ,1,4,3,1,0-6m,1,No,0,0,1,20.9,20.9,0.0,0
8267-KFGYD,1,4,3,1,0-6m,1,No,1,0,1,21.05,21.05,0.0,0
4890-VMUAV,2,3,1,63,61m+,1,Yes,0,4,7,71.5,4576.3,-1.1396825396825392,0
9261-WDCAF,1,4,1,3,0-6m,1,No,0,1,3,54.65,189.1,-8.383333333333333,0
3764-MNMOI,3,2,3,46,25-48m,1,No,0,0,1,19.2,908.15,-0.5423913043478272,0
7442-YGZFK,1,2,1,1,0-6m,1,Yes,1,0,3,49.8,49.8,0.0,0
0420-BWTPW,1,4,1,8,7-12m,0,No phone service,0,0,1,25.5,215.2,-1.3999999999999986,1
8229-BUJHX,3,1,3,71,61m+,1,No,0,0,1,20.5,1500.95,-0.6401408450704231,0
7449-HVPIV,1,2,2,55,49-60m,1,Yes,1,2,5,90.4,5099.15,-2.3118181818181682,0
5504-WSIUR,2,1,2,70,61m+,1,Yes,1,3,6,90.25,6385.95,-0.9778571428571468,0
8183-ONMXC,1,3,2,2,0-6m,1,No,0,1,3,80.75,159.45,1.0250000000000057,1
8466-PZBLH,3,1,2,67,61m+,1,Yes,0,4,7,104.6,6885.75,1.827611940298496,0
9614-RMGHA,1,1,2,65,61m+,1,Yes,1,2,5,91.85,5940.85,0.4523076923076843,1
8735-IJJEG,1,2,1,14,13-24m,1,No,0,1,3,50.2,668.85,2.4250000000000043,0
0564-MUUQK,1,1,2,20,13-24m,1,Yes,1,3,6,95.5,1916.2,-0.3100000000000023,0
5054-IEXZT,1,3,2,1,0-6m,1,No,1,1,3,75.35,75.35,0.0,1
5834-ASPWA,1,3,2,1,0-6m,1,Yes,1,0,3,75.45,75.45,0.0,1
0701-RFGFI,1,1,2,49,49-60m,1,Yes,1,2,5,95.4,4613.95,1.237755102040822,0
0019-EFAEP,3,1,2,72,61m+,1,Yes,1,4,7,101.3,7261.25,0.4493055555555543,0
5619-PTMIK,1,3,1,46,25-48m,1,Yes,0,1,4,53.1,2459.8,-0.37391304347826093,0
3737-XBQDD,1,1,2,24,13-24m,1,Yes,1,2,5,84.85,2048.8,-0.5166666666666799,0
5882-CMAZQ,1,3,1,5,0-6m,0,No phone service,0,2,3,34.25,163.55,1.5399999999999991,0
5846-QFDFI,1,2,2,33,25-48m,1,Yes,0,3,6,88.6,2888.7,1.0636363636363626,0
4445-KWOKW,2,1,1,42,25-48m,1,Yes,1,2,5,60.15,2421.6,2.49285714285714,0
3511-APPBJ,2,2,2,23,13-24m,1,No,1,4,6,99.95,2292.75,0.26521739130434696,0
7967-HYCDE,1,1,2,8,7-12m,1,No,0,0,2,70.7,553.4,1.5250000000000057,0
2430-RRYUW,2,4,1,66,61m+,1,No,1,2,4,54.8,3465.7,2.289393939393939,0
3948-XHGNA,1,1,1,24,13-24m,1,No,1,1,3,49.55,1210.4,-0.88333333333334,1
3723-BFBGR,1,2,1,24,13-24m,1,Yes,0,1,4,54.8,1291.3,0.99583333333333,0
0565-IYCGT,2,2,1,69,61m+,1,Yes,1,5,8,78.6,5356.45,0.9702898550724655,1
5447-WZAFP,2,4,2,53,49-60m,1,No,1,4,6,100.3,5200.8,2.1716981132075404,0
5110-CHOPY,3,3,1,60,49-60m,0,No phone service,0,4,5,53.6,3237.05,-0.350833333333334,0
5445-UTODQ,1,3,2,7,7-12m,1,No,1,1,3,81.1,576.65,-1.278571428571425,1
4425-OWHWB,2,2,3,20,13-24m,1,No,1,0,1,19.35,433.75,-2.3374999999999986,0
7892-QVYKW,1,3,2,23,13-24m,1,Yes,0,1,4,85.6,1868.4,4.365217391304341,0
9675-ICXCT,3,3,1,72,61m+,1,No,1,5,7,80.8,5728.55,1.2368055555555486,0
1024-VRZHF,1,3,2,11,7-12m,1,Yes,1,0,3,74.95,825.7,-0.11363636363635976,1
4703-MQYKT,3,4,3,21,13-24m,1,No,0,0,1,19.6,390.4,1.009523809523813,0
9497-QCMMS,1,3,2,1,0-6m,1,Yes,1,2,5,93.55,93.55,0.0,1
5692-ICXLW,1,3,2,31,25-48m,1,Yes,1,2,5,90.7,2845.15,-1.0790322580645153,0
0602-DDUML,3,4,1,57,49-60m,1,No,0,4,6,69.75,3894.4,1.427192982456134,0
2208-MPXIO,3,1,3,45,25-48m,1,No,1,0,1,20.0,886.4,0.3022222222222233,0
1960-UYCNN,1,3,2,10,7-12m,1,Yes,1,3,6,95.25,1021.55,-6.905000000000001,0
0348-SDKOL,1,2,2,58,49-60m,1,Yes,1,4,7,102.1,5885.4,0.6275862068965523,1
3190-FZATL,1,4,3,14,13-24m,1,No,0,0,1,19.95,268.4,0.7785714285714285,0
7336-RLLRH,2,4,1,27,25-48m,1,Yes,0,4,7,80.85,2204.35,-0.7925925925925981,0
4373-MAVJG,1,1,2,14,13-24m,1,Yes,1,2,5,90.9,1259.0,0.9714285714285751,1
8901-HJXTF,1,4,1,12,7-12m,0,No phone service,0,1,2,29.2,309.1,3.441666666666663,1
7710-JSYOA,3,1,2,69,61m+,1,Yes,1,3,6,93.3,6398.05,0.574637681159416,0
5419-KLXBN,1,1,2,25,25-48m,1,No,1,3,5,89.15,2257.75,-1.1599999999999966,1
3424-NMNBO,2,3,2,58,49-60m,1,Yes,1,5,8,108.85,6287.25,0.4491379310344712,1
9885-MFVSU,3,2,1,35,25-48m,0,No phone service,1,3,4,46.35,1662.05,-1.1371428571428552,0
4514-GFCFI,1,3,2,16,13-24m,1,Yes,1,1,4,84.75,1350.15,0.3656249999999943,1
0607-MVMGC,2,2,1,45,25-48m,1,Yes,0,4,7,78.75,3600.65,-1.2644444444444503,0
3365-SAIGS,1,3,2,17,13-24m,1,No,1,2,4,83.55,1329.15,5.364705882352936,0
9828-AOQLM,1,3,1,1,0-6m,1,No,1,0,2,45.7,45.7,0.0,1
8022-BECSI,2,4,3,22,13-24m,1,No,0,0,1,19.6,422.5,0.39545454545454817,0
8000-REIQB,1,3,2,1,0-6m,1,No,1,0,2,69.95,69.95,0.0,1
9993-LHIEB,3,4,1,67,61m+,1,No,0,4,6,67.85,4627.65,-1.2194029850746233,0
0266-CLZKZ,3,1,2,67,61m+,1,Yes,1,4,7,105.65,6717.9,5.3828358208955365,0
7615-ESMYF,1,3,1,2,0-6m,0,No phone service,0,2,3,44.6,97.1,-3.9499999999999957,1
3858-VOBET,1,3,2,23,13-24m,1,Yes,1,0,3,74.95,1710.45,0.5826086956521692,1
7020-OZKXZ,1,2,2,9,7-12m,1,No,0,1,3,75.5,637.4,4.677777777777777,0
3977-QCRSL,1,4,3,5,0-6m,1,No,0,0,1,20.15,117.95,-3.4400000000000013,0
0017-DINOC,3,2,1,54,49-60m,0,No phone service,0,3,4,45.2,2460.55,-0.3657407407407405,0
1447-PJGGA,3,3,2,57,49-60m,1,No,1,3,5,95.25,5464.65,-0.621052631578948,1
8565-CLBZW,1,4,2,24,13-24m,1,Yes,1,2,5,89.85,2165.05,-0.36041666666667993,1
9139-WQQDY,2,4,2,49,49-60m,1,Yes,0,3,6,100.45,4941.8,-0.40306122448980375,1
0224-HJAPT,1,3,1,5,0-6m,1,Yes,0,0,3,47.15,223.15,2.519999999999996,1
8086-OVPWV,1,3,2,2,0-6m,1,No,1,1,3,80.2,181.1,-10.349999999999994,1
9430-FRQOC,1,4,2,4,0-6m,1,Yes,1,2,5,87.1,341.45,1.7374999999999972,1
7639-OPLNG,3,1,1,70,61m+,1,Yes,1,5,8,79.25,5731.85,-2.633571428571429,0
3074-GQWYX,1,1,2,5,0-6m,1,Yes,1,0,3,75.9,357.75,4.3500000000000085,1
1492-QGCLU,1,3,1,53,49-60m,1,Yes,0,5,8,85.7,4616.1,-1.3962264150943469,0
6845-RGTYS,1,3,2,47,25-48m,1,Yes,1,4,7,98.75,4533.7,2.2882978723404364,1
7328-OWMOM,2,2,3,31,25-48m,1,No,0,0,1,20.1,589.25,1.0919354838709694,0
4418-LZMSV,1,1,1,13,13-24m,1,No,0,3,5,61.8,750.1,4.099999999999994,0
5155-AZQPB,1,4,1,28,25-48m,1,Yes,0,0,3,49.9,1410.25,-0.466071428571432,0
8861-HGGKB,1,3,2,10,7-12m,1,Yes,0,1,4,86.45,830.85,3.364999999999995,1
1087-GRUYI,3,1,3,38,25-48m,1,No,0,0,1,20.4,743.5,0.8342105263157897,0
7065-YUNRY,1,4,1,1,0-6m,1,No,1,0,2,45.3,45.3,0.0,1
7694-VLBWQ,2,3,2,67,61m+,1,Yes,0,4,7,104.1,7040.85,-0.9873134328358333,1
2546-KZAAT,2,4,1,52,49-60m,1,No,1,4,6,75.4,3865.45,1.0644230769230916,0
0181-RITDD,3,4,2,62,61m+,1,No,0,6,8,108.15,6825.65,-1.941129032258047,0
5989-PGKJB,1,3,2,16,13-24m,1,No,1,2,4,86.25,1340.1,2.4937500000000057,0
4795-KTRTH,1,3,2,5,0-6m,1,Yes,1,1,4,81.0,371.65,6.670000000000002,1
8272-ONJLV,2,3,2,12,7-12m,1,No,0,3,5,95.7,1184.0,-2.9666666666666686,0
1488-PBLJN,3,1,2,72,61m+,1,Yes,1,6,9,116.85,8477.7,-0.8958333333333428,0
0308-GIQJT,2,1,2,71,61m+,1,Yes,0,4,7,105.75,7382.85,1.7661971830985834,0
3778-FOAQW,2,4,3,24,13-24m,1,No,0,0,1,20.15,456.85,1.1145833333333321,0
4452-ROHMO,3,4,3,15,13-24m,1,No,0,0,1,19.6,331.6,-2.5066666666666677,0
6481-OGDOO,2,2,2,67,61m+,1,No,1,3,5,90.6,6056.15,0.20970149253732018,1
3090-LETTY,1,1,1,2,0-6m,1,Yes,0,2,5,60.95,134.6,-6.349999999999994,0
5349-AZPEW,1,4,1,5,0-6m,0,No phone service,0,0,1,25.05,125.5,-0.05000000000000071,0
3753-TSEMP,1,3,2,15,13-24m,1,No,0,2,4,88.15,1390.6,-4.556666666666658,1
8305-VHZBZ,1,4,3,1,0-6m,1,No,1,0,1,20.2,20.2,0.0,1
9720-JJJOR,2,1,1,41,25-48m,1,No,1,3,5,60.3,2511.3,-0.9512195121951308,0
8100-HZZLJ,1,3,1,43,25-48m,1,No,1,3,5,63.95,2737.05,0.29767441860465027,0
8775-ERLNB,1,3,2,1,0-6m,1,Yes,0,0,3,74.3,74.3,0.0,0
8309-IEYJD,1,4,2,1,0-6m,1,No,1,0,2,70.6,70.6,0.0,0
9172-JITSM,1,3,2,26,25-48m,1,No,1,2,4,90.8,2361.8,-0.03846153846154721,1
6298-QDFNH,1,3,2,22,13-24m,1,Yes,1,1,4,79.35,1730.35,0.6977272727272776,1
7398-HPYZQ,3,1,1,71,61m+,1,Yes,0,6,9,90.55,6404.0,0.35281690140844546,0
3546-GHEAE,3,4,3,7,7-12m,1,No,0,0,1,19.45,165.35,-4.171428571428571,0
7361-YPXFS,1,1,1,28,25-48m,1,Yes,0,3,6,64.45,1867.6,-2.25,0
6557-BZXLQ,1,3,2,16,13-24m,1,No,0,0,2,69.65,1043.3,4.4437500000000085,0
2550-QHZGP,2,4,3,7,7-12m,1,No,0,0,1,19.5,128.6,1.12857142857143,0
7519-JTWQH,3,1,2,69,61m+,1,Yes,1,5,8,110.5,7455.45,2.450000000000003,0
2538-OIMXF,1,4,1,1,0-6m,0,No phone service,0,0,1,24.7,24.7,0.0,0
8543-MSDMF,1,3,1,3,0-6m,1,No,1,4,6,77.4,206.15,8.683333333333337,0
9961-JBNMK,1,1,2,21,13-24m,1,No,1,3,5,96.8,2030.3,0.1190476190476204,1
1170-SASML,1,1,2,69,61m+,1,Yes,1,2,5,85.4,5869.4,0.3362318840579803,0
4872-JCVCA,3,1,1,71,61m+,0,No phone service,1,4,5,47.6,3377.8,0.025352112676053196,0
5346-BZCHP,3,4,3,69,61m+,1,No,0,0,1,19.4,1346.2,-0.11014492753623273,0
2038-LLMLM,1,3,2,48,25-48m,1,Yes,1,4,7,103.85,4946.05,0.8072916666666572,0
6173-ITPWD,1,1,2,47,25-48m,1,Yes,1,2,5,83.35,4065.0,-3.1393617021276583,1
9734-UYXQI,1,3,1,2,0-6m,1,Yes,1,0,3,49.4,106.55,-3.875,1
1216-BGTSP,1,2,2,45,25-48m,1,Yes,1,5,8,108.45,4964.7,-1.8766666666666652,0
4138-NAXED,1,1,2,51,49-60m,1,Yes,0,1,4,81.0,4085.75,0.8872549019607874,0
2189-UXTKY,1,3,1,22,13-24m,1,Yes,1,4,7,79.2,1742.75,-0.01590909090909065,1
0744-BIKKF,3,1,1,72,61m+,1,Yes,0,6,9,86.65,6224.8,0.19444444444444287,0
7483-IQWIB,1,3,2,37,25-48m,1,Yes,1,3,6,92.95,3415.25,0.6459459459459538,0
5248-KWLAR,3,3,1,71,61m+,1,Yes,0,6,9,90.35,6325.25,1.2619718309859138,0
4958-GZWIY,1,3,1,7,7-12m,1,No,0,1,3,48.7,340.25,0.09285714285714874,1
7996-MHXLW,3,2,3,66,61m+,1,Yes,1,0,2,25.15,1683.6,-0.35909090909090935,0
7833-PKIHD,2,1,1,51,49-60m,1,No,1,4,6,76.4,3966.3,-1.3705882352941217,0
7061-OVMIM,2,1,3,30,25-48m,1,No,0,0,1,19.55,608.5,-0.7333333333333343,0
5153-RTHKF,1,3,2,34,25-48m,1,Yes,0,1,4,85.35,2896.6,0.1558823529411768,0
1852-QSWCD,3,4,3,64,61m+,1,Yes,1,0,2,24.8,1514.85,1.1304687500000021,0
4832-VRBMR,2,1,2,65,61m+,1,Yes,1,4,7,103.15,6792.45,-1.3492307692307577,0
9079-LWTFD,1,4,2,47,25-48m,1,Yes,0,4,7,100.75,4669.2,1.4053191489361723,0
6356-ELRKD,1,3,2,1,0-6m,1,No,1,3,5,95.6,95.6,0.0,1
8624-GIOUT,1,2,1,49,49-60m,1,Yes,1,2,5,59.75,2934.3,-0.13367346938775881,1
3392-EHMNK,3,2,2,67,61m+,1,Yes,0,3,6,94.1,6302.8,0.02835820895521124,0
5986-WWXDV,2,1,3,39,25-48m,1,No,0,0,1,19.35,779.2,-0.6294871794871781,0
3061-BCKYI,1,4,3,14,13-24m,1,No,0,0,1,19.9,283.75,-0.36785714285714377,0
6179-GJPSO,1,2,2,43,25-48m,1,No,1,5,7,108.15,4600.7,1.1569767441860535,1
7901-TBKJX,1,3,2,56,49-60m,1,Yes,1,3,6,101.05,5594.0,1.1571428571428584,0
7228-PAQPD,2,2,1,14,13-24m,1,No,0,2,4,59.1,772.85,3.8964285714285722,0
3177-LASXD,1,3,2,1,0-6m,1,No,0,0,2,71.35,71.35,0.0,1
7746-QYVCO,2,4,1,16,13-24m,1,No,1,2,4,55.85,857.8,2.2375000000000043,0
5804-HYIEZ,1,3,2,70,61m+,1,Yes,1,4,7,106.05,7554.05,-1.865000000000009,0
9919-FZDED,3,2,1,72,61m+,1,Yes,1,5,8,84.1,5981.65,1.0215277777777771,0
5934-TSSAU,1,2,2,23,13-24m,1,No,1,1,3,75.3,1702.9,1.2608695652173907,0
3486-KHMLI,1,4,3,21,13-24m,1,Yes,0,0,2,24.7,467.15,2.454761904761906,0
4897-QSUYC,1,4,3,1,0-6m,1,No,1,0,1,20.15,20.15,0.0,1
1084-UQCHV,1,1,2,1,0-6m,1,No,0,0,2,69.75,69.75,0.0,1
8290-YWKHZ,1,3,2,32,25-48m,1,Yes,1,2,5,93.2,2931.0,1.6062500000000028,1
2955-BJZHG,1,3,2,17,13-24m,1,No,0,1,3,80.85,1400.85,-1.5529411764705827,1
3806-DXQOM,1,3,1,4,0-6m,0,No phone service,1,2,3,33.65,137.85,-0.8125,1
6784-XYJAE,2,3,1,36,25-48m,1,Yes,0,1,4,55.8,1941.5,1.86944444444444,0
3933-DQPWX,3,2,1,50,49-60m,0,No phone service,0,3,4,39.7,1932.75,1.0450000000000017,0
6661-EIPZC,1,2,1,48,25-48m,0,No phone service,1,1,2,29.5,1423.05,-0.14687499999999787,0
8957-THMOA,3,2,3,50,49-60m,1,No,0,0,1,20.15,970.85,0.732999999999997,0
2251-PYLPB,3,2,1,72,61m+,1,Yes,0,5,8,79.55,5810.9,-1.1569444444444485,0
5555-RNPGT,1,2,3,10,7-12m,1,Yes,0,0,2,24.8,223.9,2.41,0
1057-FOGLZ,1,4,3,18,13-24m,1,No,0,0,1,19.65,391.7,-2.1111111111111107,0
9300-RENDD,1,3,2,1,0-6m,1,No,1,1,3,79.95,79.95,0.0,1
0761-AETCS,1,3,3,1,0-6m,1,No,0,0,1,19.3,19.3,0.0,1
8087-LGYHQ,1,3,2,9,7-12m,1,No,1,3,5,94.05,811.65,3.86666666666666,0
4137-BTIKL,1,4,2,2,0-6m,1,Yes,0,2,5,90.75,174.75,3.375,0
2190-BCXEC,1,2,2,40,25-48m,1,Yes,1,1,4,78.85,3126.85,0.6787499999999937,0
6227-FBDXH,2,1,2,69,61m+,1,Yes,0,3,6,99.5,6841.45,0.34855072463768977,0
2153-MREFK,2,3,2,37,25-48m,1,Yes,1,4,7,99.2,3754.6,-2.2756756756756715,1
2911-WDXMV,1,2,2,18,13-24m,1,Yes,1,1,4,80.55,1406.65,2.4027777777777715,0
7206-PQBBZ,1,3,2,11,7-12m,1,No,1,0,2,70.2,834.7,-5.681818181818187,0
3106-ULWFW,1,2,2,8,7-12m,1,Yes,1,1,4,85.2,627.4,6.775000000000006,1
0925-VYDLG,1,3,2,3,0-6m,1,Yes,0,0,3,75.25,242.0,-5.416666666666671,1
4547-FZJWE,2,2,1,55,49-60m,1,No,0,2,4,59.45,3157.0,2.0500000000000043,0
7422-WNBTY,1,3,2,33,25-48m,1,Yes,1,3,6,93.35,3092.0,-0.34696969696970825,0
0842-IWYCP,1,1,1,46,25-48m,1,No,0,0,2,44.95,2168.9,-2.1999999999999957,0
3521-HTQTV,3,1,3,34,25-48m,1,Yes,0,0,2,26.1,980.35,-2.733823529411765,0
3744-ZBHON,1,3,3,3,0-6m,1,No,0,0,1,20.2,65.95,-1.783333333333335,0
3373-DIUUN,3,4,3,30,25-48m,1,No,0,0,1,21.25,711.9,-2.4800000000000004,0
8383-SGHJU,2,3,1,33,25-48m,1,Yes,0,2,5,59.4,1952.8,0.22424242424242635,0
7607-QKKTJ,2,2,2,45,25-48m,1,Yes,1,3,6,95.0,4368.85,-2.0855555555555583,0
7707-PYBBH,1,4,1,40,25-48m,1,No,1,3,5,61.9,2647.1,-4.277499999999996,0
8984-HPEMB,3,3,2,71,61m+,1,Yes,1,6,9,118.65,8477.6,-0.7528169014084511,0
4349-GFQHK,1,3,1,1,0-6m,1,Yes,0,1,4,54.35,54.35,0.0,1
4139-DETXS,3,1,1,72,61m+,0,No phone service,0,6,7,64.45,4528.0,1.5611111111111171,0
9779-DPNEJ,1,3,2,22,13-24m,1,No,1,1,3,80.15,1790.65,-1.2431818181818102,0
9805-FILKB,2,1,3,46,25-48m,1,No,1,0,1,20.2,845.6,1.8173913043478258,0
5793-YOLJN,3,4,3,55,49-60m,1,No,0,0,1,21.0,1210.3,-1.005454545454544,0
0673-IGUQO,1,4,3,1,0-6m,1,No,0,0,1,20.45,20.45,0.0,0
4123-FCVCB,2,4,1,12,7-12m,1,Yes,1,3,6,75.85,854.45,4.645833333333329,0
8819-IMISP,1,3,2,31,25-48m,1,Yes,1,1,4,80.45,2429.1,2.0919354838709694,0
7802-EFKNY,1,3,1,5,0-6m,0,No phone service,1,0,1,24.95,100.4,4.869999999999997,1
8311-UEUAB,3,3,1,67,61m+,1,Yes,1,3,6,75.5,5229.45,-2.551492537313436,0
5858-EAFCZ,1,4,1,1,0-6m,1,No,0,0,2,44.45,44.45,0.0,0
8035-BUYVG,2,3,1,40,25-48m,0,No phone service,1,3,4,42.35,1716.45,-0.5612500000000011,1
1163-ONYEY,1,2,1,41,25-48m,1,Yes,1,4,7,74.55,3023.55,0.8048780487804805,0
9787-XVQIU,1,3,2,1,0-6m,1,Yes,1,0,3,75.3,75.3,0.0,1
8945-MUQUF,2,3,2,51,49-60m,1,Yes,1,3,6,94.8,4837.6,-0.054901960784320636,1
5656-MJEFC,3,2,1,42,25-48m,0,No phone service,0,4,5,48.15,2032.3,-0.2380952380952408,0
6082-OQFBA,2,4,3,23,13-24m,1,No,0,0,1,19.65,436.9,0.6543478260869549,0
8051-HJRLT,1,3,2,1,0-6m,1,No,1,0,2,70.55,70.55,0.0,1
8974-OVACP,1,4,3,1,0-6m,1,No,0,0,1,20.15,20.15,0.0,0
4010-YLMVT,1,2,2,56,49-60m,1,Yes,1,4,7,106.6,5893.95,1.3508928571428527,0
1379-FRVEB,1,3,2,15,13-24m,1,Yes,1,2,5,91.0,1430.05,-4.336666666666659,0
8612-GXIDD,3,1,3,12,7-12m,1,Yes,1,0,2,25.4,313.0,-0.6833333333333336,0
6288-CHQJB,3,1,1,54,49-60m,1,No,0,4,6,69.95,3871.85,-1.7509259259259267,0
8160-HOWOX,1,3,1,7,7-12m,1,No,1,2,4,66.85,458.1,1.4071428571428442,0
3023-GFLBR,1,2,2,33,25-48m,1,Yes,0,1,4,86.15,2745.7,2.9469696969697026,1
6648-INWPS,1,3,3,16,13-24m,1,No,0,0,1,20.15,341.35,-1.1843750000000028,0
4223-BKEOR,2,4,1,21,13-24m,1,No,0,3,5,64.85,1336.8,1.192857142857136,0
4079-VTGLK,3,3,1,30,25-48m,1,Yes,0,3,6,74.85,2181.75,2.125,0
1763-WQFUK,1,4,1,3,0-6m,1,No,1,1,3,50.5,147.75,1.25,0
1391-UBDAR,1,3,2,11,7-12m,1,No,0,1,3,72.9,818.45,-1.5045454545454504,0
8894-JVDCV,2,2,2,62,61m+,1,Yes,1,6,9,115.05,7133.45,-0.005645161290317446,0
2023-VQFDL,1,3,3,18,13-24m,1,No,0,0,1,19.0,348.8,-0.37777777777778,0
1345-GKDZZ,1,4,3,6,0-6m,1,No,0,0,1,19.55,128.6,-1.8833333333333329,0
2014-MKGMH,2,3,2,46,25-48m,1,Yes,1,3,6,101.1,4674.4,-0.5173913043478251,0
5628-FCGYG,1,3,2,21,13-24m,1,Yes,1,1,4,84.1,1737.45,1.3642857142856997,0
2560-WBWXF,3,1,3,68,61m+,1,Yes,1,0,2,24.15,1498.85,2.108088235294119,0
0248-IPDFW,1,3,1,1,0-6m,1,Yes,1,0,3,50.1,50.1,0.0,0
7978-DKUQH,1,3,2,25,25-48m,1,No,1,1,3,74.6,1797.75,2.6899999999999977,0
4335-UPJSI,3,4,3,24,13-24m,1,No,0,0,1,19.75,498.1,-1.0041666666666664,0
0524-IAVZO,1,3,2,30,25-48m,1,Yes,1,1,4,85.0,2624.25,-2.4749999999999943,1
2737-YNGYW,1,3,2,2,0-6m,1,No,0,1,3,80.55,184.1,-11.5,1
1784-EZDKJ,2,1,2,51,49-60m,1,Yes,1,4,7,106.8,5498.8,-1.0196078431372655,0
9297-FVVDH,3,3,1,57,49-60m,1,Yes,1,5,8,84.5,4845.4,-0.5070175438596465,0
8007-YYPWD,3,1,3,15,13-24m,1,Yes,0,0,2,25.05,369.1,0.4433333333333316,0
7101-HRBLJ,3,1,1,72,61m+,1,No,1,6,8,83.7,6096.9,-0.9791666666666572,0
5159-YFPKQ,1,3,2,2,0-6m,1,No,1,1,3,75.8,160.75,-4.575000000000003,1
6635-CPNUN,1,2,2,28,25-48m,1,Yes,0,3,6,96.6,2684.35,0.7303571428571445,0
4021-RQSNY,1,3,2,29,25-48m,1,Yes,1,3,6,98.5,3004.15,-5.091379310344834,1
5453-YBTWV,3,2,2,70,61m+,1,No,1,5,7,101.1,6994.8,1.174285714285702,0
5039-LZRQT,2,4,3,13,13-24m,1,No,0,0,1,20.2,273.25,-0.8192307692307708,0
2931-VUVJN,2,3,2,59,49-60m,1,Yes,1,4,7,94.05,5483.9,1.1025423728813593,0
9061-TIHDA,1,3,2,13,13-24m,1,Yes,1,2,5,95.25,1233.65,0.35384615384614904,1
8699-ASUFO,1,4,2,7,7-12m,1,Yes,1,0,3,74.4,527.9,-1.0142857142857054,1
6418-PIQSP,3,4,1,62,61m+,1,No,0,5,7,81.0,4985.9,0.5822580645161395,0
8220-OCUFY,2,3,1,21,13-24m,1,No,1,3,5,60.25,1258.35,0.3285714285714363,0
3995-WFCSM,1,3,1,2,0-6m,1,No,0,2,4,60.85,111.4,5.149999999999999,0
1895-QTKDO,1,2,1,1,0-6m,1,No,0,0,2,43.95,43.95,0.0,0
2038-OEQZH,1,3,2,4,0-6m,1,No,0,2,4,86.05,308.1,9.024999999999991,0
1178-PZGAB,2,2,3,19,13-24m,1,No,0,0,1,20.25,383.65,0.05789473684210478,0
7927-AUXBZ,1,3,2,30,25-48m,1,No,0,2,4,85.15,2555.9,-0.046666666666666856,1
2626-VEEWG,3,2,3,67,61m+,1,No,1,0,1,19.4,1284.2,0.23283582089552013,0
2878-RMWXY,3,2,2,72,61m+,1,Yes,1,4,7,102.65,7550.3,-2.2152777777777715,0
1657-DYMBM,3,2,3,53,49-60m,1,No,0,0,1,19.9,1110.05,-1.044339622641509,0
7311-MQJCH,2,3,3,5,0-6m,1,No,0,0,1,19.55,99.6,-0.36999999999999744,0
7375-WMVMT,3,2,2,71,61m+,1,No,1,4,6,95.5,6707.15,1.0330985915493045,0
1136-XGEQU,2,2,1,50,49-60m,1,Yes,1,5,8,84.15,4164.4,0.862000000000009,0
2530-FMFXO,3,3,2,56,49-60m,1,Yes,1,4,7,103.2,5873.75,-1.6883928571428584,0
6844-DZKRF,1,2,1,2,0-6m,1,No,1,1,3,50.2,109.25,-4.424999999999997,0
4695-WJZUE,1,3,2,2,0-6m,1,Yes,1,2,5,88.55,179.25,-1.0750000000000028,1
7619-ODSGN,1,3,1,24,13-24m,1,Yes,0,1,4,54.75,1338.15,-1.0062500000000014,1
5970-GHJAW,3,2,3,46,25-48m,1,No,0,0,1,19.95,862.4,1.2021739130434774,0
8879-XUAHX,3,3,2,71,61m+,1,Yes,1,6,9,116.25,8564.75,-4.380281690140848,0
3689-MOZGR,1,3,1,29,25-48m,0,No phone service,1,1,2,31.2,926.2,-0.7379310344827594,0
4195-PNGZS,3,1,3,69,61m+,1,Yes,0,0,2,24.45,1718.2,-0.4514492753623216,0
5003-XZWWO,3,2,1,71,61m+,1,Yes,0,5,8,84.2,5956.85,0.3007042253521064,0
3988-RQIXO,1,3,2,1,0-6m,1,No,1,2,4,91.3,91.3,0.0,1
7622-FWGEW,3,1,1,56,49-60m,1,No,1,6,8,85.65,4824.45,-0.5008928571428442,0
6922-NCEDI,2,4,3,56,49-60m,1,No,1,0,1,21.2,1238.65,-0.9187500000000028,0
2514-GINMM,1,3,2,1,0-6m,1,No,1,1,3,79.5,79.5,0.0,1
9891-NQDBD,2,4,3,28,25-48m,1,Yes,0,0,2,25.55,672.2,1.542857142857141,0
6131-IUNXN,1,4,3,19,13-24m,1,No,0,0,1,20.2,382.2,0.08421052631578974,0
8548-AWOFC,1,3,1,66,61m+,1,Yes,0,2,5,63.85,4264.6,-0.7651515151515227,0
9798-DRYDS,2,4,1,17,13-24m,1,Yes,1,2,5,61.95,1070.7,-1.0323529411764696,0
8532-UEFWH,3,4,3,52,49-60m,1,Yes,0,0,2,25.75,1345.85,-0.1317307692307672,0
6296-DDOOR,2,3,1,19,13-24m,1,No,0,2,4,58.2,1045.25,3.1868421052631604,0
7951-VRDVK,2,1,1,36,25-48m,1,No,0,6,8,85.85,3003.55,2.41805555555554,0
5931-FLJJF,1,4,2,7,7-12m,1,No,1,0,2,70.1,467.55,3.30714285714285,1
4815-YOSUK,2,2,2,72,61m+,1,Yes,1,5,8,104.9,7537.5,0.21250000000000568,0
2659-VXMWZ,2,3,2,67,61m+,1,Yes,1,5,8,111.3,7482.1,-0.37313432835821914,1
0380-NEAVX,2,3,2,34,25-48m,1,No,1,4,6,99.85,3343.15,1.522058823529406,0
3207-OYBWH,1,1,2,57,49-60m,1,Yes,1,3,6,95.25,5427.05,0.038596491228062746,1
4285-GYRQC,1,3,2,7,7-12m,1,No,1,2,4,86.25,587.1,2.3785714285714192,1
7216-EWTRS,1,3,2,1,0-6m,1,Yes,1,3,6,100.8,100.8,0.0,1
4365-MSDYN,1,1,3,8,7-12m,1,No,1,0,1,19.55,161.15,-0.59375,0
7036-TYDEC,3,3,2,69,61m+,1,Yes,0,4,7,104.0,7028.5,2.1376811594202962,0
5802-ADBRC,2,4,2,50,49-60m,1,Yes,1,4,7,104.4,5232.9,-0.25799999999998136,0
8076-FEZKJ,2,4,3,10,7-12m,1,No,0,0,1,19.5,225.85,-3.085000000000001,0
5197-YPYBZ,3,2,3,12,7-12m,1,Yes,0,0,2,25.25,274.7,2.3583333333333343,0
8337-MSSXB,1,3,2,14,13-24m,1,No,1,2,4,86.3,1180.95,1.9464285714285694,1
4312-GVYNH,3,1,1,70,61m+,0,No phone service,1,4,5,49.85,3370.2,1.7042857142857173,0
8495-LJDFO,1,1,2,64,61m+,1,Yes,1,5,8,108.95,7111.3,-2.1640625,0
0839-JTCUD,3,2,1,66,61m+,1,Yes,0,6,9,89.9,5958.85,-0.38560606060606517,0
5494-WOZRZ,3,2,1,71,61m+,1,No,1,5,7,82.0,5999.85,-2.504929577464793,0
1302-UHBDD,1,3,2,20,13-24m,1,No,0,2,4,89.95,1648.45,7.527500000000003,0
2234-EOFPT,3,1,1,72,61m+,1,No,1,5,7,79.35,5753.25,-0.5562500000000057,0
8619-IJNDK,3,2,1,71,61m+,1,No,0,4,6,64.05,4492.9,0.769718309859158,0
8378-LKJAF,1,2,2,38,25-48m,1,Yes,1,3,6,101.15,3956.7,-2.973684210526301,0
8182-BJDSI,1,3,2,28,25-48m,1,Yes,1,2,5,89.95,2625.55,-3.819642857142867,1
2528-HFYZX,1,3,2,17,13-24m,1,No,1,1,3,76.45,1233.4,3.897058823529406,1
1153-GNOLC,2,3,1,33,25-48m,0,No phone service,1,2,3,39.1,1309.0,-0.5666666666666629,0
3298-QEICA,3,4,1,23,13-24m,0,No phone service,0,2,3,34.6,813.45,-0.7673913043478251,0
0788-DXBFY,2,3,3,58,49-60m,1,No,1,0,1,19.55,1108.8,0.43275862068965765,0
3597-YASZG,3,1,2,70,61m+,1,Yes,1,4,7,104.45,7349.35,-0.5407142857142873,0
3496-LFSZU,1,3,2,4,0-6m,1,No,0,0,2,70.5,294.2,-3.049999999999997,0
5242-UOWHD,3,4,3,45,25-48m,1,No,0,0,1,20.35,929.2,-0.2988888888888894,0
2482-CZGBB,1,3,2,10,7-12m,1,No,1,0,2,70.0,740.0,-4.0,1
6479-SZPLM,3,2,3,36,25-48m,1,No,0,0,1,19.45,754.5,-1.5083333333333329,0
8097-VBQTZ,1,4,1,54,49-60m,1,No,1,4,6,69.9,3883.3,-2.012962962962959,0
4500-HKANN,3,4,1,23,13-24m,1,Yes,0,2,5,59.7,1414.2,-1.7869565217391283,0
9917-KWRBE,2,2,1,41,25-48m,1,Yes,1,4,7,78.35,3211.2,0.02804878048780779,0
3420-ZDBMA,1,4,2,5,0-6m,1,No,1,0,2,71.45,371.6,-2.8700000000000045,0
2212-LYASK,2,2,1,27,25-48m,0,No phone service,1,3,4,45.85,1246.4,-0.31296296296296333,0
1393-IMKZG,1,3,2,1,0-6m,1,No,1,3,5,95.85,95.85,0.0,0
8069-RHUXK,3,2,1,67,61m+,0,No phone service,0,2,3,35.7,2545.7,-2.2955223880596947,0
3398-GCPMU,3,2,1,72,61m+,1,Yes,1,6,9,89.55,6448.85,-0.01736111111111427,0
2908-WGAXL,3,2,3,56,49-60m,1,Yes,1,0,2,24.95,1468.9,-1.2803571428571452,0
3378-AJRAO,2,3,3,44,25-48m,1,Yes,0,0,2,24.85,1013.6,1.8136363636363662,0
1013-QCWAM,1,3,2,66,61m+,1,Yes,1,3,6,100.8,6690.75,-0.5750000000000028,0
0866-QLSIR,2,4,1,34,25-48m,1,Yes,1,3,6,64.4,2088.75,2.9661764705882376,1
6050-FFXES,3,1,2,69,61m+,1,Yes,0,4,7,105.35,7240.65,0.4130434782608745,0
7181-BQYBV,1,3,2,1,0-6m,1,Yes,1,4,7,102.45,102.45,0.0,1
0362-RAOQO,3,2,3,40,25-48m,1,No,0,0,1,19.65,830.25,-1.1062500000000028,0
9554-DFKIC,1,1,1,30,25-48m,1,Yes,1,1,4,54.45,1588.7,1.4933333333333323,0
5527-ACHSO,1,4,1,11,7-12m,1,No,0,3,5,70.5,829.3,-4.890909090909091,0
0829-DDVLK,2,2,3,15,13-24m,1,No,0,0,1,20.1,302.45,-0.06333333333333258,0
1399-UBQIU,1,3,1,11,7-12m,1,No,1,3,5,69.35,712.25,4.599999999999994,0
1813-JLKWR,2,1,3,64,61m+,1,No,0,0,1,19.8,1336.65,-1.0851562500000007,0
0336-PIKEI,3,1,1,72,61m+,1,No,0,5,7,74.4,5360.75,-0.054861111111108585,0
7322-OCWHC,3,1,2,72,61m+,1,Yes,1,4,7,93.05,6735.05,-0.4923611111111228,0
9537-VHDTA,1,4,1,1,0-6m,1,No,0,1,3,51.2,51.2,0.0,0
4957-TIALW,2,2,1,15,13-24m,1,No,0,4,6,65.6,1010.0,-1.7333333333333343,0
2054-PJOCK,2,2,1,60,49-60m,1,Yes,0,4,7,80.55,4847.05,-0.23416666666666686,0
9150-HEPMB,2,4,1,56,49-60m,1,No,0,2,4,52.7,3019.7,-1.2232142857142776,0
9030-QGZNL,3,4,3,8,7-12m,1,No,0,0,1,20.85,161.65,0.6437500000000007,0
6204-IEUXJ,1,2,2,3,0-6m,1,No,0,2,4,80.1,217.55,7.583333333333329,1
3126-WQMGH,1,2,1,49,49-60m,1,Yes,1,0,3,52.15,2583.75,-0.5795918367346928,0
4529-CKBCL,1,3,2,2,0-6m,1,No,1,1,3,80.2,146.05,7.174999999999997,1
2506-CLAKW,1,1,2,6,0-6m,1,No,1,5,7,98.15,567.45,3.575000000000003,1
7176-WRTNX,3,1,2,70,61m+,1,Yes,1,6,9,114.95,7711.25,4.789285714285711,0
1583-IHQZE,1,4,2,12,7-12m,1,Yes,1,5,8,112.95,1384.75,-2.4458333333333258,1
5732-IKGQH,2,1,2,52,49-60m,1,No,1,5,7,104.45,5481.25,-0.9586538461538368,0
9239-GZHZE,3,2,2,72,61m+,1,Yes,1,6,9,113.65,8124.2,0.8138888888888971,0
7205-BAIAD,3,1,3,40,25-48m,1,No,1,0,1,20.6,827.3,-0.08249999999999602,0
0151-ONTOV,1,4,2,1,0-6m,1,No,0,0,2,70.9,70.9,0.0,1
4140-MUHUG,1,3,2,3,0-6m,1,No,1,2,4,86.85,220.95,13.200000000000003,1
0093-EXYQL,1,3,2,40,25-48m,1,No,1,2,4,91.55,3673.6,-0.29000000000000625,0
8064-RAVOH,1,3,1,1,0-6m,1,No,1,1,3,49.85,49.85,0.0,0
0219-QAERP,2,2,3,30,25-48m,1,No,0,0,1,19.8,576.65,0.5783333333333331,0
0320-JDNQG,1,3,2,23,13-24m,1,No,1,4,6,99.85,2331.3,-1.510869565217405,1
7180-PISOG,1,3,2,1,0-6m,1,Yes,1,0,3,74.5,74.5,0.0,1
9168-INPSZ,1,3,2,44,25-48m,1,Yes,0,4,7,104.15,4495.65,1.9761363636363711,0
3571-RFHAR,1,3,2,65,61m+,1,Yes,1,5,8,109.15,6941.2,2.362307692307695,1
0015-UOCOJ,1,3,1,7,7-12m,1,No,1,1,3,48.2,340.35,-0.4214285714285708,0
5334-AFQJB,3,2,3,72,61m+,1,Yes,1,0,2,25.1,1789.9,0.24027777777777715,0
2754-SDJRD,1,2,2,8,7-12m,1,Yes,1,3,6,100.15,908.55,-13.418749999999989,0
9578-VRMNM,1,2,1,16,13-24m,1,Yes,1,2,5,65.2,1043.35,-0.009374999999991473,1
1587-FKLZB,1,2,2,66,61m+,1,Yes,1,3,6,99.5,6822.15,-3.865909090909085,1
6140-QNRQQ,1,4,2,1,0-6m,1,No,1,0,2,71.55,71.55,0.0,1
8963-JLGJT,1,4,1,3,0-6m,1,No,0,2,4,55.9,157.55,3.3833333333333258,0
4307-KTUMW,1,3,2,53,49-60m,1,Yes,0,3,6,93.9,5029.2,-0.9905660377358458,1
1465-LNTLJ,1,2,1,8,7-12m,1,No,1,3,5,64.4,581.7,-8.3125,0
5440-FLBQG,3,1,2,69,61m+,1,Yes,1,5,8,108.4,7318.2,2.339130434782618,1
2135-DQWAQ,1,4,2,5,0-6m,1,No,1,2,4,85.3,420.45,1.2099999999999937,0
4056-QHXHZ,3,4,2,72,61m+,1,Yes,0,5,8,107.45,7576.7,2.2180555555555657,0
7470-MCQTK,1,1,1,13,13-24m,0,No phone service,1,3,4,48.75,633.4,0.02692307692307594,1
7488-MXJIV,1,3,2,4,0-6m,1,Yes,1,1,4,85.65,321.65,5.237500000000011,1
7401-JIXNM,3,2,1,54,49-60m,1,Yes,0,6,9,91.3,4965.0,-0.6444444444444457,0
9339-FIIJL,3,1,1,72,61m+,1,Yes,0,5,8,85.95,6151.9,0.5069444444444571,0
2027-FECZV,1,3,2,12,7-12m,1,Yes,1,4,7,106.7,1253.9,2.2083333333333286,1
2672-DZUOY,1,3,1,1,0-6m,0,No phone service,1,0,1,25.15,25.15,0.0,1
4706-DGAHW,1,3,1,1,0-6m,1,No,0,0,2,45.2,45.2,0.0,0
3870-MQAMG,2,3,2,54,49-60m,1,Yes,0,5,8,110.35,5893.15,1.2175925925925952,1
6670-MFRPK,3,2,2,69,61m+,1,Yes,1,1,4,79.2,5420.65,0.6398550724637744,0
6177-PEVRA,3,2,1,48,25-48m,1,No,0,2,4,55.5,2627.35,0.7635416666666686,0
4800-CZMPC,2,2,2,48,25-48m,1,Yes,1,4,7,103.25,5037.55,-1.6989583333333371,1
4813-HQMGZ,1,3,2,8,7-12m,1,Yes,1,2,5,90.25,743.75,-2.71875,0
7579-KKLOE,3,4,1,71,61m+,1,Yes,1,6,9,91.25,6589.6,-1.5612676056338017,0
7377-DMMRI,1,3,1,2,0-6m,1,No,1,1,3,47.8,92.45,1.5749999999999957,1
8402-EIVQS,2,2,2,67,61m+,1,No,1,4,6,100.9,6733.15,0.4052238805970205,0
4947-DSMXK,1,1,2,34,25-48m,1,Yes,1,3,6,97.7,3410.0,-2.594117647058823,0
7245-NIIWQ,1,3,2,3,0-6m,1,No,1,0,2,69.85,199.85,3.2333333333333343,0
0002-ORFBO,2,4,1,9,7-12m,1,No,1,3,5,65.6,593.3,-0.32222222222222285,0
3324-OIRTO,2,1,2,71,61m+,1,No,1,5,7,104.65,7288.4,1.9964788732394538,0
5414-OFQCB,3,2,2,57,49-60m,1,Yes,1,2,5,90.45,5229.8,-1.3008771929824547,0
4967-WPNCF,3,1,1,72,61m+,0,No phone service,1,6,7,63.7,4464.8,1.68888888888889,0
8552-OBVRU,1,3,2,48,25-48m,1,No,1,5,7,104.5,5068.05,-1.0843750000000085,0
8499-BRXTD,2,4,3,18,13-24m,1,No,0,0,1,20.1,401.85,-2.2250000000000014,0
9154-QDGTH,2,2,2,43,25-48m,1,Yes,1,4,7,104.3,4451.85,0.7686046511627751,0
8197-BFWVU,3,1,1,72,61m+,1,Yes,1,6,9,93.25,6688.95,0.3479166666666629,0
2577-GVSIL,2,1,1,35,25-48m,1,Yes,1,3,6,73.45,2661.1,-2.5814285714285603,0
9367-OIUXP,1,4,3,4,0-6m,1,No,0,0,1,20.7,73.05,2.4375,0
6770-UAYGJ,3,4,3,49,49-60m,1,Yes,0,0,2,25.25,1211.65,0.5224489795918359,0
6463-HHXJR,3,1,2,71,61m+,1,Yes,0,4,7,100.5,7030.65,1.4767605633802816,0
7928-VJYAB,1,3,2,11,7-12m,1,No,0,2,4,90.6,1020.2,-2.1454545454545553,0
1187-WILMM,3,2,1,63,61m+,1,Yes,1,6,9,89.4,5597.65,0.5484126984127045,0
9776-OJUZI,1,1,2,65,61m+,1,Yes,1,3,6,95.45,6223.3,-0.29307692307692434,0
1306-RPWXZ,3,2,3,49,49-60m,1,No,0,0,1,20.45,1024.65,-0.4612244897959208,0
8949-JTMAY,1,2,2,29,25-48m,1,Yes,1,3,6,98.6,2933.2,-2.5448275862068925,1
2774-LVQUS,1,3,2,15,13-24m,1,Yes,1,2,5,83.05,1258.3,-0.8366666666666731,1
3097-PYWXL,1,3,3,4,0-6m,1,No,1,0,1,19.95,82.9,-0.7750000000000021,0
2266-SJNAT,2,2,2,72,61m+,1,Yes,0,5,8,109.15,7789.6,0.9611111111111086,0
0869-PAPRP,1,2,2,26,25-48m,1,No,1,2,4,85.7,2067.0,6.200000000000003,0
4238-JSSWH,1,1,2,35,25-48m,1,Yes,0,3,6,102.05,3452.55,3.405714285714282,0
2972-YDYUW,2,3,2,57,49-60m,1,Yes,0,3,6,94.7,5468.95,-1.2464912280701697,0
1104-FEJAM,1,3,1,28,25-48m,1,Yes,0,2,5,64.4,1802.15,0.037500000000008527,0
2809-ILCYT,2,4,3,25,25-48m,1,Yes,1,0,2,26.8,733.55,-2.541999999999998,0
5499-ECUTN,2,2,1,47,25-48m,1,No,1,3,5,66.05,3021.45,1.7638297872340445,0
4981-FLTMF,1,1,1,57,49-60m,1,Yes,0,3,6,65.2,3687.85,0.5008771929824576,0
9121-PHQSR,1,2,2,16,13-24m,1,Yes,1,1,4,85.05,1391.15,-1.8968750000000085,0
3113-IWHLC,1,4,1,5,0-6m,1,No,1,2,4,55.8,274.35,0.9299999999999926,0
3211-ILJTT,1,1,2,17,13-24m,1,No,1,0,2,70.4,1214.05,-1.0147058823529278,1
4612-THJBS,2,1,2,56,49-60m,1,Yes,1,4,7,104.75,5510.65,6.345535714285717,1
4277-BWBML,3,1,3,72,61m+,1,No,0,0,1,19.95,1322.85,1.5770833333333343,0
4094-NSEDU,1,3,2,21,13-24m,1,Yes,1,2,5,94.25,1973.75,0.2619047619047592,1
0234-TEVTT,2,2,1,48,25-48m,0,No phone service,0,3,4,45.0,2196.3,-0.7562500000000014,0
4304-TSPVK,3,1,2,68,61m+,1,Yes,0,6,9,114.9,7843.55,-0.4463235294117567,0
1552-AAGRX,1,1,2,30,25-48m,1,Yes,0,4,7,106.4,3211.9,-0.6633333333333269,0
2637-FKFSY,1,4,1,3,0-6m,1,No,1,0,2,46.1,130.15,2.7166666666666686,0
9796-MVYXX,3,4,1,14,13-24m,0,No phone service,0,3,4,39.7,692.35,-9.753571428571426,0
7874-ECPQJ,1,1,3,4,0-6m,1,No,1,0,1,20.05,85.5,-1.3249999999999993,0
0020-INWCK,3,2,2,71,61m+,1,Yes,1,3,6,95.75,6849.4,-0.7204225352112559,0
7089-RKVSZ,2,4,3,8,7-12m,1,Yes,0,0,2,24.4,203.95,-1.09375,0
2683-JXWQQ,1,1,1,61,61m+,0,No phone service,0,2,3,33.6,2117.2,-1.1081967213114723,0
9548-ZMVTX,3,1,2,72,61m+,1,Yes,0,3,6,90.45,6565.85,-0.7423611111111086,0
8739-XNIKG,1,3,2,5,0-6m,1,Yes,1,1,4,84.0,424.75,-0.9500000000000028,0
9755-JHNMN,3,1,1,49,49-60m,1,No,0,4,6,67.4,3306.85,-0.08673469387754551,0
3981-QSVQI,1,1,3,8,7-12m,1,No,1,0,1,19.7,168.9,-1.4125000000000014,0
2789-HQBOU,1,3,2,3,0-6m,1,No,1,1,3,80.35,253.8,-4.250000000000014,0
9424-CMPOG,3,4,3,9,7-12m,1,No,0,0,1,19.6,197.4,-2.333333333333332,0
5067-WJEUN,3,1,1,67,61m+,1,No,1,2,4,54.2,3838.2,-3.086567164179101,0
3450-WXOAT,1,2,1,46,25-48m,1,No,1,0,2,45.2,2065.15,0.3054347826086996,0
9251-WNSOD,2,4,1,67,61m+,1,Yes,0,4,7,75.1,5064.45,-0.488805970149258,0
6974-DAFLI,2,3,3,55,49-60m,1,No,0,0,1,19.7,1140.05,-1.0281818181818174,0
2616-UUTFK,1,1,1,33,25-48m,1,Yes,1,4,7,72.75,2447.45,-1.415151515151507,0
7064-JHXCE,3,2,3,62,61m+,1,No,0,0,1,20.05,1263.9,-0.33548387096774235,0
5103-MHMHY,1,4,1,1,0-6m,1,No,0,0,2,45.95,45.95,0.0,1
7989-AWGEH,1,3,1,49,49-60m,0,No phone service,1,2,3,39.2,1838.15,1.686734693877554,0
4373-VVHQL,1,3,1,1,0-6m,1,No,1,0,2,44.75,44.75,0.0,0
4559-UWIHT,1,3,2,14,13-24m,1,Yes,1,2,5,82.65,1185.0,-1.9928571428571331,0
7268-IGMFD,1,1,2,18,13-24m,1,Yes,0,3,6,93.9,1743.9,-2.9833333333333343,0
1846-XWOQN,1,3,2,1,0-6m,1,No,1,0,2,70.15,70.15,0.0,1
0235-KGSLC,1,2,2,1,0-6m,1,No,1,2,4,85.55,85.55,0.0,1
6650-BWFRT,3,2,2,72,61m+,1,Yes,1,6,9,117.15,8529.5,-1.3152777777777658,0
9570-KYEUA,3,2,2,64,61m+,1,Yes,0,4,7,99.25,6549.45,-3.085156249999997,0
6993-YGFJV,3,1,2,69,61m+,1,Yes,1,6,9,112.55,7806.5,-0.5876811594202991,0
2712-SYWAY,1,3,3,1,0-6m,1,Yes,1,0,2,25.7,25.7,0.0,0
0730-BGQGF,3,2,1,71,61m+,1,Yes,0,6,9,90.3,6287.3,1.7464788732394254,0
5498-IBWPI,2,2,1,66,61m+,1,No,1,1,3,49.4,3251.85,0.12954545454545752,0
9101-NTIXF,1,4,3,2,0-6m,1,No,0,0,1,19.4,50.6,-5.900000000000002,0
0013-SMEOE,3,1,2,71,61m+,1,No,1,6,8,109.7,7904.25,-1.6274647887323965,0
9314-QDMDW,2,3,1,11,7-12m,1,No,1,2,4,61.25,729.95,-5.109090909090909,0
9308-ANMVE,1,3,1,47,25-48m,1,No,1,2,4,55.3,2654.05,-1.1691489361702168,0
2884-GBPFB,1,3,2,35,25-48m,1,No,1,0,2,70.3,2416.55,1.2557142857142765,1
3757-NJYBX,1,1,2,32,25-48m,1,Yes,0,4,7,106.35,3520.75,-3.6734375000000057,1
3413-DHLPB,1,1,2,60,49-60m,1,Yes,1,4,7,103.75,5969.95,4.250833333333333,0
7649-PHJVR,2,4,3,11,7-12m,1,No,0,0,1,19.5,226.8,-1.1181818181818208,0
6114-TCFID,2,2,1,29,25-48m,0,No phone service,0,3,4,39.5,1082.75,2.1637931034482776,0
3787-TRIAL,1,3,1,21,13-24m,0,No phone service,1,0,1,26.05,565.75,-0.8904761904761891,0
2573-GYRUU,1,2,2,48,25-48m,1,Yes,1,2,5,91.05,4370.75,-0.007291666666674246,0
5156-UMKOW,1,4,1,3,0-6m,0,No phone service,0,1,2,29.65,90.05,-0.36666666666666714,0
1247-QBVSH,1,4,1,43,25-48m,1,No,0,1,3,50.2,2169.4,-0.251162790697677,0
6734-GMPVK,1,3,2,5,0-6m,1,Yes,0,4,7,105.3,550.6,-4.820000000000007,0
9822-OAOVB,1,3,1,1,0-6m,1,No,1,1,3,55.45,55.45,0.0,0
6161-ERDGD,2,3,1,71,61m+,1,Yes,0,5,8,85.45,6300.85,-3.294366197183095,0
1226-JZNKR,2,3,3,8,7-12m,1,No,0,0,1,19.8,160.05,-0.2062500000000007,0
7318-EIVKO,1,3,1,8,7-12m,1,Yes,1,1,4,59.25,436.6,4.674999999999997,0
3771-PZOBW,1,2,2,20,13-24m,1,Yes,1,2,5,90.7,1781.35,1.6325000000000074,0
5136-KCKGI,2,4,2,33,25-48m,1,Yes,1,4,7,103.7,3467.0,-1.3606060606060595,1
8231-BSWXX,2,2,2,71,61m+,1,Yes,1,1,4,79.05,5552.5,0.8457746478873247,0
6486-LHTMA,2,3,2,31,25-48m,1,Yes,1,2,5,90.7,2835.5,-0.767741935483869,0
4083-BFNYK,2,2,2,38,25-48m,1,Yes,0,3,6,95.0,3591.25,0.4934210526315752,0
3722-WPXTK,1,3,2,1,0-6m,1,No,1,2,4,88.35,88.35,0.0,1
7389-KBFIT,1,4,1,2,0-6m,0,No phone service,1,1,2,30.25,63.75,-1.625,0
7176-WIONM,1,1,1,12,7-12m,0,No phone service,1,3,4,49.85,617.15,-1.5791666666666657,0
5141-ZUVBH,1,1,2,9,7-12m,1,No,0,4,6,93.0,870.25,-3.694444444444443,0
1089-HDMKP,1,3,1,11,7-12m,1,No,1,2,4,54.55,601.25,-0.10909090909090935,0
7623-HKYRK,1,4,3,6,0-6m,1,No,0,0,1,19.7,111.65,1.091666666666665,0
0310-SUCIN,2,1,1,71,61m+,1,No,1,6,8,84.8,6046.1,-0.35633802816902005,0
5197-PYEPU,2,2,2,42,25-48m,1,Yes,1,3,6,94.45,3923.8,1.0261904761904788,0
2929-ERCFZ,1,3,2,8,7-12m,1,No,1,3,5,94.2,777.3,-2.9624999999999915,1
7548-SEPYI,1,3,2,5,0-6m,1,No,1,3,5,96.25,512.45,-6.240000000000009,1
8835-VSDSE,1,3,2,2,0-6m,1,No,1,0,2,70.7,141.45,-0.024999999999991473,1
6619-RPLQZ,3,4,3,45,25-48m,1,No,0,0,1,20.85,892.15,1.0244444444444447,0
3275-RHRNE,2,2,1,28,25-48m,0,No phone service,1,5,6,60.0,1682.05,-0.07321428571428612,0
3503-TYDAY,1,3,2,43,25-48m,1,Yes,0,1,4,80.45,3398.9,1.4058139534883765,0
6901-GOGZG,3,3,1,60,49-60m,1,Yes,1,5,8,84.95,4984.85,1.8691666666666578,0
1623-NLDOT,2,4,1,42,25-48m,0,No phone service,0,2,3,33.55,1445.3,-0.8619047619047606,1
7021-XSNYE,3,2,1,7,7-12m,0,No phone service,0,4,5,49.65,305.55,6.0,0
9621-OUPYD,2,1,3,25,25-48m,1,No,1,0,1,20.2,507.9,-0.11599999999999966,0
9898-KZQDZ,1,2,2,40,25-48m,1,Yes,1,2,5,94.55,3640.45,3.5387500000000074,1
8982-NHAVY,2,1,2,27,25-48m,1,Yes,1,3,6,100.5,2673.45,1.4833333333333343,0
4307-KWMXE,1,3,1,10,7-12m,0,No phone service,0,2,3,35.75,389.8,-3.230000000000004,0
0141-YEAYS,1,1,2,27,25-48m,1,Yes,1,2,5,86.45,2401.05,-2.4777777777777885,0
2450-ZKEED,2,1,1,11,7-12m,1,No,0,2,4,53.8,651.55,-5.43181818181818,0
3694-DELSO,1,2,1,4,0-6m,0,No phone service,0,2,3,38.55,156.1,-0.4750000000000014,0
3893-JRNFS,1,1,1,68,61m+,0,No phone service,1,2,3,39.9,2796.35,-1.2227941176470623,0
9603-OAIHC,1,3,2,1,0-6m,1,No,1,0,2,70.05,70.05,0.0,0
1133-KXCGE,2,4,3,18,13-24m,1,No,0,0,1,20.1,407.05,-2.5138888888888893,0
5236-PERKL,3,1,2,57,49-60m,1,Yes,1,5,8,112.95,6465.0,-0.4710526315789423,1
0142-GVYSN,1,3,3,26,25-48m,1,No,1,0,1,20.3,511.25,0.6365384615384606,0
1049-FYSYG,1,2,1,17,13-24m,0,No phone service,1,2,3,35.65,646.05,-2.352941176470587,0
7854-FOKSF,1,3,1,1,0-6m,0,No phone service,0,1,2,35.9,35.9,0.0,1
2519-FAKOD,1,1,2,38,25-48m,1,Yes,1,3,6,99.25,3777.15,-0.1486842105263122,1
8406-LNMHF,2,2,2,59,49-60m,1,No,1,3,5,82.95,4903.15,-0.15423728813559023,0
1821-BUCWY,3,4,1,30,25-48m,1,No,1,2,4,55.65,1653.85,0.5216666666666683,0
8263-JQAIK,1,4,1,2,0-6m,0,No phone service,1,0,1,24.45,47.5,0.6999999999999993,1
0023-UYUPN,2,3,3,50,49-60m,1,Yes,0,0,2,25.2,1306.3,-0.9259999999999984,0
8314-DPQHL,2,4,1,9,7-12m,0,No phone service,0,4,5,50.8,463.6,-0.7111111111111157,0
1465-WCZVT,1,4,3,3,0-6m,1,No,0,0,1,19.65,60.65,-0.5666666666666664,0
9481-SFCQY,1,2,1,14,13-24m,1,No,1,2,4,59.8,824.85,0.8821428571428527,0
6360-SVNWV,1,2,2,31,25-48m,1,No,1,1,3,73.55,2094.65,5.980645161290312,0
0567-GGCAC,1,3,1,7,7-12m,1,No,0,3,5,61.4,438.9,-1.2999999999999972,0
7089-IVVAZ,1,1,2,8,7-12m,1,Yes,1,4,7,103.35,847.3,-2.5625,1
8884-MRNSU,2,1,3,17,13-24m,1,No,0,0,1,19.9,329.75,0.5029411764705856,0
2171-UDMFD,1,2,3,32,25-48m,1,No,1,0,1,19.45,674.55,-1.6296874999999993,0
9050-IKDZA,1,4,2,2,0-6m,1,No,0,1,3,81.5,162.55,0.22499999999999432,0
2205-YMZZJ,1,3,2,7,7-12m,1,Yes,1,1,4,84.8,546.95,6.664285714285711,1
9802-CAQUT,3,2,2,72,61m+,1,Yes,0,5,8,109.55,7887.25,0.004861111111111427,0
1254-IZEYF,1,3,2,31,25-48m,1,Yes,1,3,6,99.95,3186.65,-2.8451612903225794,1
0187-WZNAB,1,4,2,27,25-48m,1,No,0,1,3,74.4,1972.35,1.3500000000000085,0
9492-TOKRI,1,2,2,18,13-24m,1,Yes,1,2,5,90.0,1527.35,5.147222222222226,1
1475-VWVDO,1,3,2,7,7-12m,1,No,1,1,3,74.9,490.55,4.821428571428569,0
9221-OTIVJ,1,3,2,14,13-24m,1,Yes,1,4,7,104.85,1531.4,-4.535714285714292,1
1357-MVDOZ,1,1,1,11,7-12m,1,No,1,2,4,59.65,683.25,-2.4636363636363683,0
7602-MVRMB,3,1,2,72,61m+,1,Yes,1,5,8,110.45,8058.85,-1.4784722222222229,0
3325-FUYCG,2,3,2,28,25-48m,1,Yes,0,4,7,106.1,2847.4,4.407142857142844,1
5908-QMGOE,1,2,2,15,13-24m,1,Yes,1,0,3,74.2,1133.9,-1.3933333333333309,1
1197-BVMVG,1,3,2,4,0-6m,1,Yes,1,0,3,74.45,294.45,0.8375000000000057,0
5406-KGRMX,3,3,3,71,61m+,1,Yes,0,0,2,24.55,1719.15,0.3366197183098585,0
8481-YYXWG,1,3,2,5,0-6m,1,No,1,3,5,89.35,461.7,-2.990000000000009,1
5968-HYJRZ,3,4,3,47,25-48m,1,Yes,0,0,2,24.55,1160.45,-0.14042553191489304,0
5198-EFNBM,2,3,2,57,49-60m,1,No,1,3,5,90.65,5199.8,-0.5745614035087669,0
7516-GMHUV,3,2,2,50,49-60m,1,Yes,1,4,7,105.05,5163.3,1.7839999999999918,0
7140-ADSMJ,1,2,3,8,7-12m,1,No,1,0,1,20.45,162.3,0.16249999999999787,0
2230-XTUWL,3,4,3,48,25-48m,1,No,0,0,1,19.55,883.35,1.1468750000000014,0
7706-YLMQA,2,1,3,70,61m+,1,No,0,0,1,19.7,1341.5,0.5357142857142847,0
2585-KTFRE,1,1,1,1,0-6m,1,No,1,4,6,70.45,70.45,0.0,0
7994-UYIVZ,1,1,2,8,7-12m,1,Yes,1,1,4,85.65,659.45,3.21875,0
2609-IAICY,1,3,2,1,0-6m,1,Yes,1,0,3,77.15,77.15,0.0,1
1740-CSDJP,1,1,1,1,0-6m,0,No phone service,1,1,2,35.25,35.25,0.0,1
7717-BICXI,3,4,3,60,49-60m,1,No,0,0,1,20.55,1205.05,0.465833333333336,0
6559-RAKOZ,2,3,2,49,49-60m,1,Yes,1,3,6,97.95,4917.9,-2.4153061224489676,0
2636-OHFMN,1,3,1,4,0-6m,0,No phone service,1,3,4,48.55,201.0,-1.7000000000000028,1
4716-MRVEN,2,4,3,29,25-48m,1,No,0,0,1,20.0,599.3,-0.6655172413793089,0
2143-LJULT,3,2,3,67,61m+,1,Yes,1,0,2,25.25,1733.15,-0.6179104477611936,0
1323-OOEPC,1,2,2,53,49-60m,1,Yes,1,3,6,98.4,5149.5,1.2396226415094418,1
3200-MNQTF,3,2,1,67,61m+,1,Yes,0,4,7,70.9,4677.1,1.0925373134328424,0
6164-HXUGH,1,4,3,6,0-6m,1,No,0,0,1,19.85,119.3,-0.03333333333333144,0
5630-IXDXV,1,3,2,47,25-48m,1,Yes,1,4,7,106.35,4849.1,3.1776595744680662,0
0320-DWVTU,3,4,2,53,49-60m,1,No,0,5,7,99.5,5424.25,-2.844339622641513,0
9135-MGVPY,3,4,1,69,61m+,1,No,1,6,8,84.7,5878.9,-0.5014492753623045,0
1212-GLHMD,1,4,2,3,0-6m,1,No,1,2,4,86.05,244.85,4.433333333333337,0
7878-JGDKK,1,4,1,4,0-6m,1,No,0,0,2,44.55,220.75,-10.637500000000003,0
1088-AUUZZ,3,2,1,56,49-60m,1,Yes,1,4,7,75.85,4261.2,-0.24285714285714732,0
0397-GZBBC,1,1,2,59,49-60m,1,Yes,1,2,5,93.85,5574.75,-0.6372881355932236,1
6614-YWYSC,3,1,3,61,61m+,1,Yes,0,0,2,25.0,1501.75,0.3811475409836049,0
9588-OZDMQ,1,3,1,2,0-6m,1,No,1,0,2,45.0,89.75,0.125,0
7641-EUYET,1,3,2,46,25-48m,1,Yes,1,4,7,100.7,4541.2,1.9782608695652186,1
6476-EPYZR,1,4,3,12,7-12m,1,No,0,0,1,20.5,255.5,-0.7916666666666679,0
9921-ZVRHG,1,3,2,14,13-24m,1,Yes,1,1,4,80.45,1072.0,3.8785714285714334,1
1174-FGIFN,2,3,2,28,25-48m,1,Yes,1,2,5,90.45,2509.25,0.8339285714285722,0
6620-HVDUJ,1,1,1,24,13-24m,1,No,0,3,5,60.45,1440.75,0.41875000000000284,0
4701-MLJPN,1,3,1,31,25-48m,1,No,1,2,4,55.25,1715.65,-0.09354838709677438,1
1032-MAELW,2,3,1,68,61m+,1,Yes,1,5,8,78.45,5333.35,0.018382352941173963,0
7641-TQFHN,3,4,2,39,25-48m,1,Yes,0,3,6,100.55,3895.35,0.6692307692307651,0
1552-TKMXS,1,2,3,42,25-48m,1,No,0,0,1,20.35,869.9,-0.3619047619047606,0
9206-GVPEQ,1,3,1,13,13-24m,0,No phone service,1,4,5,54.45,706.85,0.0769230769230802,1
8622-ZLFKO,1,3,2,6,0-6m,1,Yes,1,2,5,90.75,512.25,5.375,0
1596-BBVTG,1,2,2,35,25-48m,1,Yes,0,0,3,75.35,2636.05,0.034285714285701374,1
6188-UXBBR,2,2,3,38,25-48m,1,No,1,0,1,20.25,814.75,-1.1907894736842088,0
2333-KWEWW,3,2,3,18,13-24m,1,No,0,0,1,20.05,388.6,-1.5388888888888879,0
5702-SKUOB,1,4,3,4,0-6m,1,No,0,0,1,19.6,93.45,-3.7624999999999993,0
1134-YWTYF,1,3,1,27,25-48m,1,No,1,2,4,53.8,1389.85,2.324074074074076,0
6061-GWWAV,2,4,1,41,25-48m,1,No,0,4,6,70.2,2894.55,-0.39878048780488484,0
0679-TDGAK,2,3,1,50,49-60m,1,No,0,4,6,75.5,4025.6,-5.0120000000000005,0
6585-WCEWR,3,3,3,72,61m+,1,No,0,0,1,20.35,1354.4,1.5388888888888879,0
9067-YGSCA,2,2,3,70,61m+,1,Yes,0,0,2,26.05,1856.4,-0.46999999999999886,0
9067-SQTNS,2,1,3,44,25-48m,1,No,0,0,1,20.6,926.0,-0.4454545454545453,0
8433-WXGNA,1,3,2,2,0-6m,1,No,1,1,3,75.7,189.2,-18.89999999999999,1
1776-SPBWV,2,1,3,34,25-48m,1,No,1,0,1,20.1,682.1,0.03823529411764781,0
8735-SDUFN,3,1,3,72,61m+,1,Yes,0,0,2,24.3,1778.7,-0.404166666666665,0
9668-PUGNU,3,3,3,71,61m+,1,Yes,1,0,2,24.5,1816.2,-1.080281690140847,0
9405-GPBBG,3,2,2,64,61m+,1,Yes,1,5,8,110.5,7069.25,0.04296875,0
1926-QUZNN,3,1,3,72,61m+,1,Yes,1,0,2,25.25,1841.2,-0.32222222222222285,0
3707-GNWHM,1,4,2,1,0-6m,1,Yes,1,0,3,74.25,74.25,0.0,1
7016-NVRIC,2,1,2,29,25-48m,1,No,0,3,5,90.1,2656.7,-1.5103448275862092,0
5829-NVSQN,2,1,1,23,13-24m,1,No,1,4,6,68.75,1689.45,-4.704347826086959,0
9565-AXSMR,3,4,3,52,49-60m,1,No,0,0,1,19.2,1054.75,-1.0836538461538474,0
8922-LIEGH,1,3,2,25,25-48m,1,Yes,1,2,5,89.7,2187.55,2.1979999999999933,1
8869-LIHMK,3,1,2,64,61m+,1,Yes,1,6,9,115.1,7334.05,0.5054687499999915,0
8245-UMPYT,1,3,2,16,13-24m,1,Yes,1,2,5,96.4,1581.2,-2.424999999999997,1
5186-SAMNZ,1,1,2,1,0-6m,1,No,1,0,2,69.5,69.5,0.0,1
0447-RXSGD,1,1,2,24,13-24m,1,Yes,1,3,6,99.65,2404.85,-0.5520833333333286,0
4927-WWOOZ,1,3,2,2,0-6m,1,Yes,1,2,5,91.45,171.45,5.7250000000000085,0
5788-YPOEG,3,4,1,34,25-48m,1,No,0,6,8,84.75,2839.45,1.236764705882365,0
5373-SFODM,1,2,2,36,25-48m,1,Yes,1,1,4,85.25,3132.75,-1.7708333333333286,1
0661-KBKPA,2,4,1,53,49-60m,1,Yes,1,4,7,78.75,3942.45,4.364150943396226,0
9081-WWXKP,3,2,3,47,25-48m,1,No,0,0,1,20.25,873.4,1.6670212765957437,0
0784-ZQJZX,3,2,3,72,61m+,1,No,0,0,1,19.9,1529.65,-1.34513888888889,0
3133-PZNSR,3,2,2,72,61m+,1,Yes,1,4,7,97.75,6991.6,0.6444444444444457,0
5766-ZJYBB,1,4,3,1,0-6m,1,No,0,0,1,19.4,19.4,0.0,1
8931-GJJIQ,1,3,2,9,7-12m,1,Yes,1,1,4,83.3,803.3,-5.955555555555549,1
4277-PVRAN,1,1,2,8,7-12m,1,No,1,1,3,80.1,679.3,-4.8125,1
0022-TCJCI,2,2,1,45,25-48m,1,No,0,3,5,62.7,2791.5,0.6666666666666714,1
0722-SVSFK,1,3,2,7,7-12m,1,No,1,4,6,100.4,715.0,-1.7428571428571331,0
3612-YVGSJ,3,2,3,71,61m+,1,Yes,1,0,2,24.45,1681.6,0.7654929577464777,0
9825-YCXWZ,2,1,2,41,25-48m,1,No,1,4,6,101.1,4016.2,3.1439024390243873,0
5397-NSKQG,3,2,1,67,61m+,0,No phone service,0,3,4,50.9,3281.65,1.9201492537313385,0
8565-HBFNN,2,2,2,69,61m+,1,Yes,1,5,8,107.2,7317.1,1.1550724637681071,0
2000-DHJUY,3,1,1,70,61m+,1,Yes,1,6,9,92.2,6474.45,-0.29214285714284927,0
0203-HHYIJ,2,1,3,25,25-48m,1,Yes,0,0,2,25.3,676.35,-1.7540000000000013,1
8670-ERCJH,3,1,2,72,61m+,1,Yes,0,6,9,113.4,8164.1,0.009722222222222854,0
7758-UJWYS,3,3,1,34,25-48m,0,No phone service,1,2,3,40.55,1325.85,1.5544117647058826,0
2050-ONYDQ,3,2,3,65,61m+,1,Yes,0,0,2,26.0,1654.85,0.5407692307692322,0
7055-JCGNI,3,2,2,70,61m+,1,Yes,1,6,9,111.95,7795.95,0.5792857142857173,0
0739-UUAJR,3,2,1,72,61m+,0,No phone service,1,4,5,53.8,3952.45,-1.09513888888889,0
4826-DXMUP,2,4,1,35,25-48m,1,No,1,3,5,72.1,2495.15,0.8099999999999881,0
0952-KMEEH,1,4,2,13,13-24m,1,Yes,0,3,6,98.15,1230.25,3.515384615384619,1
7285-KLOTR,2,3,1,12,7-12m,1,Yes,0,4,7,78.85,876.75,5.787499999999994,0
0654-PQKDW,2,1,1,62,61m+,1,No,1,4,6,70.75,4263.45,1.9846774193548384,0
7175-NTIXE,1,2,1,25,25-48m,1,No,1,4,6,76.15,1992.95,-3.567999999999998,0
7963-SHNDT,3,4,1,52,49-60m,0,No phone service,0,3,4,39.1,1982.1,0.9826923076923109,0
9796-BPKIW,1,2,2,8,7-12m,1,No,1,0,2,69.95,562.7,-0.38750000000000284,0
0188-GWFLE,1,4,3,2,0-6m,1,No,0,0,1,20.05,33.7,3.1999999999999993,0
8129-GMVGI,3,4,3,56,49-60m,1,No,0,0,1,20.05,1090.1,0.5839285714285722,0
2882-DDZPG,1,1,3,12,7-12m,1,No,0,0,1,19.45,227.45,0.49583333333333357,0
3547-LQRIK,2,3,3,47,25-48m,1,Yes,0,0,2,26.9,1250.85,0.2861702127659562,0
9137-NOQKA,1,3,3,2,0-6m,1,No,0,0,1,19.2,37.2,0.5999999999999979,0
5843-TTHGI,1,4,1,18,13-24m,1,No,1,1,3,50.0,892.7,0.40555555555555145,0
1849-RJYIG,1,3,1,8,7-12m,1,No,1,2,4,60.0,487.75,-0.96875,0
8868-GAGIO,1,4,2,45,25-48m,1,Yes,1,2,5,84.55,3713.95,2.0177777777777806,0
4061-UKJWL,1,4,1,3,0-6m,1,No,0,0,2,45.45,141.7,-1.7833333333333243,0
5380-XPJNZ,2,4,3,38,25-48m,1,No,0,0,1,20.05,678.2,2.2026315789473685,0
8263-QMNTJ,3,3,2,72,61m+,1,Yes,1,6,9,115.55,8425.3,-1.4680555555555515,0
8178-EYZUO,1,3,2,46,25-48m,1,Yes,1,3,6,93.7,4154.8,3.37826086956521,1
3230-JCNZS,3,2,2,71,61m+,1,Yes,1,4,7,99.0,7061.65,-0.45985915492957474,0
0277-ORXQS,3,1,1,66,61m+,0,No phone service,0,3,4,50.55,3364.55,-0.42803030303031164,0
5130-IEKQT,1,4,2,25,25-48m,1,Yes,0,4,7,105.95,2655.25,-0.2599999999999909,1
3230-WYKIR,2,2,1,18,13-24m,1,Yes,1,4,7,82.0,1425.45,2.808333333333337,1
7996-BPXHY,3,1,3,13,13-24m,1,Yes,1,0,2,25.0,332.5,-0.5769230769230766,0
3227-WLKLI,3,1,1,65,61m+,1,Yes,0,6,9,91.55,5963.95,-0.20307692307692093,0
0407-BDJKB,1,3,2,60,49-60m,1,Yes,1,3,6,95.75,5742.9,0.0350000000000108,1
2266-FUBDZ,3,4,3,15,13-24m,1,No,0,0,1,19.35,278.85,0.7600000000000016,0
8237-ULIXL,3,2,3,72,61m+,1,Yes,0,0,2,24.85,1871.85,-1.1479166666666636,0
9600-UDOPK,1,2,2,30,25-48m,1,Yes,1,2,5,94.05,2866.45,-1.4983333333333348,1
8216-AZUUZ,3,3,2,42,25-48m,1,No,1,4,6,100.4,4303.65,-2.0678571428571217,0
9153-BTBVV,3,1,3,71,61m+,1,Yes,0,0,2,25.0,1753.0,0.30985915492957616,0
4074-SJFFA,1,4,1,1,0-6m,1,No,1,1,3,54.75,54.75,0.0,1
3269-ATYWD,1,1,2,39,25-48m,1,Yes,1,2,5,95.65,3759.05,-0.735897435897428,1
5186-PEIZU,1,1,3,35,25-48m,1,No,0,0,1,19.25,617.65,1.6028571428571432,0
1074-AMIOH,1,1,2,53,49-60m,1,No,1,5,7,108.25,5935.1,-3.733018867924528,0
4910-GMJOT,1,3,2,1,0-6m,1,Yes,1,2,5,94.6,94.6,0.0,1
0354-WYROK,1,3,2,31,25-48m,1,No,1,4,6,98.9,2911.3,4.987096774193546,1
4361-FEBGN,3,2,3,48,25-48m,1,No,0,0,1,20.15,982.95,-0.32812500000000355,0
7748-UMTRK,1,3,2,30,25-48m,1,Yes,1,3,6,101.3,2974.5,2.1499999999999915,0
0380-ZCSBI,1,2,3,10,7-12m,1,No,0,0,1,20.0,198.7,0.13000000000000256,0
7145-FEJWU,1,3,2,12,7-12m,1,Yes,1,4,7,105.3,1275.65,-1.004166666666677,0
6463-MVYRY,3,1,1,57,49-60m,1,No,0,4,6,69.85,4003.0,-0.37807017543860866,0
3969-JQABI,1,2,1,58,49-60m,1,No,1,3,5,65.25,3791.6,-0.12241379310344769,0
9624-EGDEQ,3,4,3,37,25-48m,1,No,0,0,1,19.8,813.3,-2.1810810810810786,0
1051-EQPZR,1,4,3,44,25-48m,1,No,0,0,1,19.6,780.25,1.8670454545454547,0
5849-ASHZJ,2,2,3,27,25-48m,1,No,0,0,1,20.05,552.9,-0.42777777777777715,0
5780-INQIK,1,3,1,8,7-12m,1,No,0,1,3,49.4,408.25,-1.6312500000000014,0
7576-OYWBN,1,3,2,3,0-6m,1,Yes,1,0,3,76.05,231.8,-1.2166666666666686,1
4526-ZJJTM,1,1,2,25,25-48m,1,No,0,3,5,88.4,2191.15,0.7540000000000049,0
8384-FZBJK,1,3,2,57,49-60m,1,Yes,1,3,6,100.6,5611.7,2.149122807017548,0
3750-RNQKR,1,4,3,12,7-12m,1,No,0,0,1,19.45,246.25,-1.0708333333333329,0
0962-CQPWQ,3,1,3,62,61m+,1,No,0,0,1,20.3,1296.15,-0.6056451612903224,0
3096-YXENJ,3,1,2,65,61m+,1,Yes,1,5,8,107.65,7082.85,-1.316923076923075,0
1265-BCFEO,3,1,1,71,61m+,1,Yes,1,4,7,80.45,5662.25,0.7000000000000028,0
5837-LXSDN,2,2,1,21,13-24m,1,No,1,2,4,58.85,1215.45,0.971428571428568,0
5945-AZYHT,2,3,2,71,61m+,1,Yes,1,5,8,109.6,7854.15,-1.0218309859155,0
8325-QRPZR,1,3,2,7,7-12m,1,No,1,1,3,75.15,525.0,0.15000000000000568,0
6384-VMJHP,3,2,1,72,61m+,1,No,1,5,7,73.0,5265.2,-0.12777777777778,0
2262-SLNVK,1,3,2,1,0-6m,1,No,0,0,2,70.1,70.1,0.0,0
7730-CLDSV,3,1,2,72,61m+,1,Yes,1,4,7,98.65,7129.45,-0.37013888888887436,0
1135-HIORI,2,3,2,64,61m+,1,Yes,1,5,8,111.45,7266.95,-2.0960937499999943,0
0164-APGRB,3,3,2,72,61m+,1,Yes,1,6,9,114.9,8496.7,-3.1097222222222314,0
6481-ESCNL,1,1,2,29,25-48m,1,Yes,0,3,6,100.55,2878.75,1.2827586206896484,0
1790-NESIO,3,4,3,13,13-24m,1,No,1,0,1,20.4,261.3,0.29999999999999716,0
1550-EENBN,1,3,2,31,25-48m,1,Yes,0,4,7,104.35,3205.6,0.9435483870967687,0
5539-TMZLF,1,3,2,1,0-6m,1,No,1,0,2,69.75,69.75,0.0,1
4323-SADQS,1,3,1,7,7-12m,0,No phone service,1,2,3,34.5,279.25,-5.392857142857146,1
4446-BZKHU,1,3,2,61,61m+,1,Yes,1,4,7,105.55,6281.45,2.5754098360655746,1
5202-IVJNU,1,2,1,39,25-48m,0,No phone service,0,1,2,30.1,1131.3,1.0923076923076955,1
5976-JCJRH,1,3,2,10,7-12m,1,No,1,0,2,70.3,738.2,-3.5200000000000102,1
8198-RKSZG,1,2,1,14,13-24m,1,Yes,0,4,7,80.45,1137.05,-0.7678571428571388,0
0137-OCGAB,1,4,2,1,0-6m,1,Yes,1,1,4,80.2,80.2,0.0,1
3351-NQLDI,2,2,2,67,61m+,1,Yes,1,3,6,94.35,6341.45,-0.29850746268657247,1
9297-EONCV,3,1,1,72,61m+,1,Yes,1,6,9,91.35,6697.2,-1.6666666666666714,0
7593-JNWRU,1,1,1,6,0-6m,1,No,1,0,2,44.6,260.8,1.1333333333333329,1
4588-YBNIB,1,4,3,1,0-6m,1,No,1,0,1,19.6,19.6,0.0,1
1069-QJOEE,2,3,3,25,25-48m,1,No,0,0,1,19.9,505.45,-0.3180000000000014,0
3336-JORSO,1,3,2,33,25-48m,1,Yes,1,5,8,110.45,3655.45,-0.3212121212121133,1
7799-DSEWS,1,3,1,18,13-24m,1,No,1,4,6,68.35,1299.8,-3.8611111111111143,0
8766-PAFNE,3,2,1,71,61m+,1,No,1,5,7,79.1,5564.85,0.7218309859154886,0
5315-CKEQK,2,3,1,28,25-48m,1,Yes,1,0,3,51.0,1381.8,1.6499999999999986,0
3130-ICDUP,1,2,2,2,0-6m,1,Yes,0,1,4,80.55,188.1,-13.5,0
0820-FNRNX,1,4,1,17,13-24m,1,Yes,1,3,6,66.7,1077.05,3.3441176470588303,0
0880-FVFWF,1,3,2,56,49-60m,1,Yes,1,2,5,86.4,4922.4,-1.4999999999999858,0
4611-ANLQC,2,3,1,60,49-60m,0,No phone service,0,4,5,50.05,2911.5,1.5249999999999986,0
4213-HKBJO,3,2,3,33,25-48m,1,Yes,0,0,2,25.7,826.1,0.6666666666666643,0
2792-LSHWX,1,4,2,1,0-6m,1,No,1,3,5,83.4,83.4,0.0,0
5028-GZLDO,1,2,2,2,0-6m,1,No,0,0,2,70.7,140.7,0.3500000000000085,1
0014-BMAQU,3,2,2,63,61m+,1,Yes,1,2,5,84.65,5377.8,-0.711904761904762,0
6861-XWTWQ,1,3,2,7,7-12m,1,Yes,1,3,6,99.25,665.45,4.185714285714283,1
9018-PCIOK,3,4,1,55,49-60m,1,No,1,3,5,64.75,3617.1,-1.0154545454545456,0
4837-QUSFT,2,1,2,65,61m+,1,Yes,1,4,7,100.15,6643.5,-2.0576923076923066,0
6877-TJMBR,1,3,2,1,0-6m,1,No,1,2,4,84.8,84.8,0.0,1
9953-ZMKSM,3,4,3,63,61m+,1,Yes,0,0,2,25.25,1559.3,0.4992063492063501,0
0907-HQNTS,3,2,2,70,61m+,1,Yes,1,6,9,113.0,7987.6,-1.1085714285714374,0
7665-NKLAV,3,2,1,36,25-48m,0,No phone service,0,3,4,40.65,1547.35,-2.3319444444444457,0
6769-DCQLI,2,1,2,52,49-60m,1,No,1,5,7,105.0,5426.85,0.6374999999999886,1
2433-KMEAS,1,3,1,22,13-24m,1,Yes,1,1,4,54.45,1127.35,3.2068181818181856,1
4391-LNRXK,1,1,2,22,13-24m,1,No,1,4,6,94.95,2142.8,-2.450000000000003,0
8250-ZNGGW,1,2,1,5,0-6m,1,No,0,3,5,59.9,287.85,2.329999999999991,0
2195-ZRVAX,1,3,2,47,25-48m,1,No,1,2,4,85.3,4045.65,-0.777659574468089,1
3550-SAHFP,1,3,2,33,25-48m,1,Yes,1,1,4,83.35,2757.85,-0.22121212121211897,1
2011-TRQYE,1,2,1,18,13-24m,0,No phone service,1,2,3,33.5,600.0,0.1666666666666643,1
8562-GHPPI,1,2,3,1,0-6m,1,No,0,0,1,19.8,19.8,0.0,0
5893-PYOLZ,3,2,1,56,49-60m,1,No,1,5,7,81.8,4534.45,0.8276785714285779,0
4986-MXSFP,1,4,3,2,0-6m,1,No,1,0,1,20.0,40.9,-0.4499999999999993,0
6131-FOYAS,1,3,1,35,25-48m,1,Yes,1,2,5,59.6,2094.9,-0.25428571428571445,0
3027-YNWZU,3,2,3,64,61m+,1,Yes,0,0,2,25.0,1584.8,0.2375000000000007,0
5609-IMCGG,1,2,2,15,13-24m,1,Yes,1,2,5,84.35,1302.65,-2.4933333333333394,0
4873-ILOLJ,1,3,2,24,13-24m,1,No,1,2,4,90.35,2238.5,-2.9208333333333343,1
4727-MCYZG,1,4,1,1,0-6m,1,No,0,1,3,55.55,55.55,0.0,0
9481-WHGWY,3,2,1,70,61m+,1,No,0,4,6,75.35,5437.75,-2.3321428571428697,0
2725-KXXWT,1,3,2,1,0-6m,1,No,1,2,4,90.75,90.75,0.0,1
9565-DJPIB,1,4,2,4,0-6m,1,Yes,0,2,5,89.6,365.65,-1.8125,1
4328-VUFWD,2,3,1,39,25-48m,1,No,0,2,4,59.3,2209.15,2.6551282051282,0
3301-LSLWQ,1,3,1,29,25-48m,1,Yes,1,2,5,66.1,1912.15,0.16379310344827047,0
7473-ZBDSN,3,4,3,14,13-24m,1,No,0,0,1,18.8,255.55,0.5464285714285708,0
3166-PNEOF,3,2,1,61,61m+,1,Yes,0,5,8,86.45,5175.3,1.6090163934426158,0
5639-NTUPK,1,2,1,13,13-24m,1,No,1,1,3,52.1,670.65,0.5115384615384642,0
8780-YRMTT,3,4,1,66,61m+,0,No phone service,1,4,5,47.4,3177.25,-0.740151515151517,0
8348-HFYIV,1,3,1,2,0-6m,0,No phone service,1,3,4,49.25,90.35,4.075000000000003,1
5140-FOMCQ,2,2,2,59,49-60m,1,Yes,1,5,8,109.15,6557.75,-1.998305084745752,0
6242-SGYTS,2,2,2,62,61m+,1,Yes,1,3,6,94.95,5791.85,1.5330645161290306,0
8166-ORCHU,2,3,2,33,25-48m,1,No,1,4,6,93.55,3055.5,0.9590909090909037,0
8414-OOEEL,3,2,1,66,61m+,1,No,1,5,7,79.5,5196.1,0.7712121212121161,0
8454-AATJP,3,2,2,72,61m+,1,Yes,0,6,9,115.05,8405.0,-1.6861111111111171,0
6849-WLEYG,1,4,3,1,0-6m,1,No,0,0,1,19.75,19.75,0.0,1
4659-NZRUF,1,3,2,19,13-24m,1,Yes,1,3,6,95.15,1789.25,0.9789473684210606,1
4531-AUZNK,2,4,2,51,49-60m,1,Yes,1,3,6,95.15,5000.05,-2.890196078431373,0
4191-XOVOM,1,3,2,63,61m+,1,Yes,0,4,7,105.4,6713.2,-1.158730158730151,0
2150-OEGBV,2,1,3,27,25-48m,1,No,0,0,1,20.1,562.6,-0.7370370370370374,0
8429-XIBUM,1,1,2,22,13-24m,1,Yes,1,3,6,101.35,2317.1,-3.972727272727269,1
1855-CFULU,1,4,3,4,0-6m,1,No,0,0,1,20.05,91.45,-2.8125,0
4878-BUNFV,3,4,3,42,25-48m,1,No,0,0,1,20.7,828.85,0.9654761904761884,0
1872-EBWSC,2,4,3,29,25-48m,1,No,0,0,1,20.35,617.35,-0.9379310344827587,0
2608-BHKFN,1,2,2,4,0-6m,1,No,1,0,2,70.05,266.9,3.325000000000003,1
7026-YMSBE,2,4,3,30,25-48m,1,No,0,0,1,19.7,625.05,-1.134999999999998,0
7341-LXCAF,1,3,2,4,0-6m,1,Yes,1,0,3,74.65,301.4,-0.6999999999999886,1
6997-UVGOX,3,1,1,71,61m+,1,No,0,6,8,85.45,6029.9,0.5218309859154999,0
9674-EHPPG,3,2,1,46,25-48m,0,No phone service,0,3,4,40.4,1842.7,0.34130434782608177,0
9462-MJUAW,1,4,1,4,0-6m,1,Yes,0,0,3,50.4,206.6,-1.25,1
8128-YVJRG,1,4,2,7,7-12m,1,Yes,1,1,4,79.65,604.7,-6.73571428571428,1
5440-VHLUL,2,1,2,69,61m+,1,Yes,1,4,7,105.2,7386.05,-1.8442028985507193,0
5781-BKHOP,3,1,2,72,61m+,1,Yes,0,4,7,100.65,7334.05,-1.2118055555555571,0
4283-FUTGF,1,3,2,19,13-24m,1,Yes,1,1,4,79.85,1471.75,2.3894736842105146,1
5213-TWWJU,1,3,2,28,25-48m,1,No,0,3,5,91.0,2626.15,-2.7910714285714278,0
1569-TTNYJ,1,3,2,5,0-6m,1,Yes,1,1,4,78.75,412.1,-3.6700000000000017,1
8628-MFKAX,3,2,2,72,61m+,1,Yes,1,6,9,116.75,8277.05,1.790972222222237,0
2397-BRLOM,1,2,2,8,7-12m,1,No,1,1,3,80.45,583.45,7.518749999999997,1
7629-WIXZF,2,3,1,7,7-12m,1,No,1,2,4,59.1,369.25,6.350000000000001,0
5445-GLVOT,1,3,1,22,13-24m,1,No,1,1,3,49.8,1049.05,2.115909090909092,0
3976-HXHCE,3,1,3,72,61m+,1,No,0,0,1,19.3,1414.8,-0.34999999999999787,0
2466-NEJOJ,1,2,3,8,7-12m,1,No,0,0,1,19.65,169.75,-1.5687500000000014,0
0254-KCJGT,2,2,1,52,49-60m,1,Yes,1,5,8,81.4,4354.45,-2.339423076923069,0
5472-CVMDX,3,4,1,68,61m+,0,No phone service,0,3,4,38.9,2719.2,-1.088235294117645,0
6461-SZMCV,3,1,1,71,61m+,1,Yes,0,6,9,87.95,6365.35,-1.702816901408454,0
8150-QUDFX,1,4,3,2,0-6m,1,No,0,0,1,19.85,51.6,-5.949999999999999,0
9508-ILZDG,1,3,2,34,25-48m,1,Yes,1,3,6,96.35,3190.25,2.5191176470588204,0
2346-DJQTB,1,3,1,35,25-48m,0,No phone service,0,0,1,24.15,812.5,0.9357142857142833,0
1697-LYYYX,2,2,3,61,61m+,1,No,0,0,1,19.1,1143.8,0.34918032786885433,0
1942-OQFRW,1,3,1,1,0-6m,1,No,0,0,2,44.0,44.0,0.0,0
4749-VFKVB,1,4,1,1,0-6m,1,Yes,1,0,3,50.1,50.1,0.0,1
9640-ZSLDC,2,2,1,53,49-60m,1,No,0,2,4,60.6,3297.0,-1.607547169811319,0
4231-LZUYM,3,1,3,72,61m+,1,Yes,0,0,2,25.65,1887.0,-0.5583333333333336,0
7598-UAASY,1,3,2,2,0-6m,1,No,0,1,3,76.4,151.8,0.5,1
7938-OUHIO,1,3,2,3,0-6m,1,No,1,4,6,98.7,293.65,0.8166666666666771,1
8510-AWCXC,1,3,2,13,13-24m,1,Yes,1,3,6,100.8,1308.1,0.17692307692307452,1
6128-AQBMT,1,3,1,41,25-48m,0,No phone service,1,4,5,53.95,2215.4,-0.08414634146341626,0
3594-BDSOA,2,2,3,24,13-24m,1,No,0,0,1,20.4,482.8,0.28333333333333144,0
0431-APWVY,2,1,2,28,25-48m,1,No,1,2,4,90.1,2598.95,-2.7196428571428584,1
5133-VRSAB,1,4,1,8,7-12m,0,No phone service,0,1,2,29.35,216.45,2.293750000000003,0
5996-DAOQL,1,4,3,1,0-6m,1,No,1,0,1,20.45,20.45,0.0,0
6838-YAUVY,3,1,2,54,49-60m,1,Yes,1,3,6,95.1,5064.85,1.3064814814814696,0
0484-JPBRU,1,1,3,41,25-48m,1,Yes,1,0,2,25.25,996.45,0.9463414634146332,0
7883-ROJOC,1,4,1,19,13-24m,1,No,0,0,2,44.9,839.65,0.7078947368421069,0
0244-LGNFY,3,1,1,72,61m+,1,Yes,0,6,9,92.65,6733.0,-0.86388888888888,0
7274-CGTOD,3,1,1,62,61m+,0,No phone service,1,4,5,43.7,2618.3,1.4693548387096769,0
4295-YURET,3,2,1,56,49-60m,1,No,1,4,6,72.6,4084.35,-0.3348214285714306,0
3426-NIYYL,1,3,1,15,13-24m,1,Yes,0,0,3,51.55,765.5,0.5166666666666657,1
8225-BTJAU,1,3,2,10,7-12m,1,No,1,1,3,79.25,793.55,-0.10499999999998977,1
4635-EJYPD,3,4,3,32,25-48m,1,No,0,0,1,18.95,613.95,-0.23593750000000213,0
1866-ZSLJM,1,2,3,21,13-24m,1,No,0,0,1,20.5,402.85,1.3166666666666664,0
4636-TVXVG,2,1,3,62,61m+,1,No,0,0,1,19.95,1244.8,-0.12741935483871103,0
4236-UJPWO,1,3,1,2,0-6m,0,No phone service,0,0,1,24.5,46.4,1.3000000000000007,0
9392-XBGTD,3,4,3,27,25-48m,1,No,0,0,1,20.6,581.85,-0.9499999999999993,0
3387-VATUS,1,1,2,5,0-6m,1,Yes,1,2,5,94.85,462.8,2.289999999999992,1
6402-SSEJG,2,3,1,25,25-48m,0,No phone service,0,5,6,61.05,1540.2,-0.5580000000000069,0
1143-NMNQJ,1,3,2,2,0-6m,1,Yes,1,1,4,85.7,169.8,0.7999999999999972,1
1169-SAOCL,2,1,2,49,49-60m,1,Yes,1,4,7,106.65,5168.1,1.1785714285714306,0
1110-KYLGQ,1,2,2,63,61m+,1,Yes,0,5,8,108.25,6780.1,0.6293650793650727,0
9929-PLVPA,1,2,3,4,0-6m,1,No,0,0,1,20.4,94.5,-3.2250000000000014,0
3518-PZXZQ,1,4,1,1,0-6m,1,No,1,1,3,55.3,55.3,0.0,0
2371-JUNGC,1,4,3,11,7-12m,1,No,0,0,1,20.25,208.0,1.34090909090909,0
7693-QPEFS,1,1,2,52,49-60m,1,Yes,1,0,3,72.95,3829.75,-0.6990384615384642,0
0924-BJCRC,1,3,2,60,49-60m,1,Yes,0,2,5,89.45,5294.6,1.2066666666666634,0
5074-FBGHB,2,2,2,64,61m+,1,Yes,1,4,7,104.65,6889.8,-3.003124999999997,0
2351-BKRZW,3,1,1,43,25-48m,1,No,0,4,6,75.2,3254.35,-0.4825581395348735,0
4455-BFSPD,2,1,2,61,61m+,1,Yes,0,3,6,101.15,6383.9,-3.504098360655732,0
0415-MOSGF,1,4,1,1,0-6m,1,No,0,0,2,44.4,44.4,0.0,1
1724-BQUHA,1,3,2,5,0-6m,1,No,1,2,4,89.5,477.7,-6.039999999999992,1
3948-KXDUF,3,1,1,66,61m+,1,Yes,0,4,7,68.75,4447.55,1.3628787878787847,0
2323-ARSVR,3,3,2,67,61m+,1,No,1,6,8,111.05,7321.05,1.7805970149253625,0
0815-MFZGM,3,2,2,42,25-48m,1,No,1,4,6,99.0,4135.0,0.547619047619051,0
4826-XTSOH,1,3,2,1,0-6m,1,Yes,1,1,4,86.05,86.05,0.0,1
5480-XTFFL,3,4,3,31,25-48m,1,No,0,0,1,21.0,697.7,-1.506451612903227,0
8295-FHIVV,1,4,3,7,7-12m,1,No,1,0,1,19.4,168.65,-4.692857142857147,0
2495-INZWQ,1,3,1,4,0-6m,0,No phone service,1,2,3,44.55,174.3,0.9749999999999943,1
9086-YJYXS,2,1,1,34,25-48m,1,Yes,0,3,6,77.2,2753.8,-3.794117647058826,0
1179-INLAT,2,4,3,3,0-6m,1,No,1,0,1,19.45,69.25,-3.633333333333333,0
7909-FIOIY,1,4,1,19,13-24m,0,No phone service,1,0,1,24.85,434.8,1.965789473684211,0
4139-SUGLD,1,1,1,31,25-48m,0,No phone service,0,2,3,35.4,1077.5,0.6419354838709666,1
6857-VWJDT,1,4,2,1,0-6m,1,Yes,0,2,5,95.65,95.65,0.0,1
6351-SCJKT,1,4,1,3,0-6m,0,No phone service,0,3,4,41.35,107.25,5.600000000000001,0
5468-BPMMO,1,3,3,46,25-48m,1,No,0,0,1,19.6,851.2,1.0956521739130451,0
5624-BQSSA,1,4,3,1,0-6m,1,No,0,0,1,20.95,20.95,0.0,1
0197-PNKNK,2,1,2,69,61m+,1,Yes,0,2,5,84.45,5848.6,-0.3123188405797066,0
2439-QKJUL,1,4,3,5,0-6m,1,No,0,0,1,20.25,109.8,-1.7100000000000009,0
1194-SPVSP,1,1,3,1,0-6m,1,No,0,0,1,19.65,19.65,0.0,0
9534-NSXEM,2,2,3,26,25-48m,1,No,1,0,1,20.65,595.5,-2.2538461538461547,0
2408-WITXK,1,3,1,10,7-12m,0,No phone service,1,1,2,34.7,329.8,1.7199999999999989,1
8929-KSWIH,3,1,2,25,25-48m,1,No,0,4,6,99.3,2513.5,-1.240000000000009,0
2250-IVBWA,1,3,2,64,61m+,1,No,0,2,4,81.05,5135.35,0.8101562499999915,0
1810-MVMAI,1,3,1,30,25-48m,1,Yes,0,4,7,67.6,2000.2,0.9266666666666623,0
9506-UXUSK,1,3,2,13,13-24m,1,No,1,0,2,70.15,931.75,-1.5230769230769141,0
1229-RCALF,2,3,2,64,61m+,1,Yes,1,6,9,115.0,7396.15,-0.5648437499999943,0
3572-UOLYZ,1,1,2,46,25-48m,1,Yes,1,2,5,84.8,3958.85,-1.2619565217391369,0
1429-UYJSV,2,4,3,12,7-12m,1,No,0,0,1,19.7,260.9,-2.0416666666666643,0
5577-OTWWW,1,1,3,15,13-24m,1,No,0,0,1,19.75,297.3,-0.07000000000000028,1
6100-QQHEB,1,3,2,17,13-24m,1,Yes,1,2,5,92.55,1515.1,3.42647058823529,1
6366-XIVKZ,1,4,1,13,13-24m,1,No,1,3,5,63.15,816.8,0.31923076923077076,0
3470-OBUET,3,2,1,67,61m+,1,Yes,0,4,7,74.0,4868.4,1.3373134328358276,0
2770-NSVDG,1,3,1,24,13-24m,0,No phone service,0,1,2,29.1,688.0,0.43333333333333357,0
9375-MHRRS,1,4,1,6,0-6m,1,No,0,1,3,50.05,288.35,1.99166666666666,0
2634-HCZGT,2,3,1,53,49-60m,1,Yes,1,2,5,60.05,3229.65,-0.8867924528301927,1
7503-QQRVF,1,2,2,16,13-24m,1,No,1,1,3,74.3,1178.25,0.6593749999999972,1
4860-YZGZM,1,3,3,10,7-12m,1,No,0,0,1,20.0,185.4,1.4600000000000009,0
6599-GZWCM,2,4,2,13,13-24m,1,No,1,1,3,74.65,966.25,0.3230769230769255,0
2691-NZETQ,1,3,2,9,7-12m,1,Yes,1,1,4,85.35,758.6,1.061111111111103,1
4404-HIBDJ,2,4,1,25,25-48m,1,No,0,5,7,74.3,1863.8,-0.25199999999999534,1
5533-NHFRF,1,3,1,7,7-12m,0,No phone service,1,3,4,44.4,265.8,6.4285714285714235,0
7037-MTYVW,3,1,1,38,25-48m,1,Yes,1,5,8,85.4,3297.0,-1.3631578947368297,0
4760-THGOT,1,3,2,43,25-48m,1,Yes,1,3,6,94.1,4107.3,-1.418604651162795,0
7295-JOMMD,1,1,2,4,0-6m,1,No,1,4,6,98.1,396.3,-0.9750000000000085,1
4016-BJKTZ,3,3,2,25,25-48m,1,Yes,0,5,8,108.9,2809.05,-3.4620000000000033,0
6584-VQMYT,2,4,1,27,25-48m,1,No,0,2,4,56.2,1567.55,-1.8574074074074005,0
9838-BFCQT,3,4,3,72,61m+,1,Yes,0,0,2,26.1,1851.45,0.38541666666666785,0
2790-XUYMV,2,2,2,71,61m+,1,Yes,1,2,5,85.45,6028.95,0.5352112676056322,0
0581-MDMPW,1,2,2,24,13-24m,1,Yes,1,2,5,88.95,2072.75,2.5854166666666742,0
5013-SBUIH,3,3,2,50,49-60m,1,Yes,1,5,8,109.65,5551.15,-1.3729999999999905,1
1023-BQXZE,3,1,1,57,49-60m,1,No,1,4,6,74.35,4317.35,-1.3929824561403592,0
9163-GHAYE,1,3,1,15,13-24m,1,No,0,1,3,48.85,736.8,-0.269999999999996,0
3904-UKFRE,1,3,2,4,0-6m,1,Yes,1,1,4,80.1,336.15,-3.9375,0
5353-WILCI,1,3,1,28,25-48m,1,No,0,2,4,56.05,1522.65,1.669642857142854,0
0709-TVGUR,1,3,2,9,7-12m,1,Yes,1,0,3,74.55,622.9,5.338888888888889,1
0058-EVZWM,1,1,2,55,49-60m,1,Yes,1,2,5,89.8,4959.6,-0.37454545454546917,0
6023-YEBUP,1,3,2,3,0-6m,1,Yes,1,3,6,100.95,329.95,-9.033333333333331,1
7209-JCUDS,1,3,2,10,7-12m,1,No,1,3,5,94.9,1048.85,-9.984999999999985,1
7009-PCARS,2,1,3,55,49-60m,1,No,0,0,1,19.1,1001.5,0.8909090909090907,0
0519-DRGTI,1,4,3,20,13-24m,1,No,0,0,1,20.35,442.6,-1.7800000000000011,0
1017-FBQMM,2,2,2,62,61m+,1,Yes,1,4,7,106.05,6703.5,-2.0709677419354904,0
3001-CBHLQ,1,3,2,32,25-48m,1,Yes,1,4,7,104.9,3351.55,0.1640625,1
1985-MBRYP,3,1,3,43,25-48m,1,No,1,0,1,19.65,779.25,1.527906976744184,0
6158-DWPZT,2,1,1,9,7-12m,0,No phone service,0,0,1,24.1,259.8,-4.766666666666666,1
9372-TXXPS,3,1,1,60,49-60m,1,No,0,3,5,59.85,3483.45,1.792500000000004,0
3259-QMXUN,3,3,1,58,49-60m,1,Yes,1,5,8,86.1,4890.5,1.7810344827586135,0
1015-JPFYW,2,4,3,7,7-12m,1,No,0,0,1,19.45,136.75,-0.08571428571428541,0
6645-MXQJT,1,3,2,2,0-6m,1,No,0,3,5,97.1,184.15,5.0249999999999915,0
4360-QRAVE,1,3,1,37,25-48m,0,No phone service,0,2,3,36.65,1315.0,1.1094594594594582,0
8433-WPJTV,2,1,2,65,61m+,1,Yes,1,4,7,103.9,6767.1,-0.20923076923077133,0
5804-JMYIO,3,4,3,39,25-48m,1,No,0,0,1,19.75,757.95,0.3153846153846125,0
3763-GCZHZ,2,3,2,66,61m+,1,Yes,1,4,7,104.05,6890.0,-0.34393939393939377,1
6484-LATFU,3,4,3,68,61m+,1,Yes,0,0,2,24.55,1657.4,0.1764705882352935,0
7599-NTMDP,3,1,1,62,61m+,0,No phone service,0,4,5,48.7,3008.55,0.17499999999999716,0
0772-GYEQQ,1,4,2,3,0-6m,1,No,1,3,5,88.35,262.05,0.9999999999999858,1
0536-ACXIP,3,3,2,72,61m+,1,Yes,1,5,8,109.55,8165.1,-3.8541666666666714,0
0936-NQLJU,3,2,3,41,25-48m,1,No,0,0,1,20.65,875.55,-0.7048780487804898,0
4831-EOBFE,1,2,2,29,25-48m,1,No,0,3,5,94.65,2649.15,3.299999999999997,1
1575-KRZZE,1,3,1,4,0-6m,1,No,0,2,4,55.2,220.65,0.03750000000000142,0
3251-YMVWZ,2,1,3,53,49-60m,1,Yes,0,0,2,24.05,1301.9,-0.5141509433962277,0
4102-OQUPX,1,3,2,1,0-6m,1,Yes,1,0,3,74.4,74.4,0.0,1
9170-GYZJC,1,2,1,41,25-48m,1,Yes,0,5,8,79.9,3326.2,-1.2268292682926756,1
4884-LEVMQ,3,1,3,39,25-48m,1,No,1,0,1,20.45,790.0,0.1935897435897438,0
8857-CUPFQ,3,4,3,63,61m+,1,No,0,0,1,19.25,1237.65,-0.3952380952380956,0
7610-TVOPG,1,3,3,15,13-24m,1,Yes,1,0,2,26.35,378.6,1.1099999999999994,0
3638-DIMPH,2,3,1,13,13-24m,1,No,0,0,2,43.8,592.65,-1.78846153846154,0
1845-ZLLIG,1,4,1,1,0-6m,1,No,1,1,3,50.15,50.15,0.0,0
8559-WNQZS,3,4,3,1,0-6m,1,No,0,0,1,20.45,20.45,0.0,0
3999-QGRJH,1,3,2,8,7-12m,1,No,1,0,2,69.7,560.85,-0.40625,1
1699-UOTXU,3,3,1,60,49-60m,1,No,0,3,5,61.4,3638.25,0.7624999999999957,0
2454-RPBRZ,1,3,2,12,7-12m,1,Yes,1,3,6,98.1,1060.2,9.749999999999986,1
0635-WKOLD,2,2,1,40,25-48m,1,Yes,0,3,6,70.75,2921.75,-2.293750000000003,0
5993-JSUWV,3,1,1,66,61m+,1,No,1,3,5,61.15,4017.45,0.2795454545454561,0
4518-FZBSX,2,4,3,42,25-48m,1,No,0,0,1,20.25,854.9,-0.10476190476190439,0
5387-ASZNZ,2,2,1,66,61m+,1,Yes,1,3,6,63.85,4174.35,0.6022727272727266,0
6988-CJEYV,1,3,2,49,49-60m,1,Yes,0,3,6,98.7,4920.55,-1.7193877551020478,0
2002-MZHWP,1,4,3,1,0-6m,1,No,0,0,1,20.5,20.5,0.0,1
3097-FQTVJ,3,4,3,41,25-48m,1,No,0,0,1,20.0,810.3,0.23658536585366008,0
5465-BUBFA,3,1,3,41,25-48m,1,No,0,0,1,19.3,772.4,0.4609756097560975,0
7299-GNVPL,1,4,2,23,13-24m,1,No,0,3,5,84.4,1936.85,0.18913043478261216,0
9743-DQKQW,1,3,1,3,0-6m,0,No phone service,0,0,1,25.1,79.8,-1.4999999999999964,0
1215-VFYVK,1,4,1,4,0-6m,0,No phone service,0,4,5,48.25,202.25,-2.3125,0
9371-BITHB,3,4,3,52,49-60m,1,No,0,0,1,19.85,1070.5,-0.7365384615384585,0
2265-CYWIV,1,3,2,4,0-6m,1,Yes,1,3,6,99.6,347.65,12.6875,1
9093-FPDLG,1,3,2,11,7-12m,1,No,1,4,6,94.2,999.9,3.3000000000000114,0
0541-FITGH,1,4,1,2,0-6m,1,No,1,2,4,62.15,113.1,5.600000000000001,0
6985-HAYWX,1,1,2,26,25-48m,1,Yes,0,1,4,79.3,2015.8,1.7692307692307736,0
7508-KBIMB,2,2,1,24,13-24m,1,No,1,2,4,56.25,1454.25,-4.34375,0
6838-HVLXG,1,4,3,12,7-12m,1,No,0,0,1,20.3,246.7,-0.25833333333333286,0
2277-DJJDL,1,3,2,60,49-60m,1,Yes,1,3,6,99.0,6017.9,-1.298333333333332,0
1897-OKVMW,3,4,1,64,61m+,1,Yes,1,6,9,90.6,5817.45,-0.29765625000000284,0
5485-ITNPC,3,1,1,66,61m+,1,No,1,6,8,85.9,5595.3,1.1227272727272748,0
0233-FTHAV,2,1,2,60,49-60m,1,Yes,1,1,4,79.2,4765.0,-0.21666666666666856,0
4644-PIZRT,2,1,1,17,13-24m,1,Yes,1,3,6,70.35,1201.65,-0.3352941176470665,0
8922-NPKBJ,3,4,3,42,25-48m,1,No,0,0,1,19.35,867.3,-1.2999999999999972,0
2740-TVLFN,1,3,1,1,0-6m,1,Yes,1,0,3,50.15,50.15,0.0,0
7771-CFQRQ,3,1,1,47,25-48m,1,No,0,3,5,63.8,3007.25,-0.18404255319148888,0
9512-PHSMG,1,4,3,10,7-12m,1,No,1,0,1,20.55,252.75,-4.724999999999998,0
6963-EZQEE,3,2,1,70,61m+,1,Yes,1,6,9,88.55,6306.5,-1.5428571428571445,0
2452-KDRRH,1,2,2,67,61m+,1,Yes,1,3,6,101.4,6841.05,-0.7052238805970177,0
2004-OCQXK,1,3,2,1,0-6m,1,No,1,1,3,81.95,81.95,0.0,1
5027-QPKTE,1,3,2,7,7-12m,1,No,1,0,2,69.35,451.1,4.907142857142844,1
4146-SVFUD,1,4,1,1,0-6m,1,No,0,0,2,44.6,44.6,0.0,0
1564-HJUVY,1,1,1,4,0-6m,1,No,1,3,5,63.75,226.2,7.200000000000003,0
3617-XLSGQ,3,1,2,66,61m+,1,Yes,0,5,8,109.25,7082.5,1.9393939393939377,0
7517-LDMPS,1,3,2,12,7-12m,1,No,1,2,4,84.6,1017.35,-0.17916666666667425,0
7244-KXYZN,2,2,3,24,13-24m,1,No,0,0,1,20.45,527.35,-1.5229166666666671,0
5226-NOZFC,1,3,2,26,25-48m,1,No,1,2,4,85.75,2146.5,3.1923076923076934,0
2672-HUYVI,1,3,2,6,0-6m,1,No,1,2,4,91.1,455.3,15.216666666666654,1
1400-WIVLL,3,3,2,57,49-60m,1,Yes,0,4,7,107.95,5969.85,3.215789473684211,0
7508-MYBOG,1,3,2,14,13-24m,1,Yes,1,1,4,86.1,1235.55,-2.153571428571425,1
8148-NLEGT,3,3,3,42,25-48m,1,Yes,0,0,2,22.95,1014.25,-1.1988095238095262,0
0148-DCDOS,1,1,2,25,25-48m,1,Yes,1,2,5,94.7,2362.1,0.21600000000000819,1
8347-GDTMP,3,2,3,64,61m+,1,No,0,0,1,19.45,1225.65,0.29921874999999787,0
9992-RRAMN,1,3,2,22,13-24m,1,Yes,1,1,4,85.1,1873.7,-0.06818181818182723,1
6746-WAUWT,2,2,3,19,13-24m,1,No,1,0,1,19.7,386.5,-0.6421052631578945,0
0310-MVLET,1,3,2,61,61m+,1,Yes,1,3,6,99.15,6010.05,0.6245901639344282,1
0428-IKYCP,1,1,2,22,13-24m,1,No,1,2,4,87.0,1850.65,2.8795454545454504,0
4550-VBOFE,1,3,2,70,61m+,1,Yes,1,4,7,102.95,7101.5,1.5,1
2187-PKZAY,1,1,2,12,7-12m,1,No,1,1,3,79.95,1043.4,-7.0,0
4003-OCTMP,2,3,1,31,25-48m,1,No,1,3,5,64.0,1910.75,2.3629032258064484,0
6652-YFFJO,1,3,1,11,7-12m,1,No,1,2,4,64.9,716.1,-0.20000000000000284,0
7225-IILWY,3,4,3,68,61m+,1,Yes,0,0,2,25.75,1686.15,0.9536764705882348,0
5248-RPYWW,3,1,1,72,61m+,1,Yes,1,6,9,90.15,6716.45,-3.1340277777777743,0
7923-IYJWY,3,2,2,67,61m+,1,Yes,1,6,9,116.1,7839.85,-0.9126865671641866,0
3170-GWYKC,1,1,2,60,49-60m,1,No,1,5,7,104.95,6236.75,1.0041666666666629,0
5696-QURRL,1,4,1,1,0-6m,1,No,1,0,2,45.05,45.05,0.0,1
7409-KIUTL,1,3,2,1,0-6m,1,No,1,0,2,71.0,71.0,0.0,1
9830-ECLEN,2,4,1,58,49-60m,0,No phone service,0,4,5,50.0,2919.85,-0.3422413793103445,0
1732-VHUBQ,1,1,2,47,25-48m,1,No,0,0,2,70.55,3309.25,0.14042553191488594,1
0495-RVCBF,1,3,2,1,0-6m,1,No,1,1,3,79.7,79.7,0.0,1
2668-TZSPS,1,4,3,1,0-6m,1,No,0,0,1,20.45,20.45,0.0,0
7854-EDSSA,1,3,1,22,13-24m,1,Yes,0,2,5,59.0,1254.7,1.9681818181818187,1
8869-TORSS,2,2,1,48,25-48m,1,No,1,3,5,60.35,2896.4,0.00833333333333286,1
7446-SFAOA,2,1,3,37,25-48m,1,No,1,0,1,19.85,717.5,0.4581081081081102,0
9522-ZSINC,2,3,3,13,13-24m,1,No,1,0,1,19.95,253.8,0.4269230769230745,0
8234-GSZYK,3,1,3,43,25-48m,1,Yes,0,0,2,26.45,1110.05,0.6348837209302332,0
6505-OZNPG,3,4,1,6,0-6m,0,No phone service,1,6,7,63.4,348.8,5.266666666666666,0
6164-HAQTX,3,1,1,71,61m+,0,No phone service,0,5,6,53.95,3888.65,-0.8197183098591552,0
0679-IDSTG,1,3,2,1,0-6m,1,No,1,0,2,69.25,69.25,0.0,1
7765-LWVVH,3,3,2,72,61m+,1,Yes,1,3,6,95.1,6843.15,0.056250000000005684,0
1658-TJVOA,1,3,2,6,0-6m,1,No,1,1,3,74.1,450.9,-1.0499999999999972,0
0953-LGOVU,1,4,1,12,7-12m,0,No phone service,0,2,3,35.5,432.25,-0.5208333333333357,0
2115-BFTIW,1,4,2,25,25-48m,1,No,0,0,2,70.95,1767.35,0.2560000000000002,1
4692-NNQRU,2,3,2,21,13-24m,1,No,0,2,4,79.2,1742.45,-3.7738095238095184,0
7742-MYPGI,1,4,1,6,0-6m,1,No,1,1,3,48.8,297.35,-0.75833333333334,0
0611-DFXKO,1,4,2,20,13-24m,1,No,1,2,4,89.0,1820.45,-2.022500000000008,1
7780-OTDSO,1,3,2,18,13-24m,1,Yes,1,3,6,99.4,1742.95,2.569444444444443,1
9619-GSATL,2,3,1,43,25-48m,1,No,0,2,4,55.45,2444.25,-1.3930232558139508,0
5622-UEJFI,3,2,3,35,25-48m,1,Yes,1,0,2,25.4,949.8,-1.7371428571428567,0
9747-DDZOS,1,1,2,1,0-6m,1,No,0,1,3,73.5,73.5,0.0,1
0674-DGMAQ,1,3,2,32,25-48m,1,Yes,1,3,6,93.5,2970.8,0.6624999999999943,0
6203-HBZPA,3,2,1,52,49-60m,0,No phone service,0,6,7,63.9,3334.95,-0.23365384615384954,0
0484-FFVBJ,2,1,1,32,25-48m,1,No,1,2,4,64.85,2010.95,2.007812499999993,0
0301-FIDRB,3,1,1,72,61m+,0,No phone service,1,6,7,63.8,4684.3,-1.2597222222222229,0
4139-JPIAM,1,2,1,51,49-60m,0,No phone service,1,3,4,44.45,2181.55,1.6745098039215662,0
2181-TIDSV,3,1,3,68,61m+,1,No,1,0,1,19.95,1303.25,0.7845588235294123,0
2761-XECQW,1,4,1,8,7-12m,0,No phone service,1,3,4,43.35,371.4,-3.0749999999999957,0
1936-CZAKF,3,2,1,49,49-60m,0,No phone service,0,3,4,49.65,2409.9,0.4683673469387699,0
9453-PATOS,3,4,1,72,61m+,1,No,0,6,8,85.1,6155.4,-0.3916666666666657,0
0564-JJHGS,1,3,2,9,7-12m,1,Yes,1,2,5,95.5,829.1,3.37777777777778,1
3348-CFRNX,1,4,2,28,25-48m,1,No,1,3,5,92.35,2602.9,-0.6107142857142946,1
4402-FTBXC,1,4,2,54,49-60m,1,No,0,3,5,89.8,4667.0,3.3740740740740733,0
1428-GTBJJ,1,3,2,11,7-12m,1,No,1,1,3,74.55,824.75,-0.4272727272727366,1
2931-XIQBR,2,4,2,50,49-60m,1,No,0,4,6,103.05,5153.5,-0.01999999999999602,0
0106-UGRDO,3,3,2,69,61m+,1,Yes,1,6,9,116.0,8182.85,-2.5920289855072554,0
5542-TBBWB,1,3,2,1,0-6m,1,No,1,0,2,69.9,69.9,0.0,0
1930-QPBVZ,3,1,2,68,61m+,1,No,0,4,6,95.1,6683.4,-3.185294117647061,0
2606-PKWJB,2,4,1,40,25-48m,0,No phone service,0,3,4,40.25,1564.05,1.1487499999999997,0
5322-ZSMZY,3,4,3,31,25-48m,1,Yes,0,0,2,25.75,755.6,1.3758064516129025,0
8059-UDZFY,1,1,2,33,25-48m,1,Yes,1,4,7,105.35,3465.05,0.3484848484848442,0
7740-BTPUX,3,3,2,55,49-60m,1,Yes,1,5,8,113.6,6292.7,-0.8127272727272725,0
5220-AGAAX,3,1,3,68,61m+,1,Yes,1,0,2,24.0,1664.3,-0.47499999999999787,0
0208-BPQEJ,1,1,3,12,7-12m,1,No,0,0,1,19.4,198.1,2.8916666666666657,0
9435-JMLSX,3,1,1,71,61m+,1,No,1,6,8,86.1,6045.9,0.9464788732394425,0
3352-ALMCK,1,4,2,40,25-48m,1,Yes,1,4,7,102.65,4108.15,-0.053749999999979536,0
5312-IRCFR,2,3,2,64,61m+,1,Yes,1,3,6,92.85,5980.75,-0.5992187500000057,0
5294-IMHHT,2,1,2,53,49-60m,1,Yes,0,3,6,97.75,5043.2,2.5952830188679314,0
8802-UNOJF,1,4,2,12,7-12m,1,No,1,3,5,83.8,1029.75,-2.012500000000003,1
6313-GIDIT,1,3,1,53,49-60m,0,No phone service,1,4,5,54.45,2854.55,0.5905660377358473,1
6176-YJWAS,3,2,2,72,61m+,1,Yes,1,4,7,97.95,7114.25,-0.8590277777777686,0
5310-NOOVA,3,3,3,46,25-48m,1,No,0,0,1,19.95,907.05,0.23152173913043583,0
4526-EXKKN,3,4,3,40,25-48m,1,Yes,1,0,2,24.6,973.95,0.25124999999999886,0
5311-IHLEI,1,1,1,12,7-12m,0,No phone service,1,4,5,50.95,605.75,0.47083333333333854,0
3987-KQDDU,1,3,2,9,7-12m,1,No,0,1,3,75.6,661.55,2.0944444444444485,0
3404-JNXAX,1,3,2,51,49-60m,1,Yes,1,1,4,80.75,4116.9,0.026470588235298464,0
5131-PONJI,1,2,2,49,49-60m,1,No,1,3,5,90.4,4494.65,-1.3275510204081513,0
2845-AFFTX,1,3,2,41,25-48m,1,Yes,1,3,6,99.8,4259.3,-4.085365853658544,1
3489-VSFRD,2,2,1,56,49-60m,1,No,1,3,5,60.25,3282.75,1.6294642857142847,0
3345-JHUEO,1,3,3,4,0-6m,1,No,1,0,1,20.2,55.7,6.274999999999999,0
5815-HGGHV,2,4,1,20,13-24m,1,No,1,3,5,64.15,1274.45,0.427500000000002,0
5260-UMPWX,1,2,3,26,25-48m,1,No,1,0,1,20.25,493.95,1.2519230769230774,0
2249-YPRNG,1,1,2,20,13-24m,1,Yes,1,4,7,105.85,2239.65,-6.132500000000007,1
7410-YTJIK,1,4,2,7,7-12m,1,Yes,0,0,3,75.45,480.75,6.771428571428572,1
4626-GYCZP,1,3,2,7,7-12m,1,Yes,1,2,5,93.85,635.6,3.049999999999997,1
5649-RXQTV,1,3,2,51,49-60m,1,No,1,4,6,99.0,5038.15,0.21274509803922115,0
2674-MIAHT,1,4,2,4,0-6m,1,Yes,1,1,4,80.3,324.2,-0.75,0
2576-HXMPA,1,2,3,1,0-6m,1,No,0,0,1,19.55,19.55,0.0,0
7587-AOVVU,1,3,2,27,25-48m,1,Yes,0,4,7,100.75,2793.55,-2.7148148148148152,0
5590-BYNII,1,3,2,22,13-24m,1,Yes,1,3,6,100.75,2095.0,5.522727272727266,1
6898-MDLZW,1,4,1,12,7-12m,1,No,1,2,4,53.75,648.65,-0.30416666666666714,0
3237-AJGEH,1,4,1,3,0-6m,0,No phone service,1,1,2,31.0,95.05,-0.6833333333333336,1
4707-YNOQA,2,2,3,34,25-48m,1,Yes,1,0,2,25.6,917.15,-1.3749999999999964,0
9357-UJRUN,2,3,1,24,13-24m,1,Yes,1,2,5,58.35,1346.9,2.2291666666666643,0
1591-NFNLQ,1,2,2,51,49-60m,1,Yes,0,1,4,80.0,4242.35,-3.183333333333337,1
8648-PFRMP,1,3,1,14,13-24m,0,No phone service,1,2,3,46.35,672.7,-1.7000000000000028,0
7663-CUXZB,3,3,2,59,49-60m,1,Yes,0,6,9,113.75,6561.25,2.5423728813559308,0
0258-NOKBL,1,3,2,3,0-6m,1,No,0,3,5,90.4,268.45,0.9166666666666714,0
1163-VIPRI,3,3,2,65,61m+,1,Yes,0,5,8,109.3,7337.55,-3.5853846153846263,0
2815-CPTUL,1,4,2,5,0-6m,1,No,1,0,2,70.25,331.9,3.8700000000000045,1
9348-ROUAI,3,2,1,59,49-60m,1,Yes,0,6,9,90.3,5194.05,2.265254237288133,0
9443-JUBUO,3,2,1,72,61m+,0,No phone service,1,6,7,65.25,4478.85,3.0437499999999957,0
0596-BQCEQ,1,3,2,62,61m+,1,No,1,4,6,100.15,6283.3,-1.1935483870967687,1
1481-ZUWZA,1,2,2,28,25-48m,1,Yes,1,3,6,94.5,2659.4,-0.47857142857142776,1
3043-TYBNO,1,4,1,3,0-6m,1,No,0,2,4,60.65,196.9,-4.983333333333341,0
4830-FAXFM,1,2,3,19,13-24m,1,Yes,1,0,2,24.1,439.2,0.9842105263157919,0
5906-BFOZT,1,4,3,1,0-6m,1,No,1,0,1,19.5,19.5,0.0,0
2960-NKRSO,1,3,2,24,13-24m,1,No,1,3,5,85.95,2107.15,-1.8479166666666629,0
8996-ZROXE,2,3,1,57,49-60m,1,No,1,2,4,53.5,3035.8,0.24035087719298076,0
5598-IKHQQ,3,2,3,72,61m+,1,Yes,0,0,2,25.45,1866.45,-0.47291666666666643,0
0397-ZXWQF,3,1,3,67,61m+,1,No,0,0,1,20.5,1430.95,-0.857462686567164,0
5266-PFRQK,2,2,3,52,49-60m,1,No,1,0,1,20.85,1071.6,0.2423076923076941,0
4674-HGNUA,3,2,1,71,61m+,1,Yes,0,6,9,89.9,6457.15,-1.0457746478873133,0
6765-MBQNU,2,4,3,26,25-48m,1,Yes,0,0,2,26.0,684.05,-0.30961538461538396,0
9786-IJYDL,3,4,2,35,25-48m,1,Yes,1,6,9,113.2,3914.05,1.3700000000000045,0
1303-SRDOK,3,2,2,55,49-60m,1,No,1,0,2,69.05,3842.6,-0.8154545454545428,0
3769-MHZNV,3,4,3,33,25-48m,1,No,0,0,1,20.1,670.35,-0.21363636363636118,0
6295-OSINB,3,3,2,72,61m+,1,Yes,1,5,8,109.65,7880.25,0.20208333333333428,0
3308-MHOOC,1,4,3,1,0-6m,1,No,1,0,1,19.2,19.2,0.0,0
2309-OSFEU,1,4,1,10,7-12m,0,No phone service,1,1,2,33.9,298.45,4.055,1
2207-QPJED,1,3,2,37,25-48m,1,No,0,3,5,90.0,3371.75,-1.1283783783783718,0
4177-JPDFU,1,4,1,12,7-12m,0,No phone service,0,2,3,34.0,442.45,-2.87083333333333,0
2239-CFOUJ,2,4,3,1,0-6m,1,No,0,0,1,20.4,20.4,0.0,0
8046-DNVTL,3,2,1,62,61m+,0,No phone service,1,3,4,38.6,2345.55,0.7685483870967715,0
2209-XADXF,1,1,1,1,0-6m,0,No phone service,0,0,1,25.25,25.25,0.0,0
6620-JDYNW,1,4,1,18,13-24m,1,Yes,1,2,5,60.6,1156.35,-3.6416666666666586,0
1891-FZYSA,1,3,2,69,61m+,1,Yes,1,2,5,89.95,6143.15,0.9188405797101495,1
4770-UEZOX,1,3,2,2,0-6m,1,No,1,1,3,74.75,144.8,2.3499999999999943,0
1038-RQOST,1,4,3,19,13-24m,1,No,0,0,1,20.6,414.95,-1.2394736842105232,0
7613-LLQFO,1,3,2,12,7-12m,1,Yes,1,1,4,84.45,1059.55,-3.8458333333333314,1
4568-TTZRT,1,4,3,9,7-12m,1,No,0,0,1,20.4,181.8,0.19999999999999574,0
9513-DXHDA,2,3,1,27,25-48m,1,No,0,5,7,81.7,2212.55,-0.24629629629629335,0
2640-PMGFL,1,3,2,27,25-48m,1,Yes,1,1,4,79.5,2180.55,-1.26111111111112,1
3801-HMYNL,1,4,2,1,0-6m,1,No,0,2,4,89.15,89.15,0.0,1
0516-QREYC,1,4,3,24,13-24m,1,No,1,0,1,20.3,459.95,1.1354166666666679,0
9685-WKZGT,1,3,2,14,13-24m,1,Yes,1,0,3,74.95,1036.75,0.8964285714285722,1
6022-UGGSO,1,3,2,32,25-48m,1,No,1,1,3,74.4,2276.95,3.2453125000000114,1
8084-OIVBS,2,4,3,11,7-12m,1,No,0,0,1,20.0,211.95,0.7318181818181841,0
8896-BQTTI,1,4,3,1,0-6m,1,Yes,1,0,2,25.0,25.0,0.0,0
3865-QBWSJ,1,4,2,38,25-48m,1,Yes,1,1,4,80.45,3162.65,-2.7776315789473642,0
3352-RICWQ,3,4,3,9,7-12m,1,No,0,0,1,19.75,210.65,-3.655555555555555,0
2160-GPFXD,3,2,1,54,49-60m,1,Yes,1,3,6,65.65,3566.7,-0.3999999999999915,0
2065-MMKGR,2,2,1,29,25-48m,1,Yes,1,2,5,71.0,2080.1,-0.7275862068965466,0
5857-TYBCJ,1,3,2,44,25-48m,1,Yes,1,2,5,89.2,4040.2,-2.6227272727272606,0
1498-NHTLT,3,3,1,59,49-60m,1,No,1,6,8,86.75,5186.0,-1.1483050847457577,0
4484-CGXFK,1,3,1,3,0-6m,1,No,1,1,3,55.3,196.15,-10.083333333333343,1
1402-PTHGN,2,4,1,18,13-24m,1,No,1,3,5,61.5,1087.45,1.0861111111111086,0
4176-RELJR,3,2,3,67,61m+,1,Yes,0,0,2,25.1,1672.15,0.14253731343283604,0
6214-EDAKZ,1,3,1,22,13-24m,1,No,0,2,4,55.15,1206.05,0.32954545454545325,1
5199-FPUSP,2,2,1,33,25-48m,0,No phone service,0,2,3,34.05,1113.95,0.2939393939393895,0
6377-KSLXC,1,4,3,5,0-6m,1,No,0,0,1,19.95,107.05,-1.4600000000000009,0
1796-JANOW,1,4,3,2,0-6m,1,No,0,0,1,19.95,38.15,0.875,0
0238-WHBIQ,3,2,1,72,61m+,1,Yes,0,6,9,89.7,6339.3,1.6541666666666686,0
8735-NBLWT,1,4,3,9,7-12m,1,No,0,0,1,20.4,184.1,-0.055555555555557135,0
6651-RLGGM,3,4,3,67,61m+,1,Yes,0,0,2,26.3,1688.9,1.0925373134328353,0
6127-ISGTU,1,3,2,16,13-24m,1,Yes,1,1,4,84.95,1378.25,-1.1906249999999972,1
1614-JBEBI,1,4,3,8,7-12m,1,No,1,0,1,20.7,137.6,3.5,0
8740-XLHDR,1,4,1,5,0-6m,0,No phone service,1,4,5,43.25,219.0,-0.5499999999999972,1
1208-DNHLN,2,2,1,23,13-24m,1,Yes,1,0,3,48.35,1067.15,1.9521739130434739,1
1761-AEZZR,1,3,2,1,0-6m,1,No,1,1,3,79.55,79.55,0.0,1
3923-CSIHK,1,3,2,50,49-60m,1,No,1,0,2,71.05,3444.85,2.153000000000006,1
5696-EXCYS,3,2,3,17,13-24m,1,No,0,0,1,19.45,369.05,-2.2588235294117673,0
5795-KTGUD,3,1,2,68,61m+,1,Yes,1,5,8,110.8,7553.6,-0.2823529411764838,0
7120-RFMVS,1,3,2,1,0-6m,1,Yes,0,1,4,84.5,84.5,0.0,1
7924-GJZFI,1,3,2,25,25-48m,1,No,1,0,2,69.3,1813.1,-3.2240000000000038,0
4702-HDRKD,2,1,1,67,61m+,0,No phone service,1,4,5,49.35,3321.35,-0.2223880597014869,0
8512-WIWYV,2,2,3,32,25-48m,1,No,0,0,1,20.35,707.5,-1.7593749999999986,0
5897-ZYEKH,2,3,2,67,61m+,1,Yes,1,4,7,105.6,7112.15,-0.5514925373134361,0
5456-ITGIC,3,2,1,72,61m+,0,No phone service,1,6,7,64.45,4641.1,-0.009722222222222854,0
7317-GGVPB,3,2,2,71,61m+,1,Yes,1,5,8,108.6,7690.9,0.277464788732388,1
1406-PUQVY,1,3,1,1,0-6m,1,No,1,1,3,49.9,49.9,0.0,0
1322-AGOQM,1,1,1,46,25-48m,0,No phone service,0,1,2,30.3,1380.1,0.2978260869565261,1
3677-IYRBF,1,3,1,2,0-6m,0,No phone service,1,1,2,30.4,78.65,-8.925000000000004,1
5692-FPTAH,1,4,1,1,0-6m,1,No,1,0,2,45.4,45.4,0.0,1
9114-AAFQH,2,3,1,48,25-48m,1,No,1,3,5,65.65,3094.65,1.1781250000000085,0
8715-KKTFG,2,1,2,61,61m+,1,Yes,1,4,7,103.3,6518.35,-3.5581967213114893,0
1550-LOAHA,1,1,2,32,25-48m,1,No,0,2,4,84.15,2585.95,3.3390625000000114,1
1728-BQDMA,1,3,1,2,0-6m,1,No,0,0,2,44.45,82.7,3.1000000000000014,0
0268-QKIWO,1,3,3,3,0-6m,1,No,0,0,1,19.75,58.85,0.13333333333333286,1
0876-WDUUZ,1,2,2,5,0-6m,1,No,1,2,4,85.4,425.9,0.22000000000001307,1
5117-ZSMHQ,3,1,1,71,61m+,1,Yes,0,6,9,89.9,6342.7,0.5661971830985948,0
5151-HQRDG,1,4,1,37,25-48m,1,Yes,1,1,4,55.05,2030.75,0.1648648648648603,0
0960-HUWBM,3,1,2,65,61m+,1,Yes,1,4,7,104.1,6700.05,1.0223076923076775,0
6465-GSRCL,2,1,2,67,61m+,1,Yes,1,4,7,106.6,7244.7,-1.5298507462686644,0
0617-FHSGK,1,2,2,49,49-60m,1,Yes,0,0,3,75.2,3678.3,0.13265306122448806,1
0263-FJTQO,3,2,1,50,49-60m,1,Yes,1,3,6,70.5,3486.65,0.7669999999999959,0
7319-ZNRTR,2,3,3,25,25-48m,1,No,0,0,1,19.6,411.15,3.1540000000000035,0
2858-MOFSQ,2,4,1,17,13-24m,1,Yes,1,1,4,55.85,937.5,0.7029411764705884,1
7503-EPSZW,3,4,3,64,61m+,1,Yes,1,0,2,24.05,1559.15,-0.3117187500000007,0
7089-XXAYG,2,2,1,25,25-48m,0,No phone service,1,2,3,38.1,970.4,-0.7160000000000011,0
8118-LSUEL,1,3,2,23,13-24m,1,Yes,1,4,7,106.4,2483.5,-1.578260869565213,1
8070-AAWZP,1,4,1,24,13-24m,0,No phone service,0,2,3,34.25,828.2,-0.25833333333333286,0
1666-JXLKU,1,3,2,37,25-48m,1,Yes,1,3,6,100.05,3810.55,-2.937837837837847,0
7855-DIWPO,1,3,2,21,13-24m,1,No,1,0,2,68.65,1493.2,-2.454761904761895,0
5133-POWUA,1,4,1,1,0-6m,1,No,1,0,2,45.8,45.8,0.0,0
5652-MSDEY,1,4,2,10,7-12m,1,Yes,1,0,3,75.75,777.3,-1.9799999999999898,0
7005-CCBKV,1,3,2,6,0-6m,1,No,1,2,4,84.4,556.35,-8.325000000000003,1
1810-BOHSY,2,2,2,51,49-60m,1,Yes,1,3,6,96.4,4911.05,0.1049019607843178,0
1784-BXEFA,1,4,3,10,7-12m,1,No,1,0,1,20.55,187.35,1.8150000000000013,0
7351-MHQVU,1,2,1,6,0-6m,0,No phone service,0,4,5,50.95,307.6,-0.31666666666667,0
9224-VTYID,3,4,1,47,25-48m,1,Yes,1,6,9,90.5,4318.35,-1.379787234042567,0
9500-IWPXQ,2,3,1,61,61m+,1,Yes,1,5,8,79.4,4820.55,0.37459016393442823,0
5762-TJXGK,3,1,1,52,49-60m,0,No phone service,1,5,6,58.75,3038.55,0.3163461538461476,0
4504-YOULA,1,2,1,35,25-48m,1,Yes,1,2,5,59.45,2136.9,-1.6042857142857159,0
5569-IDSEY,2,1,2,71,61m+,1,Yes,1,4,7,105.7,7472.15,0.4584507042253563,0
4250-FDVOU,1,3,1,6,0-6m,1,No,0,2,4,56.25,389.1,-8.600000000000009,1
7284-ZZLOH,3,2,1,45,25-48m,1,No,0,2,4,53.3,2296.25,2.2722222222222186,0
5277-ZLOOR,1,3,2,2,0-6m,1,Yes,1,1,4,85.55,187.45,-8.174999999999997,1
2141-RRYGO,1,1,1,4,0-6m,1,No,1,3,5,68.65,261.25,3.3375000000000057,1
1777-JYQPJ,1,4,1,2,0-6m,0,No phone service,0,0,1,24.3,38.45,5.074999999999999,0
6376-GAHQE,1,3,2,4,0-6m,1,No,0,1,3,77.85,299.2,3.049999999999997,1
3401-URHDA,2,2,1,51,49-60m,1,Yes,0,2,5,59.9,3043.6,0.22156862745097783,0
1599-EAHXY,2,2,3,60,49-60m,1,Yes,0,0,2,23.95,1506.4,-1.1566666666666698,0
8631-XVRZL,2,4,3,9,7-12m,1,No,1,0,1,20.15,163.7,1.9611111111111121,0
5052-PNLOS,1,1,2,3,0-6m,1,Yes,1,4,7,105.35,323.25,-2.4000000000000057,1
3853-LYGAM,1,1,2,17,13-24m,1,Yes,1,3,6,95.65,1640.0,-0.8205882352941103,0
6979-ZNSFF,1,3,2,8,7-12m,1,Yes,1,1,4,87.05,762.1,-8.212500000000006,1
5751-USDBL,3,4,1,46,25-48m,1,No,0,5,7,81.0,3846.35,-2.6163043478260875,0
5680-LQOGP,3,2,1,68,61m+,1,No,1,6,8,82.45,5646.6,-0.5882352941176521,0
2386-LAHRK,1,4,1,1,0-6m,1,No,1,1,3,53.5,53.5,0.0,1
8189-DUKMV,2,1,3,4,0-6m,1,No,0,0,1,20.5,79.05,0.7375000000000007,0
6032-IGALN,1,4,1,1,0-6m,0,No phone service,1,0,1,25.1,25.1,0.0,1
9931-DCEZH,2,2,1,28,25-48m,1,No,1,2,4,54.4,1516.6,0.23571428571428754,0
1898-JSNDC,2,2,1,39,25-48m,1,No,1,2,4,58.6,2224.5,1.5615384615384613,0
0315-LVCRK,1,3,2,11,7-12m,1,No,0,2,4,84.8,888.75,4.00454545454545,0
3911-RSNHI,3,2,1,71,61m+,0,No phone service,1,5,6,61.4,4310.35,0.690845070422526,0
2410-CIYFZ,1,4,3,2,0-6m,1,No,0,0,1,20.4,42.9,-1.0500000000000007,0
4248-HCETZ,1,4,2,30,25-48m,1,No,1,2,4,79.65,2365.15,0.8116666666666674,1
5505-OVWQW,2,4,3,17,13-24m,1,No,0,0,1,20.15,353.65,-0.6529411764705877,0
7271-AJDTL,1,2,2,55,49-60m,1,Yes,1,3,6,94.45,5073.1,2.211818181818174,0
1867-TJHTS,1,1,2,58,49-60m,1,Yes,1,1,4,79.8,4526.85,1.7508620689655032,0
0516-WJVXC,1,3,1,5,0-6m,1,No,0,2,4,54.2,308.25,-7.449999999999996,1
9174-FKWZE,1,3,3,1,0-6m,1,No,1,0,1,19.45,19.45,0.0,1
6860-YRJZP,1,3,2,9,7-12m,1,Yes,1,0,3,74.05,678.45,-1.3333333333333428,0
4429-WYGFR,1,1,1,26,25-48m,1,No,0,1,3,49.15,1237.3,1.5615384615384613,0
2817-LVCPP,3,2,3,50,49-60m,1,No,0,0,1,19.4,1023.95,-1.0790000000000006,0
5038-ETMLM,3,1,2,72,61m+,1,Yes,1,6,9,113.65,8182.75,0.0006944444444485498,0
5056-FIMPT,2,2,2,43,25-48m,1,No,1,5,7,106.0,4532.3,0.5976744186046403,0
4521-WFJAI,3,1,3,56,49-60m,1,Yes,1,0,2,25.95,1444.05,0.16339285714285623,0
6569-KTMDU,1,4,3,1,0-6m,1,No,0,0,1,19.1,19.1,0.0,0
8809-RIHDD,3,3,2,72,61m+,1,Yes,1,4,7,103.4,7372.65,1.0020833333333456,1
8809-XKHMD,3,1,2,72,61m+,1,Yes,1,4,7,100.55,7325.1,-1.1875000000000142,0
0396-YCHWO,1,3,2,36,25-48m,1,Yes,1,2,5,95.4,3474.2,-1.10555555555554,0
0867-LDTTC,1,1,1,5,0-6m,1,No,0,4,6,75.15,392.65,-3.3799999999999955,0
4822-NGOCH,1,3,2,13,13-24m,1,Yes,1,2,5,84.45,1058.6,3.0192307692307736,1
9391-DXGGG,2,2,2,44,25-48m,1,No,0,3,5,89.15,3990.75,-1.5488636363636346,0
9844-FELAJ,2,3,2,70,61m+,1,Yes,1,5,8,107.9,7475.85,1.1021428571428515,0
2122-SZZZD,2,2,3,44,25-48m,1,No,0,0,1,19.5,835.5,0.5113636363636367,0
5307-DZCVC,1,2,2,32,25-48m,1,Yes,1,1,4,85.95,2628.6,3.8062500000000057,1
3148-AOIQT,3,2,3,69,61m+,1,Yes,1,0,2,24.95,1718.35,0.046376811594203815,0
8679-JOEVF,1,3,1,16,13-24m,1,No,0,2,4,59.4,1023.9,-4.59375,1
8395-ETZKQ,2,1,3,68,61m+,1,No,0,0,1,19.5,1193.55,1.9477941176470601,0
6692-YQHXC,1,2,2,16,13-24m,1,No,1,0,2,69.95,1205.5,-5.393749999999997,0
3889-VWBID,3,1,1,68,61m+,1,No,0,5,7,82.85,5776.45,-2.097794117647055,0
5222-JCXZT,1,4,3,4,0-6m,1,No,0,0,1,19.0,78.9,-0.7250000000000014,0
9754-CLVZW,1,2,1,26,25-48m,0,No phone service,0,3,4,38.85,1025.15,-0.5788461538461576,0
1432-FPAXX,1,3,1,29,25-48m,0,No phone service,1,1,2,30.6,856.35,1.0706896551724157,1
2739-CCZMB,1,2,3,5,0-6m,1,No,0,0,1,20.35,122.0,-4.049999999999997,0
7080-TNUWP,2,1,2,70,61m+,1,Yes,1,3,6,95.0,6602.9,0.6728571428571541,0
0496-AHOOK,2,1,1,24,13-24m,1,No,0,4,6,74.4,1712.9,3.0291666666666686,0
8336-TAVKX,3,1,1,72,61m+,1,Yes,0,5,8,78.45,5682.25,-0.4701388888888829,0
2468-SJFLM,1,4,2,1,0-6m,1,No,1,1,3,74.3,74.3,0.0,0
3181-VTHOE,2,1,1,70,61m+,0,No phone service,1,4,5,51.05,3635.15,-0.8807142857142907,0
7168-HDQHG,1,1,3,36,25-48m,1,No,0,0,1,19.2,702.9,-0.3249999999999993,0
4803-AXVYP,1,3,2,38,25-48m,1,Yes,1,3,6,99.55,3734.25,1.280263157894737,1
3884-HCSWG,1,3,2,17,13-24m,1,No,1,0,2,70.0,1144.5,2.67647058823529,1
4567-AKPIA,2,1,2,41,25-48m,1,Yes,1,5,8,109.1,4454.25,0.4597560975609696,0
5077-DXTCG,1,3,1,1,0-6m,1,No,1,0,2,45.3,45.3,0.0,1
1142-WACZW,1,1,1,2,0-6m,0,No phone service,0,1,2,29.85,75.6,-7.949999999999996,1
7901-HXJVA,1,3,2,14,13-24m,1,No,0,1,3,76.45,1117.55,-3.375,0
5649-ANRML,1,2,2,2,0-6m,1,No,1,4,6,95.1,180.25,4.974999999999994,1
4892-VLANZ,1,4,3,1,0-6m,1,No,0,0,1,19.8,19.8,0.0,1
5924-IFQTT,1,3,1,13,13-24m,1,Yes,1,4,7,72.8,930.05,1.2576923076923094,0
7968-QUXNS,1,4,3,6,0-6m,1,No,0,0,1,18.95,110.15,0.591666666666665,0
2919-HBCJO,1,1,2,4,0-6m,1,No,1,1,3,76.65,333.6,-6.75,1
4236-XPXAV,1,4,2,5,0-6m,1,No,1,4,6,99.15,465.05,6.140000000000001,1
8903-WMRNW,1,3,2,15,13-24m,1,No,0,4,6,101.75,1669.4,-9.543333333333337,0
2452-SNHFZ,1,2,2,47,25-48m,1,No,0,1,3,75.45,3545.1,0.022340425531922392,0
3629-WEAAM,1,4,1,8,7-12m,1,No,0,3,5,64.1,504.05,1.093749999999993,0
6029-CSMJE,1,4,1,17,13-24m,0,No phone service,1,0,1,25.65,440.2,-0.24411764705882533,0
7993-NQLJE,1,4,2,15,13-24m,1,No,0,1,3,75.1,1151.55,-1.6700000000000017,0
9909-DFRJA,2,1,2,26,25-48m,1,No,1,4,6,95.85,2475.35,0.6442307692307736,0
9099-FTUHS,1,3,1,23,13-24m,1,Yes,0,1,4,54.4,1249.25,0.08478260869564735,0
0581-BXBUB,1,3,2,4,0-6m,1,No,0,1,3,72.75,317.75,-6.6875,0
4962-CHQPW,2,4,3,29,25-48m,1,No,0,0,1,19.85,535.05,1.4000000000000021,0
9467-ROOLM,1,4,3,25,25-48m,1,No,0,0,1,19.05,461.3,0.597999999999999,0
3030-YZADT,1,4,1,9,7-12m,1,No,0,0,2,44.95,431.0,-2.938888888888883,1
7410-KTVFV,1,4,1,18,13-24m,1,No,1,1,3,49.55,878.35,0.7527777777777729,1
5150-ITWWB,1,3,2,3,0-6m,1,Yes,1,2,5,94.85,335.75,-17.066666666666677,0
2253-KPMNB,3,1,1,69,61m+,0,No phone service,0,4,5,46.25,3121.4,1.0123188405797094,0
1345-ZUKID,2,4,3,14,13-24m,1,No,0,0,1,19.35,324.8,-3.849999999999998,0
6429-SHBCB,1,4,1,19,13-24m,1,Yes,0,2,5,69.6,1394.55,-3.7973684210526386,0
9281-OFDMF,1,3,2,39,25-48m,1,Yes,0,2,5,90.7,3413.25,3.1807692307692292,0
2603-HVKCG,1,3,2,31,25-48m,1,No,1,4,6,101.4,3143.65,-0.008064516129024923,0
1834-WULEG,2,4,3,24,13-24m,1,No,0,0,1,20.25,439.75,1.9270833333333321,0
9097-ZUBYC,1,1,1,14,13-24m,1,No,0,1,3,48.8,664.4,1.3428571428571416,0
5148-ORICT,3,4,1,64,61m+,1,No,1,5,7,74.35,4759.55,-0.017968750000008527,0
4893-GYUJU,2,4,3,50,49-60m,1,No,1,0,1,19.35,1033.0,-1.3099999999999987,0
4578-PHJYZ,2,3,1,52,49-60m,1,No,1,4,6,68.75,3482.85,1.7721153846153896,0
7272-QDCKA,2,3,2,28,25-48m,1,Yes,0,3,6,100.2,2688.45,4.183928571428581,0
8908-SLFCJ,3,2,3,21,13-24m,1,No,1,0,1,20.85,435.25,0.12380952380952692,0
8393-DLHGA,1,3,2,25,25-48m,1,No,1,3,5,95.9,2448.75,-2.049999999999997,1
9766-HGEDE,2,4,3,17,13-24m,1,No,0,0,1,19.35,307.0,1.291176470588237,0
6968-MHOMU,2,2,1,58,49-60m,0,No phone service,1,2,3,45.0,2689.35,-1.3681034482758605,0
7395-IGJOS,1,1,2,17,13-24m,1,No,0,1,3,81.5,1329.2,3.3117647058823536,1
5044-XDPYX,3,4,3,51,49-60m,1,Yes,0,0,2,25.5,1281.25,0.3774509803921582,0
1814-WFGVS,3,4,1,72,61m+,0,No phone service,0,4,5,48.9,3527.0,-0.08611111111111569,0
2834-SPCJV,1,3,2,52,49-60m,1,No,0,2,4,84.1,4348.65,0.4721153846153925,1
3721-WKIIL,3,4,3,27,25-48m,1,No,1,0,1,19.6,561.15,-1.18333333333333,0
6734-CKRSM,1,4,3,3,0-6m,1,No,0,0,1,20.0,63.6,-1.1999999999999993,0
1265-ZFOSD,3,4,1,64,61m+,1,Yes,1,5,8,81.3,5129.3,1.1546874999999943,0
6568-POCUI,3,2,2,45,25-48m,1,No,1,3,5,95.2,4285.8,-0.04000000000000625,0
7890-VYYWG,1,4,1,3,0-6m,0,No phone service,1,1,2,36.45,93.7,5.216666666666669,1
5197-LQXXH,3,2,1,71,61m+,1,Yes,1,5,8,83.3,5894.5,0.2788732394366207,0
9907-SWKKF,1,4,1,1,0-6m,0,No phone service,0,0,1,25.05,25.05,0.0,1
3457-PQBYH,3,2,3,58,49-60m,1,No,0,0,1,20.3,1160.75,0.2870689655172427,0
7682-AZNDK,1,3,2,34,25-48m,1,No,1,3,5,89.85,3091.75,-1.0838235294117737,0
0587-DMGBH,1,3,1,8,7-12m,1,No,1,1,3,49.85,365.55,4.15625,1
5384-ZTTWP,1,4,3,15,13-24m,1,No,0,0,1,19.8,272.95,1.6033333333333353,0
3745-HRPHI,3,1,1,66,61m+,0,No phone service,0,4,5,54.65,3632.0,-0.3803030303030326,0
7636-OWBPG,1,2,1,12,7-12m,0,No phone service,1,1,2,29.35,381.2,-2.4166666666666643,0
1231-YNDEK,3,1,3,58,49-60m,1,No,1,0,1,19.15,1035.5,1.296551724137931,0
1407-DIGZV,3,4,3,3,0-6m,1,No,0,0,1,19.1,52.0,1.7666666666666693,0
6397-JNZZG,1,2,1,43,25-48m,0,No phone service,0,4,5,55.55,2342.2,1.0802325581395351,1
0570-BFQHT,1,3,2,9,7-12m,1,No,0,2,4,80.55,653.9,7.894444444444446,0
4393-OBCRR,2,4,3,3,0-6m,1,No,0,0,1,20.25,71.2,-3.4833333333333343,0
3523-QRQLL,2,1,1,22,13-24m,1,No,1,3,5,69.5,1498.2,1.3999999999999915,1
8564-LDKFL,2,1,2,40,25-48m,1,Yes,1,4,7,106.0,4178.65,1.533750000000012,0
3696-DFHHB,3,1,3,68,61m+,1,Yes,0,0,2,25.5,1821.8,-1.2911764705882334,0
0895-DQHEW,1,3,2,54,49-60m,1,Yes,1,4,7,104.3,5278.15,6.556481481481484,1
4717-GHADL,3,4,1,50,49-60m,1,Yes,1,4,7,79.6,4024.2,-0.8840000000000003,0
5501-TVMGM,1,3,1,1,0-6m,1,No,1,1,3,55.25,55.25,0.0,0
5879-HMFFH,3,1,1,72,61m+,1,Yes,0,6,9,88.05,6520.8,-2.5166666666666657,0
6772-WFQRD,2,1,3,40,25-48m,1,No,1,0,1,20.4,854.9,-0.9725000000000001,0
3810-DVDQQ,3,1,2,72,61m+,1,Yes,1,6,9,117.6,8308.9,2.1986111111111057,0
6972-SNKKW,1,4,3,6,0-6m,1,No,0,0,1,20.0,109.2,1.8000000000000007,0
3694-GLTJM,1,2,3,5,0-6m,1,No,1,0,1,19.65,92.05,1.2399999999999984,0
8550-XSXUQ,2,2,1,48,25-48m,1,Yes,1,3,6,70.55,3420.5,-0.7104166666666742,0
8149-RSOUN,1,3,2,1,0-6m,1,Yes,1,2,5,93.85,93.85,0.0,1
9055-MOJJJ,2,4,1,64,61m+,1,No,0,3,5,65.8,4068.0,2.237499999999997,0
4359-INNWN,2,2,3,17,13-24m,1,No,0,0,1,20.05,337.9,0.17352941176470793,0
0585-EGDDA,1,3,2,40,25-48m,1,No,1,2,4,80.0,3168.75,0.78125,0
4032-RMHCI,2,2,1,41,25-48m,0,No phone service,0,2,3,35.4,1412.4,0.9512195121951166,0
0549-CYCQN,2,1,2,51,49-60m,1,Yes,1,1,4,79.6,3974.7,1.6647058823529335,0
3481-JHUZH,1,3,2,41,25-48m,1,Yes,1,1,4,80.25,3439.0,-3.628048780487802,0
7250-EQKIY,1,4,1,1,0-6m,1,No,0,1,3,50.45,50.45,0.0,1
3594-IVHJZ,1,4,3,2,0-6m,1,No,1,0,1,20.45,42.45,-0.7750000000000021,0
6869-FGJJC,2,2,2,68,61m+,1,No,0,2,4,79.6,5461.45,-0.7154411764705912,0
3896-ZVNET,3,4,3,24,13-24m,1,Yes,0,0,2,24.7,571.75,0.8770833333333314,0
8205-VSLRB,3,2,1,70,61m+,1,Yes,0,4,7,77.3,5498.2,-1.2457142857142856,0
5960-MVTUK,1,3,1,3,0-6m,0,No phone service,1,1,2,29.75,96.85,-2.5333333333333314,0
6817-WTYHE,1,1,1,2,0-6m,1,No,0,0,2,44.9,111.05,-10.625,0
3082-VQXNH,1,2,1,3,0-6m,0,No phone service,0,1,2,29.8,94.4,-1.6666666666666679,0
4013-UBXWQ,1,3,1,7,7-12m,1,Yes,1,3,6,74.65,521.1,0.20714285714285552,1
4931-TRZWN,1,3,1,13,13-24m,1,No,1,3,5,71.95,923.85,0.8846153846153868,0
0750-EKNGL,1,4,3,7,7-12m,1,No,0,0,1,20.75,141.1,0.5928571428571452,0
7669-LCRSD,1,4,1,12,7-12m,1,No,1,1,3,56.3,628.65,3.9125000000000014,0
3567-PQTSO,2,3,2,53,49-60m,1,Yes,1,4,7,105.25,5576.3,0.036792452830184175,0
5519-NPHVG,1,3,2,12,7-12m,1,Yes,1,2,5,94.2,1046.1,7.025000000000006,1
8043-PNYSD,3,4,3,63,61m+,1,No,0,0,1,19.55,1245.6,-0.22142857142856798,0
9938-EKRGF,1,4,1,15,13-24m,1,No,0,6,8,84.45,1287.85,-1.406666666666652,0
2703-AMTUL,2,4,1,36,25-48m,1,No,0,2,4,53.65,1939.35,-0.22083333333333144,0
0928-JMXNP,1,3,1,4,0-6m,0,No phone service,1,1,2,29.9,118.25,0.3374999999999986,0
8173-RXAYP,3,4,3,24,13-24m,1,No,0,0,1,19.7,452.55,0.84375,0
4825-XJGDM,2,2,1,61,61m+,0,No phone service,0,4,5,43.7,2696.55,-0.5057377049180332,0
5402-HTOTQ,1,3,1,16,13-24m,1,Yes,0,1,4,55.3,875.35,0.5906249999999957,0
6734-JDTTV,3,2,3,65,61m+,1,No,1,0,1,19.85,1267.05,0.3569230769230778,0
7850-THJMU,3,2,3,26,25-48m,1,No,0,0,1,19.65,494.9,0.6153846153846132,0
3890-RTCMS,1,4,1,16,13-24m,1,No,1,1,3,49.45,799.0,-0.48749999999999716,0
8849-GYOKR,2,1,2,54,49-60m,1,Yes,0,4,7,106.55,5763.3,-0.17777777777777715,1
3148-BLQJT,1,4,3,1,0-6m,1,No,0,0,1,20.1,20.1,0.0,1
3717-FDJFU,3,4,3,5,0-6m,1,No,0,0,1,20.45,106.9,-0.9300000000000033,0
3665-JATSN,1,3,1,19,13-24m,0,No phone service,1,2,3,39.7,710.05,2.328947368421055,0
7966-YOTQW,1,2,1,10,7-12m,1,Yes,1,1,4,54.5,568.2,-2.3200000000000074,0
0461-CVKMU,1,3,2,23,13-24m,1,No,0,3,5,83.8,1900.25,1.1804347826086996,1
8806-EAGWC,1,4,1,3,0-6m,1,No,0,1,3,55.15,159.15,2.0999999999999943,1
8853-TZDGH,3,1,2,72,61m+,1,Yes,1,5,8,111.6,8012.75,0.31180555555555145,0
7779-LGOVN,1,3,2,10,7-12m,1,Yes,1,1,4,86.65,856.65,0.9850000000000136,1
4324-BZCKL,1,4,1,10,7-12m,1,No,1,2,4,55.55,551.3,0.4200000000000017,0
6924-TDGMT,2,4,3,11,7-12m,1,No,1,0,1,20.55,184.95,3.736363636363638,0
9710-ZUSHQ,1,1,2,37,25-48m,1,Yes,1,4,7,106.75,4056.75,-2.8918918918918877,1
1536-YHDOE,2,4,1,17,13-24m,1,Yes,1,2,5,62.1,1096.65,-2.4088235294117695,0
8123-QBNAZ,1,2,2,36,25-48m,1,Yes,1,4,7,104.5,3684.95,2.140277777777783,0
3629-ZNKXA,1,3,2,17,13-24m,1,No,1,4,6,101.8,1752.45,-1.2852941176470694,0
4827-LTQRJ,2,2,2,66,61m+,1,Yes,1,5,8,110.6,7210.85,1.3446969696969546,0
7711-YIJWC,2,1,1,61,61m+,1,No,0,6,8,84.9,5264.5,-1.4032786885245798,0
5482-VXSXJ,1,4,2,22,13-24m,1,No,1,3,5,93.2,2157.3,-4.859090909090909,0
7365-BVCJH,1,3,1,1,0-6m,0,No phone service,1,0,1,24.4,24.4,0.0,0
9620-ENEJV,1,2,2,6,0-6m,1,No,0,0,2,70.55,433.95,-1.7750000000000057,0
4183-WCSEP,1,3,2,31,25-48m,1,No,1,2,4,78.45,2435.15,-0.1032258064516185,1
2378-YIZKA,3,2,1,68,61m+,1,No,1,6,8,85.0,5607.75,2.533088235294116,0
5498-TXHLF,1,3,2,34,25-48m,1,Yes,0,2,5,87.45,2874.15,2.9161764705882405,1
0689-DSXGL,1,1,2,52,49-60m,1,No,0,3,5,85.8,4433.3,0.5442307692307651,0
6818-DJXAA,1,3,2,10,7-12m,1,No,1,3,5,91.1,964.35,-5.335000000000008,0
9722-UJOJR,1,3,2,29,25-48m,1,No,1,0,2,70.75,1974.8,2.6534482758620754,1
0464-WJTKO,3,1,3,72,61m+,1,No,0,0,1,20.1,1460.85,-0.18958333333333144,0
8902-ZEOVF,2,4,3,47,25-48m,1,No,0,0,1,20.05,951.55,-0.1957446808510639,0
6778-EICRF,2,4,1,24,13-24m,1,Yes,0,3,6,74.8,1821.2,-1.0833333333333428,0
2662-NNTDK,2,2,3,65,61m+,1,Yes,0,0,2,24.8,1600.95,0.1700000000000017,0
4132-KALRO,1,4,2,4,0-6m,1,Yes,1,3,6,100.85,399.25,1.0374999999999943,0
3902-FOIGH,1,3,2,12,7-12m,1,Yes,1,3,6,101.35,1218.55,-0.19583333333333997,1
6772-KSATR,1,3,2,1,0-6m,1,Yes,1,1,4,81.7,81.7,0.0,1
7112-OPOTK,1,3,2,33,25-48m,1,No,0,0,2,68.25,2171.15,2.4575757575757535,1
2874-YXVVA,1,3,2,34,25-48m,1,No,1,5,7,105.1,3634.8,-1.8058823529411825,0
1245-HARPS,3,4,3,14,13-24m,1,No,0,0,1,20.4,292.4,-0.485714285714284,0
4210-QFJMF,1,3,2,4,0-6m,1,No,1,1,3,79.15,317.25,-0.16249999999999432,1
4323-ELYYB,2,4,3,13,13-24m,1,No,0,0,1,20.0,218.55,3.1884615384615387,0
4293-ETKAP,3,1,1,65,61m+,1,Yes,1,4,7,79.4,5071.9,1.3707692307692412,0
6064-PUPMC,2,2,1,23,13-24m,1,No,0,2,4,57.2,1423.35,-4.684782608695649,0
6504-VBLFL,3,3,1,55,49-60m,1,No,0,3,5,58.6,3068.6,2.807272727272732,0
6322-PJJDJ,3,3,2,49,49-60m,1,No,1,3,5,94.8,4690.65,-0.9275510204081598,0
0330-BGYZE,2,1,2,60,49-60m,1,Yes,0,4,7,102.5,6157.6,-0.12666666666667936,0
1085-LDWAM,2,2,3,69,61m+,1,No,1,0,1,20.35,1442.65,-0.5579710144927539,0
7586-ZATGZ,1,3,2,40,25-48m,1,Yes,1,1,4,84.9,3369.05,0.6737499999999983,0
7197-VOJMM,3,2,1,67,61m+,1,No,1,4,6,69.2,4671.65,-0.52611940298506,0
3318-OSATS,1,3,2,35,25-48m,1,Yes,1,2,5,95.45,3474.05,-3.808571428571426,1
5828-AVIPD,2,3,2,19,13-24m,1,Yes,1,3,6,100.95,1875.55,2.2368421052631646,1
1843-TLSGD,3,4,3,13,13-24m,1,No,0,0,1,20.85,272.35,-0.10000000000000142,0
9626-VFRGG,1,1,2,41,25-48m,1,Yes,1,2,5,88.5,3645.05,-0.4036585365853682,0
7075-BNDVQ,1,4,1,4,0-6m,0,No phone service,0,2,3,35.0,135.75,1.0625,0
9143-CANJF,1,3,1,24,13-24m,1,No,0,2,4,55.15,1319.85,0.15625,0
7284-BUYEC,1,2,1,5,0-6m,0,No phone service,1,3,4,50.95,229.4,5.07,0
2041-JIJCI,1,3,1,5,0-6m,1,Yes,1,2,5,64.0,370.25,-10.049999999999997,0
1086-LXKFY,1,4,2,1,0-6m,1,No,1,0,2,69.1,69.1,0.0,1
4900-MSOMT,3,1,1,72,61m+,1,Yes,0,5,8,80.2,5714.2,0.8361111111111228,0
2229-VWQJH,1,2,1,24,13-24m,1,No,1,1,3,49.3,1233.25,-2.085416666666667,0
9194-GFVOI,3,2,1,42,25-48m,1,Yes,0,5,8,84.35,3571.6,-0.6880952380952436,0
1336-EZFZY,1,4,3,4,0-6m,1,No,0,0,1,20.05,83.3,-0.7749999999999986,0
4282-MSACW,2,2,2,68,61m+,1,Yes,1,6,9,117.2,8035.95,-0.9757352941176407,0
1403-LKLIK,2,4,3,33,25-48m,1,No,0,0,1,20.1,579.4,2.542424242424243,0
2636-ALXXZ,1,3,2,1,0-6m,1,No,1,0,2,69.6,69.6,0.0,1
7774-OJSXI,2,3,2,31,25-48m,1,Yes,1,4,7,103.45,3066.45,4.532258064516142,1
7786-WBJYI,1,1,2,4,0-6m,1,Yes,0,1,4,77.95,305.55,1.5625,1
0136-IFMYD,3,3,2,69,61m+,1,Yes,1,5,8,109.95,7634.25,-0.6913043478260903,0
5144-TVGLP,1,3,2,38,25-48m,1,Yes,0,2,5,94.75,3653.0,-1.3815789473684248,0
9643-AVVWI,1,3,2,3,0-6m,1,No,1,2,4,80.0,241.3,-0.4333333333333371,0
0253-ZTEOB,3,3,1,48,25-48m,1,Yes,0,4,7,79.65,3870.3,-0.9812500000000028,0
2706-QZIHY,3,4,3,15,13-24m,1,Yes,0,0,2,25.2,387.9,-0.6600000000000001,0
6061-PQHMK,2,2,3,25,25-48m,1,No,0,0,1,19.9,527.5,-1.2000000000000028,0
9885-CSMWE,1,3,2,1,0-6m,1,No,0,1,3,78.45,78.45,0.0,1
6137-MFAJN,1,3,1,48,25-48m,0,No phone service,1,3,4,44.8,2104.55,0.9552083333333243,0
9122-UMROB,1,4,3,1,0-6m,1,No,0,0,1,20.3,20.3,0.0,0
4232-JGKIY,1,3,3,1,0-6m,1,No,0,0,1,19.2,19.2,0.0,0
2402-TAIRZ,2,3,2,37,25-48m,1,No,0,2,4,80.05,3019.1,-1.5472972972972912,0
9659-ZTWSM,2,1,2,66,61m+,1,Yes,1,5,8,107.35,7051.95,0.5022727272727252,0
9139-TWBAS,2,1,1,26,25-48m,0,No phone service,0,4,5,47.85,1190.5,2.0615384615384613,0
6685-GBWJZ,2,2,1,63,61m+,1,No,0,4,6,70.8,4448.8,0.18412698412697637,0
5016-ETTFF,1,4,1,10,7-12m,0,No phone service,0,1,2,29.5,255.25,3.9750000000000014,1
3866-MDTUB,1,3,1,2,0-6m,1,No,1,3,5,70.75,146.9,-2.700000000000003,1
2195-VVRJF,1,2,1,18,13-24m,1,No,1,2,4,59.1,1011.05,2.930555555555557,0
3913-RDSJZ,3,4,3,64,61m+,1,Yes,0,0,2,25.55,1714.95,-1.24609375,0
8058-JMEQO,1,3,2,9,7-12m,1,Yes,1,1,4,84.45,762.5,-0.2722222222222257,1
4203-QGNZA,1,4,3,28,25-48m,1,No,0,0,1,20.25,535.35,1.130357142857143,0
5043-TRZWM,1,3,2,1,0-6m,1,No,0,1,3,75.55,75.55,0.0,0
0697-ZMSWS,1,3,2,4,0-6m,1,Yes,1,1,4,85.65,338.9,0.9250000000000114,1
7657-DYEPJ,2,2,1,38,25-48m,1,No,1,4,6,70.15,2497.35,4.430263157894743,1
9494-BDNNC,2,3,2,66,61m+,1,Yes,0,3,6,95.3,6273.4,0.24848484848484986,0
1640-PLFMP,1,3,2,1,0-6m,1,No,1,0,2,70.25,70.25,0.0,0
5366-OBVMR,1,4,1,18,13-24m,1,No,1,1,3,50.3,908.75,-0.1861111111111171,0
8276-MQBYC,1,3,2,51,49-60m,1,Yes,1,3,6,97.8,4913.3,1.4607843137254832,1
7644-OMVMY,3,4,3,0,0-6m,1,No,0,0,1,19.85,0.0,0.0,0
7593-XFKDI,1,4,1,1,0-6m,1,No,0,0,2,46.3,46.3,0.0,1
4573-JKNAE,3,1,3,12,7-12m,1,No,0,0,1,19.35,212.3,1.658333333333335,0
0337-CNPZE,1,3,2,41,25-48m,1,Yes,1,4,7,106.3,4443.45,-2.076829268292684,1
9817-APLHW,1,3,3,12,7-12m,1,Yes,0,0,2,25.0,316.2,-1.3499999999999979,0
8380-MQINP,3,4,3,55,49-60m,1,No,0,0,1,20.3,1079.05,0.6809090909090934,0
0840-DFEZH,1,3,2,7,7-12m,1,Yes,1,0,3,75.35,564.65,-5.314285714285717,0
1513-XNPPH,1,3,2,12,7-12m,1,No,1,3,5,89.4,1095.65,-1.9041666666666686,1
8690-ZVLCL,3,2,1,68,61m+,1,Yes,0,6,9,88.0,6161.9,-2.616176470588229,0
6015-VVHHE,1,2,2,5,0-6m,1,Yes,1,1,4,83.15,446.05,-6.060000000000002,1
1125-SNVCK,1,4,1,49,49-60m,1,No,0,0,2,43.8,2106.05,0.819387755102035,0
0384-LPITE,2,2,1,40,25-48m,0,No phone service,0,5,6,62.05,2511.55,-0.7387500000000102,0
4616-EWBNJ,2,1,3,16,13-24m,1,No,0,0,1,20.1,318.6,0.1875,0
6347-DCUIK,1,4,2,10,7-12m,1,Yes,1,0,3,74.15,811.8,-7.029999999999987,1
1335-HQMKX,2,3,2,72,61m+,1,Yes,1,4,7,101.35,7323.15,-0.3604166666666657,0
2545-EBUPK,1,3,2,2,0-6m,1,Yes,1,1,4,84.05,186.05,-8.975000000000009,0
6923-AQONU,3,4,3,23,13-24m,1,No,0,0,1,20.9,454.0,1.1608695652173893,0
2172-EJXVF,2,3,2,71,61m+,1,Yes,1,4,7,105.9,7521.95,-0.04295774647886219,0
0897-FEGMU,1,3,2,11,7-12m,1,Yes,1,3,6,99.5,1056.95,3.413636363636357,1
7663-RGWBC,1,4,1,1,0-6m,1,No,1,0,2,44.15,44.15,0.0,1
1120-BMWUB,1,4,1,16,13-24m,1,No,1,2,4,53.9,834.15,1.765625,1
9124-LHCJQ,1,4,2,1,0-6m,1,Yes,1,1,4,85.45,85.45,0.0,1
4536-PLEQY,1,2,2,12,7-12m,1,No,1,2,4,85.05,999.8,1.7333333333333343,0
7029-IJEJK,2,1,1,54,49-60m,0,No phone service,0,3,4,44.1,2369.7,0.21666666666666856,0
8871-JLMHM,3,2,2,68,61m+,1,Yes,0,3,6,90.2,6297.65,-2.4124999999999943,0
2235-ZGKPT,1,4,1,4,0-6m,1,Yes,0,0,3,50.85,239.55,-9.037500000000001,1
3891-PUQOD,1,3,1,1,0-6m,1,No,0,2,4,59.2,59.2,0.0,1
5447-VYTKW,1,4,1,27,25-48m,1,No,0,2,4,53.45,1461.45,-0.6777777777777771,0
3623-FQBOX,1,4,3,21,13-24m,1,No,1,0,1,19.95,416.4,0.12142857142857011,0
0689-NKYLF,1,3,2,13,13-24m,1,No,1,2,4,83.2,1060.6,1.6153846153846274,1
8659-HDIYE,1,2,1,64,61m+,1,Yes,0,4,7,74.65,4869.35,-1.43359375,0
3658-KIBGF,1,3,1,1,0-6m,1,No,1,2,4,54.9,54.9,0.0,1
3474-BAFSJ,3,1,1,57,49-60m,0,No phone service,1,5,6,57.5,3265.95,0.2026315789473685,0
5519-YLDGW,1,3,2,21,13-24m,1,Yes,1,4,7,103.9,2254.2,-3.4428571428571217,1
3865-ZFZIB,3,4,3,19,13-24m,1,No,0,0,1,19.65,358.15,0.8000000000000007,0
1855-AGAWH,2,3,2,31,25-48m,1,No,1,3,5,93.8,2939.8,-1.0322580645161423,0
7109-CQYUZ,3,4,1,52,49-60m,1,Yes,1,6,9,89.25,4652.4,-0.21923076923076223,0
1370-GGAWX,2,3,2,46,25-48m,1,Yes,1,3,6,94.15,4408.45,-1.6858695652173878,0
4680-KUTAJ,1,3,1,11,7-12m,1,Yes,1,1,4,55.6,580.8,2.8000000000000043,0
5307-UVGNB,1,1,1,53,49-60m,0,No phone service,1,4,5,48.7,2495.2,1.6207547169811392,0
4946-EDSEW,1,4,3,11,7-12m,1,No,1,0,1,19.25,180.3,2.8590909090909093,1
2883-ILGWO,1,1,2,57,49-60m,1,Yes,1,4,7,104.9,5913.95,1.1464912280701895,0
2516-VQRRV,1,4,2,2,0-6m,1,Yes,1,0,3,75.45,158.4,-3.75,1
7580-UGXNC,1,4,1,2,0-6m,1,No,0,2,4,54.85,104.2,2.75,1
3642-BYHDO,3,1,3,71,61m+,1,No,0,0,1,19.9,1389.35,0.331690140845069,0
9629-NHXFW,1,4,3,1,0-6m,1,No,1,0,1,19.4,19.4,0.0,0
2696-RZVZW,3,2,3,68,61m+,1,Yes,0,0,2,25.05,1629.2,1.091176470588234,0
5766-FTRTS,3,4,1,72,61m+,1,No,0,6,8,84.45,6033.1,0.6569444444444485,0
0396-HUJBP,1,4,3,2,0-6m,1,No,0,0,1,19.3,44.4,-2.8999999999999986,0
5178-LMXOP,1,3,2,1,0-6m,1,Yes,1,2,5,95.1,95.1,0.0,1
8879-ZKJOF,2,1,1,41,25-48m,1,No,1,5,7,79.85,3320.75,-1.1439024390244015,0
6285-FTQBF,3,2,3,72,61m+,1,Yes,0,0,2,25.55,1867.7,-0.3902777777777793,0
8185-UPYBR,1,3,2,6,0-6m,1,Yes,1,0,3,75.5,438.0,2.5,1
4585-HETAI,1,3,2,4,0-6m,1,No,1,1,3,73.75,325.45,-7.612499999999997,1
7526-BEZQB,1,3,2,12,7-12m,1,Yes,1,2,5,96.05,1148.1,0.375,1
1474-JUWSM,2,3,1,58,49-60m,1,Yes,1,3,6,68.4,3972.25,-0.08706896551723275,0
3530-CRZSB,1,4,3,7,7-12m,1,No,0,0,1,20.65,155.9,-1.6214285714285737,0
8498-XXGWA,1,4,1,65,61m+,1,No,1,2,4,55.15,3673.15,-1.3599999999999994,0
9617-INGJY,1,4,2,1,0-6m,1,No,1,0,2,70.6,70.6,0.0,0
0621-TSSMU,2,2,3,56,49-60m,1,No,0,0,1,19.95,1126.75,-0.170535714285716,0
7234-KMNRQ,1,4,3,4,0-6m,1,No,0,0,1,19.0,73.45,0.6374999999999993,0
7636-PEPNS,2,4,1,58,49-60m,1,No,1,0,2,44.1,2413.05,2.495689655172413,0
4683-WYDOU,3,1,2,62,61m+,1,Yes,1,4,7,107.6,6912.7,-3.8951612903225765,0
9052-DHNKM,2,3,1,26,25-48m,1,Yes,0,2,5,61.55,1581.95,0.7057692307692278,0
6794-HKIAJ,1,1,2,62,61m+,1,Yes,0,3,6,90.7,5586.45,0.5959677419354961,0
5578-NKCXI,2,2,2,58,49-60m,1,No,0,4,6,99.25,5846.65,-1.5543103448275843,0
1642-HMARX,3,3,1,68,61m+,1,Yes,1,6,9,91.7,6424.7,-2.780882352941177,0
3096-WPXBT,2,2,2,61,61m+,1,Yes,1,4,7,100.7,6018.65,2.0336065573770554,0
8434-PNQZX,3,2,1,42,25-48m,1,Yes,1,4,7,78.45,3373.4,-1.8690476190476204,0
5950-AAAGJ,1,1,2,18,13-24m,1,Yes,0,1,4,84.3,1537.9,-1.1388888888889,0
4299-OPXEJ,3,1,3,56,49-60m,1,No,1,0,1,19.55,1080.55,0.25446428571428825,0
4951-UKAAQ,1,3,2,4,0-6m,1,Yes,1,2,5,88.95,355.2,0.15000000000000568,1
9618-LFJRU,1,2,3,4,0-6m,1,No,0,0,1,20.45,82.85,-0.2624999999999993,0
6693-DJWTY,2,2,1,35,25-48m,1,No,0,2,4,55.6,2016.45,-2.0128571428571433,0
0744-GKNGE,1,1,2,64,61m+,1,Yes,1,2,5,86.8,5327.25,3.561718749999997,0
6447-EGDIV,2,4,3,31,25-48m,1,No,0,0,1,20.95,683.25,-1.0903225806451609,0
1167-OYZJF,3,1,3,67,61m+,1,No,1,0,1,20.05,1263.05,1.1985074626865675,0
2108-YKQTY,1,2,1,4,0-6m,1,No,0,1,3,50.7,151.3,12.875,1
4806-DXQCE,3,3,2,70,61m+,1,Yes,1,6,9,113.65,7714.65,3.440714285714293,0
4918-QLLIW,1,2,1,3,0-6m,1,No,0,1,3,53.4,188.7,-9.5,1
7056-IMHCC,1,3,2,53,49-60m,1,Yes,1,3,6,101.9,5549.4,-2.8056603773584783,1
4854-SSLTN,3,4,1,2,0-6m,1,No,0,3,5,59.5,130.5,-5.75,0
5294-DMSFH,1,2,2,29,25-48m,1,No,1,2,4,87.8,2621.75,-2.605172413793113,0
4837-PZTIC,3,4,1,47,25-48m,0,No phone service,0,3,4,41.9,1875.25,2.0010638297872347,0
1625-JAIIY,2,3,2,68,61m+,1,Yes,1,1,4,83.0,5685.8,-0.6147058823529505,1
0603-OLQDC,1,4,1,12,7-12m,1,No,1,3,5,69.85,837.5,0.05833333333332291,0
3272-VUHPV,1,1,1,8,7-12m,1,No,0,2,4,56.3,401.5,6.112499999999997,0
4176-FXYBO,1,3,2,54,49-60m,1,Yes,0,5,8,109.55,6118.95,-3.7638888888888857,0
1063-DHQJF,3,4,2,69,61m+,1,No,1,3,5,92.15,6480.9,-1.7760869565217234,0
8663-UPDGF,1,1,1,26,25-48m,1,Yes,1,3,6,69.5,1800.05,0.26730769230769624,0
6719-FGEDO,3,1,2,72,61m+,1,Yes,1,4,7,97.0,7104.2,-1.6694444444444372,0
1837-YQUCE,3,1,1,70,61m+,0,No phone service,1,5,6,58.35,4214.25,-1.8535714285714278,0
2947-DOMLJ,1,4,1,1,0-6m,1,No,0,1,3,50.6,50.6,0.0,1
4112-LUEIZ,1,3,2,10,7-12m,1,No,1,2,4,89.5,863.1,3.1899999999999977,1
0369-ZGOVK,2,1,2,28,25-48m,1,No,1,0,2,70.4,1992.2,-0.75,0
4510-HIMLV,1,3,2,1,0-6m,1,No,1,0,2,69.8,69.8,0.0,1
9919-KNPOO,1,3,2,21,13-24m,1,Yes,1,2,5,94.3,1948.35,1.5214285714285722,0
8749-JMNKX,1,1,2,51,49-60m,1,Yes,1,3,6,93.8,4750.95,0.6441176470588204,1
7872-BAAZR,2,1,3,53,49-60m,1,No,0,0,1,19.55,1007.9,0.5330188679245289,0
9391-LMANN,2,3,2,53,49-60m,1,No,0,4,6,95.95,5036.9,0.9141509433962369,0
2430-USGXP,1,3,2,24,13-24m,1,Yes,1,3,6,101.05,2391.8,1.3916666666666515,1
8174-TBVCF,3,2,1,70,61m+,1,Yes,1,6,9,94.8,6859.05,-3.1864285714285785,0
1698-XFZCI,2,3,2,61,61m+,1,Yes,1,5,8,107.75,6521.9,0.8336065573770526,0
1877-HKBQX,2,4,1,11,7-12m,1,No,1,2,4,54.6,617.85,-1.5681818181818201,0
4450-DLLMH,1,2,2,2,0-6m,1,No,1,0,2,71.3,157.75,-7.575000000000003,0
0428-AXXLJ,2,1,3,25,25-48m,1,No,1,0,1,19.5,516.3,-1.1519999999999975,0
2746-DIJLO,2,2,1,41,25-48m,1,Yes,1,1,4,56.3,2364.0,-1.3585365853658544,0
5955-ERIHD,1,3,2,18,13-24m,1,Yes,1,2,5,94.7,1687.95,0.9249999999999972,1
0917-EZOLA,3,1,2,72,61m+,1,Yes,1,4,7,104.15,7689.95,-2.654861111111103,1
3508-VLHCZ,3,2,1,71,61m+,1,Yes,1,6,9,90.55,6239.05,2.676056338028161,0
4086-ATNFV,2,4,1,34,25-48m,1,No,1,3,5,60.8,2042.05,0.7397058823529363,0
0468-YRPXN,1,2,2,29,25-48m,1,No,1,4,6,98.8,2807.1,2.0034482758620697,0
5996-NRVXR,2,2,2,40,25-48m,1,No,1,5,7,98.15,4116.8,-4.769999999999996,0
3739-YBWAB,2,4,1,36,25-48m,0,No phone service,0,2,3,35.35,1317.95,-1.2597222222222229,0
7047-FWEYA,2,3,2,46,25-48m,1,Yes,1,4,7,103.15,4594.65,3.2663043478261073,0
2000-MPKCA,2,3,2,58,49-60m,1,Yes,1,5,8,107.75,6332.75,-1.4353448275862064,0
9762-YAQAA,2,2,2,39,25-48m,1,Yes,0,1,4,81.4,3213.75,-1.0038461538461547,0
5949-EBSQK,1,2,1,4,0-6m,1,No,0,2,4,61.45,229.55,4.0625,1
5473-KHBPS,2,2,2,52,49-60m,1,Yes,1,3,6,95.7,4976.15,0.004807692307707612,0
0100-DUVFC,2,3,2,70,61m+,1,Yes,1,4,7,104.8,7308.95,0.3864285714285671,0
5397-TUPSH,2,1,2,65,61m+,1,No,1,0,2,70.95,4555.2,0.8700000000000045,0
8950-MTZNV,1,4,1,1,0-6m,1,No,1,0,2,44.95,44.95,0.0,0
0326-VDYXE,2,3,2,70,61m+,1,Yes,1,3,6,97.65,6982.5,-2.0999999999999943,0
6773-LQTVT,1,4,1,29,25-48m,0,No phone service,1,2,3,35.65,1025.15,0.29999999999999716,0
7274-RTAPZ,1,3,2,1,0-6m,1,No,1,2,4,90.55,90.55,0.0,1
0436-TWFFZ,3,4,1,67,61m+,1,Yes,1,5,8,85.25,5714.2,-0.036567164179103884,0
8566-YPRGL,1,4,3,1,0-6m,1,No,1,0,1,19.5,19.5,0.0,0
0311-UNPFF,1,1,2,26,25-48m,1,No,1,2,4,88.8,2274.35,1.3250000000000028,1
6609-MXJHJ,3,4,3,30,25-48m,1,Yes,1,0,2,25.1,789.55,-1.2183333333333302,0
2669-OIDSD,1,2,2,48,25-48m,1,No,1,4,6,100.05,4834.0,-0.6583333333333314,0
8400-WZICQ,1,3,1,55,49-60m,1,No,0,2,4,55.7,3131.8,-1.2418181818181822,0
3834-XUIFC,1,4,2,7,7-12m,1,Yes,1,1,4,85.2,602.55,-0.8785714285714192,1
9576-SYUHJ,1,3,2,37,25-48m,1,Yes,1,2,5,91.15,3369.25,0.08918918918919871,0
0410-IPFTY,1,1,2,31,25-48m,1,No,1,2,4,83.85,2674.15,-2.4129032258064598,0
2831-EBWRN,1,3,1,4,0-6m,1,No,1,0,2,45.9,199.75,-4.037500000000001,0
9430-NKQLY,3,2,3,72,61m+,1,Yes,1,0,2,25.1,1790.8,0.2277777777777814,0
8414-MYSHR,1,3,2,5,0-6m,1,No,1,2,4,91.4,449.75,1.4500000000000028,1
0247-SLUJI,1,4,3,1,0-6m,1,No,0,0,1,19.7,19.7,0.0,0
9402-ORRAH,1,3,2,15,13-24m,1,No,1,2,4,91.5,1400.3,-1.8533333333333246,0
6483-OATDN,1,2,1,8,7-12m,1,No,1,1,3,51.3,411.6,-0.15000000000000568,0
1293-HHSHJ,2,4,3,35,25-48m,1,No,0,0,1,21.1,741.0,-0.0714285714285694,0
4840-ORQXB,1,3,2,56,49-60m,1,Yes,0,4,7,104.75,5841.35,0.44017857142856087,0
7599-FKVXZ,1,1,2,42,25-48m,1,Yes,1,4,7,106.15,4512.7,-1.2952380952380906,1
3982-DQLUS,1,3,2,65,61m+,1,Yes,1,2,5,85.75,5688.45,-1.7646153846153823,0
8610-ZIKJJ,2,4,3,2,0-6m,1,No,0,0,1,20.3,31.9,4.350000000000001,0
3756-VNWDH,2,3,2,65,61m+,1,Yes,1,3,6,100.75,6674.65,-1.9369230769230654,0
7801-KICAO,1,3,2,18,13-24m,1,Yes,1,0,3,74.15,1345.75,-0.61388888888888,0
7673-LPRNY,2,3,1,23,13-24m,1,Yes,1,4,7,78.55,1843.05,-1.5826086956521692,0
8229-TNIQA,1,4,1,4,0-6m,1,No,1,0,2,45.3,196.95,-3.9375,1
6060-QBMGV,3,2,3,70,61m+,1,No,0,0,1,19.85,1433.8,-0.6328571428571408,0
7339-POGZN,1,3,1,4,0-6m,1,Yes,0,0,3,50.7,214.55,-2.9375,0
2828-SLQPF,1,1,1,19,13-24m,1,No,1,0,2,45.0,865.85,-0.5710526315789508,0
4465-VDKIQ,1,3,2,18,13-24m,1,No,0,2,4,77.8,1358.6,2.322222222222223,0
2921-XWDJH,1,3,2,38,25-48m,1,No,1,2,4,83.45,3147.15,0.6302631578947313,0
6221-AVQYL,1,2,2,2,0-6m,1,Yes,1,0,3,73.25,131.05,7.724999999999994,1
2558-BUOZZ,2,1,2,47,25-48m,1,Yes,0,3,6,94.8,4535.85,-1.7074468085106531,0
9257-AZMTZ,3,1,3,52,49-60m,1,No,0,0,1,20.1,1078.75,-0.6451923076923052,0
0003-MKNFE,1,4,1,9,7-12m,1,Yes,0,1,4,59.9,542.4,-0.36666666666666714,0
0975-UYDTX,2,2,1,26,25-48m,1,Yes,1,6,9,90.1,2312.55,1.1557692307692236,0
7743-EXURX,1,3,1,8,7-12m,1,No,1,1,3,51.05,415.05,-0.8312500000000043,1
4682-BLBUC,2,3,1,44,25-48m,1,No,1,4,6,70.95,3250.45,-2.9238636363636346,0
0975-VOOVL,1,4,1,3,0-6m,0,No phone service,0,1,2,29.2,98.5,-3.6333333333333364,0
5968-VXZLG,1,1,1,2,0-6m,1,No,1,0,2,46.6,87.9,2.6499999999999986,0
5569-KGJHX,1,1,2,9,7-12m,1,Yes,1,1,4,85.35,754.65,1.5,1
4988-IQIGL,1,3,2,1,0-6m,1,Yes,1,0,3,75.35,75.35,0.0,1
5201-FRKKS,1,1,2,25,25-48m,1,No,0,1,3,74.3,1952.25,-3.7900000000000063,0
9799-CAYJJ,1,3,2,2,0-6m,1,No,1,0,2,69.3,153.8,-7.6000000000000085,0
7730-IUTDZ,1,3,2,43,25-48m,1,No,1,1,3,75.2,3198.6,0.8139534883720927,1
0426-TIRNE,1,4,3,1,0-6m,1,No,0,0,1,20.9,20.9,0.0,1
5443-SCMKX,2,3,2,58,49-60m,1,Yes,1,3,6,94.3,5610.15,-2.426724137931032,0
8295-KMENE,3,4,1,59,49-60m,1,Yes,1,4,7,76.45,4519.5,-0.1516949152542395,0
6738-ISCBM,2,3,1,44,25-48m,0,No phone service,1,4,5,54.0,2440.25,-1.4602272727272734,0
9821-BESNZ,2,3,2,66,61m+,1,Yes,1,4,7,104.25,6860.6,0.3015151515151473,0
3678-MNGZX,3,1,3,68,61m+,1,No,0,0,1,19.95,1377.7,-0.31029411764706083,0
1335-NTIUC,1,3,1,9,7-12m,0,No phone service,1,0,1,24.95,190.25,3.81111111111111,0
2916-BQZLN,1,3,2,19,13-24m,1,Yes,1,2,5,84.75,1651.95,-2.1947368421052715,0
4558-CGYCZ,1,4,3,4,0-6m,1,No,0,0,1,19.75,78.3,0.1750000000000007,0
2368-GAKKQ,3,1,2,70,61m+,1,Yes,1,6,9,113.65,7939.25,0.2321428571428612,0
8710-YGLWG,1,4,1,1,0-6m,1,No,1,0,2,44.9,44.9,0.0,0
3199-XGZCY,1,3,2,8,7-12m,1,Yes,1,0,3,75.25,576.7,3.1624999999999943,0
3785-KTYSH,3,4,3,53,49-60m,1,Yes,0,0,2,24.6,1279.0,0.46792452830188935,0
6814-ZPWFQ,2,1,3,51,49-60m,1,Yes,0,0,2,25.0,1260.7,0.2803921568627459,0
4063-EIKNQ,1,1,3,11,7-12m,1,No,0,0,1,20.95,267.35,-3.354545454545459,0
6993-YCOBK,3,3,2,60,49-60m,1,Yes,1,5,8,110.6,6586.85,0.8191666666666606,0
5206-HPJKM,1,2,1,17,13-24m,1,No,1,2,4,55.5,934.15,0.5500000000000043,0
7587-RZNME,1,3,1,3,0-6m,1,No,1,0,2,43.3,123.65,2.0833333333333286,1
0748-RDGGM,2,1,2,70,61m+,1,No,1,6,8,109.5,7534.65,1.8621428571428567,1
8393-JMVMB,1,4,3,1,0-6m,1,No,0,0,1,19.45,19.45,0.0,0
5019-GQVCR,1,3,2,43,25-48m,1,Yes,1,1,4,84.85,3645.6,0.06860465116278647,0
6036-TTFYU,1,4,3,16,13-24m,1,No,0,0,1,19.6,314.45,-0.05312499999999787,0
2550-AEVRU,2,3,1,57,49-60m,1,No,0,2,4,53.45,3053.0,-0.11140350877192873,0
0969-RGKCU,2,2,3,37,25-48m,1,No,0,0,1,19.8,677.05,1.501351351351353,0
0378-CJKPV,3,2,2,72,61m+,1,Yes,0,6,9,112.1,7965.95,1.4618055555555571,0
4706-AXVKM,1,2,2,11,7-12m,1,Yes,1,1,4,84.8,906.85,2.3590909090909093,1
5889-JTMUL,1,3,2,50,49-60m,1,Yes,1,3,6,95.05,4888.7,-2.7240000000000038,1
9026-RNUJS,1,3,1,5,0-6m,1,No,0,1,3,50.35,237.25,2.8999999999999986,1
3746-EUBYR,1,1,2,1,0-6m,1,Yes,1,0,3,74.6,74.6,0.0,1
2332-EFBJY,1,4,3,16,13-24m,1,No,1,0,1,19.7,342.4,-1.6999999999999993,1
2880-FPNAE,1,3,2,2,0-6m,1,No,1,1,3,74.2,140.1,4.150000000000006,0
1703-MGIAB,1,4,1,17,13-24m,1,Yes,1,3,6,69.0,1108.0,3.82352941176471,0
4311-QTTAI,2,2,3,16,13-24m,1,No,0,0,1,19.35,295.55,0.8781250000000007,0
9474-PHLYD,1,3,1,15,13-24m,1,No,1,2,4,59.45,892.65,-0.05999999999999517,1
4318-RAJVY,2,4,3,10,7-12m,1,No,1,0,1,19.8,198.25,-0.02499999999999858,0
2165-VOEGB,2,1,2,46,25-48m,1,No,1,5,7,105.2,4822.85,0.35543478260869676,1
3612-YUNGG,3,2,2,64,61m+,1,Yes,1,5,8,109.2,6741.15,3.8695312500000085,0
2254-DLXRI,1,4,2,1,0-6m,1,Yes,1,1,4,79.15,79.15,0.0,0
5062-CJJKH,2,4,1,25,25-48m,1,No,0,2,4,53.65,1355.45,-0.568000000000005,0
9028-LIHRP,3,2,2,71,61m+,1,No,0,5,7,100.2,7209.0,-1.3352112676056294,0
2219-MVUSO,1,4,1,8,7-12m,1,No,1,0,2,45.15,438.4,-9.649999999999999,1
1053-MXTTK,3,1,2,72,61m+,1,No,1,6,8,108.65,7726.35,1.3395833333333371,0
1530-ZTDOZ,1,1,1,49,49-60m,0,No phone service,0,2,3,40.65,2070.75,-1.6102040816326522,0
1301-LOPVR,2,2,1,29,25-48m,0,No phone service,1,5,6,55.35,1636.95,-1.0965517241379317,0
0853-TWRVK,3,1,2,72,61m+,1,Yes,0,5,8,105.6,7581.5,0.30138888888888005,0
8914-RBTSB,1,3,2,31,25-48m,1,Yes,0,3,6,93.8,3019.5,-3.6032258064516185,1
6212-ATMLK,1,3,2,50,49-60m,1,Yes,1,2,5,95.7,4729.75,1.105000000000004,0
8200-LGKSR,3,3,1,71,61m+,1,Yes,0,5,8,83.2,6126.1,-3.0830985915493017,0
1568-BEKZM,3,2,1,70,61m+,1,Yes,0,6,9,90.05,6333.4,-0.4271428571428544,0
0670-ANMUU,2,2,2,71,61m+,1,Yes,0,3,6,97.65,6687.85,3.454929577464796,0
6897-RWMUB,3,1,1,61,61m+,1,No,1,4,6,68.05,4158.25,-0.11803278688525154,0
0963-ZBDRN,1,3,2,32,25-48m,1,No,1,3,5,96.2,3183.4,-3.28125,1
7594-RQHXR,1,3,2,1,0-6m,1,No,1,1,3,79.6,79.6,0.0,1
6999-CHVCF,3,1,2,68,61m+,1,Yes,1,4,7,102.1,7149.35,-3.0375000000000085,0
6134-KWTBV,3,1,3,62,61m+,1,Yes,0,0,2,23.4,1429.65,0.34112903225806335,0
1077-HUUJM,1,3,2,7,7-12m,1,No,1,0,2,71.05,472.65,3.528571428571425,0
6331-EWIEB,1,3,2,20,13-24m,1,Yes,1,1,4,85.25,1734.5,-1.4749999999999943,1
0895-LNKRC,2,4,3,6,0-6m,1,No,0,0,1,19.45,113.5,0.5333333333333314,0
2045-BMBTJ,1,1,1,33,25-48m,0,No phone service,1,5,6,59.45,1884.65,2.3393939393939363,0
8417-GSODA,2,1,2,28,25-48m,1,Yes,0,2,5,92.2,2568.15,0.4803571428571445,0
5171-EPLKN,3,2,3,27,25-48m,1,No,0,0,1,19.85,470.0,2.442592592592593,0
4452-QIIEB,1,4,1,7,7-12m,1,No,0,0,2,43.9,278.4,4.128571428571433,0
5998-VVEJY,1,3,2,26,25-48m,1,Yes,1,1,4,80.5,2088.8,0.16153846153845564,1
1624-NALOJ,1,3,2,5,0-6m,1,Yes,1,2,5,89.8,502.6,-10.720000000000013,1
6741-EGCBI,1,2,2,30,25-48m,1,Yes,1,2,5,90.5,2595.85,3.971666666666664,0
7820-ZYGNY,2,2,2,63,61m+,1,Yes,0,2,5,90.45,5825.5,-2.0182539682539584,0
4317-VTEOA,1,3,1,1,0-6m,1,No,1,1,3,50.75,50.75,0.0,1
9677-AVKED,2,3,1,53,49-60m,1,Yes,1,5,8,84.6,4449.75,0.6424528301886738,0
1670-SVOWZ,1,2,2,14,13-24m,1,No,1,3,5,89.65,1208.35,3.3392857142857224,1
2227-JRSJX,1,1,2,21,13-24m,1,No,1,4,6,99.15,1956.4,5.988095238095241,0
9847-HNVGP,2,4,3,17,13-24m,1,No,0,0,1,19.95,310.6,1.679411764705879,0
6696-YDAYZ,3,4,3,16,13-24m,1,No,0,0,1,20.5,290.55,2.3406249999999993,0
8980-WQFWL,1,3,1,35,25-48m,1,No,1,2,4,62.1,2096.1,2.211428571428577,0
1730-ZMAME,1,3,2,32,25-48m,1,No,1,1,3,79.5,2665.0,-3.78125,0
6506-EYCNH,1,1,3,28,25-48m,1,No,1,0,1,19.55,543.8,0.1285714285714299,0
4634-JLRJT,1,4,3,1,0-6m,1,No,1,0,1,20.35,20.35,0.0,0
9501-UKKNL,1,3,1,59,49-60m,0,No phone service,1,3,4,51.7,3005.8,0.7542372881355917,0
2560-QTSBS,2,1,3,72,61m+,1,Yes,1,0,2,23.3,1623.15,0.7562499999999979,0
7541-YLXCL,2,4,1,36,25-48m,1,No,1,3,5,65.4,2498.4,-4.0,1
4795-WRNVT,1,4,1,40,25-48m,1,No,0,3,5,65.1,2586.0,0.44999999999998863,0
6080-TCMYC,1,3,2,40,25-48m,1,Yes,1,1,4,81.2,3292.3,-1.1075000000000017,0
0260-ZDLGK,1,4,1,9,7-12m,1,No,1,4,6,72.9,651.4,0.5222222222222257,1
7860-UXCRM,3,2,1,63,61m+,1,No,0,5,7,74.5,4674.55,0.3007936507936506,0
6357-JJPQT,1,3,2,3,0-6m,1,No,1,1,3,80.5,232.35,3.049999999999997,0
2292-XQWSV,2,4,1,40,25-48m,0,No phone service,0,5,6,60.3,2448.5,-0.9125000000000014,0
9552-TGUZV,1,4,2,8,7-12m,1,No,1,1,3,75.0,658.1,-7.262500000000003,0
5913-INRQV,2,4,2,34,25-48m,1,No,0,3,5,90.15,3128.8,-1.8735294117647072,0
8722-NGNBH,1,4,1,5,0-6m,0,No phone service,0,3,4,40.0,223.45,-4.689999999999998,1
6210-KBBPI,1,2,2,9,7-12m,1,Yes,1,3,6,99.45,919.4,-2.7055555555555486,1
9643-YBLUR,1,2,1,9,7-12m,1,Yes,1,3,6,69.05,653.95,-3.6111111111111143,0
8734-FNWVH,1,1,1,31,25-48m,1,Yes,0,1,4,59.7,1825.5,0.8129032258064512,0
9447-YPTBX,2,1,3,50,49-60m,1,No,1,0,1,19.85,943.1,0.9879999999999995,0
0133-BMFZO,1,3,2,2,0-6m,1,No,1,3,5,86.25,181.65,-4.575000000000003,1
6128-CZOMY,1,3,1,1,0-6m,1,No,1,0,2,45.65,45.65,0.0,1
9540-JYROE,1,4,2,8,7-12m,1,No,1,0,2,70.1,551.35,1.1812499999999915,1
9026-LHEVG,1,3,1,9,7-12m,0,No phone service,0,2,3,40.75,359.4,0.81666666666667,0
2260-USTRB,1,1,2,2,0-6m,1,No,1,0,2,70.2,115.95,12.225000000000001,1
3656-TKRVZ,1,3,1,3,0-6m,1,No,0,2,4,55.35,165.2,0.28333333333333854,1
7011-CVEUC,1,2,2,25,25-48m,1,No,1,3,5,95.7,2338.35,2.166000000000011,0
6185-TASNN,1,3,1,1,0-6m,1,No,0,0,2,46.3,46.3,0.0,0
7925-PNRGI,1,4,1,45,25-48m,1,Yes,0,5,8,81.3,3541.1,2.6088888888888846,0
8623-TMRBY,1,3,2,51,49-60m,1,Yes,1,2,5,84.2,4146.05,2.904901960784315,1
1552-CZCLL,1,2,3,55,49-60m,1,No,0,0,1,20.0,1087.25,0.2318181818181806,0
3038-PQIUY,1,1,1,38,25-48m,1,Yes,1,3,6,66.15,2522.4,-0.22894736842104635,0
1501-SGHBW,1,4,1,2,0-6m,1,No,0,0,2,45.85,81.0,5.350000000000001,1
9313-CDOGY,1,3,3,38,25-48m,1,No,0,0,1,19.6,717.3,0.7236842105263186,0
8148-BPLZQ,1,3,1,34,25-48m,1,No,1,1,3,49.8,1734.2,-1.205882352941181,0
2623-DRYAM,2,3,2,70,61m+,1,Yes,1,3,6,101.75,7069.3,0.7599999999999909,0
9987-LUTYD,2,4,1,13,13-24m,1,No,0,2,4,55.15,742.9,-1.9961538461538453,0
3208-YPIOE,1,3,2,39,25-48m,1,Yes,0,0,3,75.25,3017.65,-2.1256410256410305,1
4488-KQFDT,2,3,2,61,61m+,1,Yes,1,4,7,103.95,6423.0,-1.345081967213119,0
2612-RANWT,1,1,2,12,7-12m,1,Yes,1,3,6,100.15,1164.3,3.125000000000014,1
5693-PIPCS,3,2,2,41,25-48m,1,No,1,4,6,99.65,4220.35,-3.285365853658533,0
0491-KAPQG,1,3,2,21,13-24m,1,Yes,1,0,3,73.7,1558.7,-0.5238095238095184,0
1925-LFCZZ,2,1,1,55,49-60m,0,No phone service,1,3,4,50.05,2743.45,0.16909090909091162,0
8039-EQPIM,3,1,1,69,61m+,0,No phone service,0,5,6,60.25,4055.5,1.4746376811594217,0
6900-PXRMS,1,3,2,26,25-48m,1,Yes,0,4,7,105.75,2710.25,1.5096153846153868,1
8707-RMEZH,2,2,2,69,61m+,1,No,0,3,5,87.3,6055.55,-0.4615942028985529,0
3346-BRMIS,1,3,1,18,13-24m,0,No phone service,1,3,4,48.35,810.7,3.31111111111111,1
3209-ZPKFI,1,3,1,47,25-48m,1,Yes,0,1,4,54.25,2538.2,0.24574468085106815,0
6479-VDGRK,3,1,1,72,61m+,1,No,0,6,8,85.3,6129.2,0.17222222222221717,0
9373-WSLOY,1,3,1,33,25-48m,0,No phone service,1,4,5,50.0,1750.85,-3.056060606060605,0
2933-FILNV,1,4,1,2,0-6m,0,No phone service,1,0,1,24.4,36.55,6.125,1
3569-JFODW,3,2,1,72,61m+,1,Yes,0,6,9,90.95,6652.45,-1.4451388888888772,0
9819-FBNSV,1,1,2,37,25-48m,1,No,1,0,2,72.25,2575.45,2.6432432432432478,0
9544-PYPSJ,1,2,2,62,61m+,1,Yes,1,3,6,96.1,6019.35,-0.9862903225806576,0
1591-XWLGB,3,2,3,71,61m+,1,No,0,0,1,19.85,1379.6,0.4190140845070438,0
0396-UKGAI,1,1,1,23,13-24m,1,No,1,2,4,55.3,1284.2,-0.5347826086956573,0
3243-ZHOHY,2,4,3,16,13-24m,1,No,0,0,1,20.1,296.15,1.5906250000000028,0
5186-EJEGL,1,4,1,9,7-12m,1,No,1,4,6,69.5,653.25,-3.0833333333333286,0
7527-QNRUS,3,4,3,17,13-24m,1,Yes,1,0,2,25.15,412.6,0.8794117647058783,0
9986-BONCE,1,1,3,4,0-6m,1,No,0,0,1,20.95,85.5,-0.4250000000000007,1
2722-JMONI,1,3,1,1,0-6m,1,No,1,1,3,49.55,49.55,0.0,1
2203-GHNWN,1,4,2,24,13-24m,1,Yes,1,1,4,79.65,1928.7,-0.7124999999999915,0
3878-AVSOQ,1,3,2,1,0-6m,1,No,1,0,2,71.25,71.25,0.0,0
3258-SYSWS,3,1,2,72,61m+,1,Yes,0,6,9,113.8,7845.8,4.830555555555549,0
5296-PSYVW,3,3,3,72,61m+,1,Yes,0,0,2,24.55,1750.7,0.23472222222222072,0
6319-QSUSR,1,2,3,11,7-12m,1,No,0,0,1,19.7,216.2,0.045454545454546746,0
4083-EUGRJ,1,4,3,9,7-12m,1,No,0,0,1,20.25,178.5,0.41666666666666785,1
7579-OOPEC,1,2,1,2,0-6m,1,No,0,1,3,50.15,115.1,-7.399999999999999,1
0512-FLFDW,2,2,2,60,49-60m,1,Yes,1,3,6,100.5,6029.0,0.01666666666666572,0
1771-OADNZ,1,3,2,29,25-48m,1,Yes,1,3,6,95.9,2745.2,1.23793103448277,1
0487-CRLZF,3,1,1,49,49-60m,1,No,1,4,6,74.45,3721.9,-1.5071428571428527,0
2107-FBPTK,1,3,2,30,25-48m,1,Yes,1,4,7,104.1,3121.1,0.06333333333333258,0
9451-WLYRI,2,2,3,53,49-60m,1,No,0,0,1,19.05,990.45,0.36226415094339615,0
8219-VYBVI,3,4,3,39,25-48m,1,Yes,0,0,2,25.0,1004.35,-0.7525641025641043,0
1991-VOPLL,1,4,3,9,7-12m,1,No,0,0,1,19.05,157.65,1.533333333333335,0
9738-QLWTP,2,3,2,39,25-48m,1,No,0,2,4,81.9,3219.75,-0.6576923076923009,0
1016-DJTSV,1,3,2,8,7-12m,1,No,1,0,2,69.7,572.85,-1.90625,0
9419-IPPBE,2,3,2,51,49-60m,1,Yes,1,2,5,90.15,4554.85,0.8392156862745139,0
0174-QRVVY,3,2,3,71,61m+,1,Yes,0,0,2,25.35,1847.55,-0.6718309859154914,0
5699-BNCAS,3,4,3,71,61m+,1,Yes,1,0,2,24.65,1766.75,-0.23380281690140947,0
2900-PHPLN,3,2,3,70,61m+,1,No,1,0,1,19.55,1462.05,-1.33642857142857,0
0612-RTZZA,1,3,1,1,0-6m,0,No phone service,0,0,1,25.25,25.25,0.0,1
8106-GWQOK,3,1,1,38,25-48m,0,No phone service,1,5,6,60.0,2193.2,2.284210526315796,0
8751-EDEKA,1,2,2,28,25-48m,1,No,0,3,5,89.9,2433.5,2.989285714285714,0
6878-GGDWG,1,1,3,32,25-48m,1,No,0,0,1,19.4,641.15,-0.6359375000000007,0
4039-PIMHX,3,4,1,49,49-60m,1,No,0,1,3,49.8,2398.4,0.8530612244897924,0
8450-LUGUK,3,1,3,37,25-48m,1,Yes,1,0,2,24.1,861.85,0.8067567567567586,0
3604-WLABM,1,3,1,10,7-12m,1,No,0,2,4,54.25,583.0,-4.049999999999997,0
0795-GMVQO,2,2,2,67,61m+,1,Yes,0,5,8,109.9,7332.4,0.4611940298507591,0
2259-OUUSZ,2,2,1,7,7-12m,0,No phone service,1,2,3,35.5,249.55,-0.14999999999999858,0
1142-IHLOO,2,2,2,51,49-60m,1,No,0,2,4,87.55,4475.9,-0.21274509803920694,0
6410-LEFEN,1,3,1,9,7-12m,1,No,0,0,2,45.15,416.45,-1.12222222222222,1
4633-MKHYU,1,4,2,9,7-12m,1,No,1,2,4,88.4,788.6,0.7777777777777857,0
6257-RJOHI,1,4,1,4,0-6m,1,No,1,1,3,50.8,202.3,0.22499999999999432,0
1545-JFUML,3,3,2,71,61m+,1,Yes,1,4,7,99.0,6994.6,0.4845070422535116,0
3194-ORPIK,1,1,2,50,49-60m,1,Yes,1,1,4,84.4,4116.15,2.0770000000000124,1
7826-VVKWT,3,3,2,24,13-24m,1,No,1,3,5,96.55,2263.45,2.239583333333343,0
1353-GHZOS,2,1,1,22,13-24m,1,No,1,2,4,59.75,1374.35,-2.720454545454544,0
2587-EKXTS,1,3,2,44,25-48m,1,Yes,1,5,8,111.5,4915.15,-0.20795454545454106,0
5442-BXVND,1,1,3,33,25-48m,1,Yes,0,0,2,24.25,838.5,-1.15909090909091,0
8816-VXNZD,1,3,2,1,0-6m,1,Yes,1,0,3,75.1,75.1,0.0,1
9378-FXTIZ,2,2,1,54,49-60m,1,Yes,1,2,5,70.15,3715.65,1.3416666666666686,1
1723-HKXJQ,1,3,2,42,25-48m,1,Yes,1,3,6,101.75,4273.45,0.0011904761904872885,1
7825-GKXMW,1,3,1,1,0-6m,1,No,0,0,2,45.8,45.8,0.0,1
9753-OYLBX,1,4,3,1,0-6m,1,No,0,0,1,20.5,20.5,0.0,0
2364-UFROM,2,3,1,30,25-48m,1,No,0,4,6,70.4,2044.75,2.2416666666666742,0
6656-JWRQX,1,4,1,1,0-6m,0,No phone service,0,1,2,30.55,30.55,0.0,0
6473-ULUHT,1,3,1,16,13-24m,1,Yes,0,5,8,84.9,1398.25,-2.4906249999999943,0
1240-KNSEZ,1,4,3,1,0-6m,1,No,1,0,1,20.1,20.1,0.0,1
0836-SEYLU,1,4,1,9,7-12m,0,No phone service,0,2,3,40.65,328.95,4.100000000000001,1
4433-JCGCG,1,3,2,46,25-48m,1,Yes,1,3,6,101.0,4680.05,-0.7402173913043555,1
3716-BDVDB,1,3,2,1,0-6m,1,No,1,0,2,69.1,69.1,0.0,1
7688-AWMDX,3,1,1,71,61m+,1,No,0,2,4,54.5,3778.2,1.2859154929577485,0
2842-BCQGE,1,2,2,43,25-48m,1,Yes,1,0,3,75.35,3161.4,1.829069767441851,0
7244-QWYHG,2,1,1,50,49-60m,0,No phone service,1,3,4,44.45,2188.45,0.6810000000000045,0
5899-MQZZL,1,4,2,13,13-24m,1,Yes,1,0,3,75.0,999.45,-1.880769230769232,1
6849-OYAMU,2,1,2,19,13-24m,1,No,0,4,6,100.0,1888.65,0.5973684210526216,1
5312-UXESG,1,1,2,41,25-48m,1,Yes,0,3,6,98.05,3990.6,0.7182926829268297,0
9488-HGMJH,1,3,2,1,0-6m,1,No,1,0,2,71.15,71.15,0.0,1
6038-GCYEC,1,2,1,24,13-24m,0,No phone service,1,4,5,54.15,1240.25,2.472916666666663,1
2150-WLKUW,2,1,1,40,25-48m,1,Yes,0,2,5,63.9,2635.0,-1.9750000000000014,0
7159-FVYPK,1,1,1,3,0-6m,1,Yes,1,3,6,69.15,235.0,-9.183333333333323,0
7032-LMBHI,2,1,1,37,25-48m,1,Yes,0,2,5,64.65,2347.85,1.194594594594605,0
1150-WFARN,3,2,2,67,61m+,1,Yes,1,5,8,108.75,7156.2,1.941044776119412,1
6088-BXMRG,1,3,2,32,25-48m,1,Yes,1,3,6,98.85,3089.6,2.299999999999997,0
3144-AUDBS,1,3,1,6,0-6m,1,No,1,1,3,49.15,270.8,4.016666666666666,1
4821-SJHJV,1,3,2,32,25-48m,1,Yes,0,2,5,89.6,2901.8,-1.0812500000000114,0
7346-MEDWM,1,3,2,59,49-60m,1,Yes,1,2,5,83.25,4949.1,-0.6330508474576391,0
1137-DGOWI,2,1,1,30,25-48m,1,No,0,4,6,70.25,2198.9,-3.046666666666667,0
5616-PRTNT,1,3,3,20,13-24m,1,No,1,0,1,19.4,374.5,0.6749999999999972,1
3812-LRZIR,3,3,3,27,25-48m,1,Yes,0,0,2,24.5,761.95,-3.7203703703703717,0
4818-QIUFN,1,3,2,20,13-24m,1,Yes,1,1,4,79.15,1520.9,3.105000000000004,1
9483-GCPWE,2,4,3,9,7-12m,1,No,0,0,1,20.1,190.25,-1.0388888888888879,0
4227-OJHAL,2,2,1,68,61m+,1,Yes,1,4,7,73.0,5163.0,-2.92647058823529,0
9220-CXRSC,3,2,1,69,61m+,1,Yes,0,2,5,61.4,4059.85,2.5615942028985472,0
4993-JCRGJ,1,4,2,26,25-48m,1,Yes,1,2,5,84.3,2281.6,-3.4538461538461576,0
9537-JALFH,3,1,3,69,61m+,1,No,0,0,1,19.9,1356.7,0.237681159420287,0
6698-OXETB,3,4,3,11,7-12m,1,No,0,0,1,20.4,231.45,-0.6409090909090907,0
2103-ZRXFN,1,4,1,1,0-6m,1,Yes,0,0,3,50.75,50.75,0.0,0
3724-BSCVH,2,4,3,10,7-12m,1,No,0,0,1,20.45,242.4,-3.7900000000000027,0
4877-TSOFF,2,1,1,55,49-60m,1,Yes,1,4,7,75.75,4264.25,-1.7818181818181813,0
9209-NWPGU,2,3,1,44,25-48m,1,No,0,3,5,65.4,2774.55,2.342045454545456,0
6961-VCPMC,1,3,2,46,25-48m,1,No,1,1,3,80.4,3605.2,2.026086956521752,1
7306-YDSOI,3,1,1,69,61m+,1,No,1,3,5,59.75,4069.9,0.7659420289855063,0
5288-AHOUP,1,3,2,11,7-12m,1,No,1,1,3,78.5,874.2,-0.9727272727272833,0
6688-UZPWD,1,3,2,11,7-12m,1,Yes,1,3,6,102.0,1145.35,-2.1227272727272606,1
0655-YDGFJ,1,1,1,29,25-48m,1,No,0,1,3,48.95,1323.7,3.305172413793102,0
8468-EHYJA,1,3,2,57,49-60m,1,Yes,1,3,6,99.65,5497.05,3.2105263157894797,0
6823-SIDFQ,2,2,3,28,25-48m,1,No,0,0,1,18.25,534.7,-0.8464285714285715,0
1097-FSPVW,1,2,1,42,25-48m,1,No,0,2,4,54.55,2455.05,-3.903571428571439,0
2839-RFSQE,1,4,3,2,0-6m,1,No,0,0,1,20.65,38.7,1.2999999999999972,1
8328-SKJNO,2,1,1,23,13-24m,0,No phone service,0,3,4,40.65,947.4,-0.5413043478260846,0
7010-ZMVBF,1,4,3,18,13-24m,1,No,0,0,1,20.45,357.0,0.6166666666666671,0
5201-CBWYG,2,1,3,62,61m+,1,Yes,0,0,2,24.8,1476.25,0.9895161290322605,0
0968-GSIKN,1,4,2,1,0-6m,1,No,1,0,2,70.8,70.8,0.0,1
1965-DDBWU,1,2,2,16,13-24m,1,Yes,1,2,5,89.05,1448.6,-1.4874999999999972,1
9057-SIHCH,1,3,2,3,0-6m,1,Yes,1,2,5,96.6,291.9,-0.7000000000000028,1
6352-GIGGQ,2,1,1,67,61m+,1,Yes,1,6,9,88.8,5903.15,0.6932835820895491,0
3635-QQRQD,3,2,3,62,61m+,1,No,1,0,1,20.05,1201.65,0.6685483870967737,0
6771-XWBDM,1,2,2,57,49-60m,1,Yes,1,4,7,104.5,5921.35,0.61666666666666,1
2897-DOVND,1,3,2,2,0-6m,1,No,1,0,2,69.8,146.65,-3.5250000000000057,0
3082-YVEKW,3,1,1,23,13-24m,1,Yes,1,4,7,77.15,1759.4,0.654347826086962,0
0191-EQUUH,3,1,1,25,25-48m,0,No phone service,0,2,3,35.05,844.45,1.2719999999999985,0
7134-HBPBS,3,1,2,72,61m+,1,Yes,1,5,8,108.1,7774.05,0.12708333333333144,0
3489-HHPFY,1,3,2,2,0-6m,1,Yes,1,1,4,84.05,134.05,17.02499999999999,0
2926-JEJJC,2,1,3,8,7-12m,1,No,1,0,1,20.2,140.95,2.5812500000000007,0
8601-QACRS,1,4,1,5,0-6m,1,Yes,1,0,3,50.6,249.95,0.6100000000000065,1
4950-BDEUX,1,3,1,35,25-48m,0,No phone service,0,3,4,49.2,1701.65,0.5814285714285745,0
5789-LDFXO,2,3,3,24,13-24m,1,Yes,0,0,2,24.6,592.65,-0.09374999999999645,0
0508-OOLTO,1,3,2,2,0-6m,1,No,1,0,2,71.65,135.75,3.7750000000000057,0
2984-TBYKU,3,2,2,72,61m+,1,Yes,1,5,8,104.9,7732.65,-2.4979166666666544,0
9822-WMWVG,1,3,2,41,25-48m,1,Yes,1,5,8,106.5,4282.4,2.051219512195132,0
2391-SOORI,1,3,1,4,0-6m,1,No,0,1,3,49.35,219.65,-5.5625,1
9040-KZVWO,2,1,2,26,25-48m,1,No,0,1,3,75.5,2018.1,-2.119230769230768,0
2645-QTLMB,1,3,2,7,7-12m,1,No,1,3,5,94.25,669.0,-1.3214285714285694,1
4806-HIPDW,1,3,2,1,0-6m,1,No,1,0,2,68.95,68.95,0.0,1
1548-ARAGG,1,4,1,4,0-6m,1,Yes,1,2,5,58.5,224.85,2.2875000000000014,0
6339-RZCBJ,3,2,1,48,25-48m,1,No,0,5,7,78.9,3771.5,0.3270833333333343,0
4424-TKOPW,1,3,2,2,0-6m,1,Yes,1,2,5,93.85,196.75,-4.525000000000006,1
4415-WNGVR,2,3,1,12,7-12m,1,No,1,5,7,79.2,943.85,0.5458333333333343,0
2522-AHJXR,1,1,2,60,49-60m,1,Yes,1,5,8,109.45,6572.85,-0.09749999999999659,0
0412-UCCNP,3,3,1,55,49-60m,1,No,1,3,5,59.2,3175.85,1.4572727272727306,0
1816-FLZDK,1,4,1,1,0-6m,0,No phone service,0,1,2,29.15,29.15,0.0,0
7096-UCLNH,1,4,3,1,0-6m,1,No,0,0,1,20.05,20.05,0.0,0
8443-ZRDBZ,1,3,2,4,0-6m,1,Yes,1,0,3,76.05,318.9,-3.674999999999997,1
9136-ALYBR,1,4,1,1,0-6m,0,No phone service,1,0,1,24.45,24.45,0.0,1
4615-PIVVU,3,2,1,42,25-48m,1,No,0,3,5,66.5,2762.75,0.720238095238102,0
8885-QSQBX,1,1,1,1,0-6m,1,No,0,1,3,49.55,49.55,0.0,0
7479-NITWS,1,2,2,7,7-12m,1,Yes,1,2,5,89.35,631.85,-0.9142857142857252,1
8617-ENBDS,1,2,2,3,0-6m,1,No,1,1,3,73.6,232.5,-3.9000000000000057,0
9385-NXKDA,3,2,1,72,61m+,1,Yes,1,5,8,82.65,5919.35,0.43680555555555145,0
0430-IHCDJ,1,3,1,15,13-24m,1,Yes,1,0,3,49.0,749.25,-0.9500000000000028,0
2959-MJHIC,1,3,2,4,0-6m,1,No,1,1,3,80.35,307.4,3.5,1
6674-KVJHG,2,3,3,11,7-12m,1,Yes,0,0,2,25.2,245.15,2.913636363636364,0
1814-DKOLC,1,4,3,5,0-6m,1,Yes,0,0,2,25.45,134.75,-1.5,0
4201-JMNGR,1,3,1,1,0-6m,1,No,1,2,4,55.8,55.8,0.0,1
9351-HXDMR,3,2,2,72,61m+,1,Yes,1,5,8,110.9,8240.85,-3.5562500000000057,0
3537-HPKQT,1,2,2,55,49-60m,1,Yes,1,1,4,77.75,4266.4,0.17909090909091674,0
2129-ALKBS,1,3,3,40,25-48m,1,Yes,1,0,2,26.2,1077.5,-0.7375000000000007,0
5821-MMEIL,3,1,3,57,49-60m,1,No,0,0,1,19.9,1115.6,0.3280701754385973,0
5960-WPXQM,1,3,2,1,0-6m,1,No,1,1,3,79.05,79.05,0.0,1
0684-AOSIH,1,3,2,1,0-6m,1,No,1,3,5,95.0,95.0,0.0,1
8260-NGFNY,1,4,1,1,0-6m,0,No phone service,0,0,1,25.2,25.2,0.0,1
1309-XGFSN,2,3,1,52,49-60m,1,Yes,1,4,7,80.85,4079.55,2.3971153846153754,0
1866-RZZQS,1,3,2,41,25-48m,1,Yes,1,3,6,98.4,4187.75,-3.740243902439019,1
6968-URWQU,2,4,1,43,25-48m,1,No,1,1,3,56.35,2391.15,0.7418604651162752,0
4742-TXUEX,3,1,3,47,25-48m,1,No,0,0,1,19.3,890.5,0.3531914893617021,0
9631-XEYKE,1,1,1,3,0-6m,1,Yes,0,0,3,50.4,137.25,4.649999999999999,0
8631-NBHFZ,3,2,1,66,61m+,1,Yes,0,5,8,79.4,5154.6,1.2999999999999972,1
1335-MXCSE,3,2,1,55,49-60m,1,No,1,2,4,55.25,3119.9,-1.4754545454545465,0
8873-TMKGR,2,4,3,29,25-48m,1,No,0,0,1,19.1,529.5,0.8413793103448306,0
8800-JOOCF,1,3,2,12,7-12m,1,Yes,1,1,4,84.05,966.55,3.504166666666663,0
1469-LBJQJ,1,3,2,66,61m+,1,Yes,1,4,7,105.2,6936.85,0.09621212121211897,0
4958-XCBDQ,1,3,2,35,25-48m,1,Yes,1,3,6,101.4,3496.3,1.5057142857142907,1
8337-UPOAQ,1,3,2,10,7-12m,1,Yes,1,2,5,89.8,914.3,-1.6299999999999955,1
0064-YIJGF,1,1,2,27,25-48m,1,Yes,1,0,3,75.75,1929.0,4.305555555555557,0
2386-OWURY,1,3,2,58,49-60m,1,No,1,3,5,95.3,5817.7,-5.005172413793105,0
1725-IQNIY,3,1,2,54,49-60m,1,No,0,6,8,109.75,6110.2,-3.401851851851845,1
0310-VQXAM,1,4,3,9,7-12m,1,No,0,0,1,19.85,178.8,-0.01666666666666572,0
6598-RFFVI,2,2,3,2,0-6m,1,No,0,0,1,19.3,28.3,5.15,1
3453-RTHJQ,1,3,2,6,0-6m,1,No,1,0,2,69.1,435.0,-3.4000000000000057,0
6712-OAWRH,1,3,2,26,25-48m,1,No,1,2,4,91.25,2351.8,0.7961538461538424,1
6278-FEPBZ,1,4,3,9,7-12m,1,No,0,0,1,20.25,186.15,-0.43333333333333357,0
4280-DLSHD,1,4,1,8,7-12m,1,No,1,2,4,54.75,445.85,-0.9812500000000028,0
1508-DFXCU,1,3,2,12,7-12m,1,No,1,1,3,81.45,912.0,5.450000000000003,0
8614-VGMMV,1,3,1,15,13-24m,1,Yes,1,0,3,49.1,679.55,3.796666666666674,1
7868-BGSZA,2,3,1,43,25-48m,1,Yes,1,4,7,80.2,3581.6,-3.0930232558139465,0
2800-QQUSO,1,3,2,42,25-48m,1,Yes,1,3,6,100.3,4222.95,-0.24642857142856656,0
2930-UOTMB,1,2,1,31,25-48m,1,Yes,0,3,6,65.25,1994.3,0.9177419354838747,1
7973-DZRKH,3,2,2,66,61m+,1,Yes,1,3,6,90.95,5930.05,1.1007575757575694,0
5914-DVBWJ,1,3,2,18,13-24m,1,Yes,1,2,5,85.45,1505.85,1.7916666666666714,1
7698-YFGEZ,1,4,3,1,0-6m,1,No,0,0,1,20.0,20.0,0.0,0
2533-QVMSK,3,3,2,61,61m+,1,Yes,1,3,6,94.1,5638.3,1.668852459016378,1
9773-PEQBZ,1,3,2,10,7-12m,1,Yes,0,1,4,79.85,797.25,0.125,0
8644-XLFBW,1,3,2,1,0-6m,1,No,1,0,2,71.65,71.65,0.0,1
0650-BWOZN,1,3,2,18,13-24m,1,No,1,1,3,73.55,1359.45,-1.9750000000000085,0
8625-AZYZY,1,3,2,24,13-24m,1,Yes,1,4,7,104.65,2542.45,-1.2854166666666487,1
7785-RDVIG,1,4,3,3,0-6m,1,No,0,0,1,19.3,54.7,1.0666666666666664,0
9602-WCXPI,2,2,3,50,49-60m,1,No,0,0,1,20.15,989.05,0.3689999999999998,0
2903-YYTBW,1,3,1,1,0-6m,1,No,0,0,2,44.55,44.55,0.0,0
3620-MWJNE,1,4,1,2,0-6m,1,No,1,2,4,54.45,87.3,10.800000000000004,0
8573-JGCZW,2,1,3,17,13-24m,1,No,1,0,1,19.65,351.55,-1.029411764705884,0
6837-HAEVO,3,3,2,69,61m+,1,Yes,1,4,7,105.0,7297.75,-0.7644927536231876,0
6701-YVNQG,3,2,1,72,61m+,1,Yes,1,6,9,88.7,6301.7,1.1763888888888943,0
9306-CPCBC,1,3,2,3,0-6m,1,Yes,1,0,3,74.25,210.3,4.1499999999999915,1
4304-XUMGI,3,1,1,50,49-60m,1,Yes,1,4,7,75.15,3822.45,-1.2989999999999924,0
9504-YAZWB,3,4,3,53,49-60m,1,No,0,0,1,20.25,1048.45,0.4679245283018858,0
8819-ZBYNA,3,2,2,58,49-60m,1,Yes,1,5,8,109.1,6393.65,-1.1353448275862092,0
6174-NRBTZ,2,1,1,46,25-48m,0,No phone service,1,1,2,30.75,1489.3,-1.626086956521739,0
9481-IEBZY,1,2,2,72,61m+,1,Yes,1,6,9,112.9,8061.5,0.9347222222222342,0
1833-VGRUM,1,3,2,1,0-6m,1,Yes,1,0,3,74.2,74.2,0.0,1
6137-NICCO,1,4,2,6,0-6m,1,Yes,1,3,6,94.05,518.75,7.591666666666669,0
9065-ZCPQX,3,1,1,72,61m+,1,Yes,0,5,8,78.85,5763.15,-1.1937499999999943,0
6402-EJMWF,1,4,1,4,0-6m,1,No,1,1,3,55.3,238.5,-4.325000000000003,0
3620-EHIMZ,3,4,3,52,49-60m,1,No,0,0,1,19.35,1031.7,-0.4903846153846132,0
3213-VVOLG,3,4,3,0,0-6m,1,Yes,0,0,2,25.35,0.0,0.0,0
6870-ECSHE,2,4,3,2,0-6m,1,No,0,0,1,20.45,34.8,3.0500000000000007,0
8747-UDCOI,3,1,3,65,61m+,1,No,0,0,1,19.35,1319.95,-0.9569230769230757,0
8374-XGEJJ,1,3,2,43,25-48m,1,Yes,1,3,6,101.0,4388.4,-1.055813953488368,1
2656-TABEH,1,3,2,4,0-6m,1,Yes,1,3,6,100.2,420.2,-4.849999999999994,1
6946-LMSQS,2,3,2,25,25-48m,1,Yes,1,2,5,89.05,2177.45,1.9519999999999982,1
4626-OZDTJ,2,2,1,51,49-60m,1,Yes,1,4,7,78.65,3950.85,1.1823529411764753,0
9169-BSVIN,1,1,1,12,7-12m,1,Yes,0,3,6,74.75,827.05,5.829166666666666,0
2325-ZUSFD,2,1,1,57,49-60m,1,No,1,3,5,70.1,3913.3,1.445614035087715,1
8194-PEEBY,2,4,3,24,13-24m,1,No,0,0,1,19.9,533.5,-2.3291666666666693,0
6872-HXFNF,2,1,1,64,61m+,1,Yes,0,2,5,58.35,3756.45,-0.34453124999999574,0
3932-CMDTD,2,3,2,4,0-6m,1,No,1,5,7,105.65,443.9,-5.324999999999989,1
7714-YXSMB,1,1,2,26,25-48m,1,Yes,1,3,6,100.5,2599.95,0.5019230769230774,0
8387-UGUSU,1,4,3,15,13-24m,1,No,0,0,1,20.05,284.3,1.0966666666666676,0
1080-BWSYE,3,2,3,64,61m+,1,Yes,0,0,2,25.65,1740.8,-1.5500000000000007,0
4039-HEUNW,1,3,2,36,25-48m,1,Yes,1,3,6,96.5,3436.1,1.0527777777777771,1
1194-HVAIF,1,2,2,27,25-48m,1,Yes,0,2,5,95.0,2462.55,3.794444444444437,0
0812-WUPTB,1,4,2,1,0-6m,1,No,0,0,2,70.85,70.85,0.0,1
3594-UVONA,2,2,1,35,25-48m,1,Yes,1,5,8,85.95,3110.1,-2.9099999999999966,1
0004-TLHLJ,1,3,2,4,0-6m,1,No,1,1,3,73.9,280.85,3.6875,1
1767-TGTKO,1,3,1,8,7-12m,1,No,1,0,2,45.45,411.75,-6.018749999999997,0
8439-LTUGF,1,2,3,10,7-12m,1,No,1,0,1,20.0,198.6,0.14000000000000057,0
8805-JNRAZ,1,4,1,2,0-6m,1,No,0,1,3,49.2,103.7,-2.6499999999999986,0
5089-IFSDP,3,1,2,58,49-60m,1,Yes,1,5,8,109.45,6144.55,3.509482758620692,1
6418-HNFED,3,2,1,51,49-60m,1,No,1,6,8,83.25,4089.45,3.064705882352939,0
0206-OYVOC,3,4,3,46,25-48m,1,No,1,0,1,19.25,864.2,0.4630434782608681,0
7291-CDTMJ,1,1,3,1,0-6m,1,No,1,0,1,19.65,19.65,0.0,0
7128-GGCNO,1,1,2,46,25-48m,1,Yes,0,0,3,72.8,3249.4,2.160869565217382,0
0237-YFUTL,1,1,2,50,49-60m,1,Yes,1,5,8,109.65,5405.8,1.534000000000006,0
7691-KGKGP,1,2,1,53,49-60m,1,No,0,3,5,65.0,3363.8,1.532075471698107,0
6710-HSJRD,1,3,2,61,61m+,1,Yes,1,5,8,114.1,7132.15,-2.820491803278685,0
3675-EQOZA,1,1,3,5,0-6m,1,No,0,0,1,20.65,93.55,1.9399999999999977,0
0840-DCNZE,2,1,1,47,25-48m,1,No,1,6,8,86.95,4138.9,-1.1117021276595693,0
1732-FEKLD,2,1,2,54,49-60m,1,Yes,1,3,6,94.75,5121.75,-0.09722222222222854,0
9862-KJTYK,1,2,1,19,13-24m,0,No phone service,1,0,1,25.35,566.1,-4.444736842105264,0
0479-HMSWA,3,3,2,26,25-48m,1,No,1,5,7,105.45,2715.3,1.0153846153846047,0
5854-KSRBJ,3,4,3,70,61m+,1,Yes,0,0,2,25.4,1782.05,-0.05785714285714505,0
0365-BZUWY,1,3,2,17,13-24m,1,Yes,1,4,7,102.55,1742.5,0.04999999999999716,0
4817-VYYWS,1,3,2,30,25-48m,1,Yes,1,3,6,100.2,2983.8,0.7399999999999949,1
5701-SVCWR,1,4,3,1,0-6m,1,Yes,0,0,2,24.0,24.0,0.0,0
3129-AAQOU,3,4,3,19,13-24m,1,Yes,0,0,2,25.6,485.9,0.02631578947368851,0
4922-CVPDX,3,2,1,26,25-48m,1,No,1,4,6,73.5,1905.7,0.20384615384615756,0
1396-QWFBJ,1,1,2,21,13-24m,1,No,1,1,3,74.05,1565.7,-0.5071428571428669,1
1357-BIJKI,2,3,2,50,49-60m,1,Yes,1,3,6,98.25,4858.7,1.0760000000000076,0
1099-BTKWT,2,3,1,68,61m+,0,No phone service,1,4,5,54.4,3723.65,-0.3595588235294116,0
5299-SJCZT,1,1,2,3,0-6m,1,Yes,1,3,6,101.55,298.35,2.0999999999999943,1
2018-PZKMU,1,3,2,9,7-12m,1,No,0,4,6,103.1,970.45,-4.7277777777777885,0
7340-KEFQE,3,1,1,51,49-60m,0,No phone service,0,2,3,34.2,1782.0,-0.7411764705882291,0
4570-QHXHL,1,3,1,9,7-12m,1,No,1,0,2,43.75,405.7,-1.3277777777777757,0
2403-BCASL,2,3,2,41,25-48m,1,Yes,1,5,8,111.95,4534.9,1.3426829268292835,1
7392-YYPYJ,1,3,2,22,13-24m,1,Yes,1,3,6,100.65,2415.95,-9.165909090909082,0
2898-LSJGD,2,3,1,21,13-24m,0,No phone service,1,4,5,55.95,1157.05,0.8523809523809547,1
2223-GDSHL,3,1,2,71,61m+,1,Yes,1,6,9,116.05,8297.5,-0.8161971830985948,0
7359-PTSXY,1,3,1,1,0-6m,1,No,0,0,2,45.75,45.75,0.0,1
9470-RTWDV,2,2,1,26,25-48m,1,Yes,1,4,7,82.0,2083.1,1.880769230769232,0
2176-OSJUV,3,1,1,71,61m+,1,Yes,0,3,6,65.15,4681.75,-0.790140845070411,0
9348-YVOMK,1,2,1,4,0-6m,1,No,1,0,2,44.8,176.2,0.75,0
8104-OSKWT,1,3,2,12,7-12m,1,Yes,1,1,4,79.8,1001.2,-3.63333333333334,0
4521-YEEHE,1,3,2,18,13-24m,1,Yes,1,2,5,88.85,1594.75,0.2527777777777658,0
4090-KPJIP,1,3,2,3,0-6m,1,Yes,1,0,3,74.95,212.4,4.150000000000006,0
3786-WOVKF,2,1,2,72,61m+,1,Yes,1,4,7,106.85,7677.4,0.21944444444444855,0
4503-BDXBD,1,3,2,11,7-12m,1,No,0,1,3,74.95,815.5,0.8136363636363626,1
6086-ESGRL,1,2,2,1,0-6m,1,No,0,1,3,80.15,80.15,0.0,1
2592-HODOV,2,2,3,13,13-24m,1,No,0,0,1,19.3,259.65,-0.6730769230769198,0
3886-CERTZ,2,3,2,72,61m+,1,Yes,1,5,8,109.25,8109.8,-3.38611111111112,1
7995-ZHHNZ,2,2,1,42,25-48m,1,Yes,0,1,4,56.1,2386.85,-0.7297619047619008,0
3824-RHKVR,1,2,3,17,13-24m,1,No,0,0,1,19.7,340.35,-0.32058823529412095,0
5816-SCGFC,1,4,1,7,7-12m,1,No,1,1,3,51.3,419.35,-8.607142857142861,0
5989-AXPUC,3,4,2,68,61m+,1,Yes,0,6,9,118.6,7990.05,1.099264705882348,0
4979-HPRFL,3,1,3,56,49-60m,1,Yes,0,0,2,24.15,1402.25,-0.8901785714285744,0
8590-OHDIW,2,4,3,38,25-48m,1,No,0,0,1,20.3,749.35,0.5802631578947377,0
8015-IHCGW,3,3,2,72,61m+,1,Yes,1,6,9,115.5,8425.15,-1.5159722222222172,0
2332-TODQS,2,2,3,48,25-48m,1,Yes,0,0,2,25.05,1171.5,0.6437500000000007,0
9278-VZKCD,1,3,2,52,49-60m,1,Yes,1,5,8,109.1,5647.95,0.4855769230769198,0
8008-OTEZX,2,4,3,35,25-48m,1,No,0,0,1,19.65,708.8,-0.6014285714285705,0
2773-OVBPK,3,1,2,67,61m+,1,Yes,1,5,8,111.3,7567.2,-1.643283582089552,0
5999-LCXAO,1,4,1,1,0-6m,0,No phone service,0,1,2,29.9,29.9,0.0,0
5206-XZZQI,1,4,2,53,49-60m,1,No,1,2,4,80.6,4348.1,-1.4396226415094446,0
4803-LBYPN,1,4,3,34,25-48m,1,No,0,0,1,20.8,635.9,2.0970588235294123,0
5759-RCVCB,1,2,1,3,0-6m,0,No phone service,0,1,2,35.2,108.95,-1.1166666666666671,1
6372-RFVNS,1,3,2,1,0-6m,1,No,0,1,3,78.8,78.8,0.0,1
2139-FQHLM,1,4,2,19,13-24m,1,No,0,3,5,89.95,1682.4,1.4026315789473642,0
8261-GWDBQ,3,1,2,60,49-60m,1,Yes,1,6,9,116.05,6925.9,0.6183333333333394,0
1093-YSWCA,3,2,3,11,7-12m,1,No,0,0,1,19.55,223.15,-0.7363636363636346,0
8938-UMKPI,1,3,2,47,25-48m,1,Yes,1,4,7,106.4,5127.95,-2.705319148936155,1
0991-BRRFB,1,3,1,18,13-24m,1,No,0,1,3,49.4,874.8,0.8000000000000043,1
3882-IYOIJ,3,2,2,60,49-60m,1,Yes,0,6,9,115.25,6758.45,2.609166666666667,0
8749-TZYEC,3,2,3,72,61m+,1,Yes,0,0,2,24.8,1874.3,-1.2319444444444443,0
1755-FZQEC,2,4,3,39,25-48m,1,No,0,0,1,19.9,791.15,-0.3858974358974372,0
3115-JPJDD,2,2,2,59,49-60m,1,No,1,2,4,81.25,4639.45,2.6152542372881413,0
5600-KTXFM,1,4,2,2,0-6m,1,No,0,0,2,69.95,143.9,-2.0,0
3871-IKPYH,1,3,2,1,0-6m,1,No,0,0,2,69.1,69.1,0.0,1
6319-IEJWJ,1,3,2,20,13-24m,1,No,1,2,4,90.2,1776.55,1.3725000000000023,1
9025-AOMKI,1,1,2,6,0-6m,1,Yes,1,2,5,93.55,536.4,4.150000000000006,1
6339-TBELP,3,2,2,71,61m+,1,Yes,1,2,5,86.4,6172.0,-0.5295774647887299,0
7964-YESJC,1,4,1,24,13-24m,1,Yes,0,3,6,66.3,1559.45,1.3229166666666572,0
6173-GOLSU,1,2,2,67,61m+,1,Yes,1,2,5,94.65,6079.0,3.918656716417914,0
5275-SQEIZ,1,4,2,1,0-6m,1,No,1,1,3,80.85,80.85,0.0,1
7716-YTYHG,2,4,2,48,25-48m,1,Yes,1,1,4,82.05,4029.95,-1.9072916666666657,1
9938-ZREHM,2,4,1,37,25-48m,1,Yes,0,3,6,72.1,2658.4,0.2513513513513459,0
7950-XWOVN,1,4,1,11,7-12m,0,No phone service,0,2,3,34.7,383.55,-0.16818181818181444,0
4390-KYULV,1,2,3,3,0-6m,1,No,1,0,1,20.55,51.15,3.5,1
4647-MUZON,1,2,2,18,13-24m,1,No,1,3,5,95.95,1745.5,-1.0222222222222257,0
9702-AIUJO,2,1,1,50,49-60m,1,No,1,0,2,44.8,2230.85,0.18299999999999983,0
8849-PRIQJ,2,3,2,67,61m+,1,Yes,1,5,8,109.4,7281.6,0.7194029850746233,0
8851-RAGOV,1,4,1,25,25-48m,1,No,1,4,6,71.05,1837.7,-2.4579999999999984,0
1304-NECVQ,1,3,2,2,0-6m,1,Yes,1,1,4,78.55,149.55,3.7749999999999915,1
5396-IZEPB,1,2,3,9,7-12m,1,No,0,0,1,19.7,180.7,-0.37777777777777644,0
1729-VLAZJ,2,4,1,10,7-12m,0,No phone service,0,3,4,40.25,411.45,-0.894999999999996,0
8285-ABVLB,3,2,3,70,61m+,1,No,0,0,1,19.85,1328.35,0.8735714285714309,0
0701-TJSEF,1,1,1,9,7-12m,1,No,1,4,6,68.25,576.95,4.144444444444446,0
5712-VBOXD,1,2,3,4,0-6m,1,No,1,0,1,20.15,68.45,3.037499999999998,0
6629-LADHQ,1,4,1,2,0-6m,1,No,0,1,3,50.95,123.05,-10.574999999999996,0
8945-GRKHX,1,3,2,1,0-6m,1,No,0,1,3,78.65,78.65,0.0,1
1559-DTODC,1,1,1,19,13-24m,0,No phone service,1,0,1,25.15,468.35,0.49999999999999645,0
4797-MIWUM,1,1,3,7,7-12m,1,No,1,0,1,20.25,174.7,-4.7071428571428555,0
6959-UWKHF,1,3,1,1,0-6m,1,No,1,0,2,42.9,42.9,0.0,1
8720-RQSBJ,1,3,1,1,0-6m,1,No,0,0,2,44.0,44.0,0.0,0
4537-CIBHB,2,4,3,9,7-12m,1,No,0,0,1,20.25,172.35,1.1000000000000014,0
3815-SLMEF,1,4,1,3,0-6m,0,No phone service,0,2,3,34.25,139.35,-12.199999999999996,1
5154-VEKBL,1,4,1,9,7-12m,0,No phone service,0,5,6,58.5,539.85,-1.4833333333333343,1
4324-AHJKS,1,2,1,5,0-6m,1,No,0,2,4,55.8,300.4,-4.280000000000001,0
4355-CVPVS,2,1,2,56,49-60m,1,No,0,2,4,88.9,4968.0,0.1857142857142975,0
4495-LHSSK,1,4,1,18,13-24m,1,Yes,0,1,4,57.65,992.7,2.499999999999993,0
5655-JSMZM,1,3,2,49,49-60m,1,Yes,1,2,5,96.2,4718.25,-0.09081632653061433,1
5915-ANOEI,3,4,1,70,61m+,1,Yes,0,5,8,79.15,5536.5,0.057142857142864045,0
9861-PDSZP,3,2,2,72,61m+,1,Yes,1,5,8,108.05,7806.6,-0.3750000000000142,0
4505-EXZHB,1,3,2,6,0-6m,1,No,0,1,3,74.4,434.1,2.049999999999997,1
7225-CBZPL,1,3,2,17,13-24m,1,Yes,1,2,5,94.8,1563.9,2.8058823529411683,0
6704-UTUKK,1,3,1,29,25-48m,0,No phone service,1,2,3,45.9,1332.4,-0.04482758620689964,0
4587-VVTOX,1,3,2,6,0-6m,1,Yes,1,4,7,105.3,545.2,14.433333333333323,1
2019-HDCZY,3,3,2,63,61m+,1,Yes,0,3,6,102.6,6296.75,2.6515873015872984,0
4652-NNHNY,1,1,2,16,13-24m,1,Yes,1,0,3,73.85,1284.2,-6.4125000000000085,1
8788-DOXSU,2,1,1,59,49-60m,1,No,1,2,4,61.35,3645.5,-0.4381355932203377,0
7404-JLKQG,1,3,1,3,0-6m,1,No,0,2,4,57.55,161.45,3.7333333333333343,0
7421-ZLUPA,1,4,1,8,7-12m,0,No phone service,1,1,2,29.25,226.95,0.8812500000000014,0
8972-HJWNV,1,3,2,7,7-12m,1,Yes,1,1,4,84.55,646.85,-7.857142857142861,1
3274-NSDWE,3,2,3,68,61m+,1,No,0,0,1,19.6,1441.65,-1.6007352941176478,0
2632-IVXVF,3,2,2,68,61m+,1,Yes,0,5,8,111.75,7511.3,1.2897058823529335,0
3692-JHONH,2,3,2,52,49-60m,1,Yes,1,4,7,106.5,5621.85,-1.6125000000000114,0
8915-NNTRC,3,2,2,72,61m+,1,Yes,1,5,8,107.7,7919.8,-2.297222222222217,0
5914-GXMDA,2,4,3,32,25-48m,1,No,0,0,1,19.3,593.2,0.7624999999999993,0
7463-IFMQU,3,1,3,72,61m+,1,No,0,0,1,20.05,1423.65,0.27708333333333357,0
2920-RNCEZ,1,2,2,1,0-6m,1,No,1,0,2,69.95,69.95,0.0,0
2541-YGPKE,2,2,1,42,25-48m,1,No,0,3,5,63.7,2763.35,-2.0940476190476147,0
8515-OCTJS,3,2,3,25,25-48m,1,Yes,0,0,2,24.75,692.1,-2.934000000000001,1
5382-TEMLV,1,1,1,45,25-48m,1,No,1,1,3,50.9,2298.55,-0.17888888888889198,0
3441-CGZJH,2,2,1,43,25-48m,0,No phone service,1,5,6,60.4,2640.55,-1.0081395348837248,0
9592-ERDKV,2,4,1,37,25-48m,1,Yes,0,4,7,79.25,2911.8,0.5527027027027032,0
2860-RANUS,1,2,2,20,13-24m,1,Yes,1,1,4,85.8,1727.5,-0.5750000000000028,1
5261-QSHQM,1,3,1,4,0-6m,0,No phone service,1,0,1,24.45,86.6,2.8000000000000007,1
4778-IZARL,3,2,2,63,61m+,1,No,1,6,8,110.1,6705.7,3.660317460317458,0
0432-CAJZV,1,4,2,3,0-6m,1,No,0,2,4,90.7,237.65,11.483333333333334,0
7008-LZVOZ,3,2,3,66,61m+,1,Yes,1,0,2,25.3,1672.35,-0.03863636363636047,0
8868-WOZGU,1,3,2,28,25-48m,1,Yes,1,4,7,105.7,2979.5,-0.710714285714289,1
1200-TUZHR,1,3,2,8,7-12m,1,Yes,0,1,4,85.2,695.75,-1.7687499999999972,0
9365-CSLBQ,3,4,3,71,61m+,1,Yes,0,0,2,24.35,1654.6,1.0457746478873275,0
1334-FJSVR,1,3,1,1,0-6m,0,No phone service,1,0,1,24.25,24.25,0.0,1
5884-FBCTL,3,1,3,72,61m+,1,Yes,0,0,2,25.1,1857.85,-0.7034722222222207,0
7130-CTCUS,1,1,1,16,13-24m,1,No,1,2,4,54.55,825.1,2.9812499999999957,0
6242-FEGFD,3,4,2,66,61m+,1,Yes,0,4,7,96.6,6424.25,-0.7371212121212238,0
7625-XCQRH,1,3,2,11,7-12m,1,Yes,1,0,3,76.5,837.95,0.3227272727272634,1
6194-HBGQN,2,2,1,51,49-60m,1,Yes,1,5,8,81.15,4126.2,0.24411764705882888,0
7634-WSWDB,1,3,1,8,7-12m,0,No phone service,1,2,3,38.5,330.8,-2.8500000000000014,0
6986-IXNDM,1,3,2,14,13-24m,1,No,1,2,4,92.9,1337.45,-2.6321428571428527,0
1731-TVIUK,1,3,2,4,0-6m,1,Yes,1,3,6,93.5,362.2,2.950000000000003,1
2987-BJXIK,3,4,1,70,61m+,1,Yes,0,5,8,84.7,5991.05,-0.8864285714285671,0
9769-TSBZE,3,3,1,70,61m+,1,Yes,0,3,6,66.0,4891.5,-3.8785714285714334,0
0406-BPDVR,2,2,2,54,49-60m,1,Yes,1,3,6,101.5,5373.1,1.9981481481481467,1
0618-XWMSS,1,1,2,28,25-48m,1,No,1,1,3,74.9,2068.55,1.023214285714289,1
1395-WSWXR,3,4,3,24,13-24m,1,No,0,0,1,20.75,487.05,0.4562500000000007,0
6023-GSSXW,3,2,1,69,61m+,1,No,1,2,4,61.45,4131.2,1.5775362318840607,0
6752-APNJL,1,4,1,42,25-48m,1,No,0,2,4,54.5,2301.15,-0.28928571428571814,0
5276-KQWHG,1,3,2,2,0-6m,1,No,1,0,2,69.6,131.65,3.7749999999999915,1
0420-HLGXF,1,3,2,39,25-48m,1,Yes,1,3,6,99.75,4036.0,-3.737179487179489,0
7446-KQISO,3,1,2,45,25-48m,1,Yes,1,5,8,109.75,4900.65,0.8466666666666782,0
9823-EALYC,3,1,1,72,61m+,1,Yes,1,5,8,80.85,5727.45,1.3020833333333286,0
0582-AVCLN,3,4,3,38,25-48m,1,No,0,0,1,20.3,743.05,0.746052631578948,0
5803-NQJZO,3,1,1,72,61m+,1,Yes,1,4,7,67.8,4804.65,1.0687500000000085,0
2565-JSLRY,1,4,3,1,0-6m,1,Yes,1,0,2,24.05,24.05,0.0,1
2607-DHDAK,3,2,3,72,61m+,1,No,1,0,1,19.8,1414.65,0.15208333333333357,0
1073-XXCZD,3,1,3,55,49-60m,1,Yes,0,0,2,25.7,1443.65,-0.5481818181818205,0
0743-HRVFF,2,3,1,51,49-60m,0,No phone service,1,4,5,56.15,2898.95,-0.6921568627450938,0
4006-HKYHO,3,1,1,63,61m+,1,No,1,6,8,86.7,5309.5,2.4222222222222314,0
3727-JEZTU,1,4,3,1,0-6m,1,No,0,0,1,20.4,20.4,0.0,0
8143-ETQTI,3,4,3,23,13-24m,1,No,1,0,1,19.65,451.55,0.0173913043478251,0
6689-KXGBO,1,3,1,1,0-6m,1,No,0,1,3,50.55,50.55,0.0,1
9667-TKTVZ,1,4,1,2,0-6m,1,Yes,1,1,4,54.35,117.05,-4.174999999999997,0
3657-COGMW,1,2,2,52,49-60m,1,Yes,0,5,8,108.1,5839.3,-4.194230769230785,0
8570-KLJYJ,2,4,1,36,25-48m,1,Yes,0,1,4,54.45,1893.5,1.8527777777777814,0
7754-IXRMC,1,4,1,1,0-6m,1,No,0,0,2,45.35,45.35,0.0,0
9473-CBZOP,2,4,1,28,25-48m,1,Yes,0,2,5,59.0,1654.45,-0.08749999999999858,0
2969-WGHQO,2,3,1,7,7-12m,1,No,0,4,6,69.45,477.05,1.2999999999999972,0
6615-NGGZJ,1,3,2,14,13-24m,1,Yes,1,3,6,100.55,1415.55,-0.5607142857142833,1
4334-HOWRP,3,2,1,72,61m+,0,No phone service,1,6,7,64.95,4546.0,1.8111111111111171,0
4255-DDUOU,1,4,3,1,0-6m,1,No,1,0,1,20.5,20.5,0.0,1
5863-OOKCL,1,4,3,10,7-12m,1,No,0,0,1,18.85,163.2,2.530000000000001,0
1686-STUHN,2,1,3,42,25-48m,1,No,0,0,1,19.8,849.9,-0.4357142857142833,0
1329-VHWNP,1,1,1,7,7-12m,0,No phone service,0,0,1,25.05,189.95,-2.085714285714282,0
2984-MIIZL,1,1,2,4,0-6m,1,No,1,1,3,74.8,321.9,-5.674999999999997,1
0266-GMEAO,3,2,2,72,61m+,1,Yes,1,6,9,114.3,8058.55,2.3756944444444343,0
5590-YRFJT,1,3,1,20,13-24m,0,No phone service,1,0,1,24.45,482.8,0.3099999999999987,1
5574-NXZIU,3,2,2,63,61m+,1,No,0,6,8,109.2,7049.75,-2.700793650793642,0
0019-GFNTW,3,1,1,56,49-60m,0,No phone service,0,4,5,45.05,2560.1,-0.6660714285714278,0
4256-ZWTZI,1,4,1,5,0-6m,1,No,1,1,3,51.0,286.8,-6.359999999999999,0
8309-PPCED,3,1,2,72,61m+,1,Yes,1,5,8,110.45,7982.5,-0.4180555555555543,0
4098-NAUKP,1,3,2,68,61m+,1,Yes,1,2,5,84.65,5683.6,1.0676470588235247,0
5196-WPYOW,2,4,1,67,61m+,1,No,0,3,5,60.05,3994.05,0.4373134328358148,0
4608-LCIMN,1,1,1,8,7-12m,1,No,0,0,2,44.65,369.15,-1.4937499999999986,0
1485-YDHMM,1,1,2,52,49-60m,1,Yes,1,3,6,93.25,4631.7,4.178846153846152,0
4054-CUMIA,1,4,3,18,13-24m,1,No,1,0,1,20.25,401.95,-2.0805555555555557,0
0603-TPMIB,3,4,3,59,49-60m,1,Yes,0,0,2,25.45,1534.05,-0.5508474576271176,0
2525-GVKQU,3,4,3,60,49-60m,1,No,0,0,1,20.6,1093.0,2.3833333333333364,0
8161-QYMTT,1,3,2,7,7-12m,1,Yes,1,2,5,94.1,701.3,-6.085714285714289,0
9581-GVBXT,2,4,1,59,49-60m,0,No phone service,0,2,3,34.8,1980.3,1.235593220338984,0
5862-BRIXZ,3,1,1,46,25-48m,0,No phone service,1,5,6,60.75,2893.4,-2.1499999999999986,0
5404-GGUKR,1,3,1,5,0-6m,1,No,1,1,3,51.35,262.3,-1.1099999999999994,0
3308-JSGML,3,2,1,59,49-60m,0,No phone service,1,5,6,64.05,3886.85,-1.828813559322029,0
2126-GSEGL,3,1,1,70,61m+,1,Yes,1,5,8,84.8,5917.55,0.26357142857142435,0
3677-TNKIO,1,2,2,14,13-24m,1,No,1,0,2,71.0,914.0,5.714285714285708,1
0440-QEXBZ,1,4,1,44,25-48m,1,Yes,1,0,3,50.15,2139.1,1.5340909090909065,0
2434-EEVDB,3,2,2,64,61m+,1,Yes,1,3,6,94.6,5948.7,1.6515624999999972,0
6762-QVYJO,3,4,1,58,49-60m,0,No phone service,0,5,6,59.75,3624.35,-2.7387931034482733,0
6199-IWKGC,2,3,2,46,25-48m,1,Yes,0,3,6,100.25,4753.85,-3.094565217391306,0
2675-DHUTR,1,3,2,58,49-60m,1,Yes,1,3,6,98.9,5780.7,-0.7672413793103345,0
8152-VETUR,3,2,2,72,61m+,1,Yes,1,3,6,97.7,6869.7,2.2875000000000085,0
9667-EQRXU,1,3,1,30,25-48m,0,No phone service,1,2,3,40.3,1172.95,1.2016666666666609,1
7446-YPODE,1,1,1,11,7-12m,1,Yes,0,2,5,60.25,662.95,-0.018181818181822962,0
9522-BNTHX,1,3,1,34,25-48m,0,No phone service,1,4,5,56.25,1765.95,4.310294117647061,0
4676-WLUHT,3,1,1,54,49-60m,0,No phone service,0,3,4,46.2,2431.95,1.1638888888888985,0
3329-WDIOK,1,3,1,3,0-6m,0,No phone service,1,3,4,50.6,155.35,-1.18333333333333,1
7980-MHFLQ,3,4,3,72,61m+,1,Yes,0,0,2,24.9,1859.2,-0.9222222222222243,0
2873-ZLIWT,1,3,2,40,25-48m,1,Yes,1,2,5,84.85,3303.05,2.2737499999999926,1
3415-TAILE,1,4,1,2,0-6m,1,No,0,2,4,65.7,134.35,-1.4749999999999943,1
0757-WCUUZ,3,2,1,54,49-60m,1,Yes,0,2,5,63.35,3409.1,0.2185185185185219,0
1629-DQQVB,1,1,1,14,13-24m,1,No,0,1,3,50.1,709.5,-0.5785714285714292,0
1915-IOFGU,1,3,2,1,0-6m,1,No,0,0,2,70.5,70.5,0.0,1
3045-XETSH,1,3,2,10,7-12m,1,Yes,1,3,6,94.85,953.45,-0.49500000000000455,1
0374-AACSZ,1,3,1,1,0-6m,1,No,0,1,3,50.15,50.15,0.0,0
7239-HZZCX,1,4,3,1,0-6m,1,No,0,0,1,19.75,19.75,0.0,1
4872-VXRIL,2,1,1,56,49-60m,1,Yes,1,3,6,64.65,3665.55,-0.8062499999999915,0
9140-CZQZZ,3,1,1,68,61m+,1,No,1,5,7,79.6,5515.8,-1.5147058823529562,0
3423-HHXAO,2,4,3,14,13-24m,1,No,1,0,1,19.5,272.0,0.07142857142857295,0
9938-TKDGL,3,3,2,68,61m+,1,No,1,4,6,99.55,6668.0,1.491176470588229,0
0531-ZZJWQ,1,3,2,55,49-60m,1,Yes,1,0,3,74.0,4052.4,0.3199999999999932,0
6537-QLGEX,1,3,1,16,13-24m,0,No phone service,1,2,3,38.9,664.4,-2.625,0
2688-BHGOG,1,3,2,9,7-12m,1,No,1,1,3,79.55,718.55,-0.2888888888888914,0
7683-CBDKJ,1,3,1,14,13-24m,1,No,1,3,5,65.45,937.6,-1.5214285714285722,1
0946-CLJTI,1,3,2,58,49-60m,1,Yes,1,3,6,98.7,5812.6,-1.5172413793103487,1
3160-TYXLT,1,1,1,53,49-60m,0,No phone service,1,3,4,46.3,2546.85,-1.7537735849056588,0
1325-USMEC,3,2,2,70,61m+,1,Yes,1,4,7,99.35,6944.5,0.1428571428571388,0
0916-QOFDP,1,3,2,14,13-24m,1,Yes,1,2,5,95.8,1346.3,-0.3642857142857139,0
0628-CNQRM,2,1,1,22,13-24m,1,No,1,4,6,67.5,1544.05,-2.684090909090912,1
5606-AMZBO,1,2,2,10,7-12m,1,Yes,1,1,4,78.15,765.15,1.6350000000000051,0
6199-IPCAO,3,4,3,29,25-48m,1,Yes,0,0,2,26.1,692.55,2.218965517241383,0
7665-TOALD,1,3,2,1,0-6m,1,No,1,0,2,69.6,69.6,0.0,1
0112-QWPNC,2,3,1,49,49-60m,1,Yes,0,5,8,84.35,4059.35,1.506122448979582,1
0324-BRPCJ,1,3,2,68,61m+,1,Yes,1,3,6,100.2,6851.65,-0.5595588235294002,1
2777-PHDEI,1,3,2,1,0-6m,1,No,0,1,3,78.05,78.05,0.0,1
5640-CAXOA,2,2,1,30,25-48m,0,No phone service,1,2,3,40.35,1187.05,0.7816666666666663,0
2235-EZAIK,3,2,1,72,61m+,1,Yes,0,5,8,79.2,5401.9,4.173611111111114,0
3847-BAERP,1,4,3,10,7-12m,1,No,1,0,1,20.9,247.0,-3.8000000000000007,0
1196-AMORA,1,3,2,7,7-12m,1,Yes,0,0,3,73.6,520.0,-0.6857142857142975,1
4282-YMKNA,1,3,2,9,7-12m,1,Yes,1,0,3,74.75,706.6,-3.76111111111112,1
1453-RZFON,1,4,1,1,0-6m,1,No,0,1,3,49.9,49.9,0.0,0
8263-OKETD,1,2,1,20,13-24m,1,Yes,1,3,6,68.9,1370.35,0.3825000000000074,0
0670-KDOMA,1,4,3,1,0-6m,1,No,1,0,1,20.25,20.25,0.0,0
2476-YGEFM,1,2,2,29,25-48m,1,Yes,1,0,3,76.0,2215.25,-0.38793103448276156,0
8687-BAFGU,1,3,2,1,0-6m,1,No,0,1,3,74.0,74.0,0.0,0
0641-EVBOJ,1,4,2,3,0-6m,1,No,1,2,4,82.3,214.4,10.833333333333329,0
0829-XXPLX,1,1,2,20,13-24m,1,No,1,3,5,89.4,1871.15,-4.157499999999999,0
9974-JFBHQ,1,2,2,64,61m+,1,No,1,4,6,99.15,6171.2,2.7250000000000085,0
5356-RHIPP,1,4,3,1,0-6m,1,No,1,0,1,20.2,20.2,0.0,1
6624-JDRDS,1,1,1,6,0-6m,0,No phone service,0,1,2,29.45,161.45,2.541666666666668,0
0608-JDVEC,3,3,3,50,49-60m,1,No,0,0,1,19.8,1013.2,-0.46399999999999864,0
9780-FKVVF,1,1,1,6,0-6m,1,No,1,2,4,59.15,336.7,3.0333333333333314,0
1919-RTPQD,1,3,1,7,7-12m,1,No,0,0,2,44.75,333.65,-2.914285714285711,0
5214-NLTIT,3,2,2,72,61m+,1,Yes,1,2,5,90.8,6511.8,0.3583333333333343,0
3345-PBBFH,1,1,1,8,7-12m,1,No,1,1,3,49.55,393.45,0.3687499999999986,0
5055-BRMNE,3,2,2,67,61m+,1,Yes,0,4,7,106.7,7009.5,2.080597014925374,0
9189-JWSHV,1,3,2,24,13-24m,1,Yes,1,2,5,93.55,2264.05,-0.7854166666666771,1
2190-PHBHR,3,2,2,72,61m+,1,Yes,1,3,6,94.45,6921.7,-1.68472222222222,0
2650-GYRYL,2,1,3,33,25-48m,1,No,1,0,1,19.45,600.25,1.2606060606060616,0
0746-JTRFU,1,3,1,2,0-6m,0,No phone service,1,0,1,25.05,56.35,-3.125,1
5208-FVQKB,3,4,1,70,61m+,1,No,0,4,6,67.95,4664.15,1.3192857142857264,0
7184-LRUUR,2,1,1,22,13-24m,1,No,0,3,5,65.25,1441.8,-0.2863636363636317,0
6627-CFOSN,1,1,2,59,49-60m,1,Yes,1,4,7,99.45,5623.7,4.133050847457639,0
3982-JGSFD,2,2,3,36,25-48m,1,No,1,0,1,20.35,695.85,1.0208333333333357,0
1574-DYCWE,3,4,3,51,49-60m,1,No,0,0,1,19.95,1028.75,-0.22156862745098138,0
7247-XOZPB,2,1,1,53,49-60m,1,Yes,0,4,7,77.4,4155.95,-1.014150943396217,0
2466-FCCPT,2,1,3,20,13-24m,1,No,0,0,1,19.7,395.6,-0.08000000000000185,0
6211-WWLTF,3,2,2,63,61m+,1,No,0,4,6,99.7,6330.4,-0.782539682539678,0
4826-TZEVA,1,2,2,40,25-48m,1,No,0,1,3,74.8,2971.7,0.5075000000000074,0
6016-NXBNJ,2,4,3,35,25-48m,1,No,1,0,1,19.15,638.0,0.9214285714285708,0
9138-EFSMO,2,1,2,26,25-48m,1,No,0,1,3,78.95,2034.25,0.7096153846153896,0
0576-WNXXC,1,3,2,27,25-48m,1,Yes,1,3,6,95.55,2510.2,2.579629629629636,1
4632-XJMEX,2,2,1,53,49-60m,1,No,0,3,5,62.85,3419.5,-1.668867924528307,0
8910-LEDAG,1,2,2,34,25-48m,1,No,0,0,2,71.55,2427.35,0.15735294117646959,0
3452-GWUIN,1,3,2,19,13-24m,1,Yes,1,2,5,94.95,1760.25,2.3052631578947427,0
2716-GFZOR,1,2,2,43,25-48m,1,No,1,3,5,86.1,3551.65,3.503488372093017,0
3724-UCSHY,1,4,3,6,0-6m,1,No,0,0,1,19.55,122.9,-0.9333333333333336,0
8626-XHBIE,3,4,3,56,49-60m,1,Yes,1,0,2,24.8,1424.2,-0.6321428571428562,0
4628-CTTLA,1,3,1,57,49-60m,0,No phone service,1,2,3,39.3,2111.45,2.2570175438596465,1
3192-LNKRK,1,4,2,34,25-48m,1,No,1,2,4,84.05,2909.95,-1.536764705882348,0
4439-YRNVD,1,3,1,10,7-12m,0,No phone service,0,2,3,36.25,374.0,-1.1499999999999986,0
2876-VBBBL,1,4,3,1,0-6m,1,No,1,0,1,20.25,20.25,0.0,1
6834-NXDCA,1,3,1,13,13-24m,0,No phone service,1,0,1,23.9,300.8,0.7615384615384606,1
2208-UGTGR,1,3,2,56,49-60m,1,Yes,0,3,6,98.6,5581.05,-1.0616071428571558,0
3005-TYFRD,1,2,2,55,49-60m,1,Yes,1,4,7,103.65,5676.65,0.4381818181818318,0
8670-MEFCP,3,2,1,36,25-48m,1,Yes,1,6,9,92.9,3379.25,-0.9680555555555515,0
3079-BCHLN,2,1,3,47,25-48m,1,No,0,0,1,19.9,942.95,-0.16276595744681188,0
7777-UNYHB,1,2,3,12,7-12m,1,No,1,0,1,20.1,232.4,0.7333333333333343,0
5597-GLBUC,1,3,2,1,0-6m,1,No,1,2,4,85.45,85.45,0.0,1
7278-CKDNC,1,3,2,24,13-24m,1,Yes,1,1,4,80.5,2088.45,-6.518749999999997,0
2748-MYRVK,2,1,2,63,61m+,1,Yes,0,3,6,99.9,6137.0,2.4873015873015873,1
8450-UYIBU,1,3,1,35,25-48m,0,No phone service,1,2,3,39.85,1434.6,-1.1385714285714243,0
2969-VAPYH,2,2,1,67,61m+,1,No,0,3,5,60.5,3870.0,2.738805970149251,0
4822-YCXMX,1,3,2,25,25-48m,1,Yes,1,1,4,84.8,2043.45,3.0619999999999976,1
7181-OQCUT,1,4,2,21,13-24m,1,Yes,0,4,7,103.85,2215.0,-1.6261904761904873,0
8474-UMLNT,1,1,1,13,13-24m,1,No,0,4,6,67.8,842.25,3.011538461538464,0
9821-POOTN,1,3,2,35,25-48m,1,Yes,1,0,3,75.2,2576.2,1.5942857142857179,1
3836-FZSDJ,3,1,3,71,61m+,1,Yes,0,0,2,24.85,1901.0,-1.9246478873239425,0
9142-XMYJH,1,2,3,29,25-48m,1,No,0,0,1,19.35,601.6,-1.3948275862068975,0
6559-ILWKJ,3,3,1,71,61m+,0,No phone service,0,3,4,49.35,3515.25,-0.16056338028168682,1
0187-QSXOE,1,3,2,7,7-12m,1,No,1,2,4,89.0,605.45,2.5071428571428527,0
7733-UDMTP,1,3,1,57,49-60m,0,No phone service,1,4,5,55.0,3094.05,0.7184210526315766,0
2649-HWLYB,3,1,1,65,61m+,1,Yes,0,4,7,76.15,4929.55,0.3107692307692389,0
5214-CHIWJ,2,4,3,27,25-48m,1,No,0,0,1,20.3,595.05,-1.7388888888888872,0
4229-CZMLL,1,3,2,6,0-6m,1,Yes,1,0,3,74.9,469.8,-3.3999999999999915,1
6904-JLBGY,3,2,2,72,61m+,1,Yes,1,6,9,117.35,8436.25,0.17986111111110858,0
2465-BLLEU,1,4,3,1,0-6m,1,No,1,0,1,19.75,19.75,0.0,0
1685-VAYJF,1,2,1,11,7-12m,1,No,0,0,2,45.2,492.0,0.4727272727272762,0
8874-EJNSR,3,4,3,39,25-48m,1,Yes,0,0,2,25.2,987.95,-0.13205128205128247,0
6917-YACBP,1,3,2,59,49-60m,1,Yes,1,3,6,89.75,5496.9,-3.417796610169489,0
5049-MUBWG,2,1,1,26,25-48m,1,No,0,4,6,75.0,1908.35,1.6019230769230859,0
4223-WOZCM,1,4,1,2,0-6m,1,No,0,1,3,49.95,107.1,-3.5999999999999943,0
0769-MURVM,3,1,1,72,61m+,0,No phone service,0,6,7,65.7,4575.35,2.15347222222222,0
9253-VIFJQ,2,2,1,65,61m+,1,Yes,0,3,6,67.05,4309.55,0.7492307692307634,0
7030-FZTFM,3,2,2,72,61m+,1,Yes,0,5,8,110.9,7922.75,0.8618055555555628,0
9741-YLNTD,1,1,2,6,0-6m,1,Yes,1,2,5,87.95,522.35,0.8916666666666657,0
5917-RYRMG,2,2,3,32,25-48m,1,No,0,0,1,19.8,587.7,1.4343749999999993,0
5120-ZBLAI,2,1,1,50,49-60m,1,Yes,0,3,6,75.7,3876.2,-1.823999999999998,0
1194-BHJYC,3,4,1,61,61m+,0,No phone service,1,5,6,62.15,3778.85,0.20163934426229702,0
3663-MITLP,1,3,2,15,13-24m,1,No,1,4,6,101.25,1457.25,4.099999999999994,1
0906-QVPMS,3,1,2,72,61m+,1,Yes,0,6,9,115.15,8349.45,-0.8145833333333314,0
9025-ZRPVR,1,4,3,9,7-12m,1,No,1,0,1,18.95,185.6,-1.6722222222222207,1
1905-OEILC,1,4,3,1,0-6m,1,No,0,0,1,19.5,19.5,0.0,0
7858-GTZSP,1,3,2,12,7-12m,1,Yes,1,1,4,86.55,1066.9,-2.3583333333333485,0
3285-UCQVC,1,2,1,37,25-48m,0,No phone service,0,1,2,28.6,973.55,2.2878378378378414,1
6248-BSHKG,2,4,3,61,61m+,1,No,0,0,1,20.4,1226.45,0.294262295081964,0
4685-TFLLS,2,1,3,18,13-24m,1,No,0,0,1,19.8,342.3,0.783333333333335,0
3470-BTGQO,1,4,1,21,13-24m,1,No,0,0,2,45.65,985.05,-1.2571428571428598,0
1209-VFFOC,3,4,1,68,61m+,0,No phone service,1,5,6,56.4,3948.45,-1.665441176470587,0
8224-DWCKX,1,2,2,12,7-12m,1,Yes,1,0,3,73.3,828.05,4.295833333333334,0
5482-PLVPE,1,3,1,2,0-6m,0,No phone service,0,0,1,24.35,41.85,3.4250000000000007,1
4553-DVPZG,1,3,2,62,61m+,1,Yes,1,3,6,101.35,6164.7,1.9193548387096797,0
4902-OHLSK,1,3,2,29,25-48m,1,Yes,0,3,6,98.65,2862.75,-0.06551724137931103,1
6917-IAYHD,1,4,1,1,0-6m,0,No phone service,0,2,3,33.6,33.6,0.0,0
0495-ZBNGW,1,1,2,5,0-6m,1,Yes,1,1,4,79.9,343.95,11.110000000000014,1
8620-RJPZN,1,3,3,1,0-6m,1,No,0,0,1,20.7,20.7,0.0,0
7572-KPVKK,3,3,2,62,61m+,1,Yes,1,4,7,104.05,6590.5,-2.248387096774195,0
2642-MAWLJ,3,1,3,36,25-48m,1,No,0,0,1,20.25,717.95,0.3069444444444436,0
2357-COQEK,1,3,2,28,25-48m,1,Yes,1,4,7,103.3,2890.65,0.0625,1
7103-ZGVNT,2,2,1,69,61m+,1,Yes,0,4,7,73.7,4885.85,2.8905797101449195,0
3737-GCSPV,1,2,2,11,7-12m,1,Yes,1,3,6,96.2,1222.05,-14.895454545454541,1
2027-WKXMW,1,3,2,63,61m+,1,Yes,1,5,8,108.75,6871.7,-0.324603174603169,0
7137-NAXML,2,1,3,23,13-24m,1,No,0,0,1,20.15,405.6,2.515217391304347,0
2428-ZMCTB,1,2,3,10,7-12m,1,No,0,0,1,19.75,208.25,-1.0749999999999993,0
2961-VNFKL,3,2,3,71,61m+,1,Yes,1,0,2,25.95,1801.9,0.5711267605633772,0
1768-HNVGJ,1,3,1,45,25-48m,1,Yes,1,3,6,70.05,3062.45,1.9955555555555549,0
6963-KQYQB,3,4,3,70,61m+,1,Yes,0,0,2,24.05,1764.75,-1.1607142857142847,0
5934-RMPOV,1,3,2,22,13-24m,1,Yes,1,1,4,84.75,1816.75,2.1704545454545467,0
1207-BLKSA,3,4,3,52,49-60m,1,Yes,0,0,2,23.05,1255.1,-1.08653846153846,0
4088-YLDSU,2,3,2,55,49-60m,1,Yes,1,4,7,104.15,5743.05,-0.26909090909090594,1
8316-BBQAY,3,2,1,65,61m+,0,No phone service,0,5,6,59.95,3921.1,-0.3746153846153817,0
1166-PQLGG,3,1,3,72,61m+,1,No,0,0,1,19.55,1463.45,-0.7756944444444436,0
3146-JTQHR,2,1,3,10,7-12m,1,No,0,0,1,19.6,189.45,0.6550000000000011,0
4291-YZODP,2,4,3,7,7-12m,1,No,0,0,1,20.05,96.8,6.221428571428573,0
4395-PZMSN,1,3,2,5,0-6m,1,No,1,2,4,85.55,408.5,3.8499999999999943,0
6427-FEFIG,3,2,1,24,13-24m,1,Yes,0,4,7,78.6,1846.65,1.6562499999999858,0
0017-IUDMW,3,2,2,72,61m+,1,Yes,1,6,9,116.8,8456.75,-0.6548611111111171,0
8706-HRADD,1,4,1,21,13-24m,0,No phone service,1,3,4,43.55,1011.5,-4.616666666666667,0
9955-QOPOY,2,2,1,69,61m+,0,No phone service,1,5,6,60.8,4263.4,-0.9884057971014499,0
4385-ZKVNW,1,1,1,44,25-48m,1,No,1,2,4,54.9,2549.1,-3.0340909090909065,0
5446-DKWYW,2,3,1,61,61m+,1,Yes,1,2,5,65.2,3965.05,0.1991803278688593,0
2034-CGRHZ,1,2,2,24,13-24m,1,Yes,1,4,7,102.95,2496.7,-1.0791666666666515,1
5797-APWZC,1,3,2,1,0-6m,1,No,0,2,4,90.6,90.6,0.0,1
3683-QKIUE,1,1,1,6,0-6m,1,No,1,1,3,50.8,288.05,2.7916666666666643,1
4228-ZGYUW,1,3,2,4,0-6m,1,Yes,1,2,5,90.05,368.1,-1.9750000000000085,1
9031-ZVQPT,3,3,2,72,61m+,1,Yes,1,5,8,108.2,7840.6,-0.6972222222222229,0
2990-IAJSV,3,1,1,72,61m+,1,Yes,0,6,9,92.0,6632.75,-0.12152777777777146,0
8107-KNCIM,1,3,2,14,13-24m,1,Yes,1,0,3,75.1,1013.35,2.7178571428571416,0
9027-YFHQJ,1,1,3,7,7-12m,1,Yes,1,0,2,25.05,152.95,3.200000000000003,0
5176-LDKUH,2,3,2,48,25-48m,1,No,0,1,3,75.15,3772.65,-3.4468749999999915,0
4644-OBGFZ,2,4,3,55,49-60m,1,No,0,0,1,19.5,1026.35,0.8390909090909098,0
7926-IJOOU,1,2,3,1,0-6m,1,No,0,0,1,19.3,19.3,0.0,0
6480-YAGIY,2,2,2,45,25-48m,1,No,0,6,8,112.2,5031.85,0.3811111111111103,0
4029-HPFVY,1,4,2,3,0-6m,1,No,1,0,2,70.3,220.4,-3.1666666666666714,0
7602-DBTOU,3,4,3,71,61m+,1,No,0,0,1,19.6,1416.5,-0.35070422535211065,0
5345-BMKWB,1,4,3,8,7-12m,1,No,0,0,1,20.25,158.35,0.4562500000000007,0
3519-ZKXGG,1,3,2,3,0-6m,1,Yes,1,0,3,75.85,256.6,-9.683333333333351,1
5457-COLHT,3,1,1,69,61m+,1,No,0,5,7,80.65,5542.55,0.3231884057971115,0
6416-TVAIH,1,3,2,1,0-6m,1,No,1,0,2,68.5,68.5,0.0,1
5451-YHYPW,3,2,2,72,61m+,1,Yes,1,6,9,115.75,8443.7,-1.5236111111111228,0
5108-ADXWO,1,3,2,11,7-12m,1,No,1,1,3,73.5,791.75,1.5227272727272663,1
7998-WNZEM,3,1,1,71,61m+,1,Yes,0,5,8,80.6,5708.2,0.202816901408454,0
3066-RRJIO,1,4,2,1,0-6m,1,No,1,0,2,69.95,69.95,0.0,1
4664-NJCMS,3,1,1,33,25-48m,0,No phone service,0,5,6,59.55,2016.3,-1.5500000000000043,0
0307-BCOPK,2,4,3,16,13-24m,1,No,0,0,1,19.05,326.65,-1.3656249999999979,0
7629-WFGLW,2,3,2,56,49-60m,1,Yes,0,4,7,95.65,5471.75,-2.059821428571425,0
2542-HYGIQ,1,2,3,1,0-6m,1,No,0,0,1,19.95,19.95,0.0,0
6715-OFDBP,1,3,1,5,0-6m,1,No,1,3,5,70.05,346.4,0.769999999999996,1
5016-LIPDW,2,4,3,57,49-60m,1,No,0,0,1,19.4,1061.6,0.7754385964912274,0
6481-LXPWL,2,2,1,56,49-60m,0,No phone service,1,2,3,36.1,1971.5,0.8946428571428555,0
1567-DSCIC,1,3,2,8,7-12m,1,Yes,1,3,6,94.0,773.65,-2.706249999999997,1
2150-UWTFY,1,4,1,22,13-24m,1,No,0,3,5,61.15,1422.05,-3.488636363636367,1
6124-ACRHJ,1,4,3,1,0-6m,1,No,0,0,1,19.75,19.75,0.0,0
9362-MWODR,1,2,1,40,25-48m,1,No,1,3,5,64.1,2460.35,2.591249999999995,0
9975-GPKZU,3,2,3,46,25-48m,1,No,0,0,1,19.75,856.5,1.1304347826086953,0
9625-RZFUK,3,4,3,63,61m+,1,No,0,0,1,19.7,1275.85,-0.5515873015873005,0
5153-LXKDT,3,3,2,68,61m+,1,Yes,1,5,8,110.2,7467.5,0.3838235294117709,0
5161-UBZXI,3,2,2,69,61m+,1,No,1,5,7,106.35,7261.75,1.107246376811588,0
1020-JPQOW,1,3,2,56,49-60m,1,Yes,0,3,6,90.55,5116.6,-0.8178571428571502,0
7919-ZODZZ,2,4,1,10,7-12m,1,No,1,3,5,65.9,660.05,-0.10499999999998977,0
0565-JUPYD,2,2,2,63,61m+,1,Yes,0,5,8,104.5,6590.8,-0.11587301587302079,0
6867-ACCZI,3,4,1,24,13-24m,0,No phone service,1,5,6,52.5,1208.15,2.160416666666663,0
5939-XAIXZ,1,4,1,19,13-24m,1,Yes,1,1,4,56.1,1033.9,1.6842105263157876,0
9054-FOWNV,1,3,2,22,13-24m,1,Yes,1,2,5,88.75,1885.15,3.0613636363636374,0
2683-BPJSO,1,3,2,29,25-48m,1,Yes,1,2,5,84.45,2467.1,-0.6224137931034477,1
2157-MXBJS,2,4,1,13,13-24m,1,Yes,1,3,6,75.3,989.45,-0.8115384615384613,1
8207-VVMYB,3,1,3,70,61m+,1,Yes,1,0,2,26.0,2006.95,-2.6707142857142863,0
9732-EQMWY,1,3,2,49,49-60m,1,No,0,4,6,99.4,5025.0,-3.1510204081632622,0
9360-AHGNL,2,4,2,43,25-48m,1,Yes,1,5,8,109.55,4830.25,-2.781395348837208,1
1087-UDSIH,1,4,3,3,0-6m,1,No,1,0,1,19.6,59.75,-0.31666666666666643,1
5269-NRGDP,2,3,1,42,25-48m,1,No,0,4,6,73.15,3088.25,-0.3797619047618923,0
6195-MELTI,2,4,1,57,49-60m,1,No,1,2,4,54.65,3134.7,-0.344736842105263,0
5485-WUYWF,1,1,1,2,0-6m,1,No,0,3,5,66.4,94.55,19.125000000000007,1
2121-JAFOM,3,2,2,72,61m+,1,Yes,1,6,9,115.55,8312.4,0.10000000000000853,0
8818-DOPVL,1,3,2,46,25-48m,1,Yes,1,4,7,104.45,4863.85,-1.2858695652173964,0
2632-UCGVD,1,2,2,66,61m+,1,Yes,1,3,6,100.05,6871.9,-4.069696969696963,1
5445-PZWGX,2,3,2,62,61m+,1,Yes,0,4,7,102.0,6529.25,-3.3104838709677438,1
1227-UDMZR,3,1,1,72,61m+,1,Yes,1,6,9,91.15,6637.9,-1.04305555555554,0
5198-HQAEN,2,3,2,35,25-48m,1,No,1,3,5,89.7,3165.6,-0.7457142857142856,0
9170-CCKOU,1,2,2,17,13-24m,1,Yes,0,3,6,90.2,1454.15,4.661764705882348,1
2167-FQSTQ,3,3,1,72,61m+,1,Yes,1,6,9,92.4,6786.1,-1.8513888888888914,0
2819-GWENI,2,4,3,28,25-48m,1,No,0,0,1,19.9,543.0,0.5071428571428562,0
1043-YCUTE,3,2,3,56,49-60m,1,Yes,1,0,2,25.15,1327.15,1.450892857142854,1
3814-MLAXC,1,2,2,31,25-48m,1,Yes,1,1,4,79.85,2404.15,2.296774193548373,1
3572-UUHRS,2,1,3,45,25-48m,1,No,0,0,1,18.85,867.3,-0.423333333333332,0
2692-PFYTJ,1,4,3,1,0-6m,1,Yes,1,0,2,25.75,25.75,0.0,0
1226-UDFZR,1,4,1,2,0-6m,1,No,1,1,3,49.6,114.7,-7.75,1
5955-EPOAZ,1,4,3,6,0-6m,1,No,1,0,1,20.95,109.5,2.6999999999999993,0
6821-JPCDC,2,3,2,48,25-48m,1,No,1,4,6,97.05,4692.95,-0.7197916666666657,0
8815-LMFLX,1,1,3,25,25-48m,1,Yes,1,0,2,25.4,546.85,3.5259999999999962,0
9135-HSWOC,3,1,3,64,61m+,1,No,1,0,1,19.7,1274.05,-0.20703125,0
8582-KRHPJ,1,4,1,50,49-60m,0,No phone service,1,2,3,35.0,1782.4,-0.6480000000000032,0
5811-IWXYM,2,1,2,52,49-60m,1,Yes,0,3,6,101.25,5301.1,-0.6942307692307708,0
7044-YAACC,1,3,2,4,0-6m,1,No,1,0,2,70.2,280.35,0.11249999999999716,0
8189-XRIKE,1,3,2,32,25-48m,1,No,0,2,4,90.95,2897.95,0.3890625000000085,0
1506-YJTYT,3,2,1,45,25-48m,1,Yes,0,4,7,73.85,3371.0,-1.0611111111111171,0
4123-DVHPH,1,3,2,9,7-12m,1,Yes,1,2,5,88.05,801.3,-0.9833333333333343,0
6425-YQLLO,2,2,2,66,61m+,1,Yes,1,4,7,105.95,6975.25,0.2643939393939405,1
5442-UTCVD,1,3,2,3,0-6m,1,Yes,0,2,5,91.85,257.05,6.166666666666657,1
2228-BZDEE,3,4,3,54,49-60m,1,No,0,0,1,20.1,1079.45,0.11018518518518405,0
7734-DBOAI,1,3,1,1,0-6m,0,No phone service,0,2,3,40.1,40.1,0.0,1
2789-CZANW,3,1,2,64,61m+,1,Yes,0,5,8,110.3,6997.3,0.9671874999999943,0
2091-RFFBA,1,3,2,31,25-48m,1,Yes,1,0,3,73.9,2217.15,2.3790322580645125,1
2114-MGINA,1,4,2,14,13-24m,1,No,1,2,4,89.8,1129.1,9.150000000000006,1
7596-LDUXP,2,2,2,12,7-12m,1,No,1,2,4,85.15,979.05,3.562500000000014,0
3740-RLMVT,2,1,1,67,61m+,1,No,1,3,5,60.95,4119.4,-0.5335820895522332,0
4489-SNOJF,1,3,1,35,25-48m,1,Yes,0,4,7,72.25,2568.55,-1.1371428571428623,1
2192-OZITF,3,4,1,45,25-48m,1,Yes,0,3,6,73.55,3349.1,-0.8744444444444497,0
5651-CPDND,1,4,1,10,7-12m,1,No,0,0,2,46.0,492.1,-3.210000000000001,0
2186-QZEYA,1,1,1,29,25-48m,1,Yes,1,2,5,58.55,1718.95,-0.724137931034484,0
1131-ALZWV,2,1,3,24,13-24m,1,Yes,0,0,2,24.6,605.25,-0.6187499999999986,0
7729-XBTWX,3,4,3,66,61m+,1,No,1,0,1,19.75,1344.5,-0.6212121212121211,0
9134-WYRVP,2,4,2,51,49-60m,1,No,0,2,4,86.35,4267.15,2.6803921568627516,0
3284-SVCRO,3,4,3,45,25-48m,1,Yes,0,0,2,25.5,1121.05,0.5877777777777773,0
9732-OUYRN,2,2,3,49,49-60m,1,No,0,0,1,19.0,918.7,0.25102040816326365,0
0559-CKHUS,3,4,3,29,25-48m,1,No,1,0,1,19.55,521.8,1.5568965517241402,0
2931-SVLTV,1,2,2,40,25-48m,1,Yes,1,5,8,110.1,4469.1,-1.627500000000012,0
6899-PPEEA,1,3,2,37,25-48m,1,Yes,1,2,5,96.55,3580.3,-0.21486486486487877,1
7504-UWHNB,1,3,2,25,25-48m,1,No,0,0,2,69.75,1729.35,0.5760000000000076,0
2582-FFFZR,1,3,1,22,13-24m,0,No phone service,1,3,4,50.6,1073.3,1.8136363636363697,0
8908-NMQTX,3,1,1,72,61m+,0,No phone service,1,6,7,65.6,4566.5,2.17638888888888,0
2187-LZGPL,1,2,1,7,7-12m,0,No phone service,1,2,3,40.1,293.3,-1.7999999999999972,1
1431-AIDJQ,3,2,1,33,25-48m,1,No,0,5,7,82.1,2603.1,3.2181818181818187,0
6288-LBEAR,1,4,2,23,13-24m,1,No,1,2,4,79.1,1783.75,1.5456521739130409,0
4597-NUCQV,1,3,2,24,13-24m,1,Yes,1,3,6,101.25,2440.15,-0.4229166666666657,1
9019-QVLZD,1,3,2,1,0-6m,1,No,0,1,3,79.55,79.55,0.0,1
8413-YNHNV,3,4,1,69,61m+,1,Yes,0,6,9,90.65,6322.1,-0.9746376811594217,0
5808-TOTXO,2,2,3,3,0-6m,1,No,1,0,1,20.55,57.4,1.4166666666666679,0
4369-NYSCF,2,1,1,56,49-60m,1,No,1,4,6,75.75,4284.65,-0.7616071428571303,0
6333-YDVLT,2,2,2,65,61m+,1,Yes,1,5,8,110.0,7138.65,0.17461538461539305,0
5324-KTGCG,2,3,3,71,61m+,1,No,0,0,1,20.85,1539.75,-0.8366197183098585,0
5599-HVLTW,1,1,2,14,13-24m,1,Yes,1,1,4,80.35,1058.1,4.771428571428572,0
7394-LWLYN,1,3,2,2,0-6m,1,No,1,0,2,70.15,123.8,8.250000000000007,0
3707-LRWZD,2,3,2,32,25-48m,1,Yes,0,1,4,84.05,2781.85,-2.8828125,1
6873-UDNLD,1,3,1,40,25-48m,1,No,0,3,5,67.45,2731.0,-0.8250000000000028,0
2700-LUEVA,1,2,3,1,0-6m,1,No,0,0,1,20.75,20.75,0.0,0
1455-ESIQH,1,3,2,1,0-6m,1,No,1,2,4,89.1,89.1,0.0,1
0958-YHXGP,1,4,2,7,7-12m,1,No,1,0,2,69.9,497.3,-1.1428571428571388,0
1101-SSWAG,1,3,1,15,13-24m,1,Yes,1,0,3,51.1,711.15,3.690000000000005,0
2979-SXESE,1,3,2,17,13-24m,1,Yes,0,3,6,94.4,1607.2,-0.1411764705882348,1
4013-TLDHQ,1,3,2,19,13-24m,1,No,1,2,4,78.25,1490.95,-0.2210526315789565,1
5743-KHMNA,3,1,3,71,61m+,1,Yes,0,0,2,25.55,1898.1,-1.1838028169014052,0
4194-FJARJ,3,1,1,54,49-60m,1,Yes,0,2,5,60.0,3273.95,-0.6287037037036995,0
5325-UWTWJ,1,2,2,31,25-48m,1,Yes,1,3,6,90.55,2929.75,-3.958064516129042,0
3969-GYXEL,1,3,2,11,7-12m,1,No,0,1,3,76.4,838.7,0.1545454545454561,0
9208-OLGAQ,1,3,2,18,13-24m,1,No,1,2,4,84.95,1443.65,4.74722222222222,0
3244-CQPHU,3,1,2,72,61m+,1,Yes,1,5,8,110.1,7746.7,2.506944444444443,0
2674-MLXMN,1,2,2,71,61m+,1,Yes,1,3,6,99.65,6951.15,1.7464788732394538,0
9708-HPXWZ,1,2,1,5,0-6m,0,No phone service,0,3,4,45.4,214.75,2.4499999999999957,0
6992-TKNYO,2,2,1,38,25-48m,1,Yes,0,3,6,69.0,2669.45,-1.2486842105263065,0
4468-YDOVK,1,1,1,5,0-6m,1,No,1,1,3,48.65,235.2,1.6099999999999994,0
3754-DXMRT,1,3,1,2,0-6m,1,No,1,0,2,44.15,92.65,-2.1750000000000043,1
5792-JALQC,3,1,1,52,49-60m,1,Yes,0,2,5,59.85,3103.25,0.17211538461538822,0
7130-VTEWQ,1,3,2,8,7-12m,1,Yes,1,0,3,75.75,606.25,-0.03125,1
2200-DSAAL,3,3,1,68,61m+,1,Yes,1,4,7,80.65,5330.2,2.2647058823529562,0
4302-ZYFEL,2,2,3,69,61m+,1,No,1,0,1,20.55,1403.1,0.2152173913043498,0
9351-LZYGF,1,2,1,42,25-48m,1,Yes,1,3,6,66.4,2727.8,1.452380952380949,0
4366-CTOUZ,3,4,2,50,49-60m,1,No,1,4,6,100.2,5038.45,-0.5689999999999884,0
6121-VZNQB,1,4,3,1,0-6m,1,No,1,0,1,19.1,19.1,0.0,1
7903-CMPEY,1,3,2,1,0-6m,1,Yes,1,1,4,80.3,80.3,0.0,1
1518-OMDIK,1,2,1,33,25-48m,1,No,1,0,2,44.55,1462.6,0.22878787878787676,0
6671-NGWON,1,4,3,7,7-12m,1,No,0,0,1,20.35,150.6,-1.164285714285711,0
0595-ITUDF,1,3,2,64,61m+,1,Yes,1,3,6,91.8,5960.5,-1.3328125000000028,0
6996-KNSML,1,3,2,1,0-6m,1,No,1,1,3,74.9,74.9,0.0,1
1955-IBMMB,3,1,3,59,49-60m,1,No,1,0,1,20.2,1192.3,-0.008474576271186862,0
0096-BXERS,1,3,1,6,0-6m,1,Yes,0,0,3,50.35,314.55,-2.075000000000003,0
3806-YAZOV,1,4,3,3,0-6m,1,No,0,0,1,18.8,56.0,0.13333333333333286,0
7998-ZLXWN,1,2,3,15,13-24m,1,No,0,0,1,20.45,330.8,-1.6033333333333353,0
6253-WRFHY,2,3,1,13,13-24m,1,No,1,2,4,64.75,877.35,-2.738461538461536,0
9133-AYJZG,1,2,2,23,13-24m,1,Yes,1,3,6,98.7,2249.1,0.9130434782608745,0
2675-OTVVJ,1,3,2,31,25-48m,1,Yes,0,2,5,89.45,2807.65,-1.1193548387096826,0
8680-CGLTP,2,3,1,29,25-48m,1,No,1,3,5,58.75,1696.2,0.26034482758620214,0
8430-TWCBX,2,2,3,49,49-60m,1,No,0,0,1,20.7,1032.05,-0.362244897959183,0
5018-GWURO,1,1,2,56,49-60m,1,Yes,1,1,4,85.6,4902.8,-1.9500000000000028,0
6741-QRLUP,3,2,1,63,61m+,1,Yes,1,5,8,80.3,4995.35,1.0087301587301454,0
4737-HOBAX,3,2,1,63,61m+,1,Yes,0,4,7,79.8,5034.05,-0.10555555555555429,0
0537-QYZZN,1,3,2,24,13-24m,1,Yes,1,1,4,79.85,1857.75,2.4437499999999943,0
3340-QBBFM,2,2,1,36,25-48m,1,No,0,2,4,54.1,1992.85,-1.2569444444444429,0
1704-NRWYE,1,3,2,9,7-12m,1,No,1,1,3,80.85,751.65,-2.6666666666666714,1
2592-SEIFQ,1,3,1,3,0-6m,0,No phone service,0,0,1,24.75,66.95,2.4333333333333336,1
8200-KLNYW,2,4,1,21,13-24m,1,No,0,5,7,80.9,1714.95,-0.7642857142857054,0
3372-CDXFJ,2,1,3,13,13-24m,1,Yes,0,0,2,24.5,343.6,-1.9307692307692328,0
4781-ZXYGU,1,1,3,1,0-6m,1,No,1,0,1,20.15,20.15,0.0,0
7632-YUTXB,2,4,3,25,25-48m,1,No,0,0,1,20.05,520.1,-0.7540000000000013,0
2718-YSKCS,3,1,3,71,61m+,1,No,1,0,1,19.6,1387.45,0.058450704225354144,0
9896-UYMIE,2,1,2,66,61m+,1,Yes,1,6,9,114.3,7383.7,2.4257575757575722,0
0853-NWIFK,2,3,2,45,25-48m,1,No,1,4,6,100.3,4483.95,0.6566666666666663,0
8212-CRQXP,1,2,2,22,13-24m,1,No,1,1,3,80.0,1706.45,2.434090909090912,0
6980-CDGFC,2,1,3,67,61m+,1,No,1,0,1,20.85,1327.4,1.0380597014925357,0
7691-XVTZH,3,1,2,68,61m+,1,Yes,1,2,5,89.95,5974.3,2.0926470588235304,0
2520-SGTTA,3,4,3,0,0-6m,1,No,0,0,1,20.0,0.0,0.0,0
7481-ATQQS,1,2,2,49,49-60m,1,Yes,1,2,5,90.85,4515.85,-1.310204081632662,1
2277-VWCNI,1,4,1,4,0-6m,1,Yes,0,0,3,48.75,179.85,3.7875000000000014,0
1088-CNNKB,2,2,1,63,61m+,1,Yes,0,5,8,80.0,5040.2,-0.0031746031745996106,0
8642-GVWRF,1,1,2,2,0-6m,1,No,0,2,4,79.7,165.0,-2.799999999999997,1
1930-BZLHI,2,4,3,21,13-24m,1,No,1,0,1,20.35,422.7,0.22142857142857508,0
3400-ESFUW,3,1,1,55,49-60m,1,No,0,3,5,57.55,3046.4,2.1609090909090867,1
5868-YTYKS,1,4,3,1,0-6m,1,No,1,0,1,20.25,20.25,0.0,0
3525-DVKFN,3,4,3,17,13-24m,1,No,0,0,1,19.4,358.05,-1.661764705882355,0
1482-OXZSY,1,1,2,30,25-48m,1,Yes,1,3,6,100.4,2936.25,2.5250000000000057,0
0377-JBKKT,1,4,1,22,13-24m,1,No,1,3,5,57.95,1271.8,0.14090909090909776,0
5778-BVOFB,1,1,1,9,7-12m,1,No,1,2,4,59.5,530.05,0.6055555555555614,0
3373-YZZYM,1,4,3,1,0-6m,1,No,0,0,1,19.2,19.2,0.0,0
2057-ZBLPD,1,3,2,21,13-24m,1,Yes,1,1,4,86.5,1808.7,0.37142857142856656,1
0228-MAUWC,1,3,1,19,13-24m,1,Yes,0,2,5,59.55,1144.6,-0.6921052631578917,0
5502-RLUYV,1,3,2,69,61m+,1,Yes,1,4,7,103.95,7446.9,-3.9760869565217263,1
0023-HGHWL,1,3,1,1,0-6m,0,No phone service,1,0,1,25.1,25.1,0.0,1
7663-YJHSN,3,1,2,72,61m+,1,Yes,1,5,8,103.95,7556.9,-1.0069444444444429,0
4915-BFSXL,3,2,1,70,61m+,1,Yes,0,3,6,68.95,4858.7,-0.45999999999999375,0
3086-RUCRN,1,1,2,66,61m+,1,Yes,1,5,8,103.1,6595.0,3.1757575757575722,0
5215-LNLDJ,1,3,1,7,7-12m,0,No phone service,1,0,1,24.7,149.05,3.407142857142855,0
7576-JMYWV,1,3,2,46,25-48m,1,Yes,1,5,8,110.2,4972.1,2.110869565217385,0
9039-RBEEE,1,2,1,39,25-48m,0,No phone service,1,4,5,48.95,1880.85,0.7230769230769312,1
0257-KXZGU,1,1,1,32,25-48m,1,Yes,0,2,5,62.45,2045.55,-1.4734374999999957,0
1307-ATKGB,1,3,2,24,13-24m,1,No,1,3,5,89.55,2187.15,-1.5812500000000114,0
8417-FMLZI,1,2,2,6,0-6m,1,No,1,2,4,83.55,477.55,3.9583333333333286,1
3714-XPXBW,1,2,1,37,25-48m,1,Yes,1,5,8,78.9,2976.95,-1.558108108108101,0
1850-AKQEP,1,4,3,8,7-12m,1,No,0,0,1,20.35,178.7,-1.9874999999999972,0
2824-DXNKN,3,1,1,72,61m+,1,Yes,1,3,6,71.45,5025.85,1.6465277777777771,0
5227-JSCFE,3,2,1,71,61m+,0,No phone service,0,4,5,46.35,3353.4,-0.8809859154929569,0
0848-ZGQIJ,1,1,2,16,13-24m,1,No,1,3,5,94.65,1461.15,3.328125,0
3621-CHYVB,1,1,1,57,49-60m,0,No phone service,1,4,5,49.9,2782.4,1.0859649122807014,0
8042-RNLKO,2,1,3,66,61m+,1,Yes,0,0,2,25.45,1699.15,-0.2946969696969717,0
1792-UXAFY,1,3,2,17,13-24m,1,No,1,3,5,89.15,1496.9,1.0970588235294088,1
5372-FBKBN,1,4,3,21,13-24m,1,No,0,0,1,20.75,452.2,-0.7833333333333314,0
0420-TXVSG,3,2,1,66,61m+,1,Yes,1,3,6,66.1,4428.45,-0.9977272727272748,0
6217-TOWGS,1,1,1,17,13-24m,1,Yes,1,3,6,75.4,1322.55,-2.397058823529406,0
0515-YPMCW,1,4,2,1,0-6m,1,No,1,0,2,70.45,70.45,0.0,1
0378-XSZPU,2,2,1,58,49-60m,1,No,0,3,5,60.3,3563.8,-1.144827586206901,1
1045-LTCYT,1,2,3,8,7-12m,1,No,0,0,1,21.05,139.75,3.5812500000000007,0
1544-JJMYL,2,2,1,27,25-48m,1,No,0,4,6,69.35,1927.3,-2.0314814814814923,0
4636-JGAAI,1,4,2,34,25-48m,1,Yes,0,2,5,88.85,3000.25,0.6073529411764582,0
6874-SGLHU,2,1,2,30,25-48m,1,No,1,3,5,97.0,3021.3,-3.710000000000008,0
5951-AOFIH,1,2,1,33,25-48m,1,No,1,3,5,66.4,2245.4,-1.6424242424242408,0
4729-XKASR,1,3,1,1,0-6m,0,No phone service,0,0,1,24.75,24.75,0.0,1
3059-NGMXB,1,4,1,14,13-24m,1,Yes,0,3,6,69.2,944.65,1.7250000000000085,0
8652-YHIYU,2,2,2,16,13-24m,1,Yes,1,1,4,79.5,1264.2,0.48749999999999716,0
5278-PNYOX,3,2,2,49,49-60m,1,No,0,4,6,100.65,4917.75,0.2877551020408191,0
5449-FIBXJ,1,3,2,19,13-24m,1,Yes,0,4,7,103.3,2012.7,-2.631578947368425,1
3486-HOOGQ,3,1,1,70,61m+,1,Yes,0,5,8,79.7,5743.3,-2.347142857142856,0
5061-PBXFW,1,1,1,32,25-48m,1,No,0,3,5,61.4,1864.65,3.1296874999999957,0
8630-FJLIB,1,3,2,18,13-24m,1,No,1,0,2,69.8,1221.65,1.930555555555543,0
3891-NLXJB,3,4,1,37,25-48m,0,No phone service,1,3,4,40.55,1390.85,2.9594594594594597,0
4749-OJKQU,1,3,2,4,0-6m,1,Yes,1,0,3,75.65,302.35,0.0625,0
0577-WHMEV,1,3,2,16,13-24m,1,Yes,0,3,6,90.7,1374.9,4.768749999999997,0
5453-AXEPF,1,1,2,17,13-24m,1,Yes,1,1,4,80.5,1336.9,1.8588235294117652,0
3639-XJHKQ,1,3,1,19,13-24m,1,No,1,3,5,60.6,1297.8,-7.705263157894727,0
3716-LRGXK,3,2,2,60,49-60m,1,Yes,0,3,6,101.15,6067.4,0.026666666666685046,0
2263-SFSQZ,3,4,3,51,49-60m,1,Yes,1,0,2,24.95,1222.25,0.9843137254901961,0
9950-MTGYX,3,2,3,28,25-48m,1,No,1,0,1,20.3,487.95,2.873214285714287,0
3397-AVTKU,3,3,1,43,25-48m,1,No,1,2,4,60.0,2548.55,0.7313953488372036,0
4825-FUREZ,3,3,3,42,25-48m,1,No,0,0,1,20.25,835.5,0.35714285714285765,0
9837-BMCLM,1,3,2,3,0-6m,1,No,1,1,3,78.5,242.05,-2.183333333333337,1
2672-OJQZP,1,4,1,1,0-6m,1,No,0,0,2,44.75,44.75,0.0,0
0137-UDEUO,1,4,3,3,0-6m,1,No,0,0,1,19.85,63.75,-1.3999999999999986,1
3134-DSHVC,3,2,2,63,61m+,1,Yes,0,4,7,98.0,6218.45,-0.7055555555555486,0
6161-UUUTA,1,3,2,3,0-6m,1,No,1,1,3,79.9,260.9,-7.066666666666649,1
7821-DPRQE,1,3,2,68,61m+,1,Yes,1,5,8,107.7,7320.9,0.0397058823529477,0
6543-XRMYR,1,3,2,30,25-48m,1,Yes,1,3,6,99.7,2967.35,0.7883333333333411,1
2001-EWBQU,3,3,2,60,49-60m,1,Yes,0,4,7,104.7,6333.8,-0.8633333333333297,0
4925-LMHOK,1,2,1,15,13-24m,1,Yes,1,2,5,58.6,939.7,-4.046666666666667,1
1608-GMEWB,1,1,2,45,25-48m,1,Yes,1,2,5,93.9,4200.25,0.5611111111111171,0
6695-AMZUF,3,2,1,70,61m+,1,No,0,6,8,86.45,5950.2,1.4471428571428646,0
1455-UGQVH,1,3,2,10,7-12m,1,Yes,1,3,6,98.5,1037.75,-5.275000000000006,1
8410-BGQXN,1,4,3,4,0-6m,1,No,0,0,1,19.4,93.4,-3.950000000000003,0
8280-MQRQN,1,4,1,1,0-6m,1,No,1,1,3,50.45,50.45,0.0,1
1619-YWUBB,3,2,3,68,61m+,1,Yes,1,0,2,24.95,1614.9,1.201470588235292,0
7611-YKYTC,1,1,2,22,13-24m,1,No,0,1,3,75.0,1573.95,3.4568181818181785,0
2037-SGXHH,1,3,2,38,25-48m,1,Yes,1,3,6,94.65,3624.3,-0.7263157894736878,1
3178-FESZO,1,2,2,1,0-6m,1,Yes,1,3,6,100.25,100.25,0.0,1
0365-GXEZS,1,3,2,18,13-24m,1,No,0,2,4,78.2,1468.75,-3.3972222222222257,0
0082-OQIQY,1,3,2,29,25-48m,1,No,1,3,5,94.2,2607.6,4.282758620689663,0
6087-MVHJH,1,3,2,16,13-24m,1,Yes,1,2,5,88.45,1422.1,-0.4312499999999915,1
4603-JANFB,1,3,2,1,0-6m,1,No,1,0,2,69.85,69.85,0.0,1
3018-TFTSU,1,1,2,12,7-12m,1,No,0,2,4,81.7,858.6,10.150000000000006,1
3606-SBKRY,2,3,1,31,25-48m,0,No phone service,1,3,4,50.05,1523.4,0.9080645161290235,0
4806-KEXQR,1,3,2,4,0-6m,1,No,1,1,3,79.9,324.3,-1.1749999999999972,1
0667-NSRGI,2,4,1,48,25-48m,1,Yes,1,3,6,69.55,3435.6,-2.0250000000000057,0
7083-YNSKY,1,2,3,15,13-24m,1,Yes,1,0,2,25.4,399.6,-1.240000000000002,1
6893-ODYYE,2,2,2,50,49-60m,1,No,1,4,6,90.1,4549.45,-0.8889999999999958,0
8242-JSVBO,1,1,1,7,7-12m,1,No,1,0,2,44.65,322.5,-1.4214285714285708,0
2479-BRAMR,1,1,2,41,25-48m,1,Yes,1,2,5,83.75,3273.55,3.9073170731707307,1
9541-ZPSEA,3,2,2,68,61m+,1,No,0,2,4,80.35,5375.15,1.303676470588229,0
2665-NPTGL,1,1,2,26,25-48m,1,Yes,1,3,6,98.1,2510.7,1.5346153846153925,0
1139-WUOAH,3,2,1,57,49-60m,0,No phone service,0,4,5,53.35,3090.05,-0.8614035087719287,0
4693-VWVBO,1,3,3,3,0-6m,1,No,0,0,1,19.55,61.05,-0.7999999999999972,0
7434-SHXLS,1,4,3,1,0-6m,1,No,0,0,1,20.9,20.9,0.0,1
6937-GCDGQ,2,1,1,19,13-24m,1,No,1,1,3,48.95,955.6,-1.344736842105263,0
0988-JRWWP,1,3,1,3,0-6m,1,No,1,1,3,54.2,140.4,7.399999999999999,0
5075-JSDKI,3,3,3,59,49-60m,1,Yes,0,0,2,24.45,1493.1,-0.8567796610169474,0
7908-QCBCA,1,4,2,1,0-6m,1,No,1,0,2,69.4,69.4,0.0,1
8644-XYTSV,1,1,1,42,25-48m,0,No phone service,1,2,3,40.15,1626.05,1.4345238095238102,0
6711-FLDFB,1,3,2,7,7-12m,1,Yes,1,0,3,74.9,541.15,-2.407142857142844,1
3873-WOSBC,3,2,3,67,61m+,1,Yes,0,0,2,25.6,1784.9,-1.040298507462687,0
7465-ZZRVX,1,3,2,1,0-6m,1,No,1,0,2,70.35,70.35,0.0,0
7975-JMZNT,3,1,1,66,61m+,1,Yes,0,6,9,91.7,6075.9,-0.35909090909089514,0
7251-XFOIL,1,4,2,61,61m+,1,Yes,0,2,5,89.2,5500.6,-0.973770491803279,0
4116-IQRFR,2,2,3,4,0-6m,1,Yes,0,0,2,24.1,73.1,5.825000000000003,0
3714-JTVOV,1,2,2,42,25-48m,1,No,1,1,3,74.15,3229.4,-2.740476190476187,1
8259-DZLIZ,2,1,1,64,61m+,1,Yes,1,1,4,53.85,3399.85,0.7273437500000028,0
0442-ZXKVS,2,1,2,54,49-60m,1,Yes,1,6,9,115.6,6431.05,-3.4935185185185276,0
7853-WNZSY,1,2,3,1,0-6m,1,No,1,0,1,19.75,19.75,0.0,0
3120-FAZKD,3,1,3,54,49-60m,1,Yes,1,0,2,24.05,1230.9,1.2555555555555529,0
8606-OEGQZ,3,2,3,18,13-24m,1,Yes,0,0,2,25.3,454.65,0.04166666666666785,0
0225-ZORZP,1,3,2,3,0-6m,1,No,0,2,4,84.3,235.05,5.949999999999989,0
4702-IOQDC,1,3,2,1,0-6m,1,No,1,0,2,70.1,70.1,0.0,1
9489-JMTTN,3,2,1,72,61m+,1,Yes,0,6,9,89.75,6595.9,-1.8597222222222172,0
0575-CUQOV,2,3,2,60,49-60m,1,No,1,4,6,97.95,5867.0,0.1666666666666714,0
0967-BMLBD,2,4,3,11,7-12m,1,No,1,0,1,20.0,196.35,2.150000000000002,0
6178-KFNHS,1,3,2,12,7-12m,1,Yes,1,1,4,78.3,909.25,2.5291666666666686,1
2830-LEWOA,2,2,2,61,61m+,1,No,0,5,7,103.9,6449.15,-1.8237704918032733,0
5006-MXVRN,3,2,3,39,25-48m,1,No,0,0,1,20.7,762.45,1.1499999999999986,0
1264-BYWMS,1,3,2,55,49-60m,1,Yes,1,2,5,96.8,5283.95,0.7281818181818238,1
9658-WYUFB,1,3,2,17,13-24m,1,Yes,1,3,6,94.4,1617.5,-0.7470588235294002,1
8327-WKMIE,2,2,3,37,25-48m,1,No,0,0,1,20.15,785.75,-1.0864864864864892,0
6917-FIJHC,3,4,3,72,61m+,1,Yes,1,0,2,26.0,1776.0,1.3333333333333321,0
5329-KRDTM,3,2,1,72,61m+,1,Yes,0,4,7,77.35,5396.25,2.402083333333323,0
7797-EJMDP,1,1,1,8,7-12m,1,No,0,3,5,66.05,574.5,-5.762500000000003,0
3530-VWVGU,1,4,3,22,13-24m,1,No,0,0,1,19.9,400.3,1.7045454545454533,0
2013-SGDXK,1,3,2,1,0-6m,1,No,0,2,4,84.3,84.3,0.0,1
6368-NWMCE,1,2,1,38,25-48m,1,Yes,0,3,6,68.15,2656.3,-1.7526315789473728,0
3633-CDBUW,2,3,1,17,13-24m,1,No,0,5,7,80.85,1445.95,-4.205882352941188,0
0707-HOVVN,3,1,1,70,61m+,1,Yes,1,4,7,75.5,5212.65,1.0335714285714346,0
8580-QVLOC,3,2,1,72,61m+,1,Yes,0,6,9,92.45,6440.25,3.0020833333333314,1
3956-MGXOG,1,3,2,28,25-48m,1,No,1,1,3,80.6,2244.95,0.42321428571428044,0
9274-UARKJ,1,1,2,15,13-24m,1,No,1,2,4,83.2,1130.0,7.866666666666674,0
4077-HWUYD,3,1,1,72,61m+,1,Yes,1,6,9,87.55,6463.15,-2.21597222222222,0
2012-NWRPA,1,3,2,11,7-12m,1,Yes,1,3,6,99.55,1131.2,-3.286363636363646,1
8808-ELEHO,1,3,2,8,7-12m,1,Yes,1,1,4,81.25,585.95,8.006249999999994,1
0103-CSITQ,2,1,2,57,49-60m,1,Yes,1,5,8,109.4,6252.7,-0.2964912280701668,0
3506-LCJDC,1,1,3,1,0-6m,1,No,0,0,1,19.95,19.95,0.0,1
8671-KKKOS,1,3,1,46,25-48m,0,No phone service,0,3,4,45.55,2062.15,0.720652173913038,0
7305-ZWMAJ,2,2,3,30,25-48m,1,No,0,0,1,20.7,587.1,1.129999999999999,0
9518-XXBXE,1,3,2,10,7-12m,1,No,0,1,3,75.3,720.45,3.2549999999999955,0
3934-HXCFZ,1,3,2,23,13-24m,1,Yes,1,4,7,99.25,2186.4,4.189130434782598,1
6578-KRMAW,1,2,2,32,25-48m,1,No,1,4,6,93.4,2979.3,0.296875,0
4860-IJUDE,1,2,2,13,13-24m,1,No,1,1,3,73.75,956.65,0.16153846153846985,0
7666-WKRON,3,3,2,39,25-48m,1,No,1,2,4,80.45,3201.55,-1.6410256410256494,1
9688-YGXVR,1,2,2,44,25-48m,1,No,1,3,5,88.15,3973.2,-2.1499999999999915,0
0423-UDIJQ,1,4,1,9,7-12m,1,No,0,1,3,49.2,447.9,-0.5666666666666629,0
1945-XISKS,3,4,3,67,61m+,1,No,0,0,1,19.65,1335.2,-0.27835820895522545,0
4910-AQFFX,1,1,2,9,7-12m,1,Yes,1,1,4,79.35,661.25,5.877777777777766,1
2154-KVJFF,1,3,2,15,13-24m,1,Yes,1,1,4,79.75,1111.85,5.626666666666679,1
5360-LJCNJ,3,1,2,71,61m+,1,Yes,1,4,7,105.15,7555.0,-1.2584507042253534,0
2607-FBDFF,1,2,1,1,0-6m,1,No,0,1,3,49.0,49.0,0.0,0
9647-ERGBE,1,3,2,30,25-48m,1,Yes,1,3,6,100.05,3046.15,-1.488333333333344,1
3428-XZMAZ,1,3,2,1,0-6m,1,No,1,0,2,69.35,69.35,0.0,1
1100-DDVRV,1,4,1,17,13-24m,0,No phone service,1,3,4,49.8,836.35,0.602941176470587,0
0378-TOVMS,1,3,2,3,0-6m,1,No,0,2,4,85.8,272.2,-4.933333333333337,1
4355-HBJHH,3,3,1,67,61m+,1,Yes,1,4,7,79.7,5293.4,0.6940298507462757,1
6728-WYQBC,1,1,3,1,0-6m,1,No,0,0,1,20.95,20.95,0.0,0
9058-CBREO,1,4,1,1,0-6m,1,Yes,0,0,3,50.55,50.55,0.0,1
9029-FEGVJ,1,4,2,32,25-48m,1,Yes,0,1,4,79.3,2570.0,-1.0125000000000028,0
7216-KAOID,2,1,3,41,25-48m,1,No,0,0,1,19.5,798.2,0.031707317073170316,0
0318-QUUOB,1,3,2,1,0-6m,1,No,1,1,3,80.55,80.55,0.0,1
6145-NNPNO,1,1,1,1,0-6m,1,No,0,0,2,44.15,44.15,0.0,0
5520-FVEWJ,1,3,2,12,7-12m,1,Yes,1,2,5,84.5,916.9,8.091666666666669,1
5339-TJFEK,1,3,2,62,61m+,1,Yes,1,4,7,105.5,6487.2,0.8677419354838776,0
5572-ZDXHY,1,4,2,22,13-24m,1,No,1,2,4,84.3,1855.65,-0.04772727272728616,1
2074-GUHPQ,1,2,2,17,13-24m,1,Yes,1,3,6,92.7,1556.85,1.1205882352941217,0
4625-XMOYM,3,1,3,72,61m+,1,Yes,1,0,2,26.25,1988.05,-1.3618055555555557,0
5827-MWCZK,1,2,2,56,49-60m,1,Yes,1,3,6,96.95,5432.2,-0.05357142857141639,0
1385-TQOZW,1,2,3,9,7-12m,1,No,1,0,1,20.45,147.55,4.055555555555554,0
5914-XRFQB,3,1,2,72,61m+,1,Yes,1,6,9,115.8,8424.9,-1.2124999999999915,0
4329-YPDDQ,1,1,2,20,13-24m,1,No,1,6,8,108.2,2203.7,-1.9849999999999852,0
4804-NCPET,3,4,3,19,13-24m,1,No,0,0,1,20.2,387.4,-0.18947368421052602,0
3750-CKVKH,1,3,2,2,0-6m,1,No,1,0,2,67.75,116.65,9.424999999999997,1
5944-UGLLK,2,2,1,53,49-60m,0,No phone service,0,4,5,54.9,3045.75,-2.566981132075476,0
8063-GBATB,1,3,2,27,25-48m,1,Yes,1,1,4,85.25,2287.25,0.5370370370370381,1
7787-BNTZM,1,1,3,6,0-6m,1,No,0,0,1,20.15,130.5,-1.6000000000000014,0
2252-ISRNH,2,3,2,9,7-12m,1,Yes,1,2,5,90.35,767.9,5.0277777777777715,0
9415-TPKRV,1,3,1,8,7-12m,1,Yes,0,1,4,55.75,446.8,-0.10000000000000142,0
5322-TEUJK,3,1,2,71,61m+,1,Yes,0,6,9,114.6,8100.25,0.5119718309859138,0
4547-KQRTM,1,1,2,10,7-12m,1,Yes,1,1,4,80.05,830.7,-3.0200000000000102,1
4877-EVATK,1,4,3,1,0-6m,1,No,0,0,1,20.0,20.0,0.0,1
1866-DIOQZ,2,1,1,71,61m+,0,No phone service,0,6,7,66.8,4689.15,0.7556338028169023,0
8375-KVTHK,2,3,2,68,61m+,1,No,1,4,6,100.3,6754.35,0.9713235294117624,0
2697-NQBPF,1,3,2,34,25-48m,1,Yes,1,4,7,105.35,3540.65,1.2132352941176379,0
3709-OIJEA,2,3,2,26,25-48m,1,No,1,3,5,85.2,2184.6,1.1769230769230887,0
7639-SUPCW,1,2,1,22,13-24m,1,No,1,1,3,48.8,1054.6,0.8636363636363669,1
1386-ZIKUV,1,4,3,7,7-12m,1,No,1,0,1,18.95,130.55,0.29999999999999716,0
0599-XNYDO,1,1,2,20,13-24m,1,No,1,0,2,69.8,1540.35,-7.217500000000001,0
6377-WHAOX,1,3,2,60,49-60m,1,Yes,1,4,7,106.15,6411.25,-0.7041666666666657,0
6855-VLGOS,3,3,3,72,61m+,1,No,0,0,1,20.55,1432.55,0.6534722222222236,0
8999-XXGNS,2,2,2,72,61m+,1,Yes,1,4,7,105.75,7629.85,-0.2201388888888971,0
8746-OQQRW,1,4,3,4,0-6m,1,Yes,0,0,2,25.25,101.9,-0.22500000000000142,0
3181-MIZBN,1,3,3,16,13-24m,1,No,0,0,1,19.75,313.4,0.16250000000000142,0
0471-ARVMX,2,3,2,62,61m+,1,Yes,1,4,7,104.85,6312.9,3.029032258064518,0
7766-CLTIC,1,4,1,10,7-12m,1,No,1,2,4,60.95,629.55,-2.0049999999999955,0
5650-YLIBA,1,3,2,31,25-48m,1,Yes,1,1,4,81.15,2640.55,-4.029032258064518,0
0825-CPPQH,3,2,3,71,61m+,1,No,0,0,1,19.1,1372.45,-0.23028169014084554,0
9084-OAYKL,3,4,3,58,49-60m,1,No,0,0,1,20.8,1212.25,-0.1008620689655153,0
6122-LJADA,3,2,1,70,61m+,1,Yes,1,6,9,90.15,6237.05,1.0492857142857162,0
2400-XIWIO,3,3,1,71,61m+,1,Yes,0,6,9,90.1,6310.9,1.2140845070422586,0
7524-VRLPL,3,2,1,69,61m+,1,Yes,0,4,7,74.1,5031.0,1.1869565217391198,0
1069-XAIEM,1,3,2,1,0-6m,1,Yes,1,1,4,85.05,85.05,0.0,1
7569-NMZYQ,3,1,2,72,61m+,1,Yes,1,6,9,118.75,8672.45,-1.7006944444444514,0
5201-USSQZ,1,2,2,26,25-48m,1,No,0,2,4,85.9,2196.45,1.4211538461538566,0
2105-PHWON,1,2,2,33,25-48m,1,Yes,1,3,6,95.0,3008.15,3.8439393939393938,0
1494-EJZDW,3,4,3,10,7-12m,1,No,0,0,1,20.15,220.8,-1.9300000000000033,0
4884-TVUQF,3,2,2,57,49-60m,1,Yes,0,4,7,101.3,5779.6,-0.09649122807017818,0
8003-EWNDZ,1,3,3,10,7-12m,1,No,1,0,1,21.2,222.65,-1.0650000000000013,0
1897-RCFUM,2,4,3,39,25-48m,1,Yes,1,0,2,24.2,914.6,0.7487179487179461,0
9256-JTBNZ,1,1,3,11,7-12m,1,No,0,0,1,20.3,246.3,-2.09090909090909,0
4658-HCOHW,1,3,2,21,13-24m,1,No,1,5,7,102.8,2110.15,2.316666666666663,1
2211-RMNHO,3,1,1,68,61m+,1,Yes,0,5,8,85.3,5560.0,3.535294117647055,0
2432-TFSMK,2,2,2,18,13-24m,1,Yes,1,2,5,89.6,1633.0,-1.1222222222222342,0
3440-JPSCL,1,4,2,6,0-6m,1,No,1,4,6,99.95,547.65,8.675000000000011,1
4929-ROART,1,4,1,18,13-24m,1,Yes,0,1,4,56.25,969.85,2.36944444444444,0
1834-ABKHQ,2,1,1,52,49-60m,1,No,1,1,3,50.95,2610.65,0.7451923076923066,0
1741-WTPON,3,4,2,56,49-60m,1,Yes,0,6,9,115.85,6567.9,-1.4339285714285666,0
3932-IJWDZ,1,1,2,45,25-48m,1,Yes,1,4,7,103.65,4747.85,-1.857777777777784,0
1240-HCBOH,3,4,3,67,61m+,1,Yes,1,0,2,26.1,1759.55,-0.16194029850746006,0
3594-KADLU,1,4,1,3,0-6m,0,No phone service,0,2,3,35.1,101.1,1.4000000000000057,0
8065-BVEPF,1,1,2,65,61m+,1,No,1,4,6,99.1,6496.15,-0.8407692307692258,0
3796-ENZGF,3,4,1,63,61m+,1,Yes,0,3,6,67.25,4234.15,0.04126984126985178,0
1734-ZMNTZ,3,4,3,11,7-12m,1,Yes,0,0,2,25.0,300.7,-2.336363636363636,0
2853-CWQFQ,1,4,1,1,0-6m,1,No,1,2,4,59.55,59.55,0.0,0
0813-TAXXS,3,1,1,55,49-60m,1,Yes,1,3,6,77.8,4323.35,-0.806363636363642,0
2519-TWKFS,2,4,1,25,25-48m,1,Yes,1,1,4,55.1,1466.1,-3.543999999999997,0
2889-FPWRM,2,1,2,72,61m+,1,Yes,1,6,9,117.8,8684.8,-2.8222222222222086,1
0626-QXNGV,3,2,3,72,61m+,1,Yes,1,0,2,24.15,1776.45,-0.5229166666666671,0
6723-CEGQI,3,4,1,65,61m+,0,No phone service,0,3,4,45.25,2933.95,0.1123076923076951,0
6987-XQSJT,1,3,2,54,49-60m,1,Yes,1,1,4,79.5,4370.25,-1.4305555555555571,1
4732-RRJZC,1,4,3,7,7-12m,1,No,0,0,1,20.25,144.35,-0.3714285714285701,0
9499-XPZXM,3,1,1,72,61m+,1,Yes,0,3,6,64.75,4804.75,-1.9826388888888857,0
4338-EYCER,1,1,1,21,13-24m,1,No,0,1,3,54.6,1125.2,1.019047619047619,0
3007-FDPEA,1,1,3,2,0-6m,1,No,1,0,1,20.7,39.85,0.7749999999999986,0
6350-XFYGW,1,3,2,4,0-6m,1,No,1,3,5,94.75,422.4,-10.849999999999994,0
4290-BSXUX,1,1,2,3,0-6m,1,Yes,1,1,4,79.65,251.75,-4.266666666666666,1
8513-OLYGY,3,2,2,72,61m+,1,Yes,0,6,9,115.8,8332.15,0.07569444444445139,0
0311-QYWSS,1,3,1,6,0-6m,1,No,1,1,3,49.45,314.6,-2.9833333333333343,0
8705-DWKTI,1,2,2,52,49-60m,1,No,1,2,4,83.8,4331.4,0.5038461538461547,0
8755-IWJHN,1,1,2,69,61m+,1,Yes,1,3,6,95.35,6382.0,2.857246376811588,0
0325-XBFAC,1,3,2,8,7-12m,1,No,1,3,5,94.7,740.3,2.1625000000000085,1
4480-QQRHC,1,1,2,8,7-12m,1,No,1,1,3,74.05,600.15,-0.96875,0
0929-PECLO,1,1,2,63,61m+,1,Yes,1,2,5,89.6,5538.8,1.6825396825396695,0
3680-CTHUH,2,2,2,60,49-60m,1,Yes,1,6,9,116.6,7049.5,-0.8916666666666657,0
1202-KKGFU,1,1,1,12,7-12m,1,No,0,2,4,54.2,690.5,-3.3416666666666615,0
6112-KTHFQ,1,4,3,13,13-24m,1,No,1,0,1,19.3,279.3,-2.184615384615384,0
1852-XEMDW,1,4,1,22,13-24m,1,Yes,0,3,6,65.05,1427.55,0.1613636363636317,0
2462-XIIJB,1,3,2,5,0-6m,1,Yes,1,2,5,92.5,452.7,1.960000000000008,1
4760-XOHVN,1,4,3,1,0-6m,1,No,0,0,1,19.45,19.45,0.0,1
1820-DJFPH,3,1,3,72,61m+,1,Yes,1,0,2,24.05,1709.15,0.311805555555555,0
9426-SXNHE,1,1,3,2,0-6m,1,No,0,0,1,18.75,53.15,-7.824999999999999,0
9068-FHQHD,3,1,3,40,25-48m,1,No,0,0,1,20.15,777.35,0.7162499999999987,0
1269-FOYWN,2,1,3,44,25-48m,1,No,0,0,1,20.0,860.85,0.43522727272727124,0
9470-YFUYI,2,1,1,71,61m+,1,No,1,4,6,71.0,5012.1,0.40704225352112644,0
7817-BOQPW,1,3,2,2,0-6m,1,Yes,1,0,3,75.55,166.3,-7.6000000000000085,1
7402-EYFXX,1,3,2,26,25-48m,1,Yes,1,2,5,93.6,2404.1,1.1346153846153868,0
1853-UDXBW,1,3,2,1,0-6m,1,No,1,0,2,70.0,70.0,0.0,1
9895-VFOXH,1,4,1,1,0-6m,0,No phone service,0,0,1,24.4,24.4,0.0,0
5458-CQJTA,3,1,1,65,61m+,1,No,1,4,6,74.8,4820.15,0.6438461538461553,1
1230-QAJDW,1,4,1,3,0-6m,1,Yes,1,2,5,65.25,209.9,-4.716666666666669,0
5701-ZIKJE,1,4,1,13,13-24m,1,No,1,1,3,50.55,610.75,3.5692307692307637,0
5219-YIPTK,1,3,2,33,25-48m,1,Yes,1,4,7,104.4,3409.6,1.0787878787878924,1
5032-MIYKT,1,4,2,1,0-6m,1,No,1,0,2,70.7,70.7,0.0,0
7396-VJUZB,1,4,1,4,0-6m,1,No,0,0,2,45.25,155.35,6.412500000000001,0
9717-QEBGU,1,3,2,2,0-6m,1,No,1,0,2,70.3,144.0,-1.7000000000000028,0
5172-RKOCB,3,2,2,72,61m+,1,Yes,1,5,8,108.95,7875.0,-0.42499999999999716,0
6509-TSGWN,1,4,3,37,25-48m,1,Yes,0,0,2,26.45,911.6,1.81216216216216,0
3540-RZJYU,1,3,2,15,13-24m,1,No,0,2,4,86.2,1270.2,1.519999999999996,1
3178-CIFOT,2,2,3,23,13-24m,1,No,1,0,1,19.65,478.1,-1.1369565217391333,0
2091-MJTFX,1,2,1,30,25-48m,0,No phone service,0,3,4,51.2,1561.5,-0.8499999999999943,1
4530-NDRKU,2,3,3,42,25-48m,1,No,1,0,1,19.05,761.85,0.9107142857142847,0
5985-TBABQ,2,4,1,32,25-48m,1,Yes,0,3,6,74.75,2282.95,3.4078125000000057,0
9800-ONTFE,1,1,2,22,13-24m,1,Yes,1,0,3,75.8,1615.1,2.3863636363636402,0
6743-HHQPF,1,2,1,42,25-48m,0,No phone service,1,0,1,25.1,1097.15,-1.0226190476190489,0
8455-HIRAQ,1,4,1,8,7-12m,1,No,0,0,2,44.45,369.3,-1.7124999999999986,0
6616-AALSR,3,2,2,65,61m+,1,Yes,1,4,7,104.3,6725.3,0.833846153846153,0
0883-EIBTI,1,4,3,2,0-6m,1,No,0,0,1,19.5,31.55,3.7249999999999996,1
9415-ZNBSX,3,1,1,70,61m+,1,Yes,1,6,9,89.0,6293.2,-0.9028571428571439,0
4018-KJYUY,1,2,3,22,13-24m,1,No,0,0,1,20.15,432.5,0.4909090909090885,0
0722-TROQR,1,3,2,4,0-6m,1,Yes,1,0,3,74.9,321.75,-5.537499999999994,1
7571-YXDAD,1,2,2,2,0-6m,1,Yes,0,0,3,74.9,147.15,1.3250000000000028,1
3884-UEBXB,3,1,1,67,61m+,0,No phone service,0,2,3,36.15,2434.45,-0.18507462686567067,0
8780-RSYYU,1,2,3,25,25-48m,1,No,1,0,1,19.2,532.1,-2.084000000000003,0
5537-UXXVS,1,1,3,20,13-24m,1,No,0,0,1,19.25,375.25,0.4875000000000007,0
1791-PQHBB,1,2,1,2,0-6m,1,No,1,2,4,61.2,125.95,-1.7749999999999986,0
8701-DGLVH,3,4,3,51,49-60m,1,No,0,0,1,20.45,1042.65,0.005882352941174673,0
8741-LQOBK,1,1,1,46,25-48m,0,No phone service,0,2,3,35.05,1620.25,-0.17282608695652613,0
3393-FMZPV,1,3,2,25,25-48m,1,Yes,1,3,6,100.25,2387.75,4.739999999999995,1
8082-GHXOP,1,4,1,13,13-24m,1,No,0,0,2,44.0,659.35,-6.719230769230769,0
6402-ZFPPI,1,4,2,25,25-48m,1,Yes,1,4,7,102.8,2660.2,-3.60799999999999,1
0980-FEXWF,2,4,1,26,25-48m,1,No,0,1,3,50.35,1285.8,0.896153846153851,0
7486-KSRVI,2,3,2,43,25-48m,1,Yes,1,3,6,100.0,4211.55,2.056976744186045,1
3011-WQKSZ,1,3,3,19,13-24m,1,No,1,0,1,20.0,377.55,0.12894736842105203,0
8443-WVPSS,1,3,2,10,7-12m,1,No,1,4,6,99.85,990.9,0.7599999999999909,1
3006-XIMLN,1,1,2,2,0-6m,1,Yes,1,2,5,94.2,193.8,-2.700000000000003,1
8218-FFJDS,3,1,1,72,61m+,1,Yes,1,5,8,86.4,6058.95,2.2479166666666686,0
1986-PHGZF,1,2,1,18,13-24m,1,Yes,1,2,5,58.4,964.9,4.794444444444444,0
9965-YOKZB,1,3,2,9,7-12m,1,Yes,1,1,4,83.85,790.15,-3.944444444444443,1
0504-HHAPI,1,2,2,27,25-48m,1,Yes,0,2,5,88.3,2467.75,-3.098148148148155,1
9360-OMDZZ,1,3,2,24,13-24m,1,Yes,1,2,5,94.1,2322.85,-2.6854166666666686,0
6305-YLBMM,2,1,2,69,61m+,1,No,1,5,7,104.05,7262.0,-1.196376811594206,1
0345-XMMUG,3,2,2,46,25-48m,1,Yes,1,5,8,108.9,4854.3,3.37173913043479,0
8024-XNAFQ,3,1,2,72,61m+,1,Yes,1,5,8,107.4,7748.75,-0.22152777777776578,0
3647-GMGDH,1,2,2,22,13-24m,1,No,1,3,5,94.7,1914.9,7.6590909090909065,1
2988-GBIVW,1,3,2,70,61m+,1,Yes,1,2,5,90.85,6470.1,-1.5800000000000125,0
2832-SCUCO,1,3,3,2,0-6m,1,No,0,0,1,19.9,57.4,-8.8,0
7036-ZZKBD,1,2,1,31,25-48m,1,No,1,3,5,66.4,2019.8,1.245161290322585,0
3791-LGQCY,1,1,2,56,49-60m,1,Yes,1,3,6,100.65,5688.05,-0.9223214285714221,1
0265-PSUAE,1,1,2,16,13-24m,1,No,0,4,6,100.7,1522.7,5.53125,0
0463-TXOAK,3,2,3,52,49-60m,1,Yes,0,0,2,25.6,1334.5,-0.06346153846153868,0
0594-UFTUL,1,4,3,13,13-24m,1,No,1,0,1,19.85,252.0,0.46538461538461817,0
9509-MPYOD,2,4,3,35,25-48m,1,No,0,0,1,20.75,700.45,0.7371428571428567,0
9128-CPXKI,3,3,2,59,49-60m,1,No,0,3,5,95.8,5655.45,-0.05508474576271283,0
0129-KPTWJ,1,3,2,72,61m+,1,No,1,3,5,94.65,6747.35,0.9368055555555515,0
8166-ZZTFS,3,1,1,66,61m+,1,Yes,1,4,7,80.55,5265.1,0.7757575757575665,1
5855-EIBDE,3,2,2,49,49-60m,1,Yes,0,5,8,106.65,5174.35,1.051020408163268,0
5365-LLFYV,1,4,1,2,0-6m,1,No,1,0,2,45.85,105.6,-6.949999999999996,0
5956-YHHRX,1,3,2,21,13-24m,1,Yes,1,4,7,104.35,2271.85,-3.8333333333333286,0
6008-NAIXK,2,3,1,54,49-60m,0,No phone service,1,4,5,55.45,2966.95,0.5064814814814866,0
2956-GGUCQ,1,3,2,24,13-24m,1,Yes,1,1,4,78.85,1772.25,5.006249999999994,1
1928-BXYIV,1,3,1,1,0-6m,1,Yes,0,2,5,61.15,61.15,0.0,0
5760-FXFVO,1,3,2,6,0-6m,1,No,1,2,4,78.95,494.95,-3.541666666666657,0
6595-COKXZ,1,4,1,1,0-6m,1,No,1,0,2,44.45,44.45,0.0,1
0961-ZWLVI,2,2,2,49,49-60m,1,Yes,1,5,8,109.2,5290.45,1.2316326530612258,0
5181-OABFK,3,2,1,56,49-60m,1,No,1,3,5,61.3,3346.8,1.5357142857142776,0
4007-NHVHI,1,3,2,56,49-60m,1,Yes,1,3,6,96.85,5219.65,3.6419642857142804,0
7816-VGHTO,3,4,1,6,0-6m,0,No phone service,0,3,4,40.55,217.5,4.299999999999997,0
5871-DGTXZ,2,4,3,32,25-48m,1,No,0,0,1,19.8,607.7,0.8093749999999993,0
7550-WIQVA,2,3,2,50,49-60m,1,Yes,1,5,8,108.25,5431.4,-0.3779999999999859,0
7544-ZVIKX,2,1,2,58,49-60m,1,Yes,1,4,7,105.05,6004.85,1.518103448275852,0
0016-QLJIS,3,4,1,65,61m+,1,Yes,1,6,9,90.45,5957.9,-1.2099999999999937,0
7508-DQAKK,3,2,1,64,61m+,1,Yes,1,6,9,86.4,5442.05,1.3679687500000028,0
5176-OLSKT,3,1,1,66,61m+,1,Yes,0,3,6,66.9,4370.25,0.6840909090909122,0
9356-AXGMP,2,3,2,38,25-48m,1,Yes,1,5,8,110.7,4428.6,-5.8421052631579045,0
3556-BVQGL,2,4,3,20,13-24m,1,No,1,0,1,20.0,416.45,-0.822499999999998,0
0362-ZBZWJ,1,3,2,36,25-48m,1,Yes,1,1,4,84.9,3067.2,-0.29999999999998295,1
8979-CAMGB,2,3,2,64,61m+,1,Yes,0,4,7,102.1,6688.1,-2.4015625000000114,0
4211-MMAZN,1,4,3,1,0-6m,1,No,0,0,1,20.25,20.25,0.0,1
7581-EBBOU,2,2,1,60,49-60m,1,No,1,4,6,70.15,4224.7,-0.26166666666665606,0
4274-OWWYO,1,3,2,1,0-6m,1,No,1,1,3,74.35,74.35,0.0,1
5073-RZGBK,2,1,1,50,49-60m,1,Yes,1,5,8,80.05,4042.2,-0.7939999999999969,0
1541-ETJZO,1,4,1,1,0-6m,1,Yes,0,2,5,62.05,62.05,0.0,1
2192-CKRLV,3,3,1,72,61m+,0,No phone service,1,4,5,49.2,3580.95,-0.5354166666666629,0
3154-HMWUU,3,1,3,60,49-60m,1,No,1,0,1,20.5,1198.8,0.5199999999999996,0
6119-SPUDB,3,4,1,46,25-48m,0,No phone service,0,3,4,38.25,1755.35,0.0902173913043498,0
6522-OIQSX,3,2,1,69,61m+,0,No phone service,1,4,5,54.95,3772.5,0.27608695652174475,0
7813-ZGGAW,1,1,2,31,25-48m,1,Yes,1,3,6,96.6,2877.95,3.762903225806454,0
8748-HFWBO,2,4,3,19,13-24m,1,No,0,0,1,19.9,357.7,1.0736842105263165,0
1052-QJIBV,3,2,3,71,61m+,1,No,0,0,1,19.9,1397.3,0.21971830985915375,0
1319-YLZJG,1,3,2,12,7-12m,1,No,1,3,5,84.6,959.9,4.608333333333334,0
4106-HADHQ,2,2,1,39,25-48m,1,No,0,5,7,80.0,3182.95,-1.6141025641025664,1
0723-FDLAY,2,1,1,44,25-48m,1,Yes,1,5,8,85.25,3704.15,1.0647727272727252,0
3050-RLLXC,3,2,1,56,49-60m,1,Yes,0,5,8,81.25,4620.4,-1.2571428571428527,0
9298-WGMRW,3,1,2,72,61m+,1,Yes,1,6,9,115.5,8312.75,0.04513888888888573,0
2369-UAPKZ,1,4,2,5,0-6m,1,Yes,0,4,7,104.1,541.9,-4.280000000000001,1
3088-LHEFH,1,1,2,11,7-12m,1,Yes,1,1,4,79.0,929.3,-5.481818181818184,0
2778-OCLGR,1,1,1,24,13-24m,0,No phone service,0,2,3,39.1,971.3,-1.37083333333333,1
6583-KQJLK,1,3,2,15,13-24m,1,No,1,3,5,94.65,1285.05,8.980000000000004,0
8544-JNBOX,3,4,3,72,61m+,1,No,1,0,1,20.8,1521.2,-0.3277777777777793,0
6681-ZSEXG,3,2,1,56,49-60m,1,Yes,0,2,5,59.5,3389.25,-1.0223214285714306,0
6139-ZZRBQ,3,1,3,64,61m+,1,No,1,0,1,20.05,1198.05,1.3304687500000014,0
6116-RFVHN,1,3,2,34,25-48m,1,Yes,1,3,6,100.45,3414.65,0.019117647058820353,0
0637-KVDLV,1,3,2,2,0-6m,1,Yes,1,0,3,76.5,162.45,-4.724999999999994,1
8884-FEEWR,2,1,3,35,25-48m,1,No,0,0,1,20.6,754.0,-0.9428571428571431,0
3125-RAHBV,2,2,3,22,13-24m,1,No,0,0,1,20.3,467.15,-0.9340909090909086,0
6633-MPWBS,1,3,1,5,0-6m,1,No,1,1,3,49.2,216.9,5.82,1
0373-AIVNJ,2,4,1,9,7-12m,0,No phone service,0,3,4,39.55,373.0,-1.8944444444444457,0
8785-EPNCG,1,2,3,11,7-12m,1,Yes,0,0,2,23.15,245.2,0.8590909090909093,1
1682-VCOIO,2,4,3,23,13-24m,1,No,0,0,1,20.45,481.1,-0.46739130434782794,0
5729-KLZAR,1,3,2,4,0-6m,1,No,0,1,3,80.85,302.75,5.162499999999994,1
2072-ZVJJX,3,1,3,68,61m+,1,Yes,0,0,2,25.25,1728.2,-0.1647058823529406,0
8849-AYPTR,1,3,2,33,25-48m,1,No,0,2,4,91.25,2964.05,1.4303030303030226,0
9518-IMLHK,1,1,1,31,25-48m,1,No,1,5,7,72.45,2156.25,2.8935483870967715,0
1582-RAFML,1,4,1,1,0-6m,1,Yes,0,2,5,60.1,60.1,0.0,1
3646-ITDGM,3,1,3,56,49-60m,1,No,0,0,1,19.7,1051.9,0.9160714285714278,0
8740-CRYFY,1,3,2,1,0-6m,1,No,1,1,3,78.95,78.95,0.0,1
3569-VLDHH,2,3,1,66,61m+,1,No,1,5,7,75.1,5013.0,-0.8545454545454589,0
8224-KDLKN,3,1,3,72,61m+,1,Yes,0,0,2,25.0,1738.9,0.8486111111111114,0
7594-LZNWR,1,2,2,34,25-48m,1,No,0,0,2,69.15,2275.1,2.235294117647072,0
4001-TSBTV,1,3,2,58,49-60m,1,No,1,3,5,91.55,5511.65,-3.478448275862064,0
2962-XPMCQ,1,3,1,2,0-6m,1,No,1,0,2,45.15,98.5,-4.100000000000001,1
8727-XDPUD,3,2,1,37,25-48m,0,No phone service,0,1,2,35.8,1316.9,0.20810810810809954,0
1043-UXOVO,3,2,2,71,61m+,1,Yes,1,6,9,113.15,7993.3,0.5683098591549367,0
1064-FBXNK,2,2,3,1,0-6m,1,No,0,0,1,19.85,19.85,0.0,0
3996-ZNWYK,3,2,3,71,61m+,1,No,0,0,1,19.8,1388.45,0.2443661971830977,0
2878-DHMIN,2,3,3,35,25-48m,1,No,0,0,1,19.9,666.0,0.8714285714285701,0
7762-ONLJY,2,4,3,6,0-6m,1,No,0,0,1,19.7,94.45,3.958333333333332,0
1678-FYZOW,1,3,2,3,0-6m,1,No,1,1,3,79.4,244.65,-2.1499999999999915,1
5795-BKOYE,2,1,1,69,61m+,1,No,0,3,5,59.1,4134.7,-0.8231884057970973,0
8627-EHGIP,2,4,1,44,25-48m,0,No phone service,1,4,5,53.95,2375.4,-0.03636363636363882,1
7402-PWYJJ,2,3,2,53,49-60m,1,Yes,1,2,5,91.15,4862.5,-0.5952830188679172,0
5480-TBGPH,1,2,2,24,13-24m,1,No,1,4,6,99.3,2431.35,-2.0062499999999943,1
0018-NYROU,1,3,2,5,0-6m,1,No,1,0,2,68.95,351.5,-1.3499999999999943,0
7501-VTYLJ,1,4,1,2,0-6m,1,No,0,1,3,51.55,106.2,-1.5500000000000043,0
7608-RGIRO,3,4,3,62,61m+,1,Yes,1,0,2,24.4,1413.0,1.6096774193548384,0
0480-BIXDE,1,3,2,19,13-24m,1,No,1,3,5,96.8,1743.05,5.060526315789474,0
5895-QSXOD,1,4,2,9,7-12m,1,No,0,0,2,70.05,657.5,-3.00555555555556,0
9814-AOUDH,3,2,3,53,49-60m,1,No,0,0,1,19.5,1050.5,-0.32075471698113134,0
6175-IRFIT,1,4,2,5,0-6m,1,No,0,1,3,78.75,426.35,-6.52000000000001,0
8760-ZRHKE,2,3,1,71,61m+,1,Yes,0,3,6,69.2,4982.5,-0.9760563380281724,0
1622-HSHSF,1,4,3,1,0-6m,1,No,1,0,1,19.55,19.55,0.0,0
8854-CCVSQ,1,3,2,18,13-24m,1,Yes,1,1,4,80.65,1451.9,-0.011111111111105743,1
6749-UTDVX,3,3,2,72,61m+,1,Yes,1,4,7,103.65,7634.8,-2.3888888888888857,0
5542-DHSXL,1,4,1,4,0-6m,1,No,0,2,4,54.7,235.05,-4.0625,0
9102-OXKFY,3,2,1,59,49-60m,1,Yes,0,1,4,54.15,3116.15,1.3338983050847446,0
0511-JTEOY,1,4,2,1,0-6m,1,No,0,0,2,71.1,71.1,0.0,1
5216-WASFJ,1,3,2,31,25-48m,1,Yes,1,1,4,84.85,2633.4,-0.09838709677420354,0
7808-DVWEP,1,1,3,3,0-6m,1,No,0,0,1,20.0,49.65,3.4499999999999993,0
7067-KSAZT,2,3,2,65,61m+,1,Yes,1,4,7,106.25,6979.8,-1.1315384615384687,1
2284-VFLKH,2,2,2,49,49-60m,1,No,1,4,6,99.25,4920.8,-1.174489795918376,0
0366-NQSHS,1,4,3,2,0-6m,1,No,0,0,1,19.35,46.35,-3.8249999999999993,0
6532-YLWSI,2,1,3,53,49-60m,1,No,0,0,1,20.8,1021.8,1.5207547169811342,1
3807-BPOMJ,2,3,2,55,49-60m,1,No,1,3,5,94.75,5276.1,-1.1790909090909167,0
3892-NXAZG,3,2,2,72,61m+,1,Yes,1,6,9,114.05,8289.2,-1.077777777777797,0
4948-WBBKL,1,1,2,36,25-48m,1,Yes,1,0,3,74.9,2659.45,1.0263888888889028,0
4182-BGSIQ,1,1,3,10,7-12m,1,No,1,0,1,19.8,196.75,0.125,0
9300-AGZNL,1,3,2,1,0-6m,1,Yes,1,2,5,94.0,94.0,0.0,1
0988-AADSA,3,1,1,72,61m+,1,Yes,0,5,8,80.85,5824.75,-0.04930555555556282,0
9972-NKTFD,1,1,1,28,25-48m,1,No,0,2,4,54.65,1517.5,0.4535714285714292,0
3717-LNXKW,1,1,2,38,25-48m,1,Yes,0,2,5,91.7,3479.05,0.14605263157893944,0
5734-EJKXG,2,3,2,61,61m+,1,Yes,1,6,9,118.6,7365.7,-2.149180327868862,0
2207-RYYRL,3,4,3,52,49-60m,1,Yes,0,0,2,24.55,1331.05,-1.0471153846153847,0
6729-FZWSY,2,4,3,67,61m+,1,No,1,0,1,19.45,1195.95,1.5999999999999979,0
9695-IDRZR,3,2,2,34,25-48m,1,Yes,1,6,9,116.15,3946.9,0.06470588235293917,0
8144-DGHXP,3,3,1,54,49-60m,1,No,0,5,7,80.6,4299.95,0.9712962962962877,0
7814-LEEVE,1,1,3,1,0-6m,1,No,1,0,1,20.3,20.3,0.0,0
1112-CUNAO,1,3,2,15,13-24m,1,Yes,0,2,5,89.85,1424.95,-5.146666666666675,1
5175-AOBHI,1,4,1,4,0-6m,1,No,1,0,2,46.0,193.6,-2.3999999999999986,1
5174-RNGBH,1,4,1,9,7-12m,1,No,0,3,5,66.25,620.55,-2.6999999999999886,1
8631-WUXGY,1,3,2,46,25-48m,1,No,1,4,6,99.8,4391.25,4.338043478260872,0
7270-BDIOA,1,3,2,22,13-24m,1,Yes,1,2,5,90.0,1993.8,-0.6272727272727252,1
9565-JSNFM,2,1,2,38,25-48m,1,No,1,0,2,70.45,2597.6,2.0921052631579045,1
5906-DVAPM,2,2,1,55,49-60m,1,Yes,1,4,7,75.0,4213.9,-1.61636363636363,0
6654-QGBZZ,1,4,3,1,0-6m,1,No,0,0,1,19.9,19.9,0.0,0
8348-JLBUG,2,2,2,64,61m+,1,No,0,2,4,80.3,5017.7,1.8984375,0
0607-DAAHE,3,1,3,53,49-60m,1,No,0,0,1,19.75,1052.35,-0.10566037735848965,1
5641-DMBFJ,3,3,1,58,49-60m,1,Yes,1,5,8,84.3,4916.4,-0.4655172413793025,0
9200-NLNPD,2,1,1,56,49-60m,0,No phone service,1,4,5,54.05,2959.8,1.1964285714285623,0
2664-XJZNO,3,2,2,72,61m+,1,No,1,5,7,104.9,7559.55,-0.09375,0
9732-KPKBW,1,3,1,1,0-6m,1,No,1,2,4,53.95,53.95,0.0,1
3339-EAQNV,2,2,2,72,61m+,1,Yes,1,3,6,97.25,7133.1,-1.82083333333334,0
0921-OHLVP,1,3,2,22,13-24m,1,Yes,0,1,4,83.05,1799.3,1.2636363636363654,0
3389-YGYAI,1,3,2,8,7-12m,1,Yes,1,4,7,105.5,829.55,1.8062500000000057,1
9560-ARGQJ,1,3,2,16,13-24m,1,No,1,1,3,81.0,1312.15,-1.0093750000000057,1
8350-NYMVI,1,1,1,39,25-48m,0,No phone service,0,3,4,41.1,1597.05,0.15000000000000568,0
1600-DILPE,1,1,1,12,7-12m,1,No,1,0,2,45.0,524.35,1.3041666666666671,0
0536-ESJEP,3,1,1,54,49-60m,1,No,1,4,6,74.55,4191.45,-3.069444444444443,0
4654-GGUII,2,4,1,18,13-24m,0,No phone service,1,3,4,40.2,711.95,0.6472222222222257,0
6478-HRRCZ,2,4,1,32,25-48m,1,No,0,4,6,70.5,2201.75,1.6953125,0
8510-BBWMU,2,4,3,41,25-48m,1,No,1,0,1,19.75,806.95,0.06829268292682755,0
6857-TKDJV,3,1,3,67,61m+,1,Yes,0,0,2,24.65,1620.45,0.46417910447760846,0
2360-RDGRO,1,3,2,65,61m+,1,Yes,1,4,7,104.25,6812.95,-0.5646153846153794,0
0584-BJQGZ,1,1,1,25,25-48m,1,Yes,1,5,8,78.35,1837.9,4.833999999999989,0
5134-IKDAY,1,3,2,1,0-6m,1,No,1,0,2,69.8,69.8,0.0,1
1360-XFJMR,2,2,2,67,61m+,1,Yes,1,5,8,109.7,7344.45,0.08134328358210041,0
3070-DVEYC,1,4,2,7,7-12m,1,Yes,0,0,3,73.75,545.15,-4.128571428571419,1
5730-RIITO,1,2,1,43,25-48m,0,No phone service,1,2,3,33.45,1500.25,-1.439534883720924,0
9058-MJLZC,1,3,2,24,13-24m,1,No,1,3,5,94.6,2283.15,-0.5312500000000142,0
5707-ORNDZ,1,3,1,9,7-12m,1,Yes,0,1,4,54.55,494.05,-0.34444444444444855,1
0902-XKXPN,3,1,3,69,61m+,1,No,0,0,1,20.2,1376.5,0.2507246376811594,0
5177-RVZNU,2,1,3,37,25-48m,1,No,0,0,1,20.3,755.4,-0.11621621621621614,0
0056-EPFBG,3,2,1,20,13-24m,0,No phone service,1,3,4,39.4,825.4,-1.8699999999999974,0
8993-IZEUX,1,1,2,7,7-12m,1,No,0,0,2,69.15,488.65,-0.6571428571428442,0
8696-JKZNU,1,3,2,37,25-48m,1,Yes,1,0,3,76.25,2841.55,-0.5486486486486513,1
5380-AFSSK,1,4,2,5,0-6m,1,Yes,1,2,5,93.9,486.85,-3.469999999999999,1
8190-ZTQFB,2,3,1,41,25-48m,0,No phone service,1,3,4,51.35,2075.1,0.7378048780487845,0
0931-MHTEM,2,2,2,54,49-60m,1,No,1,4,6,100.05,5299.65,1.9083333333333314,0
2055-PDADH,1,3,2,3,0-6m,1,No,1,0,2,70.4,204.7,2.1666666666666714,1
7515-LODFU,3,2,3,69,61m+,1,No,0,0,1,20.3,1356.3,0.6434782608695677,0
0440-UEDAI,2,2,2,53,49-60m,1,No,1,4,6,94.45,5042.75,-0.6962264150943298,0
1337-BOZWO,2,2,1,18,13-24m,0,No phone service,0,3,4,46.4,812.4,1.2666666666666657,0
0868-VJRDR,3,2,2,64,61m+,1,No,1,5,7,104.05,6605.55,0.8382812499999943,0
8714-EUHJO,1,3,2,31,25-48m,1,Yes,1,2,5,91.15,2995.45,-5.477419354838702,1
6344-SFJVH,1,2,1,20,13-24m,0,No phone service,0,0,1,24.9,505.95,-0.39750000000000085,0
3950-VPYJB,2,4,1,57,49-60m,1,No,0,3,5,59.6,3509.4,-1.9684210526315766,0
8041-TMEID,3,2,2,63,61m+,1,Yes,0,5,8,108.5,6991.9,-2.482539682539681,0
7321-ZNSLA,3,4,1,13,13-24m,0,No phone service,0,3,4,40.55,590.35,-4.861538461538466,0
6941-KXRRV,2,1,1,48,25-48m,1,No,1,2,4,58.95,2789.7,0.8312500000000043,0
3721-CNEYS,1,3,2,2,0-6m,1,No,1,0,2,70.95,137.95,1.9750000000000085,1
8727-JQFHV,3,4,3,57,49-60m,1,No,0,0,1,20.75,1123.15,1.0456140350877163,0
9475-NNDGC,2,1,2,71,61m+,1,Yes,1,5,8,113.15,7953.25,1.1323943661971896,0
1355-KUSBG,1,3,1,7,7-12m,1,Yes,0,0,3,48.8,349.8,-1.171428571428578,0
3688-FTHLT,1,1,1,16,13-24m,1,Yes,1,1,4,63.05,1067.05,-3.640625,0
0899-LIIBW,1,3,2,34,25-48m,1,Yes,0,3,6,100.85,3527.3,-2.8941176470588346,0
2568-OIADY,1,3,2,37,25-48m,1,Yes,1,3,6,99.5,3762.0,-2.175675675675677,1
1384-RCUXW,1,4,2,16,13-24m,1,Yes,1,1,4,80.55,1248.9,2.4937499999999915,0
5825-XJOCM,2,1,1,48,25-48m,1,Yes,1,3,6,64.4,3035.35,1.1635416666666742,0
6848-YLDFR,2,2,1,58,49-60m,1,No,1,4,6,75.2,4300.8,1.0482758620689623,0
8125-QPFJD,3,1,1,72,61m+,1,Yes,1,5,8,84.9,6065.3,0.6597222222222285,0
2320-YKQBO,1,4,3,7,7-12m,1,No,0,0,1,19.3,144.95,-1.4071428571428548,0
1193-RTSLK,1,2,2,38,25-48m,1,No,1,3,5,83.9,3233.6,-1.1947368421052573,1
2302-ANTDP,1,3,2,48,25-48m,1,Yes,0,6,9,117.45,5438.9,4.1395833333333485,1
5923-GXUOC,1,3,2,10,7-12m,1,No,1,5,7,104.4,1081.45,-3.7450000000000045,1
4973-RLZVI,2,2,1,30,25-48m,1,No,0,5,7,74.65,2308.6,-2.3033333333333275,0
7869-ZYDST,1,2,1,31,25-48m,1,Yes,1,1,4,59.05,1882.8,-1.6854838709677438,0
4501-UYKBC,2,2,1,46,25-48m,1,Yes,1,3,6,69.1,3255.35,-1.6684782608695627,0
1215-EXRMO,3,4,3,50,49-60m,1,No,0,0,1,20.55,1067.65,-0.8030000000000008,0
2305-MRGLV,1,1,2,28,25-48m,1,No,0,1,3,76.55,2065.4,2.7857142857142776,0
8404-VIOMB,3,1,1,66,61m+,0,No phone service,1,6,7,62.5,4136.4,-0.17272727272726485,0
5233-GEEAX,1,3,1,8,7-12m,0,No phone service,1,1,2,29.4,221.9,1.6624999999999979,1
2359-KLTEK,1,1,2,41,25-48m,1,No,1,3,5,94.9,3848.0,1.0463414634146346,0
5304-EFJLP,3,1,2,72,61m+,1,Yes,1,5,8,111.65,8022.85,0.22152777777778,0
2673-ZALNP,2,4,3,7,7-12m,1,No,0,0,1,19.9,173.15,-4.835714285714289,0
9184-GALIL,1,4,3,38,25-48m,1,No,0,0,1,20.45,781.25,-0.10921052631579187,0
4393-RYCRE,2,3,2,44,25-48m,1,No,1,5,7,106.05,4510.8,3.5318181818181813,0
9746-MDMBK,2,1,2,47,25-48m,1,Yes,1,6,9,113.45,5317.8,0.30531914893616374,0
3162-ZJZFU,1,3,2,53,49-60m,1,No,1,3,5,92.55,4779.45,2.371698113207543,0
8404-GFGCZ,1,3,1,4,0-6m,1,Yes,0,2,5,65.6,250.1,3.0749999999999957,0
8875-AKBYH,1,3,2,20,13-24m,1,Yes,1,1,4,84.35,1745.2,-2.910000000000011,0
4432-ADRLB,1,4,1,2,0-6m,1,No,0,0,2,44.65,74.9,7.199999999999996,1
0533-UCAAU,2,2,1,57,49-60m,1,Yes,1,3,6,71.1,4140.1,-1.5333333333333456,0
1394-SUIUH,1,3,2,44,25-48m,1,No,1,3,5,85.15,3670.5,1.729545454545459,0
3521-MNKLV,1,4,1,24,13-24m,1,No,1,1,3,49.7,1167.8,1.0416666666666714,0
2533-TIBIX,1,1,1,15,13-24m,0,No phone service,1,1,2,30.2,469.65,-1.1099999999999994,0
8993-PHFWD,1,3,1,3,0-6m,0,No phone service,0,0,1,25.25,58.9,5.616666666666667,1
1565-RHDJD,1,1,2,4,0-6m,1,Yes,0,2,5,84.05,333.55,0.6624999999999943,1
7137-RYLPP,1,3,2,37,25-48m,1,Yes,1,1,4,85.7,3171.15,-0.006756756756757909,1
3765-JXVKY,1,3,2,1,0-6m,1,No,1,1,3,74.7,74.7,0.0,1
5092-STPKP,1,2,1,24,13-24m,1,No,0,2,4,56.35,1381.2,-1.2000000000000028,0
7330-WZLNC,1,3,2,5,0-6m,1,Yes,1,2,5,90.8,455.5,-0.29999999999999716,1
0114-PEGZZ,1,3,2,33,25-48m,1,Yes,0,4,7,107.55,3645.5,-2.9196969696969717,0
3359-DSRKA,3,4,3,58,49-60m,1,No,1,0,1,19.85,1158.85,-0.13017241379310107,0
8639-NHQEI,3,1,2,72,61m+,1,Yes,1,3,6,95.9,6954.15,-0.6854166666666544,0
7161-DFHUF,3,4,3,71,61m+,1,Yes,0,0,2,23.85,1672.1,0.2992957746478915,0
3957-LXOLK,1,3,2,28,25-48m,1,Yes,1,4,7,106.15,3152.5,-6.4392857142857025,1
3720-DBRWL,3,2,1,51,49-60m,1,No,1,6,8,83.85,4307.1,-0.6029411764705941,0
6635-MYYYZ,2,1,1,30,25-48m,1,No,0,6,8,85.35,2530.4,1.0033333333333303,1
8565-WUXZU,3,2,2,72,61m+,1,No,1,3,5,84.8,6141.65,-0.5006944444444485,0
5281-BUZGT,1,3,2,36,25-48m,1,Yes,1,2,5,90.85,3186.7,2.3305555555555486,1
4994-OBRSZ,3,1,1,14,13-24m,1,No,0,5,7,76.1,1054.8,0.7571428571428527,0
0562-FGDCR,3,4,1,72,61m+,1,Yes,0,4,7,74.55,5430.65,-0.8756944444444485,0
2436-QBZFP,1,3,1,22,13-24m,0,No phone service,0,2,3,39.2,849.9,0.5681818181818201,0
3420-YJLQT,1,3,2,2,0-6m,1,Yes,0,1,4,79.55,151.75,3.674999999999997,0
6040-CGACY,1,4,3,15,13-24m,1,No,0,0,1,19.6,299.4,-0.3599999999999959,0
6582-PLFUU,3,2,3,51,49-60m,1,No,0,0,1,19.55,1086.75,-1.7588235294117638,0
8242-PDSGJ,3,2,1,70,61m+,0,No phone service,1,3,4,39.15,2692.75,0.6821428571428569,0
0264-CNITK,3,1,3,71,61m+,1,No,0,0,1,20.1,1389.6,0.5281690140845114,0
0089-IIQKO,1,2,2,39,25-48m,1,Yes,1,3,6,99.95,3767.4,3.3499999999999943,0
7839-NUIAA,1,3,1,61,61m+,1,Yes,0,2,5,59.8,3641.5,0.10327868852458977,0
6075-QMNRR,1,1,1,52,49-60m,1,No,1,1,3,49.75,2535.55,0.9894230769230745,0
5378-IKEEG,1,3,1,1,0-6m,0,No phone service,1,1,2,35.75,35.75,0.0,1
5966-EMAZU,2,4,2,64,61m+,1,Yes,1,5,8,108.5,6880.85,0.9867187499999943,0
0440-EKDCF,3,2,1,62,61m+,1,No,1,3,5,60.15,3753.2,-0.3854838709677395,0
4774-HHGGS,3,4,3,30,25-48m,1,No,0,0,1,19.05,637.55,-2.2016666666666644,0
2718-GAXQD,1,3,1,4,0-6m,1,No,0,0,2,46.0,181.6,0.6000000000000014,1
2055-BFOCC,2,1,1,63,61m+,1,No,1,6,8,84.0,5329.55,-0.5960317460317555,0
8180-AKMJV,1,2,1,1,0-6m,1,No,1,0,2,44.55,44.55,0.0,0
4298-OYIFC,1,3,2,15,13-24m,1,Yes,1,4,7,103.45,1539.8,0.7966666666666669,0
5566-SOEZD,2,2,2,27,25-48m,1,No,1,2,4,80.65,2209.75,-1.1925925925925895,0
9842-EFSYY,1,4,1,4,0-6m,0,No phone service,1,5,6,57.2,223.75,1.2625000000000028,0
2272-WUSPA,3,3,2,72,61m+,1,Yes,1,5,8,110.75,7751.7,3.0875000000000057,0
4584-LBNMK,2,2,3,45,25-48m,1,Yes,0,0,2,24.7,1174.35,-1.3966666666666647,0
3898-GUYTS,1,3,2,45,25-48m,1,Yes,1,4,7,97.05,4385.05,-0.39555555555556055,0
0930-EHUZA,2,4,1,36,25-48m,1,No,1,5,7,76.35,2606.35,3.9513888888888857,0
6413-XKKPU,1,3,2,17,13-24m,1,No,1,3,5,89.4,1539.45,-1.1558823529411768,1
9975-SKRNR,1,4,3,1,0-6m,1,No,0,0,1,18.9,18.9,0.0,0
3703-KBKZP,1,1,2,16,13-24m,1,Yes,1,0,3,74.45,1261.35,-4.3843749999999915,0
1449-XQEMT,1,4,3,3,0-6m,1,No,1,0,1,19.8,58.15,0.41666666666666785,1
2626-URJFX,1,3,1,4,0-6m,1,Yes,1,0,3,50.9,225.6,-5.5,1
4973-MGTON,3,2,1,71,61m+,1,No,1,6,8,84.4,5969.3,0.32535211267605746,0
3682-YEUWS,1,4,3,10,7-12m,1,Yes,1,0,2,24.4,253.9,-0.990000000000002,0
1223-UNPKS,3,4,3,20,13-24m,1,No,0,0,1,20.05,400.0,0.05000000000000071,0
2612-RRIDN,1,3,2,4,0-6m,1,No,1,1,3,81.0,340.85,-4.212500000000006,1
4735-ASGMA,1,3,2,26,25-48m,1,Yes,1,3,6,98.35,2515.3,1.6076923076922895,1
3446-QDSZF,1,2,1,4,0-6m,1,No,0,1,3,55.5,227.35,-1.3374999999999986,0
3669-LVWZB,1,4,1,5,0-6m,0,No phone service,1,3,4,51.0,305.95,-10.189999999999998,1
6892-EZDTG,1,3,2,4,0-6m,1,Yes,1,2,5,91.65,365.4,0.30000000000001137,1
5117-IFGPS,1,3,2,29,25-48m,1,Yes,1,1,4,84.3,2357.75,2.998275862068965,0
7379-FNIUJ,1,3,2,2,0-6m,1,No,0,4,6,100.2,198.5,0.9500000000000028,0
1627-AFWVJ,3,4,3,29,25-48m,1,No,0,0,1,19.4,554.25,0.2879310344827566,0
9725-SCPZG,1,3,2,1,0-6m,1,No,1,2,4,90.85,90.85,0.0,1
5884-GCYMI,1,4,2,1,0-6m,1,No,0,0,2,69.4,69.4,0.0,1
3217-FZDMN,1,2,2,8,7-12m,1,No,1,3,5,94.45,742.95,1.5812499999999972,1
4486-EFAEB,1,3,3,13,13-24m,1,No,1,0,1,20.4,251.65,1.0423076923076913,0
0060-FUALY,1,3,2,59,49-60m,1,Yes,1,3,6,94.75,5597.65,-0.12542372881355845,0
7853-GVUDZ,1,2,3,1,0-6m,1,No,1,0,1,20.15,20.15,0.0,1
7480-QNVZJ,1,3,2,50,49-60m,1,Yes,1,2,5,95.7,4816.7,-0.6340000000000003,1
6954-OOYZZ,1,1,1,18,13-24m,1,No,1,0,2,44.35,768.05,1.6805555555555571,0
7088-FBAWU,1,4,1,17,13-24m,1,No,0,4,6,74.55,1215.8,3.0323529411764696,0
8313-AFGBW,3,3,1,47,25-48m,1,No,0,4,6,73.6,3522.65,-1.3500000000000085,0
3943-KDREE,1,1,2,26,25-48m,1,Yes,1,0,3,74.95,1834.95,4.375,1
9239-ZBZZV,1,3,1,6,0-6m,0,No phone service,1,3,4,47.95,305.1,-2.8999999999999986,1
3097-IDVPU,1,2,1,19,13-24m,1,Yes,0,0,3,50.1,910.45,2.181578947368422,0
4398-HSCJH,1,3,1,3,0-6m,1,Yes,1,2,5,63.6,155.65,11.716666666666669,1
2197-OMWGI,3,3,1,68,61m+,0,No phone service,1,4,5,53.0,3656.25,-0.768382352941174,0
2303-PJYHN,1,1,3,2,0-6m,1,No,0,0,1,19.85,52.0,-6.149999999999999,0
9795-VOWON,2,2,1,7,7-12m,0,No phone service,1,0,1,24.35,150.85,2.8000000000000007,0
1237-WIYYZ,1,4,3,18,13-24m,1,No,1,0,1,19.55,389.25,-2.0749999999999993,0
1987-AUELQ,3,2,3,71,61m+,1,Yes,0,0,2,25.05,1873.7,-1.3401408450704224,0
7852-LECYP,1,2,2,13,13-24m,1,Yes,0,3,6,93.8,1261.0,-3.200000000000003,0
4430-UZIPO,1,4,1,3,0-6m,0,No phone service,1,2,3,36.85,108.7,0.6166666666666671,1
4822-LPTYJ,3,1,2,72,61m+,1,Yes,1,4,7,103.75,7346.2,1.7194444444444485,0
8165-CBKXO,3,2,1,66,61m+,0,No phone service,1,4,5,56.75,3708.4,0.5621212121212125,0
6527-PZFPV,2,2,3,24,13-24m,1,No,1,0,1,20.8,469.65,1.2312500000000028,0
4855-SNKMY,1,3,1,1,0-6m,1,No,1,0,2,44.1,44.1,0.0,1
9593-CVZKR,3,4,3,56,49-60m,1,Yes,1,0,2,24.45,1385.85,-0.2973214285714292,0
8595-SIZNC,2,1,3,22,13-24m,1,Yes,0,0,2,25.6,548.8,0.6545454545454596,0
8008-HAWED,1,3,1,14,13-24m,0,No phone service,1,3,4,50.75,712.75,-0.1607142857142847,1
7124-UGSUR,2,2,2,61,61m+,1,Yes,1,4,7,104.4,6405.0,-0.5999999999999943,1
1862-SKORY,1,3,1,40,25-48m,0,No phone service,1,2,3,39.3,1637.4,-1.6350000000000051,1
5236-XMZJY,1,1,1,42,25-48m,1,No,0,3,5,59.65,2536.55,-0.7440476190476275,0
4827-DPADN,3,1,1,72,61m+,1,Yes,1,5,8,83.3,6042.7,-0.6263888888888829,0
2694-CIUMO,1,2,2,12,7-12m,1,Yes,1,1,4,79.55,958.25,-0.30416666666667425,0
5846-ABOBJ,3,1,3,71,61m+,1,Yes,0,0,2,24.45,1730.65,0.07464788732394112,0
1439-LCGVL,2,4,3,26,25-48m,1,No,0,0,1,19.2,459.6,1.5230769230769212,0
0909-SDHNU,1,4,1,7,7-12m,0,No phone service,0,1,2,29.8,201.95,0.9500000000000028,0
4647-XXZAM,1,4,1,6,0-6m,1,No,0,0,2,45.5,285.2,-2.0333333333333314,0
1502-XFCVR,2,3,2,58,49-60m,1,No,1,5,7,106.45,6145.85,0.48706896551723844,1
7740-KKCXF,1,2,1,51,49-60m,0,No phone service,1,1,2,30.05,1529.45,0.060784313725491756,0
5360-XGYAZ,3,1,1,72,61m+,0,No phone service,1,6,7,65.65,4664.5,0.8652777777777771,0
9692-TUSXH,1,3,2,18,13-24m,1,No,1,3,5,96.05,1740.7,-0.6555555555555657,1
7912-SYRQT,1,1,2,7,7-12m,1,Yes,1,0,3,75.1,552.95,-3.892857142857153,1
3557-HTYWR,3,4,1,47,25-48m,1,Yes,0,4,7,74.05,3496.3,-0.33936170212766115,0
4816-JBHOV,1,3,1,2,0-6m,1,No,1,0,2,44.7,93.7,-2.1499999999999986,1
8920-NAVAY,2,1,2,62,61m+,1,Yes,1,5,8,110.75,7053.35,-3.0137096774193566,0
1699-TLDLZ,3,4,3,16,13-24m,1,No,0,0,1,19.7,301.55,0.8531249999999986,0
5600-PDUJF,1,2,1,6,0-6m,1,No,1,1,3,49.5,312.7,-2.616666666666667,0
8292-TYSPY,1,2,1,19,13-24m,1,No,1,2,4,55.0,1046.5,-0.07894736842105488,1
0567-XRHCU,3,2,1,69,61m+,0,No phone service,1,3,4,43.95,2960.1,1.0500000000000043,0
1867-BDVFH,1,3,2,11,7-12m,1,Yes,1,0,3,74.35,834.2,-1.4863636363636488,1
2067-QYTCF,1,3,2,64,61m+,1,Yes,1,5,8,111.15,6953.4,2.5031250000000114,0
2359-QWQUL,2,2,2,39,25-48m,1,No,1,5,7,104.7,4134.85,-1.3217948717948786,1
9103-TCIHJ,1,4,1,15,13-24m,1,Yes,1,1,4,55.7,899.8,-4.286666666666662,1
7407-SUJIZ,1,4,3,25,25-48m,1,No,0,0,1,20.6,541.5,-1.0599999999999987,0
9150-KPBJQ,3,2,3,6,0-6m,1,No,0,0,1,19.65,116.85,0.1750000000000007,0
0052-DCKON,2,1,2,66,61m+,1,Yes,0,6,9,115.8,7942.15,-4.535606060606057,0
3654-ARMGP,3,2,1,61,61m+,1,Yes,0,5,8,88.65,5321.25,1.4163934426229616,0
9699-UBQFS,1,3,2,43,25-48m,1,Yes,1,3,6,94.5,4156.8,-2.169767441860472,0
9367-TCUYN,1,4,3,12,7-12m,1,No,0,0,1,20.1,223.6,1.4666666666666686,0
1261-FWTTE,1,1,1,23,13-24m,0,No phone service,1,1,2,34.65,768.45,1.2391304347826022,0
3528-HFRIQ,1,1,1,71,61m+,0,No phone service,1,4,5,52.3,3765.05,-0.7288732394366235,0
0708-SJDIS,1,4,1,34,25-48m,1,Yes,0,2,5,65.0,2157.5,1.544117647058826,0
4140-WJAWW,1,2,3,5,0-6m,1,No,0,0,1,19.85,108.05,-1.759999999999998,1
2073-QBVBI,2,4,1,41,25-48m,0,No phone service,0,2,3,35.45,1391.65,1.5073170731707322,0
6928-ONTRW,3,2,3,72,61m+,1,No,0,0,1,19.7,1379.8,0.5361111111111114,0
3320-VEOYC,1,3,2,14,13-24m,1,Yes,1,2,5,95.6,1273.3,4.6499999999999915,0
5231-FIQPA,3,4,3,41,25-48m,1,No,1,0,1,19.85,810.45,0.08292682926829187,0
6617-WLBQC,2,2,2,23,13-24m,1,Yes,0,1,4,81.85,1810.85,3.1173913043478194,0
2599-CIPQE,3,2,2,71,61m+,1,No,0,6,8,109.3,7782.85,-0.31760563380282747,0
6653-CBBOM,1,3,2,1,0-6m,1,No,1,0,2,70.3,70.3,0.0,1
8774-GSBUN,3,4,3,72,61m+,1,Yes,0,0,2,25.4,1797.1,0.44027777777777644,0
7326-RIGQZ,1,3,2,6,0-6m,1,No,1,0,2,69.8,377.85,6.824999999999996,0
1401-FTHFQ,2,2,3,23,13-24m,1,No,1,0,1,20.0,445.3,0.6391304347826079,0
3247-ZVOUO,1,3,2,10,7-12m,1,Yes,0,1,4,85.55,851.75,0.375,1
0254-FNMCI,3,3,2,72,61m+,1,No,1,6,8,109.9,7624.2,4.00833333333334,0
1848-LBZHY,1,1,1,7,7-12m,1,No,1,1,3,50.3,355.1,-0.4285714285714377,0
6101-IMRMM,1,4,2,6,0-6m,1,No,0,3,5,94.5,575.45,-1.4083333333333456,1
8118-TJAFG,1,3,2,9,7-12m,1,No,1,4,6,101.5,906.85,0.73888888888888,0
5429-LWCMV,1,3,2,12,7-12m,1,Yes,1,2,5,89.15,1057.55,1.0208333333333428,0
7298-IZWLY,1,4,3,1,0-6m,1,No,1,0,1,19.4,19.4,0.0,0
9758-MFWGD,2,1,1,48,25-48m,0,No phone service,0,1,2,29.9,1388.75,0.9677083333333307,0
3955-JBZZM,1,3,2,20,13-24m,1,No,0,1,3,78.8,1641.3,-3.2650000000000006,0
1268-ASBGA,1,2,2,16,13-24m,1,Yes,1,1,4,85.35,1375.15,-0.5968750000000114,1
8943-URTMR,1,4,2,2,0-6m,1,No,1,1,3,79.65,152.7,3.3000000000000114,1
4815-TUMEQ,2,4,3,10,7-12m,1,No,1,0,1,19.3,185.2,0.7800000000000011,0
4713-LZDRV,1,3,2,2,0-6m,1,No,1,1,3,79.6,195.05,-17.92500000000001,1
9909-IDLEK,1,4,2,20,13-24m,1,Yes,0,3,6,96.8,1826.7,5.464999999999989,0
4092-OFQZS,2,4,3,20,13-24m,1,No,0,0,1,20.65,417.5,-0.22500000000000142,0
1561-BWHIN,2,4,3,19,13-24m,1,No,0,0,1,19.8,344.5,1.6684210526315795,0
4325-NFSKC,1,3,2,19,13-24m,1,Yes,1,2,5,90.6,1660.0,3.231578947368419,1
9927-DSWDF,1,3,2,22,13-24m,1,No,1,5,7,104.6,2180.55,5.484090909090895,0
9500-LTVBP,1,2,2,35,25-48m,1,Yes,0,1,4,80.05,2835.9,-0.9757142857142895,0
7252-NTGSS,1,4,1,1,0-6m,1,No,0,0,2,45.15,45.15,0.0,0
8149-AIQCG,1,2,2,39,25-48m,1,Yes,1,0,3,73.15,2730.85,3.1282051282051384,0
1360-JYXKQ,2,3,2,54,49-60m,1,No,1,4,6,99.1,5437.1,-1.5870370370370495,0
2955-PSXOE,1,1,3,1,0-6m,1,No,1,0,1,20.2,20.2,0.0,1
7762-URZQH,3,2,2,66,61m+,1,Yes,1,4,7,106.05,6981.35,0.2719696969696912,1
0899-WZRSD,1,4,2,56,49-60m,1,Yes,1,4,7,105.35,5794.45,1.877678571428575,0
3255-GRXMG,1,2,1,18,13-24m,1,No,1,0,2,45.65,747.2,4.138888888888886,0
4828-FAZPK,1,2,2,16,13-24m,1,Yes,1,1,4,79.95,1267.95,0.703125,0
6094-ZIVKX,2,2,1,68,61m+,1,No,1,2,4,54.45,3674.95,0.4066176470588303,0
6925-BAYGL,3,2,3,53,49-60m,1,Yes,0,0,2,25.1,1275.6,1.0320754716981178,0
3262-EIDHV,3,2,1,72,61m+,1,Yes,0,5,8,84.7,5893.9,2.8402777777777857,0
7354-OIJLX,1,3,2,9,7-12m,1,Yes,1,0,3,75.85,724.65,-4.666666666666671,0
1376-HHBDV,1,4,1,30,25-48m,1,No,1,1,3,48.8,1536.75,-2.4250000000000043,0
6907-NZZIJ,1,3,2,36,25-48m,1,Yes,1,3,6,99.15,3615.6,-1.2833333333333314,1
6133-OZILE,1,3,1,18,13-24m,0,No phone service,1,2,3,35.2,607.3,1.4611111111111157,0
4135-FRWKJ,2,3,1,55,49-60m,1,Yes,0,4,7,76.25,4154.55,0.712727272727264,0
2911-UREFD,1,3,1,39,25-48m,0,No phone service,0,4,5,55.9,2184.35,-0.1089743589743577,1
3744-ZRRDZ,1,3,2,21,13-24m,1,Yes,1,1,4,82.35,1852.85,-5.88095238095238,1
5673-TIYIB,1,2,1,2,0-6m,0,No phone service,1,3,4,40.4,77.15,1.8249999999999957,1
6551-ZCOTS,2,1,3,33,25-48m,1,Yes,1,0,2,24.9,847.8,-0.7909090909090892,0
7191-ADRGF,3,1,1,44,25-48m,0,No phone service,0,4,5,54.3,2390.45,-0.028409090909086387,0
5018-LXQQG,1,1,1,30,25-48m,1,No,0,3,5,66.3,1923.5,2.183333333333337,0
6892-BOGQE,3,1,3,71,61m+,1,No,1,0,1,20.9,1493.2,-0.13098591549296046,0
1602-IJQQE,1,3,2,4,0-6m,1,Yes,0,0,3,75.35,338.1,-9.175000000000011,1
4628-WQCQQ,2,3,2,35,25-48m,1,No,1,2,4,85.15,3030.6,-1.4385714285714215,1
1746-TGTWV,1,2,2,1,0-6m,1,No,0,1,3,75.35,75.35,0.0,0
5995-SNNEW,1,3,2,23,13-24m,1,Yes,1,4,7,104.45,2184.85,9.456521739130437,0
8050-WYBND,2,2,1,22,13-24m,0,No phone service,1,3,4,49.45,1031.4,2.56818181818182,0
2821-WARNZ,2,2,3,49,49-60m,1,No,0,0,1,19.45,921.3,0.6479591836734713,0
4879-GZLFH,1,3,2,42,25-48m,1,No,1,3,5,92.15,3875.4,-0.12142857142856656,0
1644-IRKSF,2,3,2,33,25-48m,1,No,1,3,5,93.8,3124.5,-0.8818181818181898,1
8314-HTWVE,3,4,3,7,7-12m,1,No,0,0,1,19.85,144.15,-0.7428571428571438,0
9402-ROUMJ,2,1,2,67,61m+,1,Yes,1,4,7,100.25,6689.0,0.4141791044776113,0
2507-QZPQS,1,3,2,15,13-24m,1,Yes,0,3,6,95.7,1451.1,-1.039999999999992,0
7159-NOKYQ,3,3,2,67,61m+,1,Yes,1,3,6,93.15,6368.2,-1.8977611940298402,0
5707-ZMDJP,3,4,1,53,49-60m,1,No,1,4,6,69.7,3729.6,-0.669811320754718,0
8779-YIQQA,2,4,3,21,13-24m,1,No,0,0,1,19.8,350.1,3.12857142857143,0
7136-IHZJA,1,4,1,40,25-48m,1,No,1,4,6,71.35,2847.2,0.1700000000000017,0
8966-OIQHG,2,1,3,22,13-24m,1,No,0,0,1,20.75,452.35,0.1886363636363626,0
7074-STDCN,1,3,1,39,25-48m,0,No phone service,1,2,3,40.6,1494.5,2.279487179487184,0
3705-PSNGL,2,3,3,45,25-48m,1,No,1,0,1,20.4,930.45,-0.27666666666667084,1
8739-QOTTN,1,4,3,2,0-6m,1,No,0,0,1,20.35,41.85,-0.5749999999999993,0
1399-OUPJN,3,1,3,57,49-60m,1,No,0,0,1,19.75,1272.05,-2.5666666666666664,0
0277-BKSQP,1,3,1,8,7-12m,1,No,1,1,3,54.4,475.1,-4.987500000000004,0
6502-HCJTI,1,2,2,7,7-12m,1,Yes,1,3,6,94.7,673.1,-1.4571428571428555,1
2606-RMDHZ,1,2,1,6,0-6m,0,No phone service,1,1,2,30.5,208.7,-4.283333333333331,1
5774-XZTQC,1,4,3,7,7-12m,1,No,0,0,1,20.45,150.75,-1.0857142857142854,0
2676-SSLTO,3,1,1,49,49-60m,1,Yes,1,2,5,66.15,3199.0,0.8642857142857139,0
6266-QHOJZ,2,3,2,65,61m+,1,Yes,1,3,6,89.85,5844.65,-0.06769230769231172,0
7269-JISCY,2,1,1,55,49-60m,1,No,0,0,2,45.05,2462.6,0.2754545454545436,0
0363-SVHYR,3,1,1,71,61m+,1,Yes,0,6,9,86.85,6263.8,-1.3725352112676177,0
8547-NSBBO,1,4,2,35,25-48m,1,Yes,1,4,7,96.75,3403.4,-0.4900000000000091,0
8258-GSTJK,1,3,2,3,0-6m,1,Yes,1,0,3,77.0,237.75,-2.25,1
6861-OKBCE,1,2,3,11,7-12m,1,No,0,0,1,20.1,221.35,-0.02272727272726982,1
9940-RHLFB,1,3,2,1,0-6m,1,No,0,1,3,75.3,75.3,0.0,1
6591-QGOYB,1,1,2,17,13-24m,1,Yes,1,5,8,106.65,1672.1,8.29117647058824,0
9070-BCKQP,3,2,2,72,61m+,1,Yes,1,5,8,110.15,7881.2,0.6888888888888971,0
6421-SZVEM,2,1,2,28,25-48m,1,No,1,2,4,82.85,2320.8,-0.035714285714291805,0
1328-EUZHC,3,4,3,18,13-24m,1,No,0,0,1,20.1,370.5,-0.48333333333333073,0
2995-UPRYS,2,2,2,40,25-48m,1,No,1,4,6,99.2,4062.2,-2.3549999999999898,1
8878-RYUKI,1,3,1,52,49-60m,1,No,1,2,4,59.45,3043.7,0.9173076923077019,0
9633-DENPU,1,1,1,47,25-48m,1,No,1,2,4,58.6,2723.4,0.6553191489361723,0
7811-JIVPF,1,2,1,23,13-24m,1,No,0,1,3,49.7,1081.25,2.689130434782612,0
7113-HIPFI,3,4,1,66,61m+,1,No,0,4,6,65.85,4097.05,3.7734848484848413,0
8541-QVFKM,1,3,2,8,7-12m,1,Yes,1,0,3,73.5,632.2,-5.525000000000006,0
6686-YPGHK,1,4,2,47,25-48m,1,No,0,2,4,85.5,4042.3,-0.5063829787234084,1
1383-EZRWL,1,4,3,7,7-12m,1,No,0,0,1,20.05,164.85,-3.5,1
9258-CNWAC,3,2,2,71,61m+,1,Yes,0,6,9,113.65,8166.8,-1.3753521126760546,0
5371-VYLSX,1,3,2,50,49-60m,1,Yes,1,2,5,83.4,4113.7,1.1260000000000048,0
6374-AFWOX,3,4,1,46,25-48m,1,No,0,4,6,65.65,3047.15,-0.5923913043478279,0
4759-TRPLW,1,3,2,1,0-6m,1,No,0,0,2,70.4,70.4,0.0,1
5317-FLPJF,3,1,1,66,61m+,0,No phone service,1,5,6,61.35,4193.4,-2.1863636363636303,0
7621-VPNET,1,2,2,42,25-48m,1,Yes,1,2,5,85.9,3729.75,-2.903571428571425,0
6034-YMTOB,1,4,2,5,0-6m,1,No,1,1,3,75.65,399.45,-4.239999999999995,0
8563-IIOXK,2,3,1,7,7-12m,1,No,1,1,3,49.75,331.3,2.421428571428571,1
4903-CNOZC,2,2,1,29,25-48m,1,Yes,0,3,6,70.9,1964.6,3.1551724137931103,0
4353-HYOJD,1,4,1,27,25-48m,1,No,0,1,3,49.85,1336.15,0.3629629629629605,0
8020-BWHYL,1,2,2,15,13-24m,1,No,1,1,3,75.3,1147.45,-1.1966666666666725,1
7267-FRMJW,3,4,3,25,25-48m,1,No,0,0,1,20.1,486.05,0.6580000000000013,0
2982-VPSGI,1,3,2,11,7-12m,1,Yes,1,2,5,94.0,1078.9,-4.081818181818193,1
4188-FRABG,1,3,2,57,49-60m,1,Yes,1,5,8,103.05,5925.75,-0.9105263157894825,0
8199-ZLLSA,2,1,2,67,61m+,1,Yes,1,6,9,118.35,7804.15,1.8701492537313413,1
4128-ETESU,1,3,2,47,25-48m,1,Yes,0,3,6,99.7,4747.2,-1.304255319148936,0
0620-DLSLK,1,4,2,13,13-24m,1,No,1,1,3,81.9,1028.9,2.7538461538461547,0
4625-EWPTF,1,3,1,8,7-12m,0,No phone service,1,1,2,30.45,226.45,2.1437500000000007,1
5980-NOPLP,1,3,2,44,25-48m,1,Yes,1,2,5,96.1,4364.1,-3.084090909090918,1
3850-OKINF,2,3,1,71,61m+,1,Yes,1,2,5,66.2,4692.55,0.10774647887323852,0
6892-XPFPU,1,3,2,24,13-24m,1,Yes,1,4,7,104.25,2433.9,2.8374999999999915,1
8010-EZLOU,1,3,2,15,13-24m,1,Yes,1,1,4,80.2,1217.25,-0.9500000000000028,1
1156-ZFYDO,1,3,3,1,0-6m,1,No,0,0,1,19.75,19.75,0.0,0
3295-YVUSR,1,4,2,2,0-6m,1,Yes,1,0,3,72.6,154.3,-4.550000000000011,0
8016-NCFVO,1,3,2,55,49-60m,1,Yes,1,6,9,116.5,6382.55,0.45363636363636317,0
4119-ZYPZY,3,3,2,71,61m+,1,Yes,1,4,7,106.8,7623.2,-0.5690140845070459,0
5549-ZGHFB,3,4,3,50,49-60m,1,Yes,0,0,2,24.95,1261.45,-0.2789999999999999,0
7577-SWIFR,1,3,2,1,0-6m,1,No,1,2,4,89.25,89.25,0.0,0
0303-WMMRN,1,4,3,5,0-6m,1,No,1,0,1,19.25,86.05,2.039999999999999,0
6408-OTUBZ,2,1,2,66,61m+,1,Yes,1,5,8,104.55,6779.05,1.837121212121204,0
5204-HMGYF,2,4,1,49,49-60m,1,No,1,6,8,87.2,4345.0,-1.4734693877551024,0
1078-TDCRN,1,3,1,3,0-6m,0,No phone service,1,1,2,30.75,82.85,3.1333333333333364,0
3727-OVPRY,2,2,3,66,61m+,1,Yes,1,0,2,25.7,1714.55,-0.2780303030303024,0
3797-FKOGQ,1,3,2,11,7-12m,1,Yes,0,1,4,86.2,893.2,5.0,0
7622-NXQZR,1,2,1,28,25-48m,0,No phone service,1,1,2,30.1,810.85,1.1410714285714292,0
6196-HBOBZ,3,3,2,65,61m+,1,Yes,1,4,7,99.35,6347.55,1.6953846153846115,0
3970-XGJDU,3,2,3,62,61m+,1,No,1,0,1,19.2,1123.65,1.0766129032258043,0
7017-VFULY,1,1,3,2,0-6m,1,No,0,0,1,20.1,43.15,-1.4749999999999979,0
5562-YJQGT,1,2,3,2,0-6m,1,No,0,0,1,20.35,35.1,2.8000000000000007,0
8807-OPMBM,3,2,3,55,49-60m,1,Yes,1,0,2,25.65,1388.0,0.41363636363636047,0
5439-WIKXB,1,3,2,41,25-48m,1,No,1,3,5,94.55,3851.45,0.612195121951217,0
9874-QLCLH,1,3,2,17,13-24m,1,Yes,1,4,7,104.2,1743.5,1.6411764705882348,1
8294-UIMBA,2,1,2,30,25-48m,1,No,1,3,5,94.4,2638.1,6.463333333333338,0
8109-YUOHE,2,4,1,17,13-24m,1,No,0,2,4,56.1,946.95,0.397058823529413,0
5840-NVDCG,3,1,1,16,13-24m,1,No,0,4,6,68.25,1114.85,-1.4281249999999943,0
8092-NLTGF,3,1,3,72,61m+,1,Yes,0,0,2,24.75,1777.6,0.06111111111111356,0
5928-QLDHB,1,3,2,9,7-12m,1,Yes,1,0,3,76.25,684.85,0.15555555555555145,0
9840-EFJQB,1,3,2,1,0-6m,1,No,0,1,3,74.35,74.35,0.0,0
0696-UKTOX,1,3,1,23,13-24m,1,No,0,2,4,54.15,1312.45,-2.9130434782608745,0
4801-KFYKL,1,1,3,8,7-12m,1,No,0,0,1,19.45,159.2,-0.4499999999999993,0
3472-OAOOR,1,4,1,19,13-24m,0,No phone service,1,2,3,34.95,610.2,2.8342105263157933,0
6135-OZQVA,1,3,1,7,7-12m,1,Yes,1,1,4,53.65,404.35,-4.114285714285721,0
8062-YBDOE,1,3,2,1,0-6m,1,No,1,0,2,69.65,69.65,0.0,1
2252-JHJGE,2,3,2,61,61m+,1,Yes,0,4,7,104.0,6363.45,-0.3188524590163837,0
4188-PCPIG,3,2,1,57,49-60m,1,No,1,4,6,70.35,4124.65,-2.012280701754392,0
6000-APYLU,1,3,2,9,7-12m,1,No,1,1,3,80.8,713.1,1.5666666666666629,1
7105-BENQF,2,4,1,15,13-24m,1,No,0,3,5,64.85,950.75,1.4666666666666615,0
7721-DVEKZ,1,4,3,1,0-6m,1,No,0,0,1,19.65,19.65,0.0,0
3566-VVORZ,1,1,1,12,7-12m,1,No,0,0,2,45.9,505.95,3.737499999999997,0
9507-HSMMZ,3,4,3,54,49-60m,1,No,0,0,1,20.0,1149.65,-1.289814814814818,0
2480-SQIOB,1,3,1,4,0-6m,1,No,0,0,2,44.8,169.65,2.3874999999999957,0
0947-IDHRQ,1,4,2,7,7-12m,1,No,1,1,3,80.3,526.7,5.05714285714285,1
7813-TKCVO,2,4,3,20,13-24m,1,No,0,0,1,20.35,393.15,0.6925000000000026,0
0128-MKWSG,1,4,1,26,25-48m,0,No phone service,0,3,4,45.8,1147.0,1.684615384615384,0
3672-YITQD,1,3,2,36,25-48m,1,Yes,1,1,4,84.1,3021.6,0.1666666666666572,1
4350-ZTLPI,2,1,2,53,49-60m,1,Yes,1,5,8,108.95,5718.2,1.0594339622641513,0
9048-JVYVF,1,3,1,3,0-6m,1,No,1,3,5,69.35,191.35,5.566666666666663,1
0361-HJRDX,3,2,1,68,61m+,0,No phone service,0,6,7,64.35,4539.6,-2.4088235294117766,0
5727-MYATE,3,2,1,72,61m+,1,Yes,1,6,9,90.8,6397.6,1.9444444444444429,0
3823-KYNQY,2,2,3,12,7-12m,1,Yes,0,0,2,24.95,280.4,1.5833333333333357,0
8988-ECPJR,1,4,2,34,25-48m,1,Yes,1,1,4,79.6,2718.3,-0.3500000000000085,1
7570-WELNY,3,1,2,68,61m+,1,Yes,1,2,5,84.7,5711.05,0.7139705882352985,0
3021-VLNRJ,2,2,1,50,49-60m,1,No,1,4,6,70.8,3478.15,1.2369999999999948,0
3776-EKTKM,1,3,1,1,0-6m,0,No phone service,1,1,2,36.45,36.45,0.0,1
2080-CAZNM,1,3,2,41,25-48m,1,Yes,1,4,7,104.4,4133.95,3.5719512195122007,0
1028-FFNJK,1,3,2,30,25-48m,1,Yes,1,3,6,101.5,2917.65,4.24499999999999,0
6907-FLBER,1,3,1,1,0-6m,1,Yes,0,1,4,54.3,54.3,0.0,0
3001-UNBTL,1,3,2,29,25-48m,1,Yes,1,3,6,103.95,2964.8,1.7155172413793025,0
5982-PSMKW,3,2,1,23,13-24m,1,Yes,1,6,9,91.1,2198.3,-4.478260869565233,0
3507-GASNP,3,4,3,60,49-60m,1,No,0,0,1,19.95,1189.9,0.11833333333333229,0
7096-ZNBZI,3,2,3,72,61m+,1,Yes,0,0,2,26.45,1914.5,-0.14027777777777928,0
1902-XBTFB,1,3,2,22,13-24m,1,No,1,3,5,89.4,2001.5,-1.577272727272728,1
1676-MQAOA,3,1,1,72,61m+,1,No,1,5,7,75.1,5336.35,0.9840277777777686,0
0786-IVLAW,2,1,2,66,61m+,1,Yes,0,4,7,108.1,7238.6,-1.5757575757575921,0
7566-DSRLQ,3,3,2,72,61m+,1,Yes,1,5,8,110.15,7998.8,-0.9444444444444429,0
0643-OKLRP,1,3,2,47,25-48m,1,Yes,0,1,4,80.35,3825.85,-1.051063829787239,1
7245-JMTTQ,2,3,2,51,49-60m,1,Yes,1,5,8,111.5,5703.25,-0.32843137254901933,0
6050-IJRHS,2,3,2,70,61m+,1,Yes,1,4,7,106.5,7397.0,0.8285714285714221,0
6202-JVYEU,2,3,3,9,7-12m,1,No,1,0,1,19.9,164.6,1.6111111111111107,0
8591-TKMZH,3,4,2,59,49-60m,1,Yes,1,5,8,111.1,6555.2,-0.00508474576271567,0
0734-OXWBT,1,4,1,3,0-6m,1,No,0,3,5,70.7,225.65,-4.516666666666666,0
4282-ACRXS,1,3,1,38,25-48m,0,No phone service,1,0,1,24.85,955.75,-0.30131578947368354,0
0365-TRTPY,1,1,2,37,25-48m,1,Yes,0,3,6,91.2,3382.3,-0.21351351351351866,0
7349-ALMUX,3,1,1,37,25-48m,1,No,0,4,6,65.6,2313.8,3.0648648648648518,0
9381-NDKME,1,2,1,24,13-24m,0,No phone service,1,2,3,40.65,933.3,1.7625000000000028,1
6502-KUGLL,1,1,1,14,13-24m,1,No,0,3,5,59.45,780.85,3.6750000000000043,0
1841-YSJGV,3,2,2,72,61m+,1,Yes,1,5,8,109.95,7852.4,0.8888888888888999,0
2794-XIMMO,2,3,1,53,49-60m,0,No phone service,1,5,6,60.45,3184.25,0.3698113207547209,1
8382-SHQEH,1,3,2,8,7-12m,1,Yes,1,1,4,84.9,764.95,-10.71875,1
3511-BFTJW,3,2,1,72,61m+,0,No phone service,0,3,4,38.5,2763.0,0.125,0
7668-XCFYV,1,3,2,17,13-24m,1,Yes,1,2,5,92.55,1614.7,-2.4323529411764753,0
2983-ZANRP,1,1,2,2,0-6m,1,No,1,1,3,73.55,145.4,0.8499999999999943,1
7845-URHJN,1,1,3,8,7-12m,1,No,0,0,1,20.15,156.25,0.6187499999999986,1
3034-ZBEQN,2,4,1,48,25-48m,0,No phone service,0,2,3,34.7,1604.5,1.2729166666666671,1
5018-HEKFO,1,4,3,10,7-12m,1,Yes,1,0,2,24.5,270.15,-2.514999999999997,0
2923-ARZLG,2,4,3,0,0-6m,1,No,1,0,1,19.7,0.0,0.0,0
3976-NLDEZ,1,4,3,1,0-6m,1,No,0,0,1,20.6,20.6,0.0,0
2282-YGNOR,2,2,1,29,25-48m,1,No,0,3,5,58.0,1734.5,-1.8103448275862064,0
5336-UFNZP,2,3,2,65,61m+,1,Yes,1,4,7,107.45,7047.5,-0.973076923076917,0
6854-EXGSF,1,1,1,8,7-12m,1,Yes,1,3,6,65.5,573.15,-6.143749999999997,0
1241-EZFMJ,3,1,3,61,61m+,1,Yes,0,0,2,25.45,1538.6,0.22704918032787091,0
9233-PSYHO,2,1,2,45,25-48m,1,Yes,1,3,6,100.15,4459.8,1.0433333333333366,0
5376-PCKNB,2,2,2,72,61m+,1,Yes,1,4,7,104.45,7459.0,0.8527777777777743,0
8044-BGWPI,1,3,3,12,7-12m,1,No,1,0,1,21.15,306.05,-4.354166666666668,0
4060-LDNLU,1,3,2,7,7-12m,1,Yes,0,2,5,96.2,639.7,4.814285714285717,0
3589-PPVKW,1,4,1,9,7-12m,1,No,1,0,2,44.4,348.15,5.716666666666669,0
8327-LZKAS,2,3,2,43,25-48m,1,Yes,1,4,7,107.55,4533.9,2.110465116279073,1
5887-IKKYO,3,1,2,58,49-60m,1,Yes,0,3,6,94.35,5563.65,-1.5750000000000028,0
1075-BGWOH,1,3,2,16,13-24m,1,Yes,1,3,6,98.75,1587.55,-0.47187499999999716,1
1755-RMCXH,1,4,3,2,0-6m,1,No,0,0,1,20.3,40.25,0.1750000000000007,0
0302-JOIVN,1,3,2,8,7-12m,1,No,0,4,6,101.15,842.9,-4.2124999999999915,1
3858-XHYJO,2,1,2,40,25-48m,1,Yes,0,4,7,105.75,4228.55,0.03624999999999545,0
4299-SIMNS,1,3,2,9,7-12m,1,Yes,1,1,4,81.15,784.45,-6.011111111111106,0
7025-IWFHT,2,3,2,41,25-48m,1,No,1,3,5,89.55,3729.75,-1.4195121951219534,0
6261-LHRTG,1,2,1,26,25-48m,1,No,1,2,4,54.75,1406.9,0.6384615384615344,0
7841-FCRQD,2,2,1,33,25-48m,1,No,1,2,4,53.75,1857.3,-2.5318181818181813,0
2056-EVGZL,2,2,2,68,61m+,1,No,0,5,7,105.75,7322.5,-1.933823529411768,0
8777-MBMTS,3,2,2,65,61m+,1,No,1,5,7,105.85,6725.5,2.380769230769232,0
7753-USQYQ,2,3,1,55,49-60m,1,No,1,3,5,64.2,3627.3,-1.75090909090909,0
5366-IJEQJ,1,3,2,20,13-24m,1,Yes,1,2,5,88.7,1761.45,0.6274999999999977,1
7661-CPURM,2,2,2,19,13-24m,1,No,1,2,4,87.7,1725.95,-3.139473684210529,0
6233-HXJMX,1,2,2,45,25-48m,1,Yes,1,2,5,89.3,4192.15,-3.8588888888888846,0
5902-WBLSE,3,2,3,70,61m+,1,No,1,0,1,20.15,1411.2,-0.010000000000001563,0
1981-INRFU,1,3,2,2,0-6m,1,No,1,1,3,79.75,164.5,-2.5,1
4971-PUYQO,1,4,2,27,25-48m,1,Yes,1,2,5,94.55,2724.6,-6.361111111111114,1
3239-TPHPZ,3,3,3,12,7-12m,1,No,1,0,1,20.05,264.55,-1.9958333333333336,0
5115-GZDEL,3,2,1,72,61m+,0,No phone service,0,6,7,67.2,4671.7,2.31527777777778,0
3338-CVVEH,1,3,2,12,7-12m,1,Yes,0,2,5,94.55,1173.55,-3.245833333333337,0
8485-GJCDN,1,4,2,5,0-6m,1,No,1,0,2,69.05,318.5,5.349999999999994,1
2615-YVMYX,1,3,2,71,61m+,1,Yes,1,5,8,107.5,7713.55,-1.1415492957746523,0
2851-STERV,2,3,1,35,25-48m,1,No,1,4,6,73.0,2471.25,2.392857142857139,0
4393-GEADV,3,2,2,70,61m+,1,Yes,0,6,9,114.75,7842.3,2.7171428571428606,0
8486-AYEQH,1,3,2,31,25-48m,1,Yes,1,0,3,76.05,2227.8,4.18548387096773,0
1527-SXDPN,3,1,2,52,49-60m,1,Yes,1,3,6,96.25,4990.25,0.2836538461538396,1
6029-WTIPC,1,3,2,37,25-48m,1,Yes,1,3,6,101.1,3744.05,-0.09054054054054461,1
8634-CILSZ,2,1,2,69,61m+,1,Yes,1,4,7,104.7,7220.35,0.05724637681159095,1
5419-JKZNQ,1,4,2,30,25-48m,1,Yes,0,0,3,77.9,2351.45,-0.4816666666666549,0
2495-KZNFB,1,3,2,33,25-48m,1,Yes,1,2,5,90.65,2989.6,0.05606060606061192,0
1409-PHXTF,3,3,2,54,49-60m,1,Yes,1,5,8,110.45,6077.75,-2.100925925925921,0
4560-WQAQW,2,1,1,59,49-60m,1,Yes,0,3,6,68.7,4070.95,-0.29915254237288025,0
9591-YVTEB,1,3,1,55,49-60m,0,No phone service,1,3,4,44.85,2479.05,-0.2236363636363663,0
9309-BZGNT,2,2,1,69,61m+,0,No phone service,1,1,2,29.8,2134.3,-1.1318840579710177,0
4274-DRSQT,2,1,2,66,61m+,1,Yes,1,2,5,88.9,6000.1,-2.010606060606065,0
2027-DNKIV,2,4,1,37,25-48m,1,No,1,3,5,58.75,2203.1,-0.7932432432432392,0
8075-GXIUB,2,2,3,9,7-12m,1,No,0,0,1,19.85,183.15,-0.5,0
2885-HIJDH,3,1,1,69,61m+,1,Yes,0,5,8,86.9,6194.1,-2.8695652173912976,0
5424-RLQLC,1,4,1,10,7-12m,1,No,1,2,4,59.65,638.95,-4.2450000000000045,0
6682-QJDGB,1,4,1,40,25-48m,1,No,1,2,4,55.25,2139.2,1.7700000000000031,1
6507-DTJZV,1,2,1,13,13-24m,1,No,0,2,4,66.4,831.75,2.419230769230772,0
8780-IXSTS,1,3,2,6,0-6m,1,Yes,1,2,5,90.1,521.3,3.2166666666666686,1
7673-BQGKU,3,1,3,69,61m+,1,No,0,0,1,20.15,1337.5,0.7659420289855063,0
6723-WSNTY,2,2,2,66,61m+,1,Yes,1,5,8,108.1,7181.95,-0.7174242424242436,0
9530-EHPOH,1,3,1,11,7-12m,1,Yes,0,1,4,53.75,608.0,-1.5227272727272734,1
2725-IWWBA,2,4,1,46,25-48m,1,No,0,3,5,56.9,2560.1,1.2456521739130437,0
0345-HKJVM,1,3,2,6,0-6m,1,No,0,2,4,89.3,577.6,-6.966666666666669,1
1061-PNTHC,1,4,2,56,49-60m,1,Yes,1,5,8,109.6,5953.0,3.2964285714285637,0
0394-YONDK,3,2,3,70,61m+,1,Yes,0,0,2,25.15,1790.15,-0.4235714285714316,0
6574-MCOEH,2,3,1,33,25-48m,1,Yes,1,4,7,79.15,2531.4,2.440909090909088,0
7399-QHBJS,3,2,1,72,61m+,1,Yes,0,3,6,66.75,4760.3,0.6347222222222229,0
3049-SOLAY,1,3,2,3,0-6m,1,Yes,1,2,5,95.2,292.85,-2.4166666666666714,1
0997-YTLNY,1,4,1,19,13-24m,1,No,0,1,3,48.8,953.65,-1.3921052631578945,0
3317-HRTNN,1,3,1,5,0-6m,0,No phone service,0,2,3,45.7,198.0,6.100000000000001,1
9479-HYNYL,3,2,1,71,61m+,1,No,1,5,7,80.7,5705.05,0.34718309859154317,0
3235-ETOOB,1,3,2,8,7-12m,1,No,1,1,3,74.5,609.9,-1.7374999999999972,1
9708-KFDBY,1,2,3,1,0-6m,1,No,0,0,1,20.55,20.55,0.0,0
8058-INTPH,1,3,2,1,0-6m,1,No,1,1,3,79.65,79.65,0.0,1
3642-GKTCT,2,4,2,61,61m+,1,Yes,1,6,9,115.1,6993.65,0.45000000000000284,0
0774-RMNUW,3,1,1,71,61m+,0,No phone service,0,5,6,59.7,4122.65,1.6345070422535315,0
1334-PDUKM,2,2,2,68,61m+,1,Yes,0,2,5,86.45,5762.95,1.7007352941176492,0
0756-MPZRL,2,2,1,46,25-48m,0,No phone service,0,2,3,33.7,1537.85,0.2684782608695713,0
2242-MFOTG,2,1,2,33,25-48m,1,Yes,0,1,4,80.1,2603.3,1.212121212121204,0
2927-CVULT,3,1,2,53,49-60m,1,Yes,1,5,8,104.05,5566.4,-0.9764150943396146,0
2144-BFDSO,1,1,2,50,49-60m,1,Yes,0,5,8,108.75,5431.9,0.11200000000000898,0
8745-PVESG,2,2,1,57,49-60m,0,No phone service,1,3,4,41.1,2258.25,1.481578947368419,0
7647-GYYKX,3,1,3,54,49-60m,1,No,1,0,1,20.35,1092.35,0.12129629629630045,0
5647-FXOTP,1,3,2,60,49-60m,1,Yes,1,4,7,105.9,6401.25,-0.7874999999999943,0
5569-OUICF,1,2,2,28,25-48m,1,Yes,1,3,6,101.3,2812.2,0.8642857142857139,1
8821-XNHVZ,1,4,2,1,0-6m,1,No,1,1,3,80.05,80.05,0.0,1
2082-OJVTK,1,3,2,29,25-48m,1,Yes,1,2,5,89.2,2698.35,-3.8465517241379246,1
9700-ISPUP,1,3,1,10,7-12m,1,No,1,3,5,65.5,616.9,3.8100000000000023,0
9839-ETQOE,1,3,1,43,25-48m,0,No phone service,1,3,4,40.45,1912.85,-4.034883720930225,0
6078-VESFR,1,1,2,13,13-24m,1,No,0,0,2,70.45,849.1,5.134615384615387,0
9027-TMATR,3,3,1,43,25-48m,1,No,1,5,7,78.8,3460.3,-1.672093023255826,0
5940-NFXKV,1,3,2,19,13-24m,1,Yes,1,1,4,83.65,1465.75,6.5052631578947455,1
1941-HOSAM,1,3,2,1,0-6m,1,No,1,2,4,90.1,90.1,0.0,0
9110-HSGTV,3,2,1,69,61m+,1,No,1,5,7,82.45,5555.3,1.9384057971014528,0
0704-VCUMB,3,2,3,61,61m+,1,No,0,0,1,20.25,1278.8,-0.7139344262295069,0
6171-ZTVYB,1,1,1,43,25-48m,1,Yes,0,3,6,66.25,2907.35,-1.3627906976744129,0
8053-WWDRO,1,1,3,6,0-6m,1,No,0,0,1,19.5,146.3,-4.883333333333336,1
9564-KCLHR,1,4,1,1,0-6m,1,No,0,1,3,51.25,51.25,0.0,1
1935-IMVBB,1,4,2,56,49-60m,1,No,0,2,4,89.7,4952.95,1.2544642857142918,0
2535-PBCGC,3,1,1,70,61m+,0,No phone service,0,6,7,64.55,4504.9,0.19428571428571217,0
2082-CEFLT,1,3,1,1,0-6m,1,No,1,0,2,45.6,45.6,0.0,1
1470-PSXNM,2,3,2,49,49-60m,1,Yes,1,3,6,93.65,4520.15,1.4020408163265472,0
1213-NGCUN,1,1,1,6,0-6m,1,No,1,1,3,49.65,267.35,5.0916666666666615,1
2498-XLDZR,3,4,1,32,25-48m,1,No,0,5,7,73.6,2316.85,1.1984374999999972,0
9866-OCCKE,3,4,2,72,61m+,1,Yes,1,5,8,109.75,8075.35,-2.407638888888897,0
5338-YHWYT,3,2,1,37,25-48m,1,No,0,3,5,61.45,2302.35,-0.7756756756756715,0
7718-UPSKJ,2,2,2,69,61m+,1,No,1,5,7,106.4,7251.9,1.3000000000000114,0
8731-WBBMB,1,1,1,26,25-48m,1,No,0,5,7,81.9,2078.55,1.955769230769235,0
1448-CYWKC,2,2,2,58,49-60m,1,Yes,1,4,7,105.2,6225.4,-2.1344827586206776,0
7901-IIDQV,2,1,1,24,13-24m,1,Yes,0,1,4,54.6,1242.25,2.839583333333337,0
2690-DVRVK,2,3,3,5,0-6m,1,No,0,0,1,20.55,99.45,0.6600000000000001,0
5688-KZTSN,1,3,3,15,13-24m,1,No,1,0,1,20.0,288.05,0.7966666666666669,1
1270-XKUCC,3,4,3,30,25-48m,1,No,0,0,1,19.7,599.25,-0.27500000000000213,0
0334-ZFJSR,2,2,1,55,49-60m,1,Yes,1,3,6,66.05,3462.1,3.1027272727272717,0
2894-QOJRX,1,1,1,25,25-48m,0,No phone service,1,1,2,34.0,853.0,-0.11999999999999744,1
5747-PMBSQ,1,4,2,10,7-12m,1,No,1,4,6,92.5,934.1,-0.9099999999999966,1
5583-EJXRD,3,2,1,44,25-48m,0,No phone service,1,5,6,54.05,2375.2,0.06818181818182012,0
4565-EVZMJ,2,4,1,47,25-48m,1,No,1,3,5,58.9,2813.05,-0.9521276595744723,0
3143-JQEGI,1,3,2,13,13-24m,1,No,0,2,4,88.35,1222.8,-5.711538461538467,1
6386-SZZKH,3,1,2,49,49-60m,1,Yes,1,5,8,107.95,5293.2,-0.07448979591836746,1
3327-YBAKM,2,4,2,64,61m+,1,No,1,4,6,96.9,6314.35,-1.76171875,0
9441-QHEVC,1,4,3,1,0-6m,1,No,0,0,1,19.1,19.1,0.0,0
6705-LNMDD,1,4,1,20,13-24m,1,No,0,1,3,50.0,1003.05,-0.1524999999999963,0
2580-ASVVY,3,3,1,37,25-48m,0,No phone service,0,3,4,45.4,1593.1,2.3432432432432435,0
3370-GQEAL,1,3,2,30,25-48m,1,Yes,0,1,4,85.45,2509.95,1.7850000000000108,0
5032-USPKF,2,1,1,38,25-48m,1,Yes,0,5,8,84.1,3187.65,0.2144736842105175,0
2982-IHMFT,1,4,2,1,0-6m,1,Yes,1,0,3,74.45,74.45,0.0,1
3521-SYVOR,1,3,1,37,25-48m,1,No,1,2,4,64.75,2345.2,1.3662162162162232,1
4254-QPEDE,3,2,1,52,49-60m,0,No phone service,0,6,7,66.25,3330.1,2.2096153846153896,0
6283-GITPX,3,2,1,71,61m+,1,No,1,5,7,76.9,5522.7,-0.8845070422535173,0
9526-JAWYF,1,3,2,26,25-48m,1,No,0,3,5,89.8,2335.3,-0.019230769230773603,1
0771-CHWSK,3,2,1,66,61m+,1,Yes,1,4,7,74.6,4798.4,1.8969696969696912,0
9788-HNGUT,3,2,2,72,61m+,1,Yes,1,6,9,116.95,8594.4,-2.416666666666657,0
9495-REDIY,2,2,1,25,25-48m,0,No phone service,1,2,3,40.65,970.55,1.828000000000003,0
5375-XLDOF,3,1,2,69,61m+,1,Yes,1,6,9,114.35,7665.8,3.2514492753623045,0
1172-VIYBP,3,1,1,53,49-60m,1,Yes,0,3,6,69.7,3686.05,0.151886792452828,0
5649-VUKMC,2,4,2,12,7-12m,1,No,0,3,5,95.5,1115.15,2.5708333333333258,1
6559-PDZLR,1,3,2,26,25-48m,1,No,1,4,6,98.65,2537.0,1.0730769230769255,0
8992-OBVDG,1,4,1,21,13-24m,1,No,0,2,4,61.65,1393.6,-4.711904761904755,0
4273-MBHYA,1,3,2,1,0-6m,1,No,1,2,4,89.35,89.35,0.0,0
4724-WXVWF,1,3,2,48,25-48m,1,Yes,1,3,6,95.4,4445.3,2.78958333333334,0
5701-GUXDC,2,2,1,26,25-48m,0,No phone service,0,2,3,35.4,978.6,-2.238461538461543,0
1460-UZPRJ,3,4,3,60,49-60m,1,No,0,0,1,19.95,1258.15,-1.0191666666666706,0
6082-GLJIX,1,4,3,18,13-24m,1,No,0,0,1,19.25,331.35,0.841666666666665,0
5143-EGQFK,1,3,1,10,7-12m,0,No phone service,1,1,2,29.65,291.4,0.5100000000000016,1
4919-IKATY,1,3,2,5,0-6m,1,Yes,1,2,5,84.5,453.75,-6.25,1
2495-TTHBQ,2,4,3,4,0-6m,1,No,1,0,1,20.4,84.75,-0.7875000000000014,0
0485-ZBSLN,3,2,3,65,61m+,1,Yes,0,0,2,24.75,1715.1,-1.6361538461538458,0
3810-PJUHR,3,4,3,70,61m+,1,Yes,0,0,2,25.35,1715.15,0.8478571428571442,0
9050-QLROH,1,2,2,18,13-24m,1,Yes,1,2,5,90.7,1597.25,1.9638888888888886,1
0847-HGRML,3,1,3,62,61m+,1,No,0,0,1,20.0,1250.1,-0.16290322580644911,0
8232-CTLKO,3,3,1,66,61m+,1,No,1,2,4,59.75,3996.8,-0.807575757575762,0
9227-YBAXE,3,1,1,65,61m+,1,Yes,1,5,8,82.5,5215.1,2.2676923076923003,0
6168-WFVVF,1,3,2,3,0-6m,1,No,1,0,2,70.3,235.5,-8.200000000000003,1
9860-LISIZ,1,4,3,34,25-48m,1,No,0,0,1,20.35,673.2,0.5500000000000007,0
0112-QAWRZ,1,1,2,16,13-24m,1,Yes,1,2,5,90.8,1442.2,0.6624999999999943,0
0877-SDMBN,2,1,2,54,49-60m,1,Yes,1,4,7,103.95,5639.05,-0.47685185185184764,1
2786-GCDPI,1,3,2,50,49-60m,1,Yes,1,4,7,104.95,5222.35,0.5030000000000001,0
4043-MKDTV,3,3,2,71,61m+,1,No,1,5,7,105.25,7291.75,2.549295774647888,0
8065-YKXKD,1,3,2,10,7-12m,1,Yes,1,0,3,74.75,799.65,-5.215000000000003,1
9637-EIHEQ,1,3,1,1,0-6m,1,No,1,1,3,50.8,50.8,0.0,1
9229-RQABD,2,4,3,18,13-24m,1,Yes,0,0,2,23.75,424.5,0.16666666666666785,0
8313-KTIHG,1,3,1,4,0-6m,1,No,1,2,4,61.3,249.4,-1.0500000000000043,0
5320-BRKGK,3,4,1,58,49-60m,1,Yes,0,4,7,75.8,4415.75,-0.3336206896551772,0
6284-KMNUF,2,3,2,56,49-60m,1,Yes,1,3,6,98.0,5270.6,3.8821428571428527,0
9689-PTNPG,1,3,2,2,0-6m,1,No,1,1,3,80.25,144.55,7.974999999999994,1
9465-RWMXL,1,3,2,32,25-48m,1,Yes,1,1,4,78.9,2447.95,2.4015625000000114,1
6229-UOLQL,2,4,1,56,49-60m,0,No phone service,1,4,5,52.0,2884.9,0.4839285714285708,0
2362-IBOOY,1,3,2,36,25-48m,1,Yes,1,1,4,84.75,3050.15,0.023611111111108585,1
3137-LUPIX,1,4,1,4,0-6m,1,Yes,1,2,5,64.4,253.0,1.1500000000000057,0
0843-WTBXE,1,1,2,53,49-60m,1,Yes,0,1,4,85.45,4517.25,0.21886792452831116,1
6143-JQKEA,1,2,1,10,7-12m,1,No,1,0,2,45.8,436.2,2.1799999999999997,0
8676-OOQEJ,1,3,1,4,0-6m,0,No phone service,0,1,2,30.5,118.4,0.8999999999999986,0
5515-IDEJJ,1,4,3,1,0-6m,1,No,0,0,1,19.9,19.9,0.0,1
9701-CDXHR,1,4,2,51,49-60m,1,No,0,0,2,69.15,3649.6,-2.410784313725486,0
7450-NWRTR,1,3,2,12,7-12m,1,Yes,1,3,6,99.45,1200.15,-0.5625,1
8124-NZVGJ,2,4,1,6,0-6m,0,No phone service,1,3,4,49.25,255.6,6.649999999999999,0
2162-FRZAA,3,1,1,63,61m+,0,No phone service,0,3,4,39.35,2395.05,1.3333333333333286,0
5376-DEQCP,1,3,2,1,0-6m,1,No,1,0,2,70.6,70.6,0.0,1
5118-MUEYH,1,2,2,48,25-48m,1,Yes,1,4,7,105.1,5083.55,-0.8072916666666714,0
9095-HFAFX,1,2,2,5,0-6m,1,No,1,1,3,81.0,389.6,3.0799999999999983,1
5627-TVBPP,2,2,3,35,25-48m,1,No,1,0,1,20.1,644.5,1.6857142857142868,0
2379-ENZGV,1,3,2,6,0-6m,1,No,1,2,4,84.85,523.5,-2.4000000000000057,1
3936-QQFLL,1,4,3,2,0-6m,1,No,0,0,1,19.75,39.3,0.10000000000000142,0
2589-AYCRP,2,1,3,50,49-60m,1,No,0,0,1,19.75,989.05,-0.030999999999998806,0
4067-HLYQI,1,1,2,33,25-48m,1,No,1,0,2,70.4,2406.1,-2.512121212121201,0
5124-EOGYE,3,4,3,31,25-48m,1,No,0,0,1,20.45,638.55,-0.1483870967741936,0
5057-RKGLH,3,4,3,9,7-12m,1,No,0,0,1,20.35,191.1,-0.8833333333333329,0
0292-WEGCH,1,3,1,54,49-60m,1,Yes,1,5,8,86.2,4524.05,2.4212962962962905,0
8910-ICHIU,2,2,2,46,25-48m,1,No,1,4,6,95.65,4664.2,-5.7456521739130295,0
4097-YODCF,2,3,2,34,25-48m,1,Yes,1,4,7,103.8,3470.8,1.7176470588235162,0
9715-WZCLW,3,3,2,71,61m+,1,Yes,1,3,6,97.2,6910.3,-0.12816901408450576,0
9786-YWNHU,3,4,1,63,61m+,1,No,0,4,6,63.55,4014.2,-0.16746031746031775,0
6407-GSJNL,3,1,3,51,49-60m,1,Yes,0,0,2,24.95,1288.0,-0.30490196078431353,0
6005-OBZPH,1,3,2,26,25-48m,1,Yes,1,2,5,89.15,2277.65,1.5480769230769198,1
4049-ZPALD,3,1,2,64,61m+,1,No,1,4,6,99.0,6375.8,-0.6218750000000028,0
7932-WPTDS,1,3,1,1,0-6m,0,No phone service,1,0,1,24.8,24.8,0.0,1
3733-UOCWF,2,1,2,61,61m+,1,Yes,1,2,5,85.55,5251.75,-0.544262295081964,0
6833-JMZYP,1,2,2,15,13-24m,1,No,1,3,5,94.0,1505.45,-6.36333333333333,0
2722-VOJQL,2,2,2,64,61m+,1,Yes,1,4,7,105.65,6903.1,-2.2109375,1
1310-QRITU,1,3,1,18,13-24m,1,Yes,1,0,3,50.3,913.3,-0.43888888888889,0
8961-QDZZJ,2,3,2,57,49-60m,1,No,1,3,5,95.0,5535.8,-2.119298245614033,0
9715-SBVSU,3,1,1,14,13-24m,1,No,1,3,5,61.4,815.55,3.1464285714285722,0
8490-BXHEO,1,2,2,18,13-24m,1,Yes,1,1,4,80.55,1411.65,2.124999999999986,0
7173-TETGO,3,1,2,72,61m+,1,Yes,0,1,4,78.5,5602.25,0.6909722222222285,0
7929-SKFGK,3,2,2,70,61m+,1,Yes,0,6,9,114.3,8244.3,-3.4757142857142753,0
2300-RQGOI,3,4,3,38,25-48m,1,No,0,0,1,20.05,741.5,0.5368421052631582,0
3563-SVYLG,3,2,1,68,61m+,1,No,0,4,6,62.65,4375.8,-1.70000000000001,0
5228-EXCET,1,3,2,13,13-24m,1,No,1,1,3,80.85,1008.7,3.2576923076922952,1
6435-VWCCY,3,2,2,65,61m+,1,Yes,1,3,6,92.7,5968.4,0.8784615384615506,0
4998-IKFSE,1,3,2,30,25-48m,1,Yes,0,3,6,100.45,3096.9,-2.780000000000001,0
8630-QSGXK,3,1,1,51,49-60m,1,Yes,1,3,6,75.2,3901.25,-1.295098039215688,0
2455-USLMV,1,2,2,31,25-48m,1,Yes,1,2,5,84.75,2613.4,0.44677419354837866,0
7394-FKDNK,1,3,2,9,7-12m,1,No,0,2,4,89.45,853.1,-5.338888888888889,1
9488-FVZCC,3,1,1,72,61m+,1,Yes,1,5,8,79.5,5661.7,0.8652777777777771,0
6331-LWDTQ,1,2,1,10,7-12m,1,Yes,1,2,5,72.15,794.25,-7.2749999999999915,1
5995-WWKKG,2,3,3,37,25-48m,1,No,1,0,1,19.8,695.05,1.0148648648648653,0
1597-FZREH,1,3,1,2,0-6m,1,No,0,4,6,76.4,160.8,-4.0,1
7879-CGSFV,2,4,2,55,49-60m,1,No,1,4,6,100.9,5552.05,-0.04636363636363683,0
9921-EZKBY,1,1,2,33,25-48m,1,Yes,1,3,6,95.3,3275.15,-3.9469696969697026,0
7432-FFVAR,2,1,2,46,25-48m,1,No,0,3,5,90.95,4236.6,-1.1500000000000057,0
7246-ZGQDF,1,3,1,1,0-6m,1,No,0,2,4,54.5,54.5,0.0,0
7000-WCEVQ,1,4,1,20,13-24m,1,Yes,1,1,4,61.6,1174.35,2.8825000000000074,1
0727-IWKVK,1,3,2,9,7-12m,1,No,1,2,4,79.9,741.7,-2.5111111111111057,1
5959-BELXA,1,2,2,32,25-48m,1,Yes,1,2,5,96.15,3019.25,1.7984375000000057,1
4456-RHSNB,1,1,1,19,13-24m,1,No,1,1,3,49.6,962.9,-1.0789473684210478,0
3512-IZIKN,3,2,1,70,61m+,1,Yes,0,3,6,65.3,4759.75,-2.6964285714285694,1
2481-SBOYW,3,2,3,61,61m+,1,Yes,1,0,2,25.0,1498.35,0.43688524590164235,0
7109-MFBYV,1,3,1,26,25-48m,1,No,0,0,2,45.45,1233.15,-1.9788461538461561,0
1833-TCXKK,1,1,2,45,25-48m,1,Yes,1,4,7,107.75,4882.8,-0.7566666666666748,0
1832-PEUTS,3,2,2,62,61m+,1,Yes,1,2,5,89.1,5411.65,1.8153225806451587,0
6141-OOXUQ,1,4,3,1,0-6m,1,No,0,0,1,19.65,19.65,0.0,1
8660-BUETV,1,4,1,3,0-6m,1,No,0,0,2,44.75,148.05,-4.600000000000001,0
0580-PIQHM,2,1,2,41,25-48m,1,Yes,1,4,7,101.6,3930.55,5.73292682926828,0
5696-CEIQJ,3,1,2,67,61m+,1,No,0,5,7,103.15,6895.5,0.23208955223881844,0
7503-ZGUZJ,1,4,2,1,0-6m,1,Yes,1,1,4,84.65,84.65,0.0,1
1696-HXOWK,2,4,2,71,61m+,1,Yes,0,3,6,95.65,6856.95,-0.9267605633802702,0
3026-ATZYV,2,1,1,37,25-48m,1,No,0,4,6,75.1,2658.8,3.240540540540536,0
4012-YCFAI,3,4,1,60,49-60m,1,No,1,3,5,61.35,3766.2,-1.4199999999999946,0
2506-TNFCO,1,3,2,1,0-6m,1,No,1,0,2,69.55,69.55,0.0,1
9970-QBCDA,1,2,3,6,0-6m,1,No,0,0,1,19.7,129.55,-1.8916666666666693,0
8718-PTMEZ,1,3,1,13,13-24m,0,No phone service,1,1,2,31.05,347.25,4.338461538461541,1
9496-IVVRP,1,1,1,11,7-12m,1,No,0,1,3,51.0,581.7,-1.8818181818181827,0
2207-OBZNX,1,4,1,7,7-12m,1,No,1,1,3,51.0,354.05,0.4214285714285708,1
2657-VPXTA,1,3,2,10,7-12m,1,No,1,2,4,88.85,929.45,-4.095000000000013,0
6551-VLJMV,3,2,3,34,25-48m,1,No,0,0,1,20.05,679.0,0.07941176470588474,0
1221-GHZEP,3,4,1,62,61m+,1,No,1,3,5,65.1,3846.75,3.0556451612903146,0
9289-LBQVU,2,4,1,64,61m+,1,Yes,1,3,6,70.15,4480.7,0.13906250000000853,0
6142-VSJQO,1,1,1,1,0-6m,1,No,1,0,2,44.35,44.35,0.0,1
3458-IDMFK,3,4,3,25,25-48m,1,No,1,0,1,20.75,499.4,0.7740000000000009,0
6933-FHBZC,2,4,1,26,25-48m,1,No,1,2,4,56.05,1553.2,-3.688461538461546,0
0221-NAUXK,2,1,3,10,7-12m,1,No,1,0,1,19.95,219.5,-2.0,0
9770-KXGQU,2,4,2,53,49-60m,1,Yes,0,4,7,98.6,5311.85,-1.623584905660394,0
6437-UKHMV,1,3,2,7,7-12m,1,No,1,1,3,79.7,586.05,-4.021428571428558,1
6538-POCHL,1,2,2,33,25-48m,1,No,1,2,4,79.0,2576.8,0.9151515151515071,0
6726-NNFWD,3,2,2,71,61m+,1,No,0,3,5,89.45,6435.25,-1.1873239436619656,0
3002-WQZWT,1,3,2,29,25-48m,1,Yes,1,0,3,74.2,1993.25,5.467241379310352,0
4277-UDIEF,1,1,1,24,13-24m,1,Yes,0,4,7,81.0,1923.85,0.8395833333333371,0
1208-NBVFH,1,3,1,20,13-24m,1,No,1,1,3,49.6,939.8,2.6100000000000065,0
4912-PIGUY,1,3,2,1,0-6m,1,Yes,1,1,4,84.6,84.6,0.0,0
1114-CENIM,1,2,1,54,49-60m,1,Yes,1,1,4,55.0,3092.65,-2.271296296296299,1
6060-DRTNL,1,4,2,5,0-6m,1,No,1,2,4,84.85,415.55,1.7399999999999949,1
2725-TTRIQ,3,1,1,72,61m+,1,Yes,1,5,8,84.2,5986.55,1.0534722222222257,0
3374-TTZTK,3,3,2,52,49-60m,1,No,1,6,8,106.3,5487.0,0.7807692307692236,0
8990-ZXLSU,1,3,2,9,7-12m,1,No,0,0,2,69.05,651.5,-3.3388888888888886,0
2275-RBYQS,1,4,1,1,0-6m,1,No,1,0,2,45.4,45.4,0.0,0
8473-VUVJN,1,3,2,1,0-6m,1,Yes,1,0,3,73.65,73.65,0.0,1
6289-CPNLD,2,4,1,33,25-48m,1,No,1,4,6,73.9,2405.05,1.019696969696966,1
5536-SLHPM,1,3,2,55,49-60m,1,Yes,1,1,4,77.75,4458.15,-3.307272727272718,1
4419-UJMUS,3,3,2,69,61m+,1,Yes,1,3,6,99.35,6856.45,-0.018840579710143857,0
7794-JASDG,1,4,1,1,0-6m,1,No,1,1,3,50.75,50.75,0.0,0
7609-YBPXG,3,1,1,54,49-60m,1,Yes,0,5,8,87.1,4735.2,-0.5888888888888886,0
5519-TEEUH,2,4,3,33,25-48m,1,No,1,0,1,20.15,682.15,-0.5212121212121232,0
7856-GANIL,2,1,2,45,25-48m,1,Yes,1,4,7,98.7,4525.8,-1.8733333333333348,0
0804-XBFBV,1,3,1,11,7-12m,0,No phone service,0,0,1,25.2,321.05,-3.986363636363638,0
2676-OXPPQ,1,1,1,6,0-6m,1,No,1,2,4,55.7,335.65,-0.24166666666666003,0
3703-TTEPD,1,1,1,21,13-24m,1,No,0,3,5,65.35,1424.4,-2.478571428571442,0
2799-TSLAG,3,1,3,65,61m+,1,Yes,1,0,2,25.3,1748.55,-1.600769230769231,0
0196-VULGZ,1,3,2,6,0-6m,1,Yes,1,1,4,84.35,474.9,5.200000000000003,1
8837-VVWLQ,1,3,2,8,7-12m,1,No,0,2,4,84.95,668.4,1.4000000000000057,1
2696-NARTR,1,3,2,11,7-12m,1,No,1,1,3,73.85,926.25,-10.354545454545459,1
2208-NKVVH,3,4,3,43,25-48m,1,Yes,0,0,2,24.25,1077.95,-0.81860465116279,0
7614-QVWQL,2,1,1,49,49-60m,0,No phone service,1,3,4,51.8,2541.25,-0.062244897959189416,1
1976-CFOCS,1,3,1,1,0-6m,1,No,0,0,2,46.0,46.0,0.0,1
4631-OACRM,1,3,2,15,13-24m,1,No,1,1,3,79.4,1156.1,2.326666666666682,1
7139-JZFVG,3,1,1,60,49-60m,1,No,0,3,5,60.5,3694.45,-1.0741666666666632,0
4987-GQWPO,1,2,1,17,13-24m,0,No phone service,0,0,1,25.1,382.8,2.5823529411764703,0
3755-JBMNH,1,1,2,16,13-24m,1,No,1,0,2,71.8,1167.8,-1.1875,1
1757-TCATG,2,1,3,35,25-48m,1,No,0,0,1,20.05,746.75,-1.2857142857142847,0
6345-ULYRW,2,4,2,44,25-48m,1,Yes,0,2,5,88.4,3912.9,-0.5295454545454561,1
4776-XSKYQ,2,2,1,12,7-12m,0,No phone service,0,1,2,30.25,368.85,-0.4875000000000007,0
8048-DSDFQ,1,4,3,1,0-6m,1,No,0,0,1,20.2,20.2,0.0,0
5753-QQWPW,2,3,1,28,25-48m,1,No,1,3,5,59.9,1654.7,0.8035714285714235,0
6010-DDPPW,3,1,3,70,61m+,1,Yes,0,0,2,25.15,1940.85,-2.576428571428572,0
1809-DMJHQ,1,4,1,5,0-6m,1,No,0,0,2,46.0,221.7,1.6600000000000037,1
6693-FRIRW,1,2,2,18,13-24m,1,No,0,4,6,101.3,1794.65,1.5972222222222143,0
6586-MYGKD,3,2,1,70,61m+,1,Yes,1,4,7,76.95,5289.8,1.3814285714285717,0
3173-NVMPX,1,4,1,9,7-12m,1,Yes,1,1,4,55.3,501.2,-0.38888888888889284,0
0248-PGHBZ,3,1,2,67,61m+,1,No,1,4,6,92.45,6140.85,0.7955223880596947,0
0623-GDISB,1,1,1,1,0-6m,1,No,1,1,3,48.45,48.45,0.0,0
2892-GESUL,3,4,3,18,13-24m,1,No,0,0,1,19.35,309.25,2.1694444444444443,0
6923-EFPNL,1,2,1,4,0-6m,1,Yes,0,0,3,51.75,201.1,1.4750000000000014,1
7472-EQOAV,2,1,2,71,61m+,1,No,1,3,5,86.7,6179.35,-0.33309859154930166,0
9574-RKJIF,1,3,2,30,25-48m,1,Yes,1,3,6,94.4,2838.7,-0.22333333333331495,1
2043-WVTQJ,1,4,1,1,0-6m,1,No,0,2,4,55.7,55.7,0.0,0
8034-RYTVV,2,2,2,55,49-60m,1,Yes,1,2,5,84.25,4589.85,0.798181818181817,0
3863-QSTYI,1,3,1,59,49-60m,1,No,1,3,5,64.65,3735.45,1.3372881355932265,0
2619-WFQWU,1,4,2,1,0-6m,1,No,1,0,2,70.15,70.15,0.0,1
5044-LRQAQ,1,1,2,7,7-12m,1,No,1,0,2,69.2,477.55,0.9785714285714278,0
1716-LSAMB,3,1,1,45,25-48m,1,No,0,2,4,54.65,2553.7,-2.0988888888888866,0
1333-PBMXB,2,1,3,54,49-60m,1,Yes,1,0,2,24.75,1342.15,-0.10462962962963118,0
6546-OPBBH,2,4,3,51,49-60m,1,Yes,1,0,2,23.95,1216.35,0.10000000000000142,0
5985-BEHZK,2,2,2,72,61m+,1,Yes,0,4,7,105.0,7578.05,-0.25069444444444855,0
9127-QRZMH,2,1,1,44,25-48m,1,No,1,3,5,59.85,2603.95,0.6693181818181841,0
5919-VCZYM,1,4,3,2,0-6m,1,No,0,0,1,20.05,42.7,-1.3000000000000007,0
9644-KVCNC,2,1,2,66,61m+,1,Yes,1,2,5,92.15,6056.9,0.37878787878788955,0
2137-DQMEV,2,4,1,68,61m+,0,No phone service,0,3,4,44.8,2983.65,0.922794117647058,0
8174-LNWMW,3,2,3,31,25-48m,1,No,0,0,1,20.9,689.35,-1.3370967741935509,0
9279-CJEOJ,1,1,2,21,13-24m,1,Yes,1,2,5,95.4,2025.1,-1.0333333333333172,0
7964-VEXDG,1,3,2,21,13-24m,1,Yes,0,1,4,80.35,1747.2,-2.8500000000000085,0
2404-JIBFC,3,1,1,55,49-60m,1,Yes,1,5,8,85.1,4657.95,0.4099999999999966,0
0778-NELLA,1,2,1,9,7-12m,0,No phone service,1,1,2,34.7,296.1,1.7999999999999972,1
8029-XYPWT,3,1,2,71,61m+,1,Yes,1,6,9,115.05,8016.6,2.1401408450704196,0
4614-NUVZD,1,3,2,1,0-6m,1,No,1,1,3,81.1,81.1,0.0,1
4632-PAOYU,2,4,3,22,13-24m,1,No,0,0,1,19.95,433.5,0.24545454545454604,0
3803-KMQFW,1,4,3,1,0-6m,1,No,0,0,1,20.55,20.55,0.0,1
6804-GDMOI,3,3,2,61,61m+,1,Yes,1,4,7,106.6,6428.4,1.2163934426229446,1
2990-OGYTD,3,1,1,67,61m+,1,Yes,0,5,8,86.15,5883.85,-1.6686567164179138,0
6646-JPPHA,1,3,2,14,13-24m,1,No,0,2,4,78.85,1043.8,4.2928571428571445,0
9572-MTILT,1,3,2,59,49-60m,1,Yes,1,5,8,106.75,6252.9,0.7686440677966146,1
7658-UYUQS,1,1,2,21,13-24m,1,No,0,2,4,86.55,1857.25,-1.8904761904761926,0
7880-XSOJX,1,4,1,4,0-6m,0,No phone service,0,3,4,42.4,146.4,5.799999999999997,0
9611-CTWIH,1,3,2,3,0-6m,1,No,1,2,4,89.45,240.45,9.300000000000011,1
4589-IUAJB,3,1,3,70,61m+,1,Yes,0,0,2,24.25,1724.15,-0.3807142857142871,0
0329-GTIAJ,1,3,2,3,0-6m,1,No,1,4,6,97.9,315.3,-7.200000000000003,1
8746-BFOAJ,2,1,3,21,13-24m,1,No,0,0,1,20.5,429.55,0.04523809523809419,0
8457-XIGKN,1,2,3,20,13-24m,1,No,1,0,1,19.6,356.15,1.792500000000004,0
6072-NUQCB,2,1,3,22,13-24m,1,No,0,0,1,20.25,488.25,-1.9431818181818166,0
6629-CZTTH,1,4,1,1,0-6m,1,No,1,1,3,55.7,55.7,0.0,1
8838-GPHZP,3,4,3,63,61m+,1,No,1,0,1,20.6,1298.7,-0.014285714285712459,0
8750-QWZAJ,3,1,3,70,61m+,1,No,0,0,1,19.8,1378.75,0.10357142857142776,0
5364-EVNIB,1,3,2,13,13-24m,1,No,1,2,4,79.8,973.45,4.919230769230765,1
6918-UMQCG,1,3,2,5,0-6m,1,No,0,1,3,80.2,384.25,3.3500000000000085,0
0675-NCDYU,3,2,2,72,61m+,1,Yes,1,6,9,116.4,8543.25,-2.2562499999999943,0
6339-DKLMK,1,3,1,13,13-24m,0,No phone service,1,1,2,31.65,389.95,1.6538461538461533,0
1346-PJWTK,1,2,2,61,61m+,1,No,0,4,6,94.15,5731.85,0.18524590163934818,0
5088-QZLRL,1,3,3,1,0-6m,1,No,0,0,1,20.65,20.65,0.0,0
8023-QHAIO,1,1,2,56,49-60m,1,Yes,1,1,4,76.85,4275.75,0.4973214285714249,0
4397-FRLTA,1,4,3,4,0-6m,1,No,0,0,1,20.15,84.5,-0.9750000000000014,0
3057-VJJQE,3,4,1,35,25-48m,1,Yes,0,1,4,55.25,1924.1,0.2757142857142867,0
5087-SUURX,1,3,1,18,13-24m,0,No phone service,1,2,3,39.05,669.85,1.8361111111111086,1
2302-OUZXB,3,1,1,72,61m+,1,Yes,0,4,7,82.15,5784.3,1.8125,0
8133-ANHHJ,2,1,2,49,49-60m,1,Yes,0,5,8,103.0,5166.2,-2.432653061224485,0
2270-CHBFN,1,2,2,44,25-48m,1,Yes,1,4,7,95.1,4060.55,2.814772727272711,0
0013-EXCHZ,1,4,2,3,0-6m,1,No,1,2,4,83.9,267.4,-5.23333333333332,1
5982-FPVQN,1,3,2,37,25-48m,1,Yes,1,3,6,95.15,3532.85,-0.3324324324324266,0
9107-UKCKY,2,3,1,61,61m+,1,Yes,1,4,7,79.8,4914.8,-0.7704918032786878,0
4654-ULTTN,3,2,1,70,61m+,1,Yes,1,4,7,74.8,5315.8,-1.1400000000000006,0
5550-VFRLC,1,3,2,1,0-6m,1,No,1,0,2,69.85,69.85,0.0,1
5546-BYZSM,1,3,3,41,25-48m,1,No,0,0,1,20.45,775.6,1.5329268292682912,0
1492-KGETH,2,1,1,70,61m+,1,Yes,0,5,8,78.35,5445.95,0.5507142857142782,0
4929-BSTRX,1,4,1,1,0-6m,1,No,1,1,3,53.55,53.55,0.0,1
4163-HFTUK,2,3,3,51,49-60m,1,No,0,0,1,19.1,1007.8,-0.6607843137254896,0
8215-NGSPE,3,4,3,42,25-48m,1,No,0,0,1,20.0,833.55,0.15357142857142847,0
2225-ZRGSG,3,1,2,70,61m+,1,Yes,0,4,7,93.9,6579.05,-0.08642857142856997,1
8859-YSTWS,2,1,3,48,25-48m,1,No,0,0,1,19.95,1004.5,-0.9770833333333329,0
5271-YNWVR,3,3,2,68,61m+,1,Yes,1,6,9,113.15,7856.0,-2.3794117647058783,1
7601-DHFWZ,3,2,3,48,25-48m,1,Yes,0,0,2,24.0,1183.05,-0.6468749999999979,0
2657-ALMWY,1,3,2,26,25-48m,1,No,0,2,4,84.95,2169.75,1.4980769230769226,1
6330-JKLPC,1,1,2,11,7-12m,1,Yes,1,1,4,80.5,896.9,-1.0363636363636317,1
4667-OHGKG,1,4,3,1,0-6m,1,No,1,0,1,19.3,19.3,0.0,1
1998-VHJHK,2,4,3,27,25-48m,1,No,0,0,1,19.15,501.35,0.5814814814814788,0
1707-HABPF,2,1,2,46,25-48m,1,No,1,3,5,91.3,4126.35,1.59673913043477,0
1660-HSOOQ,1,4,1,1,0-6m,1,No,1,1,3,49.65,49.65,0.0,1
7253-UVNDW,3,2,1,46,25-48m,1,No,0,2,4,54.35,2460.15,0.8684782608695656,1
0487-VVUVK,1,4,3,25,25-48m,1,No,1,0,1,19.15,477.6,0.045999999999999375,0
7228-OMTPN,1,3,2,4,0-6m,1,No,1,2,4,88.45,370.65,-4.2124999999999915,1
5063-IUOKK,3,4,3,13,13-24m,1,No,0,0,1,19.75,265.75,-0.6923076923076934,0
4508-OEBEY,2,2,1,31,25-48m,1,No,1,5,7,75.5,2424.45,-2.7080645161290278,0
0027-KWYKW,1,3,2,23,13-24m,1,Yes,1,1,4,83.75,1849.95,3.3173913043478223,0
2308-STERM,1,4,3,2,0-6m,1,No,0,0,1,19.4,61.05,-11.125,0
5982-XMDEX,3,1,3,65,61m+,1,Yes,0,0,2,26.5,1698.55,0.3684615384615384,0
6284-AHOOQ,1,1,2,22,13-24m,1,Yes,1,2,5,90.5,1910.6,3.654545454545456,1
6051-PTVNS,2,2,3,55,49-60m,1,No,0,0,1,19.15,998.1,1.0027272727272702,0
2344-JMOGN,1,4,2,9,7-12m,1,No,1,4,6,94.85,890.6,-4.1055555555555685,1
3799-ISUZQ,1,1,2,7,7-12m,1,No,1,0,2,69.95,529.5,-5.692857142857136,1
2877-VDUER,2,4,1,35,25-48m,0,No phone service,0,2,3,40.9,1383.6,1.3685714285714283,0
9152-AMKAK,3,4,1,6,0-6m,1,No,1,5,7,80.25,493.4,-1.9833333333333343,0
1794-HBQTJ,1,2,1,1,0-6m,1,No,1,1,3,48.6,48.6,0.0,1
9432-VOFYX,1,3,2,17,13-24m,1,No,1,0,2,70.8,1207.0,-0.20000000000000284,0
8049-WJCLQ,1,4,1,10,7-12m,1,No,0,2,4,60.2,563.5,3.8500000000000014,0
6586-PSJOX,2,2,1,15,13-24m,1,No,0,2,4,55.2,864.55,-2.4366666666666603,0
2460-FPSYH,1,3,1,40,25-48m,0,No phone service,1,4,5,55.8,2109.35,3.0662499999999966,1
9705-ZJBCG,2,1,1,13,13-24m,1,No,0,2,4,54.15,701.05,0.22307692307692406,0
4818-DRBQT,1,1,2,29,25-48m,1,Yes,1,1,4,80.15,2265.25,2.0379310344827672,1
1320-HTRDR,1,3,2,3,0-6m,1,Yes,1,0,3,75.5,220.6,1.9666666666666686,1
6847-KJLTS,1,1,2,58,49-60m,1,Yes,1,3,6,100.4,5749.8,1.2655172413793139,0
9670-BPNXF,2,2,1,45,25-48m,1,No,1,3,5,62.55,2796.45,0.4066666666666663,0
3913-FCUUW,3,1,1,72,61m+,1,Yes,1,4,7,70.45,5165.7,-1.2958333333333343,0
3301-VKTGC,2,1,2,68,61m+,1,Yes,1,2,5,85.5,5696.6,1.726470588235287,0
1493-AMTIE,1,1,3,1,0-6m,1,No,1,0,1,20.2,20.2,0.0,1
9555-SAHUZ,1,3,1,38,25-48m,1,No,0,2,4,54.5,2076.05,-0.13289473684211117,0
0816-TSPHQ,1,4,3,2,0-6m,1,No,0,0,1,20.75,44.2,-1.3500000000000014,0
9932-WBWIK,1,4,3,11,7-12m,1,No,0,0,1,20.35,215.25,0.7818181818181849,0
4619-EVPHY,2,1,2,20,13-24m,1,No,1,2,4,91.0,1859.5,-1.9749999999999943,0
5286-YHCVC,3,1,2,72,61m+,1,Yes,1,4,7,104.8,7470.1,1.0486111111111,0
6424-ELEYH,1,2,2,3,0-6m,1,Yes,1,0,3,74.75,229.5,-1.75,1
4391-RESHN,1,4,2,23,13-24m,1,Yes,1,4,7,104.05,2470.1,-3.345652173913038,1
9115-YQHGA,1,3,1,40,25-48m,1,No,1,1,3,51.1,2092.9,-1.2225000000000037,0
4462-CYWMH,1,1,2,62,61m+,1,Yes,1,2,5,89.8,5629.55,-0.9991935483870975,0
8963-MQVYN,1,3,3,22,13-24m,1,No,1,0,1,20.55,469.85,-0.8068181818181834,0
2458-EOMRE,1,1,1,11,7-12m,1,No,0,3,5,64.05,733.95,-2.672727272727286,0
9334-GWGOW,1,3,2,7,7-12m,1,Yes,1,0,3,74.85,485.25,5.528571428571425,0
6821-BUXUX,1,3,2,13,13-24m,1,Yes,1,3,6,96.65,1244.5,0.9192307692307793,1
5028-HTLJB,1,4,3,1,0-6m,1,No,0,0,1,20.05,20.05,0.0,1
9801-GDWGV,1,3,2,39,25-48m,1,Yes,1,4,7,103.45,3994.45,1.0282051282051299,1
6542-LWGXJ,1,4,1,3,0-6m,0,No phone service,0,0,1,25.0,78.25,-1.0833333333333321,0
5567-GZKQY,3,2,3,58,49-60m,1,No,0,0,1,20.3,1131.5,0.7913793103448299,0
1222-LRYKO,1,4,3,6,0-6m,1,Yes,0,0,2,26.35,184.05,-4.324999999999999,0
2320-JRSDE,1,3,3,1,0-6m,1,No,1,0,1,19.9,19.9,0.0,1
2087-QAREY,1,4,1,22,13-24m,1,No,1,2,4,54.7,1178.75,1.1204545454545496,0
0601-WZHJF,1,3,1,14,13-24m,0,No phone service,0,2,3,46.35,667.7,-1.3428571428571416,1
4423-JWZJN,2,2,2,64,61m+,1,Yes,0,2,5,90.25,5629.15,2.2945312500000057,0
5143-WMWOG,1,3,3,1,0-6m,1,No,0,0,1,19.95,19.95,0.0,1
6490-FGZAT,1,4,3,6,0-6m,1,No,0,0,1,20.65,109.3,2.4333333333333336,0
5393-RXQSZ,1,3,2,1,0-6m,1,No,0,1,3,79.6,79.6,0.0,1
7452-FOLON,2,1,3,39,25-48m,1,Yes,0,0,2,25.45,958.45,0.874358974358973,0
2320-TZRRH,2,4,3,20,13-24m,1,No,0,0,1,19.5,403.15,-0.6574999999999989,0
0231-LXVAP,1,3,2,1,0-6m,1,No,1,1,3,75.9,75.9,0.0,1
9444-JTXHZ,1,3,2,1,0-6m,1,No,0,1,3,76.2,76.2,0.0,1
4942-VZZOM,2,2,1,64,61m+,1,Yes,1,2,5,66.15,4392.5,-2.4828124999999943,0
5510-BOIUJ,1,4,3,1,0-6m,1,No,0,0,1,19.25,19.25,0.0,1
7502-BNYGS,1,2,1,46,25-48m,1,No,1,3,5,69.1,3168.0,0.23043478260869676,0
4291-HYEBC,2,3,1,28,25-48m,0,No phone service,1,2,3,39.1,1096.6,-0.06428571428570962,0
6147-CBCRA,1,4,3,33,25-48m,1,No,0,0,1,20.05,669.45,-0.2363636363636381,0
6047-SUHPR,2,3,1,39,25-48m,1,No,0,3,5,59.8,2343.85,-0.2987179487179503,0
4471-KXAUH,1,3,2,42,25-48m,1,Yes,1,2,5,84.3,3588.4,-1.1380952380952465,1
9752-ZNQUT,1,3,1,1,0-6m,1,No,1,1,3,48.6,48.6,0.0,0
7638-QVMVY,1,3,2,7,7-12m,1,No,1,1,3,79.0,522.95,4.29285714285713,1
1576-PFZIW,3,2,2,70,61m+,1,No,0,5,7,105.35,7511.9,-1.9628571428571462,0
5666-MBJPT,3,1,3,65,61m+,1,Yes,1,0,2,25.1,1725.0,-1.4384615384615387,0
7312-XSBAT,1,3,1,1,0-6m,1,No,0,1,3,49.75,49.75,0.0,0
3096-GKWEB,1,3,2,18,13-24m,1,Yes,1,2,5,94.75,1691.9,0.7555555555555458,0
2371-JQHZZ,1,3,2,24,13-24m,1,Yes,1,2,5,93.0,2248.05,-0.6687500000000028,0
0674-GCDXG,3,1,1,63,61m+,1,Yes,1,4,7,71.9,4479.2,0.8015873015873041,0
1121-QSIVB,2,4,1,44,25-48m,1,Yes,1,3,6,77.55,3471.1,-1.3386363636363683,0
4396-KLSEH,1,3,3,4,0-6m,1,No,1,0,1,19.85,63.0,4.100000000000001,0
3244-DCJWY,1,3,2,1,0-6m,1,No,1,0,2,70.25,70.25,0.0,1
2824-MYYBN,1,3,2,37,25-48m,1,Yes,1,2,5,95.25,3314.15,5.678378378378369,0
0875-CABNR,1,2,2,10,7-12m,1,No,1,2,4,84.6,865.55,-1.9549999999999983,1
6345-HOVES,1,1,1,34,25-48m,0,No phone service,1,0,1,25.05,852.7,-0.029411764705884025,0
8318-LCNBW,2,2,1,35,25-48m,0,No phone service,0,4,5,53.15,1930.9,-2.018571428571434,0
6469-QJKZW,1,3,3,4,0-6m,1,No,0,0,1,20.15,91.4,-2.700000000000003,0
0147-ESWWR,1,3,2,39,25-48m,1,Yes,1,3,6,101.25,3949.15,-0.010256410256417325,0
1217-VASWC,2,1,2,43,25-48m,1,No,1,4,6,100.55,4304.0,0.4569767441860506,0
7812-FZHPE,1,4,3,17,13-24m,1,Yes,0,0,2,24.1,409.9,-0.011764705882349347,1
6370-ZVHDV,3,1,3,61,61m+,1,Yes,0,0,2,25.3,1554.9,-0.1901639344262307,0
5915-DGNVC,2,3,1,49,49-60m,1,Yes,0,4,7,71.8,3472.05,0.9418367346938652,0
6260-XLACS,2,4,3,4,0-6m,1,No,0,0,1,19.7,117.8,-9.75,0
3566-CAAYU,3,3,1,64,61m+,0,No phone service,0,4,5,49.85,3210.35,-0.31171874999999716,0
4983-CCWMC,1,4,2,3,0-6m,1,No,1,0,2,69.6,207.4,0.46666666666665435,0
9103-CXVOK,1,3,3,1,0-6m,1,No,0,0,1,19.75,19.75,0.0,0
2896-TBNBE,2,3,2,40,25-48m,1,No,0,2,4,80.8,3132.75,2.481250000000003,0
4797-AXPXK,1,3,1,1,0-6m,1,No,1,3,5,60.0,60.0,0.0,1
5229-PRWKT,1,3,2,8,7-12m,1,Yes,1,1,4,86.55,649.65,5.34375,1
6982-UQZLY,1,4,3,1,0-6m,1,No,1,0,1,20.85,20.85,0.0,1
2522-WLNSF,2,1,1,34,25-48m,1,No,0,3,5,64.2,2106.3,2.25,0
3841-CONLJ,1,3,1,1,0-6m,0,No phone service,0,1,2,35.0,35.0,0.0,0
5057-LCOUI,1,3,1,39,25-48m,0,No phone service,1,3,4,50.75,2011.4,-0.8243589743589794,1
0193-ESZXP,2,2,2,58,49-60m,1,No,1,5,7,105.5,6205.5,-1.4913793103448256,1
4475-NVTLU,3,3,3,45,25-48m,1,No,0,0,1,19.2,903.7,-0.8822222222222251,0
4369-HTUIF,1,1,2,6,0-6m,1,No,1,2,4,85.15,503.6,1.2166666666666686,1
9386-LDCZR,2,2,2,43,25-48m,1,No,1,4,6,90.65,3882.3,0.36395348837208985,0
9585-KKMFD,3,4,3,41,25-48m,1,No,1,0,1,20.0,879.8,-1.4585365853658523,0
5399-ZIMKF,1,3,2,5,0-6m,1,No,1,1,3,74.65,383.65,-2.079999999999984,0
0336-KXKFK,3,2,1,72,61m+,0,No phone service,1,5,6,61.2,4390.25,0.22430555555555998,0
5619-XZZKR,2,4,3,4,0-6m,1,No,0,0,1,19.95,68.2,2.8999999999999986,0
3948-FVVRP,1,4,1,9,7-12m,1,No,0,2,4,54.8,452.8,4.488888888888887,0
5327-XOKKY,3,2,1,72,61m+,1,Yes,1,3,6,73.45,5329.0,-0.5638888888888829,0
0983-TATYJ,2,4,1,33,25-48m,1,No,1,1,3,51.45,1758.9,-1.8500000000000014,0
1813-JYWTO,3,1,2,72,61m+,1,Yes,0,1,4,80.45,5737.6,0.7611111111111057,0
0156-FVPTA,1,3,1,22,13-24m,1,No,1,2,4,54.2,1152.7,1.8045454545454547,1
1984-FCOWB,2,3,2,70,61m+,1,Yes,1,5,8,109.5,7674.55,-0.13642857142856712,1
0654-HMSHN,1,3,2,21,13-24m,1,Yes,0,4,7,104.4,2157.95,1.6404761904762069,1
6719-OXYBR,1,3,2,15,13-24m,1,No,0,2,4,85.3,1219.85,3.9766666666666737,0
3312-ZWLGF,1,3,2,29,25-48m,1,Yes,1,1,4,79.3,2414.55,-3.960344827586212,0
6476-YHMGA,1,1,1,15,13-24m,1,No,0,5,7,76.5,1155.6,-0.539999999999992,0
5287-QWLKY,1,2,2,71,61m+,1,Yes,1,4,7,105.1,7548.1,-1.2112676056338074,1
0795-XCCTE,3,1,3,72,61m+,1,Yes,0,0,2,25.4,1809.35,0.27013888888888715,0
0168-XZKBB,1,3,2,19,13-24m,1,Yes,1,1,4,86.85,1564.4,4.513157894736835,0
3785-NRHYR,1,4,3,1,0-6m,1,No,0,0,1,19.65,19.65,0.0,0
5196-SGOAK,1,3,2,1,0-6m,1,No,1,1,3,75.7,75.7,0.0,1
4537-DKTAL,1,3,1,2,0-6m,1,No,0,0,2,45.55,84.4,3.3499999999999943,0
7072-MBHEV,1,2,2,11,7-12m,1,Yes,1,1,4,78.1,864.85,-0.5227272727272805,0
5602-BVFMK,2,4,3,12,7-12m,1,No,0,0,1,19.3,228.75,0.2375000000000007,0
6297-NOOPG,3,3,2,70,61m+,1,Yes,1,5,8,110.5,7752.05,-0.24357142857142833,0
1891-UAWWU,1,3,2,20,13-24m,1,Yes,0,2,5,90.8,1951.0,-6.75,1
8204-TIFGJ,1,1,3,23,13-24m,1,No,1,0,1,20.3,470.6,-0.16086956521739282,0
8050-DVOJX,3,2,1,49,49-60m,1,Yes,0,5,8,81.35,4060.9,-1.525510204081641,0
6108-OQZDQ,1,3,2,4,0-6m,1,Yes,1,3,6,97.95,384.5,1.8250000000000028,1
0363-QJVFX,1,2,2,32,25-48m,1,Yes,1,5,8,108.15,3432.9,0.8718750000000028,1
8903-XEBGX,1,3,1,2,0-6m,1,No,1,1,3,55.3,108.65,0.9749999999999943,0
8169-SAEJD,3,2,1,69,61m+,0,No phone service,0,4,5,56.55,3952.65,-0.734782608695653,0
9840-DVNDC,1,2,2,6,0-6m,1,No,1,1,3,80.5,463.05,3.325000000000003,1
1089-XZWHH,3,4,3,24,13-24m,1,No,1,0,1,19.7,494.05,-0.8854166666666679,0
2325-WINES,2,2,2,32,25-48m,1,Yes,1,4,7,104.05,3416.85,-2.7265625,0
6064-ZATLR,3,1,1,27,25-48m,1,No,0,2,4,52.85,1498.65,-2.6555555555555586,0
3096-JRDSO,1,1,2,27,25-48m,1,Yes,1,4,7,104.3,2867.75,-1.9129629629629648,1
7824-PANSQ,1,1,2,58,49-60m,1,Yes,0,1,4,80.65,4807.35,-2.2353448275862036,0
8042-JVNFH,1,4,2,1,0-6m,1,No,1,0,2,71.35,71.35,0.0,1
9648-BCHKM,3,2,3,18,13-24m,1,Yes,1,0,2,24.65,471.35,-1.536111111111115,0
2888-ADFAO,3,1,3,47,25-48m,1,No,1,0,1,21.3,1041.8,-0.8659574468085083,0
8707-HOEDG,3,3,2,70,61m+,1,Yes,1,5,8,110.2,7689.8,0.34571428571427987,0
3374-LXDEV,1,3,2,13,13-24m,1,Yes,0,3,6,89.4,1132.35,2.2961538461538566,1
4072-IPYLT,1,2,1,36,25-48m,1,No,0,1,3,51.05,1815.0,0.6333333333333329,0
7167-PCEYD,3,4,3,67,61m+,1,No,1,0,1,19.8,1311.3,0.22835820895522474,0
4936-YPJNK,1,4,3,10,7-12m,1,No,1,0,1,19.9,199.45,-0.045000000000001705,0
1580-BMCMR,1,3,2,19,13-24m,1,No,1,2,4,87.3,1637.3,1.1263157894736793,0
4817-KEQSP,3,1,3,71,61m+,1,No,0,0,1,19.85,1326.35,1.1690140845070438,0
6408-WHTEF,3,4,1,72,61m+,1,Yes,1,6,9,89.4,6376.55,0.8368055555555571,0
9251-AWQGT,3,4,3,48,25-48m,1,No,0,0,1,20.0,935.9,0.502083333333335,0
8749-CLJXC,1,4,3,1,0-6m,1,No,0,0,1,20.05,20.05,0.0,0
7989-VCQOH,1,3,1,18,13-24m,1,No,0,5,7,83.25,1611.15,-6.25833333333334,0
5049-GLYVG,1,4,3,1,0-6m,1,No,0,0,1,20.6,20.6,0.0,1
4199-QHJNM,3,1,2,67,61m+,1,Yes,0,4,7,102.9,6989.7,-1.4238805970149144,0
8882-TLVRW,3,4,1,69,61m+,0,No phone service,0,3,4,39.1,2779.5,-1.1826086956521706,0
5883-GTGVD,1,3,2,19,13-24m,1,Yes,1,3,6,99.95,1931.75,-1.7210526315789423,1
5135-GRQJV,3,4,2,72,61m+,1,Yes,1,6,9,114.5,8331.95,-1.2215277777777942,0
2384-OVPSA,3,4,3,38,25-48m,1,No,0,0,1,20.2,735.9,0.8342105263157897,0
1371-WEPDS,2,3,1,40,25-48m,1,No,0,1,3,55.8,2283.3,-1.282500000000006,0
3580-GICBM,3,4,3,61,61m+,1,Yes,1,0,2,24.2,1445.2,0.5081967213114744,0
4817-QRJSX,1,2,2,10,7-12m,1,Yes,1,1,4,81.0,818.05,-0.8049999999999926,1
9730-DRTMJ,2,2,1,32,25-48m,1,Yes,1,3,6,72.8,2333.05,-0.10781250000000853,0
4686-UXDML,1,2,2,21,13-24m,1,Yes,1,3,6,99.85,1992.55,4.966666666666669,0
3349-ANQNH,2,3,2,59,49-60m,1,Yes,1,3,6,99.5,5890.0,-0.33050847457627697,0
2398-YPMUR,1,3,2,13,13-24m,1,No,1,0,2,70.15,916.75,-0.3692307692307679,1
0932-YIXYU,3,2,3,47,25-48m,1,No,0,0,1,20.25,1029.8,-1.6606382978723389,0
7480-SPLEF,3,1,3,69,61m+,1,Yes,1,0,2,26.0,1796.55,-0.036956521739128334,0
7636-XUHWW,1,2,3,2,0-6m,1,No,1,0,1,19.9,33.7,3.049999999999997,0
1431-CYWMH,1,1,3,22,13-24m,1,No,0,0,1,19.05,454.05,-1.5886363636363647,0
5937-EORGB,1,3,2,15,13-24m,1,Yes,1,3,6,96.5,1392.25,3.683333333333337,0
6349-JDHQP,3,2,3,53,49-60m,1,No,0,0,1,19.85,1049.6,0.04622641509434189,0
5539-HIVAK,1,4,3,28,25-48m,1,Yes,0,0,2,25.7,734.6,-0.5357142857142883,0
5847-MXBEO,2,4,3,22,13-24m,1,No,0,0,1,20.3,475.1,-1.2954545454545467,0
9985-MWVIX,1,4,2,1,0-6m,1,No,1,0,2,70.15,70.15,0.0,1
4583-PARNH,1,3,2,16,13-24m,1,No,1,3,5,91.55,1540.05,-4.703125,0
1116-FRYVH,3,4,1,48,25-48m,0,No phone service,0,3,4,39.4,1978.65,-1.8218750000000057,0
1421-HCERK,1,1,2,30,25-48m,1,Yes,1,5,8,105.7,3181.8,-0.35999999999999943,0
9633-XQABV,1,3,2,3,0-6m,1,No,1,0,2,70.25,229.7,-6.316666666666663,0
0716-BQNDX,3,3,2,57,49-60m,1,Yes,0,3,6,93.75,5625.55,-4.943859649122814,0
1265-XTECC,2,2,2,68,61m+,1,Yes,1,3,6,96.55,6581.9,-0.2426470588235219,1
1183-CANVH,2,1,1,23,13-24m,1,No,0,2,4,60.0,1347.15,1.4282608695652144,0
1972-XMUWV,3,2,1,65,61m+,1,No,1,2,4,59.8,3808.2,1.2123076923076894,0
8679-LZBMD,2,1,2,44,25-48m,1,No,1,2,4,90.65,3974.15,0.32840909090909065,0
3407-JMJQQ,3,1,2,71,61m+,1,Yes,1,5,8,109.0,7661.8,1.0873239436619713,0
6252-DFGTK,2,2,1,37,25-48m,1,Yes,0,3,6,68.1,2479.25,1.0932432432432364,0
1539-LNKHM,1,4,3,12,7-12m,1,No,0,0,1,20.4,266.6,-1.81666666666667,0
8645-KOMJQ,3,1,1,69,61m+,1,Yes,1,5,8,81.95,5601.4,0.7702898550724768,0
0289-IVARM,1,3,1,35,25-48m,1,No,0,3,5,60.55,1982.6,3.904285714285713,0
9761-XUJWD,1,1,1,5,0-6m,1,No,1,3,5,65.6,339.9,-2.3799999999999955,0
4057-FKCZK,3,1,2,58,49-60m,1,Yes,0,1,4,82.5,4828.05,-0.7422413793103431,0
4291-TPNFG,3,1,1,72,61m+,1,Yes,1,5,8,82.3,5980.55,-0.7631944444444514,0
6087-YPWHO,3,4,1,72,61m+,1,Yes,0,4,7,68.15,4808.7,1.3625000000000114,0
3090-QFUVD,1,2,3,1,0-6m,1,No,0,0,1,20.3,20.3,0.0,0
2237-ZFSMY,2,3,2,39,25-48m,1,No,1,4,6,95.55,3692.85,0.8615384615384585,1
1722-LDZJS,2,2,3,53,49-60m,1,No,0,0,1,20.2,1068.15,0.046226415094338336,0
1818-ESQMW,1,3,2,27,25-48m,1,No,1,3,5,89.2,2383.6,0.9185185185185247,0
4871-JTKJF,1,3,2,1,0-6m,1,No,1,0,2,69.65,69.65,0.0,1
1415-YFWLT,1,3,2,1,0-6m,1,No,1,2,4,89.3,89.3,0.0,1
7401-RUBNK,1,3,2,18,13-24m,1,No,0,1,3,74.8,1438.05,-5.091666666666669,0
0506-YLVKJ,3,4,3,46,25-48m,1,No,1,0,1,20.2,917.45,0.25543478260869534,0
8661-BOYNW,3,2,1,72,61m+,1,Yes,1,5,8,84.4,6096.45,-0.27291666666666003,0
6711-VTNRE,1,3,2,36,25-48m,1,No,1,3,5,87.55,3078.1,2.047222222222217,1
4815-GBTCD,1,3,1,4,0-6m,0,No phone service,1,0,1,25.15,99.95,0.16249999999999787,0
2805-AUFQN,3,2,3,25,25-48m,1,No,0,0,1,19.8,475.2,0.7920000000000016,0
0980-PVMRC,1,3,1,40,25-48m,0,No phone service,1,3,4,50.85,2036.55,-0.06374999999999886,0
7233-DRTRF,1,3,2,63,61m+,1,Yes,1,4,7,102.4,6444.05,0.11349206349206042,0
3500-RMZLT,1,4,2,15,13-24m,1,No,1,4,6,96.3,1426.75,1.1833333333333371,1
3873-NFTGI,1,2,1,14,13-24m,1,Yes,1,1,4,55.5,767.55,0.6750000000000043,0
1162-ECVII,3,1,2,72,61m+,1,Yes,1,5,8,109.75,7932.5,-0.42361111111111427,0
7048-GXDAY,1,3,2,39,25-48m,1,Yes,1,4,7,106.4,4040.65,2.7935897435897488,0
8571-ZCMCX,3,2,1,47,25-48m,0,No phone service,1,5,6,60.0,2768.65,1.0925531914893583,0
1169-WCVAK,1,2,2,19,13-24m,1,Yes,1,3,6,88.8,1672.35,0.7815789473684163,0
4548-SDBKE,1,3,2,5,0-6m,1,Yes,1,1,4,85.2,474.8,-9.760000000000005,1
8066-POXGX,1,3,1,13,13-24m,0,No phone service,1,1,2,35.1,446.1,0.7846153846153854,1
7129-CAKJW,1,1,2,17,13-24m,1,Yes,0,1,4,80.05,1345.65,0.8941176470588204,0
8695-ARGXZ,1,3,2,34,25-48m,1,Yes,1,0,3,75.55,2425.4,4.214705882352931,0
3570-YUEKJ,1,3,1,42,25-48m,1,No,1,1,3,49.55,2077.95,0.07500000000000284,0
4143-OOBWZ,1,3,2,5,0-6m,1,Yes,1,1,4,81.3,416.3,-1.960000000000008,1
1555-HAPSU,3,2,3,71,61m+,1,Yes,0,0,2,23.9,1663.5,0.47042253521126653,0
1697-NVVGY,1,1,1,19,13-24m,1,No,0,3,5,66.4,1286.05,-1.2868421052631476,0
7854-EKTJL,1,3,3,2,0-6m,1,No,1,0,1,19.6,35.85,1.6750000000000007,1
8464-EETCQ,3,2,3,57,49-60m,1,No,0,0,1,18.8,1094.35,-0.399122807017541,0
2419-FSORS,3,3,2,72,61m+,1,Yes,1,5,8,108.4,7719.5,1.1847222222222342,0
8132-YPVBX,1,4,2,6,0-6m,1,No,1,2,4,85.95,514.6,0.18333333333333712,0
9102-IAYHT,1,3,2,17,13-24m,1,Yes,1,1,4,85.45,1451.6,0.06176470588236782,1
6754-LZUKA,3,1,1,61,61m+,1,Yes,0,4,7,80.9,4932.5,0.03934426229508858,0
3422-LYEPQ,1,3,2,1,0-6m,1,No,1,0,2,71.0,71.0,0.0,1
8099-MZPUJ,3,2,2,48,25-48m,1,Yes,0,6,9,111.8,5443.65,-1.609375,0
0787-LHDYT,1,2,3,16,13-24m,1,No,1,0,1,20.6,330.25,-0.04062499999999858,0
2642-DTVCO,1,3,2,9,7-12m,1,Yes,1,1,4,85.05,746.5,2.1055555555555543,1
0374-IOEGQ,1,3,1,3,0-6m,1,No,0,0,2,44.6,122.7,3.700000000000003,0
4361-JEIVL,1,3,1,1,0-6m,1,No,1,0,2,44.4,44.4,0.0,1
3197-NNYNB,3,2,2,65,61m+,1,Yes,0,4,7,105.1,6631.85,3.0715384615384522,0
3396-DKDEL,3,2,2,70,61m+,1,Yes,1,6,9,115.15,8250.0,-2.7071428571428555,0
1752-OZXFY,2,4,1,60,49-60m,1,No,1,2,4,59.8,3561.15,0.447499999999998,0
9066-QRSDU,2,3,3,69,61m+,1,Yes,1,0,2,26.3,1763.55,0.7413043478260875,0
9112-WSNPU,1,3,2,35,25-48m,1,No,0,0,2,70.55,2419.0,1.4357142857142833,0
9867-NNXLC,1,4,3,22,13-24m,1,No,1,0,1,20.05,470.2,-1.3227272727272705,0
5321-NTRKC,3,1,1,66,61m+,1,Yes,0,4,7,79.85,5234.95,0.5325757575757564,0
1363-TXLSL,1,3,2,1,0-6m,1,No,1,0,2,70.3,70.3,0.0,1
9507-EXLTT,1,1,2,1,0-6m,1,No,1,1,3,79.35,79.35,0.0,1
3161-GETRM,1,2,2,34,25-48m,1,Yes,1,2,5,90.05,3097.0,-1.038235294117655,0
0402-OAMEN,3,1,3,72,61m+,1,Yes,0,0,2,24.45,1709.1,0.7125000000000021,0
6933-VLYFX,2,3,1,31,25-48m,0,No phone service,0,5,6,59.95,1848.8,0.31129032258064626,0
6754-WKSHP,2,1,3,30,25-48m,1,Yes,0,0,2,25.35,723.3,1.240000000000002,0
9846-GKXAS,1,1,2,9,7-12m,1,No,1,2,4,90.8,809.75,0.8277777777777686,1
6017-PPLPX,1,3,2,20,13-24m,1,No,1,0,2,70.45,1470.95,-3.0974999999999966,1
4976-LNFVV,1,2,1,19,13-24m,0,No phone service,1,2,3,34.3,577.15,3.9236842105263143,0
5055-MGMGF,1,3,2,65,61m+,1,Yes,1,4,7,105.05,6914.95,-1.333846153846153,0
4641-FROLU,3,4,3,30,25-48m,1,No,0,0,1,19.3,602.9,-0.7966666666666669,0
2862-JVEOY,2,4,3,6,0-6m,1,No,0,0,1,19.15,124.4,-1.5833333333333357,0
2969-QWUBZ,1,3,1,2,0-6m,0,No phone service,0,3,4,51.4,96.8,3.0,0
9822-BIIGN,1,3,1,53,49-60m,1,Yes,0,3,6,71.85,3827.9,-0.374528301886798,0
2077-MPJQO,1,3,2,7,7-12m,1,Yes,1,0,3,75.4,533.05,-0.7499999999999858,0
1534-OULXE,2,1,1,61,61m+,1,No,1,1,3,49.7,2961.4,1.1524590163934434,0
7136-RVDTZ,2,3,1,70,61m+,0,No phone service,1,2,3,45.25,3264.45,-1.384999999999998,1
2971-SGAFL,1,3,1,13,13-24m,1,Yes,1,4,7,78.75,995.35,2.184615384615384,0
1480-IVEVR,2,1,2,35,25-48m,1,Yes,1,1,4,81.6,2815.25,1.164285714285711,0
2905-KFQUV,1,2,2,2,0-6m,1,No,1,0,2,70.4,154.8,-7.0,0
4581-SSPWD,1,3,2,3,0-6m,1,Yes,1,0,3,75.8,246.3,-6.300000000000011,1
3370-HXOPH,1,3,2,3,0-6m,1,Yes,0,0,3,76.1,257.6,-9.76666666666668,0
9391-YZEJW,2,1,2,62,61m+,1,Yes,1,2,5,94.0,5757.2,1.1419354838709666,0
9958-MEKUC,3,2,2,72,61m+,1,Yes,0,5,8,103.95,7517.7,-0.4624999999999915,0
0281-CNTZX,3,1,3,63,61m+,1,No,1,0,1,19.95,1234.8,0.3500000000000014,0
6927-WTFIV,1,2,2,20,13-24m,1,No,0,0,2,71.3,1389.2,1.8399999999999892,1
4118-CEVPF,2,1,2,35,25-48m,1,Yes,1,6,9,110.8,3836.3,1.1914285714285597,0
3398-ZOUAA,1,3,2,21,13-24m,1,No,1,0,2,69.1,1474.75,-1.1261904761904873,1
9114-VEPUF,2,3,2,62,61m+,1,Yes,0,3,6,96.1,6001.45,-0.6975806451612954,0
7876-BEUTG,1,4,1,15,13-24m,1,Yes,1,0,3,48.8,720.1,0.7933333333333294,0
2338-BQEZT,1,2,1,55,49-60m,1,No,1,1,3,50.55,2832.75,-0.9545454545454604,0
9873-MNDKV,1,4,1,11,7-12m,1,No,1,0,2,44.65,472.25,1.7181818181818187,0
0378-NHQXU,1,3,2,17,13-24m,1,Yes,0,2,5,88.25,1460.65,2.329411764705881,1
8241-JUIQO,2,1,3,61,61m+,1,No,0,0,1,19.45,1336.35,-2.4573770491803266,0
2194-IIQOF,3,2,1,71,61m+,1,Yes,0,6,9,89.3,6388.65,-0.6809859154929541,0
4512-ZUIYL,1,1,2,2,0-6m,1,No,0,0,2,70.0,153.05,-6.525000000000006,1
9631-RXVJM,3,4,3,35,25-48m,1,No,0,0,1,19.25,677.9,-0.11857142857142833,0
9584-EXCDZ,1,1,2,17,13-24m,1,No,0,0,2,70.5,1165.6,1.9352941176470608,0
7969-AULMZ,1,3,2,21,13-24m,1,Yes,1,2,5,97.35,2119.5,-3.5785714285714363,1
5093-FEGLU,3,1,3,47,25-48m,1,No,0,0,1,19.65,921.55,0.0425531914893611,0
2621-UDNLU,1,4,3,3,0-6m,1,No,0,0,1,20.85,72.0,-3.1499999999999986,0
7526-IVLYU,1,4,3,3,0-6m,1,No,1,0,1,19.65,68.35,-3.133333333333333,0
2428-HYUNX,3,2,3,44,25-48m,1,No,1,0,1,19.35,847.25,0.09431818181818485,0
9214-EKVXR,1,4,1,1,0-6m,1,No,1,0,2,44.0,44.0,0.0,0
3410-MHHUM,2,3,2,44,25-48m,1,Yes,0,3,6,94.4,4295.35,-3.2215909090909065,0
0568-ONFPC,1,1,3,5,0-6m,1,Yes,1,0,2,25.9,135.0,-1.1000000000000014,1
0733-VUNUW,1,1,1,24,13-24m,1,Yes,1,1,4,55.65,1400.55,-2.706249999999997,1
4550-EVXNY,1,3,2,1,0-6m,1,No,1,0,2,69.65,69.65,0.0,1
2122-YWVYA,1,3,2,18,13-24m,1,No,1,1,3,75.4,1380.4,-1.2888888888888914,0
2968-SSGAA,1,3,2,10,7-12m,1,Yes,1,3,6,100.6,1060.2,-5.420000000000016,1
2296-DKZFP,3,1,1,65,61m+,1,No,0,4,6,71.0,4386.2,3.519999999999996,0
4844-JJWUY,1,3,2,1,0-6m,1,No,1,2,4,86.0,86.0,0.0,1
6777-TGHTM,2,2,2,53,49-60m,1,Yes,1,4,7,106.95,5785.5,-2.210377358490561,1
8909-BOLNL,2,4,3,3,0-6m,1,No,0,0,1,21.2,52.05,3.8500000000000014,0
6603-YRDCJ,3,4,1,33,25-48m,1,No,1,3,5,61.05,2018.4,-0.11363636363636687,0
3538-WZPHD,1,3,1,3,0-6m,0,No phone service,1,1,2,29.6,79.45,3.116666666666667,1
3229-USWAR,2,1,1,34,25-48m,1,No,1,5,7,79.95,2727.3,-0.264705882352942,0
2138-VFAPZ,3,4,3,14,13-24m,1,No,1,0,1,19.7,263.65,0.8678571428571438,0
6131-JLWZM,1,4,3,13,13-24m,1,No,1,0,1,20.3,275.4,-0.8846153846153832,0
4785-QRJHC,2,1,1,46,25-48m,0,No phone service,1,5,6,59.9,2816.65,-1.3315217391304373,1
0269-XFESX,2,4,3,23,13-24m,1,Yes,0,0,2,24.35,538.5,0.9369565217391305,0
1709-EJDOX,3,4,3,47,25-48m,1,No,0,0,1,19.75,948.9,-0.439361702127659,0
4316-XCSLJ,1,4,1,17,13-24m,1,No,1,1,3,50.3,846.8,0.48823529411764355,0
8610-WFCJF,1,3,2,49,49-60m,1,Yes,1,2,5,95.6,4783.5,-2.022448979591843,1
9693-XMUOB,1,3,1,59,49-60m,0,No phone service,1,3,4,50.25,2997.45,-0.5542372881355888,0
0383-CLDDA,3,2,1,69,61m+,1,Yes,1,5,8,85.35,5897.4,-0.11956521739131176,0
4905-JEFDW,2,3,1,11,7-12m,0,No phone service,1,2,3,41.6,470.6,-1.1818181818181799,1
2709-UQGNP,1,4,1,10,7-12m,1,No,1,1,3,51.65,524.5,-0.8000000000000043,0
3549-ZTMNH,3,1,3,12,7-12m,1,Yes,1,0,2,24.0,269.65,1.5291666666666686,0
7881-INRLC,1,2,2,45,25-48m,1,Yes,1,3,6,100.85,4740.0,-4.483333333333334,1
8033-ATFAS,1,4,1,39,25-48m,1,No,1,2,4,59.85,2341.5,-0.18846153846153868,0
1635-NZATJ,3,2,3,71,61m+,1,Yes,0,0,2,25.45,1789.65,0.24366197183098492,0
0562-HKHML,3,2,3,71,61m+,1,Yes,0,0,2,23.9,1626.4,0.9929577464788721,0
8277-RVRSV,2,2,3,33,25-48m,1,Yes,0,0,2,24.15,800.3,-0.10151515151515156,0
9943-VSZUV,1,4,2,67,61m+,1,Yes,1,0,3,75.7,5060.85,0.16492537313432365,0
0117-LFRMW,1,1,1,37,25-48m,0,No phone service,0,3,4,40.2,1448.8,1.0432432432432464,1
6172-FECYY,1,3,2,49,49-60m,1,Yes,0,1,4,84.5,4254.85,-2.3336734693877617,1
7054-ENNGU,1,4,1,9,7-12m,1,No,0,1,3,50.85,466.6,-0.9944444444444471,0
1455-HFBXA,3,2,2,52,49-60m,1,Yes,1,3,6,91.6,4627.8,2.603846153846149,0
9402-CXWPL,2,3,2,70,61m+,1,Yes,0,3,6,98.9,6838.6,1.2057142857142793,0
1628-BIZYP,1,3,2,1,0-6m,1,No,1,2,4,85.0,85.0,0.0,0
1965-AKTSX,1,3,2,14,13-24m,1,Yes,1,1,4,78.95,1101.85,0.24642857142858077,1
0082-LDZUE,1,4,1,1,0-6m,1,No,1,0,2,44.3,44.3,0.0,0
4786-UKSNZ,1,4,3,1,0-6m,1,No,0,0,1,20.2,20.2,0.0,1
5343-SGUBI,2,4,2,52,49-60m,1,Yes,1,1,4,80.2,4297.6,-2.446153846153848,0
0856-NAOES,1,4,1,6,0-6m,1,No,0,2,4,60.9,414.1,-8.116666666666667,0
1976-AZZPJ,1,4,1,7,7-12m,0,No phone service,0,2,3,34.2,256.6,-2.4571428571428555,0
7248-VZQLC,1,1,2,47,25-48m,1,Yes,1,2,5,85.2,3969.35,0.7457446808510753,1
6156-UZDLF,2,2,2,26,25-48m,1,No,1,3,5,87.15,2274.1,-0.31538461538460183,0
3099-OONVS,1,3,1,25,25-48m,1,No,0,2,4,54.3,1296.8,2.4279999999999973,0
9500-WBGRP,3,4,3,69,61m+,1,No,1,0,1,19.1,1268.85,0.7108695652173935,0
5183-KLYEM,3,2,2,72,61m+,1,Yes,1,6,9,112.75,8192.6,-1.0361111111111114,0
5144-PQCDZ,1,4,3,4,0-6m,1,No,1,0,1,19.95,59.25,5.137499999999999,0
8514-VZHEB,3,4,3,59,49-60m,1,No,0,0,1,19.5,1147.85,0.04491525423728859,0
6625-IUTTT,3,1,1,67,61m+,1,No,0,3,5,65.55,4361.55,0.4522388059701399,0
9355-NPPFS,1,3,2,26,25-48m,1,No,1,1,3,78.8,2006.1,1.6423076923076962,0
0068-FIGTF,2,4,1,27,25-48m,1,No,0,5,7,78.2,2078.95,1.2018518518518562,0
5965-GGPRW,3,1,2,72,61m+,1,Yes,0,4,7,105.25,7609.75,-0.44097222222222854,0
8035-PWSEV,1,3,2,6,0-6m,1,No,1,3,5,89.25,487.05,8.075000000000003,0
2236-HILPA,3,2,3,62,61m+,1,No,0,0,1,20.65,1218.45,0.997580645161289,0
1840-BIUOG,2,3,1,20,13-24m,1,Yes,1,3,6,68.7,1416.2,-2.1099999999999994,0
1356-MKYSK,1,2,1,6,0-6m,1,No,0,5,7,78.65,483.3,-1.8999999999999915,0
6080-LNESI,3,4,3,51,49-60m,1,Yes,0,0,2,24.75,1234.6,0.5421568627450988,0
1830-IPXVJ,3,2,3,61,61m+,1,No,0,0,1,19.75,1311.6,-1.7516393442622942,0
5828-DWPIL,1,3,2,62,61m+,1,Yes,1,3,6,89.1,5618.3,-1.5177419354838833,0
8398-TBIYD,3,1,2,72,61m+,1,Yes,1,2,5,84.7,6185.15,-1.2048611111111,0
0011-IGKFF,1,3,2,13,13-24m,1,No,1,4,6,98.0,1237.85,2.7807692307692378,1
4192-GORJT,1,3,2,5,0-6m,1,No,1,3,5,94.45,498.1,-5.170000000000002,1
6496-SLWHQ,1,3,2,3,0-6m,1,Yes,1,4,7,105.0,294.45,6.8500000000000085,1
9912-GVSEQ,1,3,2,26,25-48m,1,Yes,1,3,6,93.85,2381.55,2.251923076923063,1
2931-FSOHN,1,3,1,13,13-24m,1,No,1,2,4,59.9,788.35,-0.7423076923076977,0
9418-RUKPH,3,4,3,38,25-48m,1,No,1,0,1,19.95,756.4,0.0447368421052623,0
5383-MMTWC,1,3,2,8,7-12m,1,Yes,1,1,4,84.0,613.4,7.325000000000003,1
9971-ZWPBF,1,3,2,34,25-48m,1,Yes,1,5,8,108.9,3625.2,2.2764705882352985,0
4712-AUQZO,1,4,1,18,13-24m,0,No phone service,0,2,3,33.6,550.35,3.0249999999999986,0
9711-FJTBX,2,4,2,56,49-60m,1,No,1,3,5,85.85,4793.8,0.24642857142856656,0
2908-ZTPNF,1,1,1,36,25-48m,0,No phone service,1,2,3,34.85,1267.2,-0.3500000000000014,0
7240-ETPTR,1,3,1,9,7-12m,0,No phone service,1,3,4,48.75,442.2,-0.38333333333333286,1
2202-CUYXZ,1,3,2,1,0-6m,1,No,1,2,4,84.85,84.85,0.0,1
5995-OIGLP,1,4,1,12,7-12m,1,No,0,2,4,56.65,654.85,2.0791666666666657,1
8421-WZOOW,1,2,2,57,49-60m,1,No,1,4,6,95.3,5567.45,-2.3745614035087783,0
6261-RCVNS,2,2,1,42,25-48m,1,No,0,5,7,73.9,3160.55,-1.3511904761904816,1
7951-QKZPL,3,4,3,33,25-48m,1,Yes,1,0,2,24.5,740.3,2.0666666666666664,1
1414-YADCW,3,1,2,70,61m+,1,No,0,3,5,84.6,5706.2,3.0828571428571365,0
8756-RDDLT,1,3,1,68,61m+,0,No phone service,0,3,4,44.95,3085.35,-0.422794117647058,0
2862-PFNIK,1,3,1,1,0-6m,0,No phone service,1,0,1,24.7,24.7,0.0,0
5816-QVHRX,1,2,2,37,25-48m,1,Yes,0,3,6,100.3,3541.4,4.5864864864864785,0
4430-YHXGG,1,4,3,4,0-6m,1,Yes,1,0,2,25.45,84.2,4.399999999999999,0
6888-SBYAI,1,4,1,1,0-6m,1,No,1,1,3,50.7,50.7,0.0,0
7395-XWZOY,1,2,1,20,13-24m,0,No phone service,1,5,6,55.0,1165.55,-3.2774999999999963,0
7169-YWAMK,3,1,1,72,61m+,1,No,0,4,6,68.4,4855.35,0.9645833333333371,0
3640-PHQXK,1,3,2,31,25-48m,1,Yes,1,2,5,89.9,2806.9,-0.6451612903225765,1
6877-LGWXO,1,3,2,18,13-24m,1,No,0,1,3,78.55,1422.65,-0.48611111111111427,1
6859-RKMZJ,1,1,1,11,7-12m,1,No,1,1,3,55.05,608.15,-0.23636363636363455,0
2729-VNVAP,3,2,3,33,25-48m,1,No,0,0,1,19.8,641.35,0.36515151515151345,0
2957-JIRMN,2,3,2,62,61m+,1,Yes,0,1,4,84.45,4959.15,4.463709677419359,0
2049-BAFNW,1,4,1,1,0-6m,0,No phone service,0,2,3,35.9,35.9,0.0,0
3842-QTGDL,1,1,2,16,13-24m,1,No,0,2,4,80.75,1321.3,-1.8312499999999972,0
7163-OCEQI,2,4,1,22,13-24m,1,Yes,1,4,7,78.65,1663.75,3.0250000000000057,0
9782-LGXMC,1,1,1,49,49-60m,1,No,0,3,5,61.75,3024.15,0.032653061224486635,0
5975-BAICR,2,2,1,36,25-48m,1,No,1,3,5,63.7,2188.5,2.9083333333333385,0
8019-ENHXU,1,3,2,42,25-48m,1,Yes,1,4,7,99.45,4138.05,0.9249999999999972,1
5167-GBFRE,1,1,1,4,0-6m,0,No phone service,1,0,1,25.2,102.5,-0.4250000000000007,1
9033-EOXWV,2,4,1,12,7-12m,1,Yes,0,3,6,74.05,872.65,1.3291666666666657,1
4673-KKSLS,1,3,2,31,25-48m,1,No,0,3,5,87.6,2724.25,-0.27903225806451815,0
4853-OITSN,1,3,2,5,0-6m,1,Yes,1,2,5,89.15,413.25,6.5,0
9800-OUIGR,3,2,3,66,61m+,1,No,0,0,1,20.0,1374.2,-0.8212121212121204,0
1324-NLTJE,1,2,1,15,13-24m,1,Yes,0,1,4,55.0,757.1,4.526666666666664,1
2324-EFHVG,3,1,2,64,61m+,1,Yes,1,4,7,104.4,6692.65,-0.17265624999998863,0
7094-MSZAO,1,2,3,10,7-12m,1,No,1,0,1,20.05,218.5,-1.8000000000000007,0
1522-VVDMG,1,3,2,7,7-12m,1,No,1,3,5,89.75,608.8,2.778571428571439,1
6907-CQGPN,1,3,1,29,25-48m,0,No phone service,0,2,3,34.3,1004.75,-0.34655172413793167,0
0780-XNZFN,3,1,3,57,49-60m,1,No,0,0,1,20.65,1125.6,0.9026315789473678,0
0239-OXEXL,1,4,2,46,25-48m,1,Yes,0,2,5,84.25,3847.6,0.6065217391304429,0
2675-IJRGJ,3,1,3,53,49-60m,1,No,0,0,1,19.65,978.0,1.1971698113207516,0
7049-GKVZY,2,2,1,17,13-24m,1,No,0,5,7,79.85,1387.35,-1.758823529411771,0
8577-QSOCG,3,4,3,38,25-48m,1,No,1,0,1,20.2,746.05,0.5671052631578952,0
3721-CNZHX,2,4,3,15,13-24m,1,No,0,0,1,19.8,304.6,-0.5066666666666677,0
0212-ISBBF,1,3,1,22,13-24m,0,No phone service,1,3,4,50.35,1098.85,0.4022727272727309,0
9185-TQCVP,1,3,2,14,13-24m,1,Yes,1,1,4,85.15,1139.2,3.778571428571425,1
3585-YNADK,2,1,1,57,49-60m,1,Yes,0,4,7,74.6,4368.95,-2.048245614035096,0
5271-DBYSJ,1,2,2,11,7-12m,1,No,1,1,3,79.15,827.7,3.904545454545456,0
1099-GODLO,3,4,3,1,0-6m,1,No,0,0,1,20.35,20.35,0.0,0
6828-HMKWP,3,1,3,12,7-12m,1,No,0,0,1,21.05,262.05,-0.7875000000000014,0
5567-WSELE,1,3,2,3,0-6m,1,Yes,1,2,5,94.6,279.55,1.4166666666666572,1
1472-TNCWL,1,3,2,36,25-48m,1,No,1,3,5,94.7,3512.5,-2.86944444444444,0
8063-RJYNF,1,3,2,16,13-24m,1,No,1,3,5,94.25,1483.25,1.546875,1
0687-ZVTHB,2,2,1,65,61m+,1,Yes,0,4,7,72.45,4653.85,0.85230769230769,1
2080-GKCWQ,1,3,2,2,0-6m,1,No,0,1,3,74.95,151.75,-0.9249999999999972,0
9661-ACXBS,1,3,2,42,25-48m,1,Yes,1,4,7,105.2,4400.75,0.42023809523810485,1
2193-SFWQW,3,1,2,72,61m+,1,No,0,6,8,111.95,8033.1,0.3791666666666629,0
5656-JAMLX,3,1,3,62,61m+,1,No,0,0,1,19.85,1253.65,-0.3701612903225815,0
3462-BJQQA,1,3,2,6,0-6m,1,Yes,1,2,5,89.75,552.65,-2.3583333333333343,0
0442-TDYUO,3,4,3,48,25-48m,1,No,1,0,1,20.05,1036.0,-1.5333333333333314,0
6733-LRIZX,3,3,2,35,25-48m,1,Yes,1,5,8,108.95,4025.5,-6.064285714285717,0
9503-XJUME,2,2,3,52,49-60m,1,No,0,0,1,19.65,928.4,1.796153846153846,0
4367-NHWMM,1,4,1,1,0-6m,0,No phone service,1,0,1,24.9,24.9,0.0,0
3727-RJMEO,1,3,2,6,0-6m,1,Yes,1,1,4,82.85,460.25,6.141666666666666,1
3779-OSWCF,3,2,1,71,61m+,1,Yes,0,6,9,93.2,6506.15,1.564084507042267,0
6736-DHUQI,2,1,2,67,61m+,1,No,0,3,5,84.8,5598.3,1.2432835820895463,0
3915-ODIYG,2,3,1,60,49-60m,1,Yes,1,3,6,71.75,4374.55,-1.159166666666664,0
1360-RCYRT,1,1,1,23,13-24m,0,No phone service,1,1,2,30.35,678.75,0.8391304347826107,0
2724-FJDYW,2,1,1,39,25-48m,0,No phone service,0,4,5,54.85,2191.7,-1.3474358974358935,0
4451-RWASJ,2,4,3,15,13-24m,1,No,1,0,1,19.5,239.75,3.5166666666666675,0
6646-VRFOL,1,3,2,53,49-60m,1,Yes,1,4,7,103.85,5485.5,0.3499999999999943,1
3460-TJBWI,3,4,3,24,13-24m,1,Yes,0,0,2,24.2,609.05,-1.1770833333333321,0
5917-HBSDW,1,3,3,37,25-48m,1,No,0,0,1,19.35,683.75,0.8702702702702716,0
5685-IIXLY,1,3,2,5,0-6m,1,No,1,2,4,83.6,404.2,2.759999999999991,1
5671-UUNXD,2,3,2,50,49-60m,1,Yes,1,3,6,100.65,5189.75,-3.144999999999996,0
0956-ACVZC,2,2,2,54,49-60m,1,No,1,3,5,94.1,5060.9,0.3796296296296333,0
2325-NBPZG,1,3,2,3,0-6m,1,No,1,1,3,74.55,233.65,-3.333333333333343,0
4250-ZBWLV,2,3,2,68,61m+,1,Yes,0,5,8,108.45,7176.55,2.9124999999999943,1
4482-FTFFX,1,3,1,5,0-6m,1,No,0,2,4,56.15,291.45,-2.1400000000000006,0
8859-DZTGQ,3,4,3,33,25-48m,1,No,0,0,1,20.35,689.75,-0.5515151515151508,0
0440-MOGPM,2,3,1,41,25-48m,1,Yes,1,4,7,80.55,3263.9,0.9426829268292636,0
0020-JDNXP,2,4,1,34,25-48m,0,No phone service,0,5,6,61.25,1993.2,2.626470588235293,0
3752-CQSJI,1,4,3,13,13-24m,1,No,1,0,1,20.45,254.5,0.8730769230769226,0
5025-GOOKI,1,2,3,20,13-24m,1,No,1,0,1,18.9,347.65,1.5174999999999983,0
4698-KVLLG,3,2,3,51,49-60m,1,No,0,0,1,19.6,967.9,0.6215686274509835,0
5095-AESKG,1,2,2,3,0-6m,1,Yes,1,2,5,91.5,242.95,10.516666666666666,1
2887-JPYLU,1,1,1,41,25-48m,1,No,0,0,2,45.2,1841.9,0.275609756097559,0
4770-QAZXN,1,2,3,13,13-24m,1,No,0,0,1,19.45,232.1,1.5961538461538467,0
4896-CPRPF,3,1,3,35,25-48m,1,Yes,0,0,2,25.45,809.25,2.328571428571429,0
1871-MOWRM,1,1,2,12,7-12m,1,No,0,2,4,80.85,866.45,8.645833333333329,1
9714-EDSUC,1,4,2,4,0-6m,1,No,1,4,6,94.9,360.55,4.762500000000003,0
2027-OAQQC,1,1,1,43,25-48m,0,No phone service,1,3,4,49.05,2076.2,0.7662790697674424,1
0282-NVSJS,1,4,1,12,7-12m,0,No phone service,1,1,2,29.3,355.9,-0.35833333333333073,0
9090-SGQXL,1,3,2,68,61m+,1,Yes,1,4,7,105.3,7299.65,-2.047794117647058,1
6595-YGXIT,1,3,2,25,25-48m,1,Yes,1,2,5,88.95,2291.2,-2.6979999999999933,1
7353-YOWFP,2,4,3,7,7-12m,1,No,0,0,1,20.25,129.15,1.8000000000000007,0
9835-ZIITK,2,3,2,66,61m+,1,Yes,1,5,8,110.85,7491.75,-2.661363636363646,1
8008-ESFLK,2,3,2,53,49-60m,1,No,0,6,8,110.5,5835.5,0.39622641509433265,0
7537-CBQUZ,1,1,2,63,61m+,1,Yes,1,5,8,109.4,7031.45,-2.210317460317455,0
1555-DJEQW,3,1,2,70,61m+,1,Yes,1,6,9,114.2,7723.9,3.8585714285714374,1
5649-TJHOV,1,1,1,27,25-48m,0,No phone service,0,1,2,36.5,1032.0,-1.7222222222222214,1
0519-XUZJU,1,4,2,1,0-6m,1,No,0,0,2,70.75,70.75,0.0,1
3363-EWLGO,1,4,3,5,0-6m,1,No,0,0,1,19.95,109.6,-1.9699999999999989,0
4750-UKWJK,2,4,3,37,25-48m,1,No,0,0,1,19.6,727.8,-0.07027027027026733,0
6338-AVWCY,1,4,1,3,0-6m,0,No phone service,1,2,3,40.15,130.75,-3.433333333333337,1
1689-YQBYY,1,3,2,12,7-12m,1,Yes,1,0,3,76.6,893.0,2.183333333333323,0
4487-ZYJZK,2,2,3,38,25-48m,1,No,0,0,1,19.6,763.1,-0.4815789473684191,0
2959-FENLU,1,2,2,9,7-12m,1,No,1,2,4,85.3,781.4,-1.5222222222222257,0
0708-LGSMF,1,3,1,13,13-24m,1,Yes,1,2,5,65.85,902.25,-3.553846153846166,0
9253-QXKBE,1,3,2,29,25-48m,1,Yes,1,2,5,94.45,2653.65,2.944827586206898,1
7634-HLQJR,3,2,3,47,25-48m,1,No,0,0,1,20.05,1016.7,-1.5819148936170215,0
0487-RPVUM,1,1,2,61,61m+,1,Yes,0,4,7,99.4,5943.65,1.9631147540983704,0
4079-ULGFR,1,4,3,16,13-24m,1,No,0,0,1,20.0,275.7,2.7687500000000007,0
2516-XSJKX,3,3,1,41,25-48m,1,No,0,5,7,78.45,3126.45,2.1951219512195195,0
0057-QBUQH,3,3,3,43,25-48m,1,Yes,1,0,2,25.1,1070.15,0.21279069767441783,0
9445-SZLCH,1,1,2,36,25-48m,1,Yes,1,3,6,97.35,3457.9,1.2972222222222172,1
6599-SFQVE,1,3,1,6,0-6m,1,No,1,1,3,55.0,340.4,-1.7333333333333272,0
8331-ZXFOE,2,2,1,58,49-60m,1,Yes,1,4,7,71.1,4299.2,-3.0241379310344882,0
4003-FUSHP,1,2,1,19,13-24m,1,No,1,2,4,61.55,1093.2,4.013157894736835,0
0356-ERHVT,1,1,1,11,7-12m,1,No,1,0,2,45.9,521.9,-1.5454545454545467,0
7325-ENZFI,2,1,1,39,25-48m,0,No phone service,1,3,4,40.3,1630.4,-1.5051282051282087,0
4884-ZTHVF,1,3,2,8,7-12m,1,No,1,2,4,87.1,713.6,-2.1000000000000085,0
3920-HIHMQ,1,4,1,26,25-48m,1,Yes,1,0,3,49.5,1265.65,0.821153846153841,0
3055-OYMSE,1,2,2,53,49-60m,1,No,1,1,3,73.8,4003.85,-1.7443396226415047,0
0613-WUXUM,3,4,3,70,61m+,1,No,1,0,1,19.2,1401.4,-0.8200000000000003,0
7568-PODML,1,4,1,1,0-6m,0,No phone service,1,2,3,45.3,45.3,0.0,1
4458-KVRBJ,3,4,3,59,49-60m,1,Yes,0,0,2,25.0,1510.5,-0.6016949152542388,0
5349-IECLD,1,3,2,2,0-6m,1,No,0,3,5,94.95,178.1,5.900000000000006,1
1397-XKKWR,2,4,1,7,7-12m,0,No phone service,0,2,3,35.3,264.8,-2.528571428571432,0
3945-GFWQL,1,3,1,12,7-12m,1,No,1,0,2,44.55,480.6,4.499999999999993,1
8097-OMULG,2,2,1,59,49-60m,1,No,0,5,7,76.75,4541.9,-0.23135593220338535,0
6013-BHCAW,3,1,1,61,61m+,1,Yes,1,4,7,81.0,4976.15,-0.5762295081967181,0
0401-WDBXM,3,1,2,72,61m+,1,Yes,1,4,7,105.55,7542.25,0.7965277777777686,0
3387-PLKUI,1,4,3,13,13-24m,1,No,0,0,1,18.8,251.25,-0.5269230769230759,0
6096-EGVTU,2,4,3,64,61m+,1,Yes,0,0,2,24.9,1595.5,-0.02968750000000142,0
3797-VTIDR,1,3,1,1,0-6m,0,No phone service,1,0,1,23.45,23.45,0.0,1
5081-NWSUP,2,4,1,10,7-12m,1,No,0,3,5,64.9,685.55,-3.654999999999987,0
2580-ATZSQ,2,1,1,65,61m+,1,No,0,3,5,61.35,3874.1,1.748461538461541,0
8085-MSNLK,3,4,2,62,61m+,1,Yes,0,6,9,113.95,6891.4,2.7983870967742064,0
9691-HKOVS,2,3,1,55,49-60m,1,Yes,1,6,9,90.15,4916.95,0.7509090909091043,0
9881-VCZEP,1,3,1,25,25-48m,1,Yes,0,1,4,54.1,1373.0,-0.8200000000000003,0
9526-BIHHD,1,4,1,1,0-6m,0,No phone service,0,1,2,29.7,29.7,0.0,1
8757-TFHHJ,1,2,1,1,0-6m,1,No,1,1,3,49.8,49.8,0.0,0
4523-WXCEF,1,3,2,59,49-60m,1,Yes,0,3,6,101.1,6039.9,-1.2711864406779654,1
1468-DEFNC,3,1,3,64,61m+,1,Yes,1,0,2,24.4,1548.65,0.20234374999999716,0
5119-KEPFY,1,1,2,36,25-48m,1,Yes,1,2,5,95.0,3440.25,-0.5625,0
8364-TRMMK,1,4,1,3,0-6m,1,Yes,1,0,3,50.65,151.3,0.21666666666666146,1
0916-KNFAJ,3,4,1,61,61m+,1,Yes,1,3,6,69.9,4226.7,0.6098360655737736,0
8319-QBEHW,2,1,1,26,25-48m,0,No phone service,1,2,3,39.95,1023.75,0.5750000000000028,0
3063-QFSZL,1,3,1,1,0-6m,1,No,1,1,3,55.4,55.4,0.0,1
8775-LHDJH,1,3,2,1,0-6m,1,Yes,1,2,5,90.6,90.6,0.0,1
9625-QNLUX,3,2,2,68,61m+,1,No,1,5,7,103.25,7074.4,-0.7852941176470551,0
3097-NQYSN,1,4,2,2,0-6m,1,Yes,1,1,4,86.85,156.35,8.674999999999997,1
4024-CSNBY,3,1,2,72,61m+,1,Yes,1,4,7,94.25,6849.75,-0.8854166666666714,0
7110-BDTWG,3,3,1,71,61m+,0,No phone service,1,3,4,47.05,3263.6,1.0838028169014038,0
7493-GVFIO,3,2,3,57,49-60m,1,No,0,0,1,20.55,1252.85,-1.4298245614035068,0
0690-SRQID,1,4,3,4,0-6m,1,No,1,0,1,19.65,67.55,2.7624999999999993,0
9605-WGJVW,1,3,2,1,0-6m,1,No,1,0,2,70.2,70.2,0.0,0
9114-DPSIA,3,2,1,72,61m+,1,Yes,0,5,8,81.0,5750.0,1.1388888888888857,0
4700-UBQMV,2,1,1,21,13-24m,1,Yes,1,3,6,75.9,1549.75,2.1023809523809547,0
7711-GQBZC,3,1,3,71,61m+,1,Yes,0,0,2,24.7,1810.55,-0.8007042253521135,0
3565-UNOCC,1,1,2,29,25-48m,1,Yes,1,3,6,99.05,2952.85,-2.7724137931034534,1
4627-MIHJH,3,2,2,69,61m+,1,Yes,0,5,8,110.25,7467.55,2.024637681159419,0
9795-NREXC,3,2,1,64,61m+,1,Yes,1,5,8,85.0,5484.4,-0.6937499999999943,0
8573-CGOCC,1,2,3,16,13-24m,1,No,0,0,1,19.75,294.9,1.3187500000000014,0
7356-AYNJP,2,3,3,4,0-6m,1,Yes,0,0,2,23.9,97.5,-0.4750000000000014,0
9249-FXSCK,2,2,2,52,49-60m,1,Yes,1,5,8,111.25,5916.45,-2.5278846153846075,1
5493-SDRDQ,1,4,1,2,0-6m,1,No,1,2,4,55.1,113.35,-1.5749999999999957,1
6286-SUUWT,1,4,3,1,0-6m,1,No,0,0,1,19.95,19.95,0.0,0
4819-HJPIW,1,4,1,18,13-24m,0,No phone service,0,0,1,25.15,476.8,-1.3388888888888921,0
8654-DHAOW,1,4,1,2,0-6m,1,Yes,0,1,4,54.15,101.65,3.3249999999999957,0
5438-QMDDL,1,4,1,19,13-24m,1,No,1,2,4,59.8,1130.85,0.28157894736842337,0
9812-GHVRI,1,1,2,40,25-48m,1,Yes,0,1,4,83.85,3532.25,-4.456250000000011,0
5553-AOINX,2,3,2,66,61m+,1,Yes,1,4,7,104.9,6891.45,0.48409090909092356,0
1228-ZLNBX,1,4,2,21,13-24m,1,Yes,0,0,3,75.3,1570.7,0.5047619047619065,0
4226-KKDON,1,3,1,8,7-12m,1,No,1,3,5,66.65,520.95,1.53125,0
3831-YCPUO,3,2,2,72,61m+,1,No,1,6,8,109.5,7854.9,0.40416666666666856,0
7445-WMRBW,2,1,1,48,25-48m,1,Yes,1,4,7,73.85,3581.4,-0.7625000000000028,0
3308-DGHKL,3,1,3,69,61m+,1,No,1,0,1,19.3,1447.9,-1.684057971014493,0
9924-JPRMC,3,3,2,72,61m+,1,Yes,1,6,9,118.2,8547.15,-0.5104166666666572,0
0080-EMYVY,2,2,1,14,13-24m,1,No,0,1,3,51.45,727.85,-0.539285714285711,0
6218-KNUBD,1,3,1,6,0-6m,1,No,0,2,4,59.45,357.6,-0.14999999999999858,0
7337-CINUD,3,1,3,8,7-12m,1,No,0,0,1,19.5,159.35,-0.4187499999999993,0
7609-NRNCA,2,4,3,17,13-24m,1,No,0,0,1,19.55,280.85,3.0294117647058805,0
0623-EJQEG,2,3,2,65,61m+,1,Yes,0,3,6,93.55,6069.25,0.17692307692307452,0
7153-CHRBV,2,4,1,57,49-60m,1,No,1,3,5,59.3,3274.35,1.8552631578947327,0
0871-URUWO,1,2,2,13,13-24m,1,Yes,1,3,6,102.25,1359.0,-2.288461538461533,1
9190-MFJLN,1,2,2,19,13-24m,1,No,1,3,5,95.9,1777.9,2.326315789473682,1
6198-PNNSZ,2,1,2,56,49-60m,1,Yes,0,5,8,109.8,6109.65,0.6991071428571445,0
3317-VLGQT,1,3,2,14,13-24m,1,No,1,1,3,78.1,1122.4,-2.0714285714285836,0
4132-POCZS,1,3,1,52,49-60m,0,No phone service,1,2,3,39.9,2020.9,1.0365384615384556,0
5614-DNZCE,3,2,1,58,49-60m,1,No,1,4,6,64.9,3795.45,-0.5387931034482705,0
1095-JUDTC,1,3,2,47,25-48m,1,Yes,1,3,6,95.05,4504.55,-0.7914893617021335,1
3896-RCYYE,1,2,1,67,61m+,0,No phone service,1,4,5,53.4,3579.15,-0.020149253731347017,0
9638-JIQYA,1,2,1,2,0-6m,0,No phone service,1,0,1,24.9,49.7,0.04999999999999716,0
3258-SANFR,1,2,1,6,0-6m,1,No,0,0,2,44.7,276.5,-1.3833333333333329,0
3726-TBHQT,3,1,2,71,61m+,1,Yes,1,6,9,114.0,8175.9,-1.1535211267605519,0
3190-ITQXP,3,1,3,46,25-48m,1,No,0,0,1,20.25,890.35,0.8945652173913032,0
0870-VEMYL,1,2,1,5,0-6m,1,No,0,2,4,53.85,259.8,1.8900000000000006,1
4833-QTJNO,1,1,2,67,61m+,1,Yes,0,2,5,83.85,5588.8,0.43507462686565646,0
3039-MJSLN,1,1,3,3,0-6m,1,No,0,0,1,20.2,50.6,3.333333333333332,0
0178-CIIKR,1,4,3,3,0-6m,1,No,0,0,1,19.95,58.0,0.6166666666666671,0
5385-SUIRI,1,3,2,52,49-60m,1,Yes,1,4,7,104.2,5568.35,-2.883653846153848,1
3982-XWFZQ,1,3,1,42,25-48m,1,Yes,1,0,3,50.25,2203.65,-2.2178571428571416,1
5774-QPLTF,2,4,3,50,49-60m,1,No,1,0,1,20.35,938.95,1.5710000000000015,0
2322-VCZHZ,1,3,2,23,13-24m,1,No,1,3,5,90.0,2024.1,1.9956521739130437,0
5010-IPEAQ,3,2,1,67,61m+,0,No phone service,0,5,6,54.2,3623.95,0.11119402985075055,0
4009-ALQFH,1,3,2,25,25-48m,1,No,1,4,6,99.5,2369.05,4.7379999999999995,1
6383-ZTSIW,2,4,2,39,25-48m,1,No,0,4,6,99.1,3877.95,-0.33461538461538964,0
8990-YOZLV,3,4,1,69,61m+,1,Yes,1,3,6,66.9,4577.9,0.5536231884058083,0
3069-SSVSN,2,4,1,1,0-6m,0,No phone service,0,0,1,25.85,25.85,0.0,0
5222-IMUKT,1,3,2,32,25-48m,1,No,0,2,4,91.05,2871.5,1.3156249999999972,0
3627-FCRDW,1,3,2,9,7-12m,1,No,0,0,2,71.0,672.55,-3.7277777777777743,1
7562-GSUHK,1,2,2,16,13-24m,1,No,1,3,5,93.2,1573.7,-5.15625,1
6685-XSHHU,3,1,3,60,49-60m,1,No,1,0,1,20.95,1270.55,-0.225833333333334,0
8901-UPRHR,3,1,2,72,61m+,1,Yes,1,5,8,109.2,7711.45,2.09652777777778,0
4903-UYAVB,1,4,3,5,0-6m,1,No,0,0,1,19.35,126.05,-5.859999999999999,1
0118-JPNOY,1,2,2,26,25-48m,1,No,1,2,4,85.8,2193.65,1.4288461538461519,0
6776-TLWOI,1,4,3,3,0-6m,1,No,0,0,1,19.85,64.55,-1.6666666666666643,1
3845-FXCYS,1,3,3,2,0-6m,1,No,1,0,1,19.65,31.2,4.049999999999999,0
5857-XRECV,2,1,3,2,0-6m,1,No,0,0,1,20.5,38.25,1.375,0
0725-CXOTM,2,2,1,36,25-48m,1,Yes,1,5,8,89.65,3348.1,-3.3527777777777743,0
4343-EJVQB,1,4,2,7,7-12m,1,No,0,1,3,74.35,533.6,-1.8785714285714334,0
9000-PLFUZ,3,2,1,60,49-60m,0,No phone service,1,3,4,49.45,2907.55,0.9908333333333346,0
3427-GGZZI,1,3,2,19,13-24m,1,Yes,1,2,5,89.1,1620.8,3.794736842105266,0
7779-ORAEL,3,2,1,45,25-48m,1,Yes,0,4,7,75.15,3480.35,-2.1911111111110984,0
0644-OQMDK,1,3,2,4,0-6m,1,No,1,0,2,70.65,293.85,-2.8125,0
4077-CROMM,1,3,2,31,25-48m,1,Yes,1,4,7,104.2,3243.45,-0.42741935483870463,1
3154-CFSZG,1,3,2,47,25-48m,1,No,0,3,5,90.05,4137.2,2.0244680851063777,0
2868-MZAGQ,1,3,2,1,0-6m,1,No,1,1,3,79.25,79.25,0.0,1
4847-QNOKA,1,1,1,1,0-6m,1,No,1,0,2,44.9,44.9,0.0,1
2220-IAHLS,1,2,3,1,0-6m,1,No,0,0,1,19.4,19.4,0.0,0
1658-XUHBX,1,2,2,59,49-60m,1,Yes,1,2,5,88.75,5348.65,-1.9050847457627071,0
6379-RXJRQ,1,3,2,10,7-12m,1,No,1,0,2,70.1,659.65,4.134999999999991,1
2378-HTWFW,1,2,2,35,25-48m,1,Yes,0,2,5,91.0,3180.5,0.12857142857143344,0
8650-RHRKE,1,3,1,4,0-6m,0,No phone service,1,1,2,29.65,118.5,0.02499999999999858,1
4377-VDHYI,2,3,2,32,25-48m,1,No,1,3,5,90.8,3023.85,-3.6953125,0
0475-RIJEP,1,3,2,43,25-48m,1,Yes,1,1,4,77.85,3365.85,-0.42558139534884276,1
1260-TTRXI,1,3,1,4,0-6m,1,No,0,1,3,54.3,195.3,5.474999999999994,1
3719-TDVQB,3,4,3,54,49-60m,1,No,1,0,1,18.95,1031.1,-0.14444444444444215,0
6328-ZPBGN,1,1,2,11,7-12m,1,Yes,1,2,5,95.15,997.65,4.4545454545454675,1
0201-MIBOL,3,1,2,66,61m+,1,Yes,1,3,6,102.4,6471.85,4.341666666666669,0
4937-QPZPO,2,3,2,61,61m+,1,Yes,1,3,6,99.9,6241.35,-2.417213114754105,0
2925-VDZHY,3,2,1,72,61m+,1,Yes,0,6,9,88.7,6501.35,-1.59652777777778,0
6981-TDRFT,2,3,1,44,25-48m,0,No phone service,1,4,5,54.3,2317.1,1.6386363636363654,0
3413-CSSTH,1,1,1,41,25-48m,1,Yes,1,1,4,55.7,2237.55,1.1256097560975604,0
8033-VCZGH,2,3,2,50,49-60m,1,Yes,1,4,7,103.95,5231.3,-0.6760000000000019,0
4789-KWMXN,2,2,2,47,25-48m,1,Yes,1,5,8,110.85,5275.8,-1.4010638297872475,1
0224-NIJLP,3,4,3,8,7-12m,1,No,0,0,1,20.15,165.5,-0.5375000000000014,0
7542-CYDDM,1,4,3,18,13-24m,1,No,0,0,1,20.05,358.5,0.13333333333333286,0
4718-WXBGI,3,2,1,72,61m+,1,Yes,1,6,9,91.95,6614.9,0.07638888888889994,0
2867-UIMSS,1,3,2,1,0-6m,1,No,0,1,3,80.5,80.5,0.0,1
8495-PRWFH,1,3,1,42,25-48m,1,Yes,0,1,4,55.65,2421.75,-2.010714285714286,0
0439-IFYUN,1,3,2,18,13-24m,1,No,1,1,3,74.7,1294.6,2.7777777777777857,0
5716-LIBJC,2,2,2,13,13-24m,1,Yes,1,4,7,104.15,1299.1,4.2192307692307764,0
2868-LLSKM,2,1,2,68,61m+,1,Yes,1,2,5,83.65,5733.4,-0.6647058823529335,0
8111-RKSPX,1,1,2,4,0-6m,1,Yes,1,0,3,72.2,305.55,-4.1875,1
2988-QRAJY,3,2,2,69,61m+,1,Yes,1,5,8,110.05,7430.75,2.3579710144927475,0
1585-MQSSU,1,4,1,17,13-24m,1,No,0,1,3,51.5,900.5,-1.470588235294116,1
0071-NDAFP,3,2,3,25,25-48m,1,Yes,0,0,2,25.5,630.6,0.2759999999999998,0
2856-NNASM,1,4,2,43,25-48m,1,No,1,2,4,89.55,3856.75,-0.14186046511628092,1
7328-ZJAJO,3,2,3,59,49-60m,1,No,0,0,1,19.5,1222.65,-1.2228813559322056,0
6458-CYIDZ,1,3,2,5,0-6m,1,No,0,2,4,80.7,374.8,5.739999999999995,0
8559-CIZFV,2,4,1,21,13-24m,1,Yes,0,4,7,77.5,1625.0,0.1190476190476204,1
1090-PYKCI,2,2,2,69,61m+,1,Yes,1,5,8,105.1,7234.8,0.24782608695650765,0
3058-WQDRE,1,1,1,13,13-24m,0,No phone service,1,0,1,25.15,331.85,-0.3769230769230809,0
7547-EKNFS,1,1,2,42,25-48m,1,Yes,1,3,6,95.25,3959.35,0.9797619047619008,1
2279-AXJJK,1,2,2,52,49-60m,1,Yes,1,3,6,95.65,5088.4,-2.2038461538461434,0
6769-DYBQN,1,3,2,46,25-48m,1,No,0,2,4,85.0,3969.4,-1.2913043478260846,1
0909-SELIE,3,1,1,61,61m+,1,Yes,1,5,8,80.8,4860.85,1.1139344262295054,0
3417-TSCIC,2,4,1,29,25-48m,0,No phone service,1,0,1,24.85,788.05,-2.3241379310344783,0
1042-HFUCW,2,2,1,25,25-48m,1,No,1,2,4,54.75,1266.35,4.096000000000004,0
4439-JMPMT,1,3,2,5,0-6m,1,No,1,2,4,85.75,470.95,-8.439999999999998,1
6537-OTKMY,2,3,1,15,13-24m,0,No phone service,0,3,4,50.75,688.2,4.869999999999997,0
8999-EXMNO,3,4,3,19,13-24m,1,No,0,0,1,20.15,387.7,-0.2552631578947384,0
6725-TPKJO,3,4,3,44,25-48m,1,No,0,0,1,20.05,845.25,0.8397727272727273,0
2446-BEGGB,1,3,2,6,0-6m,1,Yes,1,3,6,98.25,560.6,4.816666666666663,1
7162-WPHPM,3,2,1,58,49-60m,1,Yes,0,4,7,71.6,4230.25,-1.335344827586212,0
1599-MMYRQ,2,2,2,62,61m+,1,No,1,2,4,81.45,4983.05,1.0782258064516128,0
8821-KVZKQ,2,1,1,70,61m+,0,No phone service,1,5,6,58.4,4113.15,-0.3592857142857113,0
1496-GGSUK,1,4,1,1,0-6m,0,No phone service,1,0,1,25.7,25.7,0.0,1
6434-TTGJP,3,2,1,10,7-12m,0,No phone service,0,5,6,53.7,521.0,1.6000000000000014,0
0042-JVWOJ,2,1,3,26,25-48m,1,No,1,0,1,19.6,471.85,1.4519230769230766,0
0130-SXOUN,1,2,2,66,61m+,1,Yes,0,2,5,89.4,5976.9,-1.1590909090908923,0
2575-GFSOE,1,3,2,7,7-12m,1,No,1,0,2,69.0,506.9,-3.414285714285711,1
2330-PQGDQ,2,1,2,51,49-60m,1,Yes,0,2,5,84.2,4299.75,-0.10882352941176521,0
1452-UZOSF,3,2,2,72,61m+,1,Yes,1,5,8,106.1,7548.6,1.2583333333333258,0
2097-YVPKN,3,4,3,65,61m+,1,Yes,0,0,2,25.75,1654.75,0.29230769230769127,0
2842-JTCCU,1,1,1,2,0-6m,1,No,0,0,2,46.05,80.35,5.875,1
8597-CTXVJ,2,1,1,70,61m+,1,Yes,0,3,6,64.95,4551.5,-0.0714285714285694,0
6631-HMANX,3,2,1,72,61m+,1,Yes,1,5,8,85.45,6227.5,-1.0430555555555543,0
9962-BFPDU,1,4,3,1,0-6m,1,No,0,0,1,20.05,20.05,0.0,0
3296-SILRA,1,4,2,1,0-6m,1,No,1,1,3,76.4,76.4,0.0,1
9681-OXGVC,1,3,2,5,0-6m,1,Yes,1,3,6,100.5,514.0,-2.299999999999997,1
6394-HHHZM,1,4,3,3,0-6m,1,No,0,0,1,20.7,57.5,1.5333333333333314,0
5995-LFTLE,3,2,3,58,49-60m,1,Yes,1,0,2,25.3,1474.35,-0.11982758620689538,0
5180-UCIIQ,1,4,1,22,13-24m,0,No phone service,0,2,3,40.05,880.2,0.04090909090908923,1
1932-UEDCX,1,1,2,33,25-48m,1,Yes,1,3,6,100.6,3270.25,1.5015151515151501,0
7153-OANIO,1,3,2,1,0-6m,1,No,0,0,2,69.95,69.95,0.0,1
5188-HGMLP,1,1,2,54,49-60m,1,Yes,0,0,3,74.0,3919.15,1.4231481481481438,0
0665-XHDJU,3,3,2,72,61m+,1,Yes,1,3,6,99.4,7285.7,-1.7902777777777743,0
6521-YYTYI,1,3,2,1,0-6m,1,Yes,1,2,5,93.3,93.3,0.0,1
8878-HMWBV,1,3,1,3,0-6m,1,No,1,1,3,49.15,169.05,-7.200000000000003,1
8265-HKSOW,3,2,2,72,61m+,1,Yes,0,5,8,107.45,7658.3,1.0847222222222257,0
3544-FBCAS,3,2,1,72,61m+,1,Yes,1,5,8,83.6,5959.3,0.8319444444444315,0
5331-RGMTT,1,2,2,54,49-60m,1,Yes,1,3,6,99.05,5295.7,0.981481481481481,0
4759-PXTAN,2,3,1,59,49-60m,1,Yes,1,4,7,80.1,4693.2,0.5542372881355959,0
7054-DMVAS,3,1,1,54,49-60m,1,No,1,3,5,65.3,3512.9,0.24629629629629335,0
3428-MMGUB,3,3,2,60,49-60m,1,Yes,1,2,5,89.55,5231.2,2.3633333333333297,0
6549-BTYPG,3,2,1,60,49-60m,0,No phone service,0,5,6,60.8,3603.45,0.7424999999999997,0
7823-JSOAG,1,3,2,3,0-6m,1,Yes,0,0,3,74.5,217.45,2.0166666666666657,0
3705-RHRFR,3,1,2,69,61m+,1,Yes,0,3,6,99.15,6875.35,-0.4927536231884062,0
9374-YOLBJ,1,3,3,1,0-6m,1,No,0,0,1,19.25,19.25,0.0,0
9074-KGVOX,1,2,1,50,49-60m,0,No phone service,1,2,3,39.45,2021.35,-0.9769999999999968,0
6128-DAFVY,1,2,1,56,49-60m,0,No phone service,1,2,3,44.85,2564.95,-0.9526785714285637,0
9933-QRGTX,3,3,2,60,49-60m,1,No,1,4,6,97.2,5611.75,3.6708333333333343,0
4476-OSWTN,2,4,2,69,61m+,1,Yes,1,5,8,110.55,7610.1,0.25869565217389834,0
3751-KTZEL,1,4,1,1,0-6m,0,No phone service,0,1,2,35.05,35.05,0.0,1
1977-STDKI,1,3,2,1,0-6m,1,No,1,1,3,73.0,73.0,0.0,1
5066-GFJMM,1,4,3,3,0-6m,1,No,1,0,1,19.9,45.75,4.649999999999999,0
2661-GKBTK,3,1,1,60,49-60m,1,No,0,4,6,76.95,4543.95,1.2175000000000011,0
0458-HEUZG,3,4,1,13,13-24m,0,No phone service,0,2,3,35.4,450.4,0.7538461538461547,0
7268-WNTCP,3,1,3,62,61m+,1,No,0,0,1,20.45,1297.35,-0.47499999999999787,0
0824-VWDPO,2,1,2,45,25-48m,1,Yes,0,3,6,96.75,4442.75,-1.9777777777777743,0
8409-WQJUX,2,3,1,25,25-48m,0,No phone service,0,4,5,54.2,1423.15,-2.725999999999999,0
2578-JQPHZ,3,1,2,44,25-48m,1,No,0,4,6,100.1,4378.35,0.5920454545454419,0
3278-FSIXX,1,4,1,2,0-6m,1,No,1,0,2,45.25,74.2,8.149999999999999,0
5813-UECBU,1,2,2,33,25-48m,1,Yes,1,2,5,83.85,2716.3,1.5378787878787818,1
0328-GRPMV,1,3,2,1,0-6m,1,No,1,0,2,70.1,70.1,0.0,1
9746-UGFAC,2,1,3,22,13-24m,1,No,0,0,1,20.85,450.65,0.36590909090909207,0
2946-KIQSP,1,4,1,35,25-48m,0,No phone service,1,2,3,33.45,1175.85,-0.14571428571427703,0
0625-AFOHS,3,4,3,29,25-48m,1,No,0,0,1,20.2,558.8,0.9310344827586228,0
6726-WEXXK,2,3,2,27,25-48m,1,Yes,1,2,5,85.9,2220.1,3.6740740740740847,0
4636-OLWOE,2,3,1,54,49-60m,1,No,1,3,5,61.0,3283.05,0.20277777777777573,0
4342-HENTK,1,3,2,2,0-6m,1,No,1,0,2,70.65,142.35,-0.5249999999999915,1
4685-ERGHK,2,3,2,57,49-60m,1,Yes,1,1,4,86.9,4939.25,0.24649122807018387,0
0885-HMGPY,3,1,1,62,61m+,1,Yes,0,4,7,69.4,4237.5,1.0532258064516213,0
5003-OKNNK,2,2,3,15,13-24m,1,No,0,0,1,20.35,335.95,-2.0466666666666633,0
4195-SMMNX,1,4,3,2,0-6m,1,No,0,0,1,20.35,33.2,3.75,1
7208-PSIHR,3,1,2,70,61m+,1,Yes,1,4,7,104.3,7188.5,1.6071428571428612,0
4012-ZTHBR,1,3,1,21,13-24m,1,No,1,0,2,44.95,926.25,0.8428571428571487,0
0489-WMEMG,2,3,1,23,13-24m,1,No,1,1,3,49.45,1119.35,0.7826086956521792,0
7435-ZNUYY,2,4,3,6,0-6m,1,No,0,0,1,20.6,116.6,1.1666666666666679,0
1354-YZFNB,3,2,3,4,0-6m,1,No,0,0,1,19.55,68.8,2.3500000000000014,0
6956-SMUCM,1,2,2,3,0-6m,1,No,1,4,6,99.0,287.4,3.200000000000003,1
2985-FMWYF,1,3,2,23,13-24m,1,Yes,1,2,5,93.5,2341.55,-8.306521739130446,0
2812-ENYMO,2,2,1,26,25-48m,0,No phone service,0,4,5,54.55,1362.85,2.1326923076923094,0
2717-HVIZY,1,4,3,8,7-12m,1,No,0,0,1,20.05,163.6,-0.3999999999999986,0
3223-WZWJM,1,3,2,26,25-48m,1,Yes,1,1,4,83.95,2254.2,-2.749999999999986,1
3422-GALYP,1,3,2,2,0-6m,1,Yes,1,1,4,79.45,145.15,6.875,0
9053-JZFKV,3,2,2,67,61m+,1,Yes,0,6,9,116.2,7752.3,0.4940298507462728,1
2530-ENDWQ,3,1,2,71,61m+,1,Yes,1,2,5,93.7,6585.35,0.9485915492957702,1
2890-WFBHU,2,2,1,59,49-60m,1,Yes,0,5,8,79.85,4786.1,-1.2703389830508627,0
0327-WFZSY,2,3,2,39,25-48m,1,Yes,0,3,6,100.0,3835.55,1.6525641025640994,0
7977-HXJKU,3,4,3,21,13-24m,1,No,0,0,1,19.6,397.0,0.6952380952380963,0
6615-ZGEDR,1,4,3,1,0-6m,1,No,0,0,1,19.7,19.7,0.0,1
7033-CLAMM,3,1,3,48,25-48m,1,No,0,0,1,20.2,1027.25,-1.2010416666666686,0
4023-RTIQM,2,2,1,31,25-48m,0,No phone service,1,4,5,50.4,1580.1,-0.5709677419354833,0
0864-FVJNJ,2,3,2,64,61m+,1,Yes,0,6,9,113.35,7222.75,0.4945312499999943,0
7356-IWLFW,1,1,2,46,25-48m,1,Yes,1,1,4,80.0,3769.7,-1.9500000000000028,0
9541-PWTWO,3,1,1,52,49-60m,1,Yes,1,4,7,80.95,4233.95,-0.4721153846153783,0
3967-VQOGC,3,4,3,67,61m+,1,Yes,1,0,2,24.9,1680.25,-0.17835820895522403,0
7872-RDDLZ,1,3,1,67,61m+,1,Yes,0,1,4,54.9,3725.5,-0.7044776119402982,0
9250-WYPLL,1,3,2,5,0-6m,1,Yes,0,0,3,75.55,413.65,-7.179999999999993,1
6308-CQRBU,3,3,2,71,61m+,1,Yes,0,5,8,109.25,7707.7,0.6908450704225402,0
2754-XBHTB,1,1,2,9,7-12m,1,No,1,1,3,77.65,714.15,-1.6999999999999886,1
1597-LHYNC,1,3,2,26,25-48m,1,Yes,1,3,6,95.0,2497.2,-1.0461538461538424,1
0186-CAERR,2,1,2,71,61m+,1,Yes,1,6,9,116.3,8309.55,-0.7359154929577443,0
3043-SUDUA,1,1,3,32,25-48m,1,No,0,0,1,19.9,601.55,1.1015625,0
5442-BHQNG,1,3,2,2,0-6m,1,No,0,0,2,70.35,139.25,0.7249999999999943,0
2169-RRLFW,3,2,3,71,61m+,1,Yes,0,0,2,25.6,1888.25,-0.9950704225352105,0
5872-OEQNH,2,3,1,60,49-60m,0,No phone service,1,3,4,44.45,2773.9,-1.7816666666666663,0
3162-KKZXO,2,3,2,55,49-60m,1,Yes,1,3,6,100.15,5409.75,1.7909090909090963,0
7055-VKGDA,2,2,2,54,49-60m,1,No,1,5,7,105.4,5643.4,0.8925925925926066,1
0754-UKWQP,1,3,2,2,0-6m,1,No,1,3,5,95.85,197.7,-3.0,1
8873-GLDMH,1,4,2,6,0-6m,1,Yes,1,0,3,73.85,401.3,6.966666666666654,0
5696-JVVQY,3,2,1,48,25-48m,1,No,1,4,6,70.1,3238.4,2.6333333333333258,0
8946-BFWSG,3,4,3,63,61m+,1,Yes,0,0,2,25.25,1573.05,0.28095238095238173,0
7493-TPUWZ,1,3,2,1,0-6m,1,Yes,1,1,4,79.15,79.15,0.0,1
0547-HURJB,1,2,3,12,7-12m,1,No,0,0,1,21.05,235.8,1.3999999999999986,0
8904-OPDCK,1,1,1,54,49-60m,0,No phone service,1,0,1,24.95,1364.75,-0.3231481481481495,0
8845-LWKGE,2,3,1,30,25-48m,1,No,1,3,5,64.5,1985.15,-1.6716666666666669,0
1577-HKTFG,1,1,3,30,25-48m,1,No,0,0,1,19.65,655.85,-2.2116666666666696,1
8752-STIVR,1,3,2,4,0-6m,1,No,1,1,3,79.0,303.15,3.2125000000000057,1
0691-NIKRI,2,2,2,40,25-48m,1,Yes,1,4,7,105.95,4335.2,-2.4299999999999926,0
5022-JNQEQ,1,3,2,9,7-12m,1,No,1,1,3,75.85,647.5,3.9055555555555515,0
4558-FANTW,1,3,2,17,13-24m,1,No,0,3,5,91.85,1574.45,-0.7647058823529562,1
3249-VHRIP,3,2,1,62,61m+,0,No phone service,1,3,4,43.6,2748.7,-0.7338709677419288,0
3736-BLEPA,2,1,2,28,25-48m,1,No,1,3,5,91.25,2483.65,2.5482142857142804,0
4701-LKOZD,3,2,1,70,61m+,1,Yes,0,6,9,89.75,6367.2,-1.2099999999999937,0
6603-QWSPR,3,1,2,46,25-48m,1,No,1,5,7,104.4,4904.2,-2.2130434782608575,0
9921-QFQUL,1,4,2,23,13-24m,1,Yes,0,2,5,90.15,2044.95,1.2391304347826093,0
1929-ZCBHE,2,3,1,47,25-48m,0,No phone service,0,3,4,40.3,1794.8,2.112765957446804,0
4378-MYPGO,3,1,2,68,61m+,1,No,1,5,7,105.25,7173.15,-0.23749999999999716,0
8651-ENBZX,2,3,2,60,49-60m,1,Yes,1,4,7,106.0,6441.4,-1.356666666666655,1
4129-LYCOI,3,3,2,67,61m+,1,Yes,1,4,7,104.0,7039.05,-1.0604477611940268,0
7798-JVXYM,1,3,1,14,13-24m,1,No,1,3,5,69.65,921.4,3.835714285714289,0
8647-SDTWQ,1,3,2,57,49-60m,1,Yes,1,0,3,74.3,4018.35,3.80263157894737,0
2696-ECXKC,2,4,2,55,49-60m,1,Yes,0,3,6,100.9,5448.6,1.8345454545454487,0
2081-KJSQF,1,4,3,1,0-6m,1,No,1,0,1,20.25,20.25,0.0,0
7623-TRNQN,1,4,1,1,0-6m,1,No,1,1,3,49.9,49.9,0.0,1
3323-CPBWR,1,2,2,23,13-24m,1,Yes,1,3,6,96.9,2085.45,6.228260869565233,0
9330-IJWIO,1,3,2,13,13-24m,1,Yes,1,3,6,100.35,1358.85,-4.1769230769230745,1
3384-CTMSF,1,3,2,47,25-48m,1,Yes,1,4,7,104.1,5135.15,-5.158510638297869,0
0902-RFHOF,2,4,3,38,25-48m,1,No,0,0,1,20.1,730.1,0.8868421052631597,0
9286-DOJGF,1,1,2,38,25-48m,1,Yes,1,0,3,74.95,2869.85,-0.5723684210526301,1
6048-QBXKL,1,2,1,2,0-6m,1,Yes,1,1,4,56.55,118.25,-2.575000000000003,0
9661-MHUMO,1,2,1,1,0-6m,1,No,1,1,3,49.25,49.25,0.0,1
7718-RXDGG,1,1,2,15,13-24m,1,No,1,0,2,68.6,1108.6,-5.306666666666672,0
1025-FALIX,1,2,2,26,25-48m,1,No,1,0,2,69.05,1815.65,-0.7826923076923151,0
3451-VAWLI,3,2,3,35,25-48m,1,No,0,0,1,19.7,730.4,-1.168571428571429,0
3407-QGWLG,1,4,3,3,0-6m,1,No,1,0,1,20.05,75.45,-5.100000000000001,0
1842-EZJMK,1,3,2,50,49-60m,1,Yes,0,4,7,103.7,5071.05,2.2789999999999964,1
2347-WKKAE,1,3,2,42,25-48m,1,Yes,1,3,6,94.4,4014.6,-1.1857142857142833,0
8735-DCXNF,1,2,1,10,7-12m,1,No,1,2,4,54.95,568.85,-1.9350000000000023,0
3214-IYUUQ,2,1,2,61,61m+,1,No,0,4,6,93.7,5860.7,-2.377049180327859,0
1936-UAFEH,3,2,2,68,61m+,1,Yes,0,5,8,110.25,7279.35,3.200735294117635,0
3587-PMCOY,2,3,2,10,7-12m,1,No,1,4,6,98.9,1064.95,-7.594999999999999,0
8079-XRJRS,2,3,2,65,61m+,1,Yes,0,3,6,89.75,5769.6,0.9869230769230768,1
1027-LKKQQ,3,1,1,72,61m+,1,No,1,5,7,80.45,5886.85,-1.3118055555555515,0
7148-XZPHA,1,3,2,55,49-60m,1,No,0,2,4,79.4,4238.45,2.337272727272733,0
8073-IJDCM,1,4,3,1,0-6m,1,No,1,0,1,20.3,20.3,0.0,1
5309-TAIKL,1,1,1,7,7-12m,1,No,0,3,5,62.8,418.3,3.0428571428571374,0
6856-RAURS,1,4,2,2,0-6m,1,Yes,1,0,3,74.9,136.05,6.875,0
8778-LMWTJ,1,3,2,9,7-12m,1,No,1,1,3,74.85,708.2,-3.838888888888903,0
9717-IOAAF,3,2,3,27,25-48m,1,Yes,1,0,2,25.85,788.55,-3.3555555555555507,0
8884-ADFVN,1,3,2,7,7-12m,1,Yes,1,3,6,101.95,700.85,1.828571428571422,1
2845-KDHVX,3,4,1,64,61m+,1,No,1,4,6,68.3,4378.8,-0.11875000000000568,0
0848-SOMKO,3,1,1,70,61m+,0,No phone service,0,4,5,48.4,3442.8,-0.7828571428571465,0
2720-WGKHP,1,3,2,2,0-6m,1,Yes,1,2,5,94.0,181.7,3.1500000000000057,1
6734-FQAJX,3,3,2,67,61m+,1,No,1,5,7,105.05,7171.7,-1.9902985074626827,0
2869-ADAWR,1,2,2,45,25-48m,1,Yes,1,2,5,89.3,4016.85,0.03666666666666174,1
1535-VTJOQ,3,2,3,24,13-24m,1,Yes,0,0,2,25.15,553.0,2.1083333333333307,0
6368-TZZDT,3,2,3,4,0-6m,1,No,0,0,1,19.5,96.85,-4.712499999999999,0
0943-ZQPXH,1,1,2,44,25-48m,1,No,1,3,5,92.95,4122.9,-0.752272727272711,0
1293-BSEUN,3,4,3,72,61m+,1,No,1,0,1,20.7,1482.3,0.11250000000000071,0
9894-EZEWG,1,2,2,1,0-6m,1,No,1,1,3,74.3,74.3,0.0,1
1302-TPUBN,3,1,3,66,61m+,1,No,0,0,1,19.35,1240.8,0.5500000000000007,0
7851-FLGGQ,1,4,1,1,0-6m,0,No phone service,1,3,4,44.65,44.65,0.0,1
0637-UBJRP,1,3,2,13,13-24m,1,No,0,2,4,84.05,1095.3,-0.20384615384615756,1
0940-OUQEC,1,1,2,10,7-12m,1,Yes,1,1,4,80.7,788.8,1.8200000000000074,1
2378-VTKDH,1,3,2,65,61m+,1,Yes,1,4,7,104.35,6578.55,3.1415384615384596,0
0927-CNGRH,1,4,3,1,0-6m,1,No,0,0,1,19.55,19.55,0.0,0
8608-OZTLB,2,3,1,38,25-48m,1,No,0,5,7,74.05,2802.3,0.30526315789472847,0
2335-GSODA,3,4,1,23,13-24m,0,No phone service,0,3,4,40.1,857.75,2.8065217391304387,0
1952-DVVSW,2,4,3,10,7-12m,1,No,0,0,1,20.1,184.4,1.6600000000000001,0
0702-PGIBZ,1,3,2,4,0-6m,1,Yes,1,3,6,101.7,364.55,10.5625,1
6656-GULJQ,3,2,1,72,61m+,1,Yes,1,5,8,83.55,6093.3,-1.0791666666666657,0
9853-JFZDU,1,3,1,35,25-48m,1,No,0,2,4,56.85,1861.1,3.6757142857142924,0
1963-VAUKV,1,4,3,1,0-6m,1,No,0,0,1,20.4,20.4,0.0,1
3777-XROBG,3,2,3,58,49-60m,1,No,0,0,1,19.55,1079.65,0.9353448275862064,0
6994-FGRHH,2,3,2,70,61m+,1,No,1,5,7,106.15,7475.1,-0.6371428571428623,0
4000-VGMQP,2,2,1,38,25-48m,1,Yes,0,4,7,78.95,2862.55,3.6197368421052545,0
3999-WRNGR,1,3,1,60,49-60m,0,No phone service,1,3,4,49.75,3069.45,-1.4074999999999989,0
3466-RITXD,1,2,2,26,25-48m,1,Yes,1,3,6,92.4,2349.8,2.0230769230769283,0
2680-XKKNJ,2,1,1,8,7-12m,1,No,0,3,5,58.2,469.25,-0.45624999999999716,0
3058-HJCUY,2,3,2,41,25-48m,1,Yes,1,4,7,102.6,4213.35,-0.1646341463414842,1
2974-GGUXS,1,2,2,36,25-48m,1,Yes,1,2,5,91.95,3301.05,0.2541666666666629,0
7994-XIRTR,2,1,1,54,49-60m,1,No,0,3,5,65.25,3529.95,-0.11944444444444002,0
3259-FDWOY,3,1,2,71,61m+,1,Yes,1,4,7,106.0,7723.7,-2.784507042253523,1
2101-RANCD,1,3,2,55,49-60m,1,Yes,1,0,3,73.1,4144.9,-2.2618181818181853,0
7921-BEPCI,3,1,1,72,61m+,1,Yes,0,2,5,59.75,4265.0,0.5138888888888857,0
0807-ZABDG,1,4,1,3,0-6m,1,No,1,2,4,55.1,154.65,3.549999999999997,1
8510-TMWYB,3,1,1,54,49-60m,1,Yes,1,2,5,59.8,3246.45,-0.31944444444444287,0
3258-ZKPAI,3,1,2,72,61m+,1,Yes,1,6,9,116.6,8337.45,0.8020833333333144,0
1428-IEDPR,3,3,2,52,49-60m,1,Yes,1,5,8,109.3,5731.4,-0.9192307692307651,0
5298-GSTLM,2,1,2,60,49-60m,1,Yes,1,3,6,101.4,6176.6,-1.5433333333333366,0
4450-YOOHP,1,2,1,39,25-48m,0,No phone service,1,3,4,50.65,1905.4,1.7935897435897417,0
6728-CZFEI,2,4,1,15,13-24m,1,No,0,1,3,56.15,931.9,-5.976666666666667,0
5748-RNCJT,3,1,2,69,61m+,1,Yes,1,4,7,106.5,7348.8,-0.004347826086956275,1
3653-NCRDJ,2,4,3,43,25-48m,1,No,1,0,1,19.2,776.25,1.1476744186046517,0
6121-TNHBO,2,1,1,63,61m+,1,Yes,0,5,8,83.0,5243.05,-0.223015873015882,0
5119-NZPTV,1,3,2,2,0-6m,1,No,0,0,2,70.1,141.65,-0.7250000000000085,0
6519-ZHPXP,3,1,2,72,61m+,1,No,1,6,8,108.3,7679.65,1.6381944444444514,0
7739-LAXOG,1,1,2,32,25-48m,1,Yes,1,2,5,91.05,2954.5,-1.2781250000000028,1
3472-QPRCH,3,2,3,40,25-48m,1,Yes,0,0,2,25.25,1006.9,0.07750000000000057,0
8224-UAXBZ,2,3,1,58,49-60m,0,No phone service,1,3,4,45.35,2540.1,1.5551724137931089,0
9610-WCESF,3,3,1,67,61m+,0,No phone service,0,3,4,43.9,3097.2,-2.326865671641791,0
9776-CLUJA,1,3,2,51,49-60m,1,Yes,1,1,4,77.5,3807.35,2.846078431372547,1
2486-WYVVE,2,4,1,31,25-48m,1,Yes,1,4,7,79.3,2484.0,-0.8290322580645153,0
3865-ZYKAD,1,2,2,69,61m+,1,Yes,1,2,5,84.9,5785.65,1.0500000000000114,0
1422-DGUBX,2,3,2,32,25-48m,1,Yes,1,1,4,79.25,2619.15,-2.598437500000003,0
2999-AANRQ,3,2,1,21,13-24m,1,No,0,4,6,71.05,1524.85,-1.5619047619047564,0
8668-KNZTI,2,3,1,52,49-60m,1,No,0,2,4,53.75,2790.65,0.08365384615384386,0
0480-KYJVA,3,2,3,72,61m+,1,Yes,0,0,2,24.25,1784.5,-0.5347222222222214,0
6034-ZRYCV,3,3,1,72,61m+,0,No phone service,1,4,5,54.2,3937.45,-0.4868055555555486,1
9746-YKGXB,2,1,1,52,49-60m,0,No phone service,0,3,4,44.25,2276.1,0.47884615384615614,0
3926-YZVVX,2,1,1,41,25-48m,1,No,0,1,3,50.05,2029.05,0.560975609756099,0
6000-UKLWI,3,4,3,41,25-48m,1,No,0,0,1,20.15,802.35,0.5804878048780466,0
2079-FBMZK,1,4,2,6,0-6m,1,No,1,0,2,69.25,418.4,-0.4833333333333343,1
6332-FBZRI,2,2,1,67,61m+,1,Yes,1,4,7,69.35,4653.25,-0.10149253731343322,0
2096-XOTMO,1,4,3,16,13-24m,1,No,0,0,1,19.35,275.9,2.106250000000003,0
3266-FTKHB,3,4,3,17,13-24m,1,No,0,0,1,19.15,343.45,-1.0529411764705898,0
8221-EQDGL,1,4,1,35,25-48m,1,No,0,3,5,61.0,2130.45,0.13000000000000256,0
2346-LOCWC,3,2,3,58,49-60m,1,No,0,0,1,20.5,1191.4,-0.04137931034482989,0
6608-QQLVK,1,3,1,1,0-6m,1,No,1,1,3,50.5,50.5,0.0,1
0298-XACET,3,4,1,52,49-60m,0,No phone service,0,4,5,50.2,2554.0,1.0846153846153896,0
7560-QJAVJ,3,1,1,70,61m+,1,No,0,5,7,79.6,5589.45,-0.249285714285719,0
2995-YWTCD,3,1,3,19,13-24m,1,Yes,1,0,2,24.9,467.7,0.284210526315789,0
3551-HUAZH,1,3,2,1,0-6m,1,Yes,1,0,3,74.4,74.4,0.0,1
9137-UIYPG,1,3,2,35,25-48m,1,No,1,5,7,106.9,3756.45,-0.42714285714284017,0
2809-ZMYOQ,1,3,2,32,25-48m,1,Yes,1,3,6,101.35,3334.9,-2.8656250000000085,0
5084-OOVCJ,1,2,1,17,13-24m,1,No,1,2,4,55.35,920.5,1.2029411764705884,0
0254-WWRKD,2,2,1,67,61m+,1,No,0,1,3,50.55,3431.75,-0.6701492537313456,0
7727-SHVZV,1,1,3,9,7-12m,1,No,0,0,1,19.5,150.35,2.7944444444444443,0
6302-JGYRJ,2,4,1,31,25-48m,1,Yes,1,4,7,79.45,2587.7,-4.024193548387089,1
5339-PXDVH,1,3,2,4,0-6m,1,Yes,0,2,5,90.65,367.95,-1.3374999999999915,0
2205-LPVGL,2,1,2,58,49-60m,1,Yes,1,3,6,89.85,5125.75,1.4749999999999943,0
8782-NUUOL,2,4,1,60,49-60m,1,No,0,5,7,79.0,4801.1,-1.018333333333345,0
3685-YLCMQ,2,3,2,58,49-60m,1,Yes,1,4,7,104.65,6219.6,-2.5844827586206947,1
7601-WFVZV,1,4,3,1,0-6m,1,No,0,0,1,19.55,19.55,0.0,0
4609-KNNWG,3,4,3,27,25-48m,1,No,0,0,1,19.9,550.1,-0.47407407407407476,0
4868-AADLV,2,3,2,66,61m+,1,Yes,1,6,9,116.25,7862.25,-2.875,0
9529-OFXHY,1,1,2,15,13-24m,1,Yes,1,2,5,87.75,1242.2,4.936666666666667,0
8634-MPHTR,1,3,2,47,25-48m,1,Yes,1,3,6,100.05,4871.05,-3.589361702127661,1
2669-QVCRG,1,2,2,41,25-48m,1,Yes,1,1,4,81.3,3190.65,3.4792682926829173,0
2478-EEWWM,1,3,1,59,49-60m,0,No phone service,1,2,3,44.3,2666.75,-0.8991525423728817,0
9174-IHETN,3,2,2,50,49-60m,1,No,0,0,2,70.35,3533.6,-0.32200000000000273,0
2233-TXSIU,2,2,1,17,13-24m,0,No phone service,0,3,4,44.45,792.15,-2.147058823529406,0
9644-UMGQA,1,3,1,6,0-6m,1,No,1,1,3,49.15,295.65,-0.125,0
3256-EZDBI,1,2,1,51,49-60m,0,No phone service,1,1,2,29.45,1459.35,0.8352941176470594,0
8761-NSOBC,1,3,2,44,25-48m,1,No,0,4,6,100.55,4398.15,0.5920454545454561,1
0419-YAAPX,1,2,2,49,49-60m,1,No,1,2,4,85.3,4297.95,-2.4132653061224545,0
8413-VONUO,1,3,2,2,0-6m,1,No,0,3,5,95.65,167.3,12.0,1
0872-CASZJ,2,4,1,59,49-60m,1,Yes,1,3,6,69.1,4096.9,-0.3389830508474603,0
4726-DLWQN,1,1,1,50,49-60m,1,Yes,1,3,6,70.35,3454.6,1.2579999999999956,0
8164-OCKUJ,3,4,3,59,49-60m,1,No,0,0,1,20.6,1286.0,-1.1966101694915245,0
3094-JOJAI,1,4,2,18,13-24m,1,Yes,0,0,3,74.15,1387.0,-2.9055555555555515,0
9494-MRNYX,1,3,2,10,7-12m,1,Yes,0,0,3,75.05,786.3,-3.5799999999999983,0
2599-CZABP,2,3,1,14,13-24m,1,No,0,0,2,44.6,641.25,-1.2035714285714292,0
7945-PRBVF,3,1,3,35,25-48m,1,No,0,0,1,21.45,705.45,1.2942857142857136,0
4544-RXFMG,2,4,1,8,7-12m,1,No,1,0,2,43.45,345.5,0.26250000000000284,0
0859-YGKFW,2,1,3,18,13-24m,1,No,0,0,1,20.05,345.9,0.8333333333333357,0
1150-FTQGN,2,1,2,60,49-60m,1,Yes,0,3,6,94.15,5811.8,-2.713333333333324,0
9223-UCPVT,1,3,2,1,0-6m,1,No,0,3,5,94.4,94.4,0.0,1
7196-LIWRH,3,4,3,6,0-6m,1,No,0,0,1,19.55,124.45,-1.1916666666666664,0
5448-VWNAM,1,4,1,19,13-24m,1,Yes,1,4,7,75.9,1375.6,3.500000000000014,0
1177-XZBJL,2,1,1,53,49-60m,1,Yes,0,3,6,64.15,3491.55,-1.7283018867924511,0
3518-FSTWG,3,1,2,72,61m+,1,Yes,1,5,8,109.55,7920.7,-0.4597222222222257,0
9330-VOFSZ,3,2,2,60,49-60m,1,Yes,1,5,8,110.8,6640.7,0.1216666666666697,0
4351-QLCSU,1,2,1,1,0-6m,1,No,1,1,3,55.0,55.0,0.0,1
0939-EREMR,1,4,1,13,13-24m,1,No,0,2,4,53.45,718.1,-1.78846153846154,0
9389-ACWBI,1,2,2,5,0-6m,1,No,0,0,2,69.95,320.4,5.8700000000000045,0
5419-JPRRN,1,3,2,1,0-6m,1,Yes,1,3,6,101.45,101.45,0.0,1
3644-QXEHN,1,3,2,13,13-24m,1,No,0,3,5,97.0,1334.45,-5.650000000000006,0
2911-IJORQ,2,1,1,37,25-48m,1,Yes,1,6,9,90.6,3358.65,-0.17432432432433131,0
5921-NGYRH,1,4,2,64,61m+,1,No,1,1,3,73.55,4764.0,-0.8875000000000028,0
2100-BDNSN,1,1,1,5,0-6m,1,Yes,0,3,6,67.95,350.3,-2.1099999999999994,1
5998-DZLYR,3,1,2,61,61m+,1,Yes,1,3,6,94.35,5703.0,0.8581967213114723,0
0488-GSLFR,1,3,2,1,0-6m,1,No,1,0,2,69.5,69.5,0.0,1
9318-NKNFC,1,4,3,1,0-6m,1,No,1,0,1,18.85,18.85,0.0,1
3985-HOYPM,2,4,3,26,25-48m,1,No,0,0,1,19.4,525.55,-0.8134615384615387,0
9728-FTTVZ,1,3,2,1,0-6m,1,No,1,0,2,69.2,69.2,0.0,1
9548-LERKT,3,4,3,24,13-24m,1,No,0,0,1,19.75,483.15,-0.38124999999999787,0
6576-FBXOJ,2,3,1,17,13-24m,0,No phone service,0,4,5,54.6,934.8,-0.3882352941176421,0
4310-KEDTB,1,4,1,26,25-48m,0,No phone service,1,1,2,29.8,786.5,-0.4499999999999993,0
7254-IQWOZ,1,3,2,1,0-6m,1,No,1,0,2,69.65,69.65,0.0,1
2474-BRUCM,1,3,2,40,25-48m,1,Yes,0,3,6,101.85,4086.3,-0.30750000000000455,1
4062-HBMOS,1,3,2,52,49-60m,1,Yes,1,4,7,103.05,5364.8,-0.11923076923078213,0
0742-NXBGR,1,3,2,1,0-6m,1,No,1,2,4,82.3,82.3,0.0,1
2676-ISHSF,1,4,3,1,0-6m,1,No,0,0,1,20.3,20.3,0.0,0
9236-NDUCW,3,4,1,21,13-24m,0,No phone service,0,2,3,35.1,770.4,-1.5857142857142819,0
4753-PADAS,2,1,2,67,61m+,1,Yes,1,4,7,105.7,6816.95,3.9544776119403053,0
6103-QCKFX,1,1,1,44,25-48m,1,No,0,2,4,56.25,2419.55,1.2602272727272705,0
7781-EWARA,2,3,1,70,61m+,0,No phone service,0,5,6,60.35,4138.7,1.2257142857142895,0
6110-OHIHY,1,3,2,3,0-6m,1,No,0,1,3,79.25,267.6,-9.950000000000003,1
7018-FPXHH,3,1,1,56,49-60m,1,No,1,3,5,59.8,3457.45,-1.940178571428568,0
5889-LFOLL,1,3,2,13,13-24m,1,Yes,1,1,4,84.6,1115.2,-1.1846153846153982,1
5708-EVONK,1,1,2,58,49-60m,1,Yes,1,3,6,93.4,5435.6,-0.3172413793103459,1
8708-XPXHZ,1,3,2,42,25-48m,1,Yes,1,2,5,94.2,4186.3,-5.473809523809521,1
0616-ATFGB,1,3,1,1,0-6m,0,No phone service,0,0,1,25.05,25.05,0.0,1
0572-ZJKLT,3,4,2,46,25-48m,1,Yes,0,4,7,99.65,4630.2,-1.0065217391304202,0
5135-RDDQL,3,1,1,63,61m+,1,No,1,1,3,50.65,3221.25,-0.480952380952381,0
1353-LJWEM,1,3,1,11,7-12m,1,No,1,3,5,60.9,688.5,-1.690909090909095,0
1794-SWWKL,1,1,1,15,13-24m,1,Yes,1,2,5,59.65,867.1,1.8433333333333337,0
6166-YIPFO,3,3,1,72,61m+,0,No phone service,1,6,7,64.7,4746.05,-1.2173611111111171,0
7016-BPGEU,1,2,1,29,25-48m,0,No phone service,1,0,1,25.1,712.85,0.5189655172413801,1
6876-ADESB,1,3,1,1,0-6m,1,No,0,1,3,48.95,48.95,0.0,1
9332-GYWLO,1,3,1,6,0-6m,1,No,0,1,3,54.85,355.1,-4.333333333333336,0
1963-SVUCV,1,3,1,1,0-6m,1,No,0,0,2,45.3,45.3,0.0,1
4184-VODJZ,2,3,2,63,61m+,1,Yes,1,2,5,91.35,5764.7,-0.1531746031746053,0
0220-EBGCE,1,3,2,2,0-6m,1,No,1,2,4,85.85,167.3,2.1999999999999886,1
1092-WPIVQ,3,4,3,18,13-24m,1,Yes,0,0,2,25.1,428.45,1.2972222222222243,0
7233-IOQNP,1,1,1,43,25-48m,0,No phone service,0,2,3,34.0,1505.35,-1.0081395348837177,0
2834-JKOOW,2,4,1,15,13-24m,0,No phone service,0,4,5,45.9,693.45,-0.3300000000000054,0
2754-VDLTR,1,3,2,10,7-12m,1,Yes,0,2,5,95.2,930.4,2.160000000000011,1
2400-FEQME,3,4,3,55,49-60m,1,No,0,0,1,20.5,1177.95,-0.9172727272727279,0
3190-XFANI,2,1,2,49,49-60m,1,Yes,1,3,6,100.6,5069.65,-2.8622448979591866,1
7551-DACSP,1,4,1,6,0-6m,1,No,1,2,4,55.3,324.25,1.2583333333333329,1
4957-SREEC,3,2,3,70,61m+,1,No,0,0,1,20.35,1458.1,-0.4799999999999969,0
7235-NXZCP,1,4,2,2,0-6m,1,Yes,1,0,3,74.85,156.4,-3.3500000000000085,1
0230-UBYPQ,2,1,1,63,61m+,0,No phone service,0,2,3,36.1,2298.9,-0.39047619047619264,0
4923-ADWXJ,1,1,1,25,25-48m,1,No,1,3,5,65.8,1679.65,-1.38600000000001,0
1763-KUAAW,2,1,3,18,13-24m,1,No,0,0,1,20.35,369.6,-0.18333333333333357,0
1104-TNLZA,1,3,2,28,25-48m,1,Yes,1,4,7,105.8,2998.0,-1.2714285714285722,0
5195-KPUNQ,2,4,2,53,49-60m,1,No,1,4,6,96.75,5206.55,-1.486792452830187,0
0520-FDVVT,2,1,2,35,25-48m,1,No,1,4,6,102.35,3626.1,-1.2528571428571524,1
3439-GVUSX,1,4,1,1,0-6m,0,No phone service,0,0,1,24.4,24.4,0.0,0
1444-VVSGW,2,2,2,70,61m+,1,Yes,0,6,9,115.65,7968.85,1.8092857142857213,1
5712-PTIWW,1,3,2,2,0-6m,1,No,1,2,4,79.85,152.45,3.625,1
5949-HGVJL,1,3,1,26,25-48m,1,No,1,4,6,73.05,1959.5,-2.315384615384616,0
5203-XEHAX,2,3,1,34,25-48m,1,No,0,3,5,64.35,2053.05,3.9661764705882234,0
1635-HDGFT,3,4,3,19,13-24m,1,No,0,0,1,20.5,398.55,-0.47631578947368425,0
3315-TOTBP,1,4,2,15,13-24m,1,Yes,1,0,3,76.0,1130.85,0.6099999999999994,1
8050-XGRVL,2,2,1,62,61m+,1,No,0,2,4,54.75,3425.35,-0.4975806451612854,0
6661-HBGWL,1,1,2,42,25-48m,1,Yes,1,4,7,104.75,4323.45,1.8107142857142833,1
1518-VOWAV,1,3,1,9,7-12m,1,No,1,4,6,74.65,703.55,-3.5222222222222115,1
9828-QHFBK,1,3,1,24,13-24m,1,No,1,1,3,51.15,1275.7,-2.00416666666667,0
3908-MKIMJ,3,3,1,68,61m+,0,No phone service,1,3,4,41.95,2965.75,-1.6639705882352942,0
5012-YSPJJ,1,4,1,31,25-48m,1,No,0,2,4,54.35,1647.0,1.2209677419354819,0
5909-ECHUI,1,3,1,1,0-6m,1,No,1,1,3,56.25,56.25,0.0,1
1309-BXVOQ,1,3,2,21,13-24m,1,Yes,1,4,7,106.1,2249.95,-1.0404761904761841,1
6728-VOIFY,2,3,2,63,61m+,1,No,1,3,5,96.0,6109.75,-0.9801587301587347,0
9317-WZPGV,1,1,2,2,0-6m,1,No,1,1,3,79.75,159.4,0.04999999999999716,1
4891-NLUBA,3,1,1,61,61m+,0,No phone service,1,5,6,61.45,3751.15,-0.044262295081964,0
2856-HYAPG,1,3,2,1,0-6m,1,No,0,0,2,68.65,68.65,0.0,1
8969-PRHFK,2,4,3,18,13-24m,1,No,0,0,1,19.65,411.25,-3.197222222222223,0
0661-KQHNK,2,2,3,6,0-6m,1,No,0,0,1,19.0,105.5,1.4166666666666679,0
8709-KRDVL,1,3,2,33,25-48m,1,Yes,1,3,6,100.0,3320.6,-0.6242424242424249,0
4488-PSYCG,1,1,3,16,13-24m,1,No,0,0,1,20.25,327.45,-0.2156249999999993,1
1427-VERSM,1,3,2,56,49-60m,1,No,1,4,6,98.7,5669.5,-2.5410714285714278,0
9801-NOSHQ,2,4,3,23,13-24m,1,No,0,0,1,19.8,465.45,-0.43695652173913047,0
6339-YPSAH,1,3,2,9,7-12m,1,No,1,1,3,73.8,704.3,-4.455555555555549,0
3621-CEOVK,1,3,2,14,13-24m,1,Yes,1,3,6,100.2,1369.8,2.357142857142861,1
6906-ANDWJ,1,1,2,15,13-24m,1,Yes,1,0,3,74.9,1107.25,1.0833333333333428,1
2159-TURXX,1,2,3,5,0-6m,1,No,0,0,1,20.05,95.55,0.9400000000000013,0
1548-FEHVL,1,3,2,61,61m+,1,Yes,1,4,7,106.2,6375.2,1.6885245901639365,0
3795-CAWEX,3,2,2,70,61m+,1,Yes,1,6,9,116.55,8152.3,0.08857142857142719,0
6215-NQCPY,1,3,2,15,13-24m,1,Yes,1,3,6,99.7,1566.75,-4.75,0
5647-URDKA,3,4,3,8,7-12m,1,No,0,0,1,19.7,130.25,3.4187499999999993,0
2229-DPMBI,3,4,3,8,7-12m,1,No,0,0,1,19.5,162.15,-0.7687500000000007,0
9626-WEQRM,1,4,1,4,0-6m,0,No phone service,1,1,2,29.15,110.05,1.6374999999999993,0
2188-SXWVT,2,4,1,34,25-48m,1,No,0,2,4,55.0,1885.15,-0.4455882352941174,0
6258-PVZWJ,3,2,1,68,61m+,1,Yes,1,6,9,90.8,6302.85,-1.8889705882352956,0
1094-BKOSX,2,1,1,45,25-48m,0,No phone service,0,4,5,51.0,2264.5,0.6777777777777771,0
6969-MVBAI,1,3,2,9,7-12m,1,Yes,1,2,5,90.1,816.8,-0.6555555555555515,0
2978-XXSOG,1,4,1,22,13-24m,1,Yes,1,2,5,59.05,1253.5,2.0727272727272705,0
2342-CKIAO,1,4,3,2,0-6m,1,No,0,0,1,20.3,41.2,-0.3000000000000007,0
6953-PBDIN,3,1,1,70,61m+,1,Yes,0,4,7,72.95,5265.55,-2.2721428571428532,0
3898-BSJYF,2,2,1,10,7-12m,1,Yes,0,4,7,73.55,693.3,4.219999999999999,0
3938-YFPXD,3,2,1,72,61m+,1,Yes,0,5,8,84.3,5997.1,1.0069444444444429,0
7696-AMHOD,2,2,1,49,49-60m,1,No,0,4,6,78.0,3824.2,-0.04489795918367179,0
2453-SAFNS,2,4,1,54,49-60m,1,Yes,0,3,6,72.1,3886.05,0.13611111111110574,0
9558-IHEZX,3,2,2,71,61m+,1,Yes,1,5,8,106.75,7283.25,4.16901408450704,0
9617-UDPEU,2,4,3,22,13-24m,1,No,1,0,1,19.25,412.55,0.49772727272727124,0
6340-DACFT,3,2,3,50,49-60m,1,No,0,0,1,20.55,1070.25,-0.8550000000000004,0
4955-VCWBI,2,4,3,43,25-48m,1,No,0,0,1,20.0,817.95,0.9779069767441833,0
6813-GZQCG,3,2,3,45,25-48m,1,Yes,1,0,2,24.65,1171.3,-1.3788888888888877,0
7426-GSWPO,1,1,2,64,61m+,1,Yes,1,4,7,103.5,6548.65,1.1773437500000057,0
3389-KTRXV,3,4,3,23,13-24m,1,Yes,0,0,2,23.85,625.65,-3.352173913043476,0
3118-UHVVQ,3,2,3,68,61m+,1,Yes,0,0,2,25.8,1911.5,-2.3102941176470573,0
1031-IIDEO,1,3,2,1,0-6m,1,No,1,0,2,70.85,70.85,0.0,1
5832-XKAES,1,2,2,2,0-6m,1,No,1,0,2,69.8,134.7,2.450000000000003,1
3205-MXZRA,2,2,1,26,25-48m,1,No,0,2,4,59.45,1507.0,1.488461538461543,0
4701-AHWMW,1,1,1,55,49-60m,0,No phone service,1,4,5,54.55,2978.3,0.3990909090909014,1
8317-BVKSO,1,3,3,14,13-24m,1,No,1,0,1,20.05,299.3,-1.3285714285714292,0
5702-KVQRD,3,3,1,71,61m+,1,No,1,5,7,82.55,5832.65,0.4000000000000057,0
0083-PIVIK,2,3,1,64,61m+,1,Yes,0,5,8,81.25,5567.55,-5.742968750000003,0
9210-IAHGH,1,2,1,7,7-12m,1,No,1,3,5,70.75,450.8,6.349999999999994,1
6169-PGNCD,3,2,1,57,49-60m,1,No,1,5,7,74.3,4166.35,1.2061403508771775,0
0023-XUOPT,1,3,2,13,13-24m,1,Yes,0,3,6,94.1,1215.6,0.5923076923076991,1
4592-IWTJI,1,2,1,3,0-6m,0,No phone service,0,1,2,29.7,91.7,-0.8666666666666671,1
4909-JOUPP,3,2,2,72,61m+,1,Yes,0,5,8,109.7,7898.45,-0.000694444444434339,0
4657-FWVFY,1,2,2,40,25-48m,1,Yes,1,3,6,96.35,3915.4,-1.5350000000000108,0
2257-BOVXD,1,2,1,14,13-24m,1,Yes,1,2,5,66.6,979.5,-3.364285714285714,0
7729-JTEEC,1,3,1,2,0-6m,1,No,1,0,2,44.5,90.05,-0.5249999999999986,0
7632-MNYOY,2,2,2,66,61m+,1,Yes,0,5,8,110.9,7432.05,-1.7068181818181785,1
6518-LGAOV,1,3,2,38,25-48m,1,Yes,1,4,7,105.0,4026.4,-0.9578947368421069,1
7242-QZLXF,1,3,1,1,0-6m,0,No phone service,1,0,1,25.3,25.3,0.0,1
4576-CSAJH,2,2,1,22,13-24m,1,No,1,2,4,55.15,1193.05,0.9204545454545467,1
1000-AJSLD,1,4,3,1,0-6m,1,No,1,0,1,20.1,20.1,0.0,1
9696-RMYBA,1,4,2,5,0-6m,1,No,1,1,3,80.1,398.55,0.38999999999998636,0
8690-UPCZI,2,1,1,29,25-48m,1,Yes,0,3,6,69.05,1958.45,1.5172413793103345,0
1062-LHZOD,1,4,2,1,0-6m,1,No,1,0,2,69.9,69.9,0.0,1
9770-LXDBK,1,4,3,3,0-6m,1,No,0,0,1,20.4,63.15,-0.6500000000000021,0
4086-WITJG,3,2,3,71,61m+,1,No,0,0,1,19.7,1301.1,1.3746478873239454,0
8344-WFMFH,1,3,1,9,7-12m,1,No,1,1,3,50.1,484.05,-3.68333333333333,0
9600-NAXZN,1,3,2,43,25-48m,1,Yes,1,3,6,101.4,4528.0,-3.9023255813953455,1
8822-KNBHV,2,2,1,48,25-48m,1,Yes,1,5,8,83.45,3887.85,2.453125,0
8404-FYDIB,1,2,2,26,25-48m,1,Yes,1,2,5,86.65,2208.75,1.6980769230769255,0
2791-SFVEW,1,1,3,9,7-12m,1,No,0,0,1,20.15,238.15,-6.311111111111114,0
6457-USBER,1,3,2,1,0-6m,1,No,1,1,3,80.8,80.8,0.0,1
6762-NSODU,3,2,3,46,25-48m,1,No,0,0,1,19.4,958.15,-1.429347826086957,0
4662-EKDPQ,1,1,1,2,0-6m,1,Yes,0,1,4,62.05,118.3,2.8999999999999986,1
9248-OJYKK,1,3,2,1,0-6m,1,Yes,1,0,3,76.45,76.45,0.0,1
9888-ZCUMM,3,1,1,64,61m+,0,No phone service,1,5,6,60.05,3845.45,-0.03515625,0
3398-FSHON,1,3,2,12,7-12m,1,Yes,1,2,5,91.3,1094.5,0.09166666666666856,1
3319-DWOEP,1,3,2,6,0-6m,1,No,1,3,5,95.75,573.75,0.125,1
1074-WVEVG,2,4,3,59,49-60m,1,No,0,0,1,20.35,1267.0,-1.124576271186438,0
9979-RGMZT,2,4,2,7,7-12m,1,No,1,3,5,94.05,633.45,3.55714285714285,0
6437-UDQJM,3,2,1,72,61m+,1,Yes,1,5,8,84.1,6129.65,-1.03402777777778,0
1226-IENZN,1,3,2,16,13-24m,1,No,1,1,3,78.75,1218.25,2.609375,0
2108-GLPQB,1,2,1,25,25-48m,1,Yes,0,1,4,55.55,1405.3,-0.661999999999999,0
9259-PACGQ,1,3,1,34,25-48m,1,Yes,0,3,6,62.65,2274.9,-4.258823529411764,1
4415-IJZTP,1,3,2,1,0-6m,1,Yes,1,0,3,74.5,74.5,0.0,1
1465-VINDH,1,2,2,10,7-12m,1,Yes,1,4,7,102.1,1068.85,-4.784999999999997,1
5474-LAMUQ,2,4,3,24,13-24m,1,No,0,0,1,20.1,533.9,-2.145833333333332,0
3468-DRVQJ,2,3,1,10,7-12m,1,Yes,0,3,6,70.3,676.15,2.6850000000000023,0
1122-YJBCS,2,2,1,69,61m+,1,No,1,2,4,53.65,3804.4,-1.4862318840579718,0
4990-ALDGW,3,4,3,57,49-60m,1,No,0,0,1,20.75,1118.8,1.1219298245614056,0
4816-OKWNX,2,1,2,50,49-60m,1,No,1,5,7,103.4,5236.4,-1.3279999999999887,0
3315-IKYZQ,2,4,1,28,25-48m,0,No phone service,0,4,5,50.8,1386.8,1.2714285714285722,0
2810-FTLEM,1,3,1,16,13-24m,1,No,1,1,3,50.15,762.25,2.5093749999999986,1
4747-LCAQL,1,4,1,25,25-48m,1,No,1,5,7,79.0,1902.0,2.9200000000000017,0
3411-WLRSQ,1,1,2,3,0-6m,1,No,1,1,3,74.6,239.05,-5.083333333333343,0
0898-XCGTF,2,1,2,61,61m+,1,Yes,1,2,5,96.5,5673.7,3.4885245901639337,0
8006-PYCSW,1,4,3,2,0-6m,1,No,0,0,1,20.1,39.8,0.20000000000000284,0
8249-THVEC,2,4,3,51,49-60m,1,No,0,0,1,19.4,997.75,-0.16372549019607874,0
8722-PRFDV,3,2,1,71,61m+,1,No,0,4,6,77.55,5574.35,-0.9619718309859167,0
2164-SOQXL,1,4,3,20,13-24m,1,No,0,0,1,20.05,406.05,-0.2525000000000013,0
4020-KIUDI,1,2,3,6,0-6m,1,No,0,0,1,19.85,138.85,-3.2916666666666643,0
5850-BDWCY,1,4,3,6,0-6m,1,No,0,0,1,20.2,123.65,-0.408333333333335,0
2038-YSEZE,1,4,1,29,25-48m,1,Yes,0,3,6,67.45,1801.1,5.343103448275869,0
0827-ITJPH,3,2,3,36,25-48m,1,No,1,0,1,18.55,689.0,-0.5888888888888886,0
8799-OXZMD,1,4,1,28,25-48m,0,No phone service,1,1,2,29.75,790.7,1.5107142857142826,0
1925-TIBLE,1,3,2,7,7-12m,1,Yes,1,1,4,86.5,582.5,3.285714285714292,1
1705-GUHPV,3,4,3,63,61m+,1,Yes,0,0,2,24.2,1618.2,-1.4857142857142875,0
4779-ZGICK,3,4,3,48,25-48m,1,Yes,0,0,2,23.55,1173.35,-0.8947916666666629,0
0048-PIHNL,2,1,3,49,49-60m,1,No,0,0,1,20.45,900.9,2.064285714285713,0
0818-OCPZO,1,3,2,27,25-48m,1,Yes,1,1,4,81.45,2122.05,2.8555555555555543,1
3967-KXAPS,3,2,1,72,61m+,1,Yes,0,6,9,92.3,6719.9,-1.0319444444444485,0
1447-GIQMR,1,3,2,1,0-6m,1,No,1,0,2,69.15,69.15,0.0,1
3704-IEAXF,3,2,1,72,61m+,0,No phone service,0,4,5,53.65,3784.0,1.0944444444444414,0
6810-VCAEX,2,2,1,47,25-48m,0,No phone service,0,3,4,39.65,1798.65,1.3808510638297804,0
0674-EYYZV,1,3,1,1,0-6m,1,No,1,1,3,54.65,54.65,0.0,0
4480-MBMLB,2,1,2,36,25-48m,1,Yes,1,4,7,104.8,3886.45,-3.1569444444444485,0
1395-OFUWC,1,2,1,43,25-48m,0,No phone service,0,1,2,29.3,1224.05,0.833720930232559,0
0822-QGCXA,1,3,1,27,25-48m,1,Yes,0,5,8,83.85,2310.2,-1.712962962962962,0
0872-NXJYS,1,3,2,9,7-12m,1,No,1,1,3,79.55,723.4,-0.8277777777777828,1
2832-KJCRD,1,3,2,38,25-48m,1,Yes,1,4,7,103.65,3988.5,-1.310526315789474,0
3588-WSTTJ,1,3,2,35,25-48m,1,Yes,1,3,6,99.05,3554.6,-2.510000000000005,0
4075-WKNIU,3,4,1,0,0-6m,1,Yes,0,4,7,73.35,0.0,0.0,0
5090-EMGTC,3,4,2,59,49-60m,1,No,1,4,6,100.05,6034.85,-2.2355932203389983,0
2346-CZYIL,3,2,3,27,25-48m,1,No,0,0,1,20.35,531.6,0.6611111111111114,0
3798-EPWRR,1,3,1,2,0-6m,1,No,0,0,2,43.95,85.1,1.4000000000000057,0
6258-NGCNG,1,4,3,7,7-12m,1,Yes,0,0,2,23.5,173.0,-1.2142857142857153,0
4186-ZBUEW,2,4,1,36,25-48m,1,Yes,1,3,6,70.7,2511.95,0.9236111111111143,0
5274-XHAKY,1,1,2,41,25-48m,1,Yes,1,3,6,94.3,3893.6,-0.6658536585365908,0
1442-BQPVU,1,3,1,13,13-24m,0,No phone service,0,1,2,29.15,357.15,1.676923076923078,0
3978-YNKDD,3,2,3,19,13-24m,1,No,0,0,1,20.85,467.5,-3.755263157894735,0
4940-KHCWD,3,1,1,60,49-60m,0,No phone service,0,3,4,37.7,2288.7,-0.4449999999999932,0
9412-ARGBX,3,4,2,48,25-48m,1,No,1,4,6,95.5,4627.85,-0.9135416666666742,1
1389-CXMLU,1,3,2,3,0-6m,1,Yes,0,2,5,91.05,289.1,-5.316666666666677,1
9589-ABEPT,3,4,2,69,61m+,1,Yes,1,3,6,92.45,6460.55,-1.181159420289859,0
9388-ZEYVT,2,3,1,43,25-48m,0,No phone service,0,3,4,44.15,1931.3,-0.7639534883720955,0
0305-SQECB,2,4,1,11,7-12m,0,No phone service,1,2,3,36.05,402.6,-0.5500000000000043,0
7605-SNLQG,1,2,1,45,25-48m,1,No,1,1,3,50.25,2221.55,0.882222222222218,0
4670-TABXH,3,2,2,72,61m+,1,Yes,1,5,8,109.75,7758.9,1.9875000000000114,0
5561-NWEVX,1,3,2,2,0-6m,1,Yes,0,1,4,79.2,172.85,-7.224999999999994,1
0064-SUDOG,3,1,3,12,7-12m,1,No,0,0,1,20.3,224.5,1.5916666666666686,0
8561-NMTBD,2,2,2,67,61m+,1,Yes,1,5,8,112.35,7388.45,2.0746268656716325,0
5161-XEUVX,3,4,2,37,25-48m,1,Yes,0,3,6,94.3,3460.95,0.7608108108108098,0
8292-FRFZQ,2,1,1,39,25-48m,0,No phone service,0,3,4,41.15,1700.9,-2.462820512820514,0
8591-NXRCV,1,1,1,41,25-48m,1,Yes,1,4,7,74.65,3090.65,-0.7317073170731732,0
7895-VONWT,1,3,1,25,25-48m,0,No phone service,1,3,4,48.25,1293.8,-3.5019999999999953,0
4526-RMTLL,3,2,1,8,7-12m,1,Yes,1,4,7,76.15,645.8,-4.574999999999989,0
6253-GNHWH,3,4,1,71,61m+,1,Yes,0,4,7,71.1,5224.95,-2.4908450704225373,0
4566-NECEV,1,3,2,5,0-6m,1,Yes,0,3,6,96.55,500.1,-3.470000000000013,0
8080-POTJR,2,2,1,30,25-48m,1,Yes,1,4,7,79.3,2427.1,-1.6033333333333388,0
6906-MPARY,2,2,2,40,25-48m,1,No,1,3,5,89.6,3488.15,2.396249999999995,0
3662-FXJFO,3,4,3,54,49-60m,1,No,1,0,1,20.5,1035.7,1.3203703703703695,0
8107-RZLNV,3,1,2,72,61m+,1,Yes,1,4,7,106.3,7565.35,1.2256944444444429,0
0516-OOHAR,2,1,2,28,25-48m,1,No,0,4,6,100.35,2799.0,0.3857142857142861,0
2027-CWDNU,1,3,2,18,13-24m,1,No,1,2,4,85.6,1601.5,-3.3722222222222342,0
2737-WFVYW,1,3,1,2,0-6m,0,No phone service,1,2,3,45.25,85.5,2.5,1
9912-OMZDS,2,3,2,59,49-60m,1,Yes,1,4,7,106.15,6256.2,0.1127118644067906,0
3733-ZEECP,1,3,1,22,13-24m,1,No,1,1,3,51.1,1232.9,-4.940909090909095,0
7878-RTCZG,1,4,3,1,0-6m,1,No,0,0,1,19.9,19.9,0.0,0
2452-MRMZF,3,2,3,72,61m+,1,Yes,1,0,2,25.7,1937.4,-1.2083333333333357,0
2272-QAGFO,1,3,2,14,13-24m,1,Yes,1,0,3,74.3,1096.25,-4.003571428571433,1
7103-IPXPJ,2,3,2,50,49-60m,1,Yes,0,3,6,99.4,5059.75,-1.7949999999999875,0
4342-HFXWS,2,1,1,48,25-48m,1,No,0,4,6,69.7,3023.65,6.70729166666667,0
3545-CNWRG,1,3,2,49,49-60m,1,Yes,1,3,6,98.35,4889.2,-1.4295918367347014,0
1785-BPHTP,1,3,2,28,25-48m,1,No,0,2,4,85.45,2289.9,3.6678571428571445,0
4989-LIXVT,1,3,2,68,61m+,1,Yes,1,3,6,95.9,6503.2,0.2647058823529562,0
7315-WYOAW,1,3,2,13,13-24m,1,Yes,0,3,6,100.75,1313.25,-0.2692307692307736,0
1173-XZPYF,1,3,2,11,7-12m,1,Yes,1,2,5,89.2,990.3,-0.8272727272727138,0
9850-OWRHQ,1,2,2,3,0-6m,1,Yes,1,0,3,74.1,228.0,-1.9000000000000057,1
3768-NLUBH,1,3,2,57,49-60m,1,Yes,0,3,6,100.6,5746.15,-0.20964912280702208,1
8676-TRMJS,1,4,2,3,0-6m,1,Yes,0,0,3,75.0,209.1,5.299999999999997,1
2509-TFPJU,3,2,3,72,61m+,1,Yes,0,0,2,25.75,1864.2,-0.14166666666666572,0
9530-GRMJG,3,3,1,70,61m+,1,Yes,1,5,8,84.1,5979.7,-1.3242857142857218,0
6898-RBTLU,3,1,1,49,49-60m,1,Yes,0,4,7,79.3,3902.45,-0.3418367346938709,0
5481-NTDOH,2,2,2,67,61m+,1,Yes,1,4,7,107.05,7142.5,0.44552238805970035,0
2068-WWXQZ,3,1,3,46,25-48m,1,No,0,0,1,20.05,902.0,0.44130434782608674,0
7359-SSBJK,3,2,1,64,61m+,1,No,1,4,6,70.2,4481.0,0.18437500000000284,1
2061-VVFST,1,1,3,37,25-48m,1,No,0,0,1,19.5,805.2,-2.262162162162163,0
0685-MLYYM,1,3,2,2,0-6m,1,No,0,0,2,70.75,154.85,-6.674999999999997,1
0749-IRGQE,1,3,1,13,13-24m,0,No phone service,0,2,3,45.3,528.45,4.6499999999999915,0
2380-DAMQP,3,3,2,72,61m+,1,Yes,0,6,9,115.15,8349.7,-0.81805555555556,0
2256-YLYLP,3,1,1,68,61m+,1,No,1,4,6,72.95,4953.25,0.10808823529411882,0
1272-ILHFG,2,4,3,15,13-24m,1,No,0,0,1,19.65,332.65,-2.5266666666666673,0
0164-XAIRP,3,1,3,24,13-24m,1,No,1,0,1,19.55,470.2,-0.0416666666666643,0
5666-CYCYZ,1,3,2,24,13-24m,1,Yes,1,2,5,89.55,2259.35,-4.589583333333337,0
4011-ARPHK,1,4,1,27,25-48m,1,No,0,1,3,50.35,1411.35,-1.9222222222222172,0
8182-PNAGI,1,1,1,12,7-12m,1,No,0,1,3,50.25,593.75,0.7708333333333357,1
6365-HITVU,3,2,1,71,61m+,1,No,0,6,8,87.25,6328.7,-1.8866197183098592,0
7558-IMLMT,3,4,3,67,61m+,1,No,1,0,1,20.8,1411.9,-0.2731343283582106,0
9488-FYQAU,3,1,2,63,61m+,1,Yes,1,5,8,109.25,6841.4,0.6563492063492191,0
3590-TCXTB,1,4,3,1,0-6m,1,No,0,0,1,20.35,20.35,0.0,0
6994-KERXL,1,3,1,4,0-6m,1,No,1,1,3,55.9,238.5,-3.7250000000000014,0
7957-RYHQD,1,2,2,40,25-48m,1,No,1,2,4,79.2,3233.85,-1.6462499999999949,1
2180-DXNEG,1,3,2,12,7-12m,1,No,1,3,5,96.0,1062.1,7.491666666666674,1
1960-UOTYM,3,3,1,52,49-60m,1,No,0,5,7,79.2,4016.3,1.9634615384615444,0
2740-JFBOK,1,3,3,10,7-12m,1,Yes,1,0,2,24.0,226.55,1.3449999999999989,0
6500-JVEGC,2,1,2,68,61m+,1,Yes,0,4,7,101.35,7110.75,-3.2198529411764696,0
5515-AKOAJ,1,3,2,54,49-60m,1,Yes,1,3,6,100.1,5440.9,-0.6574074074074048,1
8976-OQHGT,1,4,1,4,0-6m,1,No,0,2,4,56.5,235.1,-2.2749999999999986,1
5245-VDBUR,2,4,1,52,49-60m,0,No phone service,0,2,3,35.45,1958.95,-2.2221153846153854,0
6230-BSUXY,1,3,2,1,0-6m,1,No,1,2,4,85.0,85.0,0.0,1
8469-SNFFH,2,1,1,70,61m+,1,Yes,0,5,8,79.4,5528.9,0.41571428571430147,0
2144-ESWKO,2,2,1,43,25-48m,0,No phone service,1,2,3,35.2,1463.7,1.1604651162790702,0
1241-FPMOF,3,4,3,52,49-60m,1,No,0,0,1,19.65,1025.05,-0.0625,0
9928-BZVLZ,3,4,1,12,7-12m,0,No phone service,0,4,5,49.85,552.1,3.8416666666666686,0
4114-QMKVN,2,1,1,56,49-60m,1,Yes,0,3,6,68.75,3815.4,0.6178571428571473,0
2775-SEFEE,3,1,1,0,0-6m,1,Yes,1,3,6,61.9,0.0,0.0,0
9003-CPATH,1,3,2,42,25-48m,1,Yes,0,1,4,79.9,3313.4,1.009523809523813,0
1754-GKYPY,1,1,2,22,13-24m,1,No,1,2,4,89.75,1938.9,1.6181818181818102,0
5294-CDGWY,2,3,1,51,49-60m,0,No phone service,0,5,6,59.3,3014.65,0.18921568627450824,1
7956-XQWGU,1,2,3,27,25-48m,1,No,1,0,1,19.4,460.25,2.353703703703701,0
1591-MQJTP,2,1,2,51,49-60m,1,Yes,1,3,6,93.65,4839.15,-1.2352941176470438,0
5295-PCJOO,1,3,1,4,0-6m,1,No,1,1,3,49.4,184.4,3.299999999999997,1
2369-FEVNO,1,4,3,1,0-6m,1,No,1,0,1,19.9,19.9,0.0,0
9863-JZAIC,1,4,1,35,25-48m,1,No,0,1,3,55.0,2010.55,-2.444285714285712,1
7471-MQPOS,2,1,1,71,61m+,1,Yes,1,4,7,72.9,5139.65,0.5105633802816953,0
7660-HDPJV,1,3,2,1,0-6m,1,No,1,0,2,69.2,69.2,0.0,1
5115-SQAAU,3,1,3,69,61m+,1,Yes,1,0,2,25.6,1673.4,1.3478260869565233,0
9845-QOMAD,2,4,3,14,13-24m,1,No,0,0,1,19.75,309.35,-2.3464285714285715,0
7672-VFMXZ,1,3,1,57,49-60m,1,No,0,2,4,55.7,3171.6,0.05789473684210833,0
9739-JLPQJ,3,2,2,72,61m+,1,Yes,0,6,9,117.5,8670.1,-2.9180555555555543,0
9916-AYHTC,3,2,3,48,25-48m,1,No,0,0,1,19.85,916.0,0.7666666666666693,0
3855-ONCAR,1,4,2,4,0-6m,1,No,1,1,3,78.9,299.75,3.9625000000000057,0
1488-SYSFC,1,3,3,31,25-48m,1,No,1,0,1,20.65,702.05,-1.9967741935483865,0
7931-PXHFC,2,4,1,38,25-48m,1,No,1,3,5,62.3,2354.8,0.3315789473684134,1
3990-QYKBE,1,3,2,37,25-48m,1,Yes,1,2,5,92.5,3473.4,-1.37567567567568,1
0970-QXPXW,1,4,3,1,0-6m,1,No,0,0,1,19.65,19.65,0.0,0
3259-KNMRR,3,1,1,57,49-60m,1,Yes,1,4,7,79.75,4438.2,1.886842105263156,0
6120-RJKLU,3,2,1,62,61m+,1,No,1,5,7,79.95,4819.75,2.2120967741935544,0
9572-WUKSB,1,3,1,3,0-6m,0,No phone service,1,1,2,29.9,92.25,-0.8500000000000014,0
5893-KCLGT,3,4,3,72,61m+,1,No,1,0,1,19.75,1567.0,-2.0138888888888893,0
0076-LVEPS,1,4,1,29,25-48m,0,No phone service,1,4,5,45.0,1242.45,2.156896551724138,0
3640-JQGJG,1,1,1,13,13-24m,1,No,0,0,2,44.8,559.2,1.7846153846153783,0
4919-MOAVT,1,3,2,3,0-6m,1,No,0,0,2,69.65,220.1,-3.7166666666666544,1
1596-OQSPS,1,3,1,11,7-12m,1,No,0,1,3,51.1,531.15,2.8136363636363697,0
9867-XOBQA,3,4,1,21,13-24m,0,No phone service,0,5,6,53.15,1183.2,-3.192857142857143,0
9546-KDTRB,1,1,3,19,13-24m,1,Yes,0,0,2,24.7,465.85,0.1815789473684184,0
3090-HAWSU,3,2,2,61,61m+,1,Yes,1,5,8,111.6,6876.05,-1.1221311475409976,1
9820-RMCQV,1,2,1,11,7-12m,1,No,0,1,3,48.55,501.0,3.0045454545454504,1
3174-RKMOW,1,3,2,35,25-48m,1,Yes,1,5,8,109.95,3782.4,1.8814285714285717,0
1760-CAZHT,1,4,3,25,25-48m,1,No,0,0,1,20.8,460.2,2.3919999999999995,0
7839-QRKXN,1,4,3,1,0-6m,1,No,1,0,1,20.2,20.2,0.0,1
8441-SHIPE,3,1,3,67,61m+,1,Yes,1,0,2,25.6,1790.35,-1.1216417910447731,0
5204-QZXPU,1,3,1,19,13-24m,0,No phone service,1,2,3,39.65,733.35,1.0526315789473628,1
4597-ELFTS,2,3,3,56,49-60m,1,Yes,0,0,2,24.9,1334.0,1.0785714285714256,1
1320-GVNHT,3,2,2,72,61m+,1,Yes,1,5,8,108.4,7767.25,0.5215277777777771,0
1047-RNXZV,3,4,3,43,25-48m,1,No,0,0,1,19.55,876.15,-0.8255813953488342,0
3541-ZNUHK,1,3,2,55,49-60m,1,Yes,1,2,5,85.1,4600.95,1.4463636363636283,0
8450-JOVAH,1,4,1,2,0-6m,1,Yes,0,1,4,56.7,113.55,-0.07499999999999574,1
8725-JEDFD,1,4,2,27,25-48m,1,No,1,0,2,69.05,1793.25,2.6333333333333258,0
7562-UXTPG,1,4,2,13,13-24m,1,No,1,0,2,70.15,886.7,1.9423076923076934,0
8071-SBTRN,3,4,2,70,61m+,1,Yes,1,5,8,111.15,7737.55,0.6135714285714329,0
1113-IUJYX,2,4,2,14,13-24m,1,No,0,5,7,105.95,1348.9,9.599999999999994,1
6668-CNMFP,2,1,2,19,13-24m,1,Yes,1,2,5,89.35,1686.85,0.568421052631578,0
5626-MGTUK,1,1,2,20,13-24m,1,Yes,1,2,5,89.1,1879.25,-4.862500000000011,0
5681-LLOEI,2,2,2,43,25-48m,1,Yes,1,3,6,91.25,4013.8,-2.0941860465116378,0
8212-DJRCH,1,4,2,5,0-6m,1,No,1,3,5,90.35,434.5,3.4499999999999886,0
4323-OHFOW,2,1,2,70,61m+,1,Yes,1,4,7,105.55,7195.35,2.75928571428571,0
4933-BSAIP,3,4,3,40,25-48m,1,No,0,0,1,19.1,780.1,-0.40249999999999986,0
2030-BTZRO,3,2,3,6,0-6m,1,No,1,0,1,20.4,107.6,2.466666666666665,0
1116-DXXDF,3,3,2,39,25-48m,1,No,1,4,6,100.45,3801.7,2.9705128205128233,0
9274-CNFMO,1,3,2,4,0-6m,1,Yes,0,0,3,74.95,308.7,-2.2249999999999943,1
7758-XKCBS,1,3,1,15,13-24m,0,No phone service,1,1,2,29.7,438.25,0.4833333333333343,1
8992-JQYUN,1,3,1,1,0-6m,0,No phone service,1,3,4,50.35,50.35,0.0,1
6563-VNPMN,1,1,2,45,25-48m,1,No,1,3,5,85.7,3778.1,1.7422222222222246,0
0617-AQNWT,3,3,1,64,61m+,0,No phone service,0,4,5,47.85,3147.5,-1.3296874999999986,1
2267-WTPYD,1,2,2,57,49-60m,1,Yes,0,3,6,94.0,5438.95,-1.4201754385964875,0
0270-THENM,3,1,1,72,61m+,1,Yes,0,4,7,69.85,5102.35,-1.0159722222222314,0
2446-PLQVO,1,3,2,1,0-6m,1,No,1,0,2,70.3,70.3,0.0,1
4707-MAXGU,3,2,3,72,61m+,1,Yes,0,0,2,25.85,1872.2,-0.15277777777777857,0
2710-WYVXG,3,4,1,3,0-6m,1,No,0,4,6,71.1,213.35,-0.01666666666666572,0
3005-NFMTA,1,3,2,55,49-60m,1,Yes,1,3,6,98.8,5617.75,-3.3409090909090935,1
6300-BWMJX,1,3,2,59,49-60m,1,Yes,0,3,6,93.35,5386.5,2.053389830508465,0
8784-CGILN,1,1,2,18,13-24m,1,Yes,1,3,6,99.85,1776.95,1.1305555555555458,1
5389-FFVKB,1,2,2,32,25-48m,1,No,1,1,3,80.3,2483.05,2.7046874999999915,1
7009-LGECI,1,1,1,4,0-6m,1,No,1,1,3,50.55,235.65,-8.362500000000004,0
8444-WRIDW,1,2,2,66,61m+,1,Yes,1,1,4,80.45,5224.35,1.2931818181818215,1
5022-KVDQT,1,3,2,27,25-48m,1,Yes,1,1,4,81.3,2272.8,-2.877777777777794,0
7976-CICYS,1,2,3,4,0-6m,1,No,1,0,1,20.7,83.75,-0.2375000000000007,0
1036-GUDCL,1,2,1,60,49-60m,1,No,1,5,7,79.05,4663.4,1.326666666666668,0
2005-DWQZJ,3,4,3,8,7-12m,1,No,0,0,1,19.05,201.7,-6.162499999999998,0
8148-WOCMK,3,2,3,8,7-12m,1,No,0,0,1,19.6,125.0,3.9750000000000014,0
7815-PDTHL,3,4,3,35,25-48m,1,No,1,0,1,20.2,684.4,0.6457142857142841,0
9451-LPGOO,1,3,2,7,7-12m,1,Yes,1,1,4,86.8,620.35,-1.8214285714285836,1
9173-IVZVP,3,4,3,53,49-60m,1,No,0,0,1,20.9,1146.05,-0.7235849056603776,0
9129-UXERG,1,2,2,18,13-24m,1,Yes,1,4,7,103.6,1806.35,3.24722222222222,0
3635-JBPSG,3,4,1,15,13-24m,0,No phone service,1,2,3,38.8,603.0,-1.4000000000000057,0
7964-ZRKKG,2,1,2,67,61m+,1,Yes,1,2,5,88.4,5798.3,1.858208955223887,0
5868-YWPDW,1,3,2,6,0-6m,1,No,1,2,4,84.2,519.15,-2.3249999999999886,1
6229-LSCKB,1,3,2,6,0-6m,1,No,1,1,3,79.7,497.6,-3.2333333333333343,0
2025-JKFWI,1,4,2,13,13-24m,1,Yes,1,3,6,99.0,1301.7,-1.130769230769232,1
4078-SAYYN,1,3,2,11,7-12m,1,Yes,1,3,6,100.75,1129.75,-1.9545454545454533,1
1724-IQWNM,1,4,3,1,0-6m,1,No,1,0,1,19.3,19.3,0.0,0
8217-QYOHV,1,4,1,5,0-6m,1,No,1,2,4,55.75,266.95,2.3599999999999994,0
5546-QUERU,2,4,3,13,13-24m,1,No,1,0,1,19.95,257.0,0.18076923076922924,0
9940-HPQPG,1,1,2,9,7-12m,1,Yes,0,3,6,91.75,865.8,-4.449999999999989,1
6897-UUBNU,1,4,2,29,25-48m,1,No,0,3,5,89.65,2623.65,-0.8206896551724157,0
6127-IYJOZ,1,4,1,1,0-6m,1,No,1,0,2,45.85,45.85,0.0,0
6618-RYATB,1,4,2,1,0-6m,1,Yes,1,1,4,79.55,79.55,0.0,1
8930-XOTDP,1,4,1,18,13-24m,1,No,0,1,3,55.95,1082.8,-4.205555555555549,0
5916-QEWPT,1,2,1,2,0-6m,1,No,0,3,5,69.0,147.8,-4.900000000000006,0
5060-TQUQN,1,1,2,30,25-48m,1,Yes,1,2,5,83.55,2570.2,-2.123333333333335,0
0531-XBKMM,3,1,1,66,61m+,1,Yes,0,3,6,65.7,4378.9,-0.6469696969696912,0
8465-SBRXP,3,1,2,38,25-48m,1,Yes,1,3,6,94.9,3616.25,-0.26447368421051465,0
2408-PSJVE,1,4,1,44,25-48m,1,No,1,3,5,61.9,2924.05,-4.555681818181817,0
9079-YEXQJ,1,3,2,54,49-60m,1,Yes,0,5,8,111.1,6014.85,-0.28611111111112564,1
9700-ZCLOT,1,4,3,2,0-6m,1,No,0,0,1,20.0,32.7,3.6499999999999986,0
8738-JOKAR,2,4,1,42,25-48m,1,No,1,4,6,67.7,2882.25,-0.9249999999999972,0
4534-WGCIR,3,2,3,58,49-60m,1,Yes,0,0,2,25.15,1509.9,-0.8827586206896569,0
1930-WNXSB,1,3,2,58,49-60m,1,No,1,3,5,92.85,5305.05,1.3836206896551602,0
2685-SREOM,1,3,2,25,25-48m,1,Yes,1,2,5,89.1,2368.4,-5.63600000000001,1
3508-CFVZL,3,4,2,71,61m+,1,Yes,0,6,9,111.3,7985.9,-1.1774647887323937,0
0402-CQAJN,1,1,2,37,25-48m,1,Yes,1,4,7,101.9,3545.35,6.079729729729735,1
6692-UDPJC,1,3,2,14,13-24m,1,Yes,1,2,5,91.65,1301.0,-1.278571428571425,1
1273-MTETI,1,3,2,4,0-6m,1,Yes,1,2,5,88.85,372.45,-4.262500000000003,1
0657-DOGUM,2,1,1,48,25-48m,1,Yes,1,2,5,60.6,2985.25,-1.5927083333333343,0
5480-HPRRX,1,3,1,3,0-6m,0,No phone service,0,0,1,25.3,77.75,-0.6166666666666671,1
8792-AOROI,3,4,1,8,7-12m,1,No,0,3,5,65.5,564.35,-5.043750000000003,0
0295-PPHDO,1,3,2,1,0-6m,1,Yes,1,2,5,95.45,95.45,0.0,1
5146-YYFRZ,3,1,3,67,61m+,1,No,0,0,1,19.95,1311.75,0.3716417910447767,0
1195-OIYEJ,1,3,2,13,13-24m,1,No,1,2,4,91.1,1135.7,3.738461538461536,1
5906-CVLHP,2,2,1,45,25-48m,1,No,1,2,4,54.15,2319.8,2.5988888888888866,1
3452-SRFEG,1,1,2,49,49-60m,1,Yes,1,0,3,74.6,3720.35,-1.3255102040816382,0
4070-OKWVH,1,1,2,52,49-60m,1,Yes,0,3,6,94.6,5025.8,-2.0500000000000114,0
5297-MDOIR,2,2,2,63,61m+,1,No,1,2,4,81.15,5224.5,-1.778571428571425,0
6369-MCAKO,3,1,1,68,61m+,1,Yes,1,6,9,89.05,6185.8,-1.9176470588235333,0
4926-UMJZD,1,4,1,31,25-48m,1,No,1,1,3,49.2,1498.55,0.8596774193548455,0
6848-HJTXY,3,2,3,64,61m+,1,No,0,0,1,19.45,1208.6,0.5656250000000007,0
6341-AEVKX,2,3,2,62,61m+,1,No,1,5,7,104.3,6613.65,-2.37177419354839,0
4501-EQDRN,1,1,2,1,0-6m,1,No,0,0,2,69.7,69.7,0.0,1
2990-HWIML,1,3,2,6,0-6m,1,No,1,2,4,89.5,573.3,-6.049999999999997,1
0682-USIXD,1,3,2,21,13-24m,1,No,1,2,4,86.05,1818.9,-0.5642857142857167,0
6976-BWGLQ,3,1,3,72,61m+,1,Yes,0,0,2,25.2,1787.35,0.375694444444445,0
7078-NVFAM,1,3,1,32,25-48m,0,No phone service,1,2,3,35.15,1051.05,2.3046875,0
8065-QBYTO,2,2,2,71,61m+,1,Yes,1,4,7,99.65,7181.25,-1.4943661971830977,0
2133-TSRRM,1,1,2,34,25-48m,1,No,1,5,7,105.35,3688.6,-3.1382352941176492,0
7384-GHBPI,1,3,1,3,0-6m,0,No phone service,1,1,2,35.15,99.75,1.8999999999999986,1
7603-USHJS,1,2,2,12,7-12m,1,Yes,1,0,3,73.75,871.4,1.13333333333334,1
7234-FECYN,1,3,2,8,7-12m,1,Yes,0,3,6,101.35,780.5,3.7874999999999943,1
2511-ALLCS,3,1,3,35,25-48m,1,Yes,0,0,2,24.3,821.6,0.8257142857142874,0
3191-CSNMG,1,3,2,3,0-6m,1,No,1,1,3,80.7,239.45,0.88333333333334,0
7952-OBOYL,1,4,2,3,0-6m,1,No,1,3,5,89.85,244.45,8.36666666666666,0
7470-DYNOE,2,3,1,53,49-60m,1,No,1,2,4,61.1,3357.9,-2.2566037735849065,0
7853-OETYL,1,3,1,4,0-6m,0,No phone service,1,1,2,29.05,129.6,-3.349999999999998,0
1545-ACTAS,2,1,2,48,25-48m,1,No,1,4,6,99.7,4977.2,-3.99166666666666,0
5876-HZVZM,1,2,1,6,0-6m,1,No,0,2,4,55.9,365.35,-4.991666666666674,1
1400-MMYXY,1,3,2,3,0-6m,1,Yes,1,4,7,105.9,334.65,-5.6499999999999915,1
5126-RCXYW,3,2,1,54,49-60m,0,No phone service,0,3,4,46.0,2424.05,1.1101851851851805,0
3085-QUOZK,1,4,1,1,0-6m,1,No,0,0,2,43.95,43.95,0.0,1
2363-BJLSL,1,1,1,62,61m+,1,No,1,5,7,80.4,4981.15,0.058870967741952995,0
1956-YIFGE,2,4,2,22,13-24m,1,No,1,4,6,100.05,2090.25,5.038636363636357,0
3926-CUQZX,1,1,1,1,0-6m,1,No,1,0,2,45.1,45.1,0.0,1
7921-LMDFQ,2,1,2,51,49-60m,1,No,1,3,5,94.0,4905.75,-2.191176470588232,0
2925-MXLSX,2,2,1,30,25-48m,1,Yes,1,3,6,68.95,2038.7,0.9933333333333394,0
5820-PTRYM,2,2,1,56,49-60m,1,Yes,1,4,7,68.45,4014.0,-3.2285714285714278,0
9609-BENEA,2,3,1,35,25-48m,1,Yes,1,3,6,69.0,2441.7,-0.7628571428571433,0
6211-WHMYA,1,3,1,64,61m+,0,No phone service,1,3,4,43.85,2751.0,0.8656250000000014,0
4459-BBGHE,1,3,1,30,25-48m,0,No phone service,1,2,3,44.5,1307.8,0.9066666666666663,0
9945-PSVIP,3,4,3,25,25-48m,1,No,1,0,1,18.7,383.65,3.354000000000001,0
1041-RXHRA,1,1,2,41,25-48m,1,No,0,0,2,70.25,2868.05,0.2975609756097555,1
1750-CSKKM,1,3,1,9,7-12m,1,No,0,1,3,55.35,449.75,5.37777777777778,1
9108-EJFJP,1,4,1,1,0-6m,1,No,1,2,4,53.55,53.55,0.0,0
0530-IJVDB,3,3,2,70,61m+,1,Yes,1,6,9,114.6,7882.5,1.9928571428571331,0
0508-SQWPL,3,1,3,57,49-60m,1,No,1,0,1,20.1,1087.7,1.0175438596491233,0
2215-ZAFGX,1,3,2,9,7-12m,1,Yes,1,1,4,85.5,791.7,-2.4666666666666686,0
8213-TAZPM,2,1,2,69,61m+,1,Yes,1,5,8,108.75,7493.05,0.15507246376810713,0
7142-HVGBG,1,3,2,43,25-48m,1,Yes,1,4,7,103.0,4414.3,0.34186046511626955,1
1304-SEGFY,3,3,2,72,61m+,1,Yes,1,3,6,97.85,6841.3,2.8319444444444315,0
7242-EDTYC,3,1,3,44,25-48m,1,No,0,0,1,19.55,819.95,0.9147727272727266,0
2904-GGUAZ,3,1,2,72,61m+,1,Yes,1,2,5,84.05,6052.25,-0.009027777777774304,0
8267-ZNYVZ,2,3,2,33,25-48m,1,No,1,5,7,103.75,3361.05,1.8999999999999915,1
5136-GFPMB,1,2,2,54,49-60m,1,Yes,0,2,5,89.4,4869.5,-0.7759259259259181,0
2595-KIWPV,3,2,3,27,25-48m,1,No,0,0,1,19.7,509.3,0.8370370370370352,0
5243-SAOTC,1,1,2,54,49-60m,1,Yes,1,1,4,79.85,4308.25,0.06759259259258954,0
9398-MMQTO,1,2,2,3,0-6m,1,No,0,1,3,74.45,221.1,0.75,0
7619-PLRLP,2,1,1,53,49-60m,1,Yes,0,4,7,74.1,3833.95,1.7613207547169765,0
6457-GIRWB,1,3,2,1,0-6m,1,No,1,0,2,69.35,69.35,0.0,1
6508-NJYRO,2,4,3,15,13-24m,1,No,0,0,1,18.8,294.95,-0.8633333333333333,0
1450-SKCVI,1,3,2,56,49-60m,1,No,1,1,3,73.85,4092.85,0.763392857142847,1
4710-NKCAW,1,2,1,5,0-6m,1,Yes,0,3,6,64.4,316.9,1.0200000000000102,0
5306-BVTKJ,2,2,1,48,25-48m,1,No,1,2,4,55.8,2651.2,0.56666666666667,0
0357-NVCRI,1,2,3,25,25-48m,1,No,0,0,1,20.05,471.7,1.1820000000000022,0
5570-PTWEH,1,2,2,3,0-6m,1,Yes,1,0,3,75.15,216.75,2.9000000000000057,1
2371-KFUOG,2,1,2,58,49-60m,1,No,0,4,6,99.15,5720.95,0.5129310344827616,0
0463-ZSDNT,1,1,1,10,7-12m,1,No,1,1,3,56.75,503.25,6.424999999999997,0
6502-MJQAE,1,3,2,1,0-6m,1,No,1,0,2,69.6,69.6,0.0,1
6257-DTAYD,3,2,2,71,61m+,1,Yes,1,4,7,104.15,7365.3,0.41338028169013796,0
4616-ULAOA,3,2,2,65,61m+,1,Yes,1,5,8,110.8,7245.9,-0.6753846153846155,0
7693-LCKZL,1,3,2,5,0-6m,1,Yes,1,1,4,80.15,385.0,3.1500000000000057,1
7746-AWNQW,1,4,1,28,25-48m,0,No phone service,1,2,3,35.75,961.4,1.4142857142857181,0
5996-EBTKM,3,1,1,67,61m+,1,Yes,1,3,6,69.9,4615.9,1.0059701492537414,0
2758-RNWXS,2,3,2,35,25-48m,1,No,1,3,5,89.2,3251.3,-3.694285714285712,0
2314-TNDJQ,3,2,1,72,61m+,0,No phone service,0,5,6,55.65,3880.05,1.7604166666666643,0
2405-LBMUW,2,1,1,61,61m+,0,No phone service,1,4,5,50.7,3088.75,0.06475409836065893,0
3454-JFUBC,3,2,3,68,61m+,1,No,1,0,1,20.0,1396.0,-0.529411764705884,0
0032-PGELS,1,1,1,1,0-6m,0,No phone service,0,1,2,30.5,30.5,0.0,1
9039-ZVJDC,1,4,3,3,0-6m,1,No,1,0,1,19.1,53.05,1.4166666666666679,0
6797-LNAQX,3,1,2,70,61m+,1,Yes,0,3,6,98.3,6859.5,0.30714285714284983,1
9013-AQORL,1,2,1,48,25-48m,0,No phone service,0,3,4,45.55,2108.35,1.6260416666666657,0
2898-MRKPI,2,2,2,68,61m+,1,Yes,1,3,6,101.05,6770.5,1.4838235294117652,0
2750-BJLSB,2,3,2,47,25-48m,1,No,1,5,7,103.7,4730.6,3.0489361702127553,0
3648-GZPHF,2,4,1,32,25-48m,0,No phone service,1,2,3,36.25,1151.05,0.2796875000000014,0
2075-RMJIK,1,4,1,5,0-6m,1,No,1,1,3,49.4,232.55,2.8899999999999935,0
9588-YRFHY,3,2,3,49,49-60m,1,No,1,0,1,19.9,1022.6,-0.9693877551020442,0
6394-MFYNG,1,1,2,48,25-48m,1,Yes,1,4,7,107.4,5121.3,0.7062499999999972,1
1564-NTYXF,1,3,2,13,13-24m,1,Yes,1,1,4,82.0,1127.2,-4.707692307692312,1
9364-YKUVW,1,4,3,15,13-24m,1,No,1,0,1,19.8,309.4,-0.8266666666666644,0
5392-AKEMH,1,3,1,12,7-12m,1,No,1,0,2,45.05,523.1,1.4583333333333286,0
2451-YMUXS,3,1,1,67,61m+,1,Yes,1,3,6,64.55,4250.1,1.1156716417910388,0
3914-FDRHP,1,3,2,9,7-12m,1,No,0,2,4,86.25,770.5,0.6388888888888857,0
3078-ZKNTS,3,1,3,13,13-24m,1,No,1,0,1,19.75,246.7,0.7730769230769248,0
1024-KPRBB,2,4,2,38,25-48m,1,No,1,2,4,89.1,3342.0,1.1526315789473642,0
4690-PKDQG,1,3,2,42,25-48m,1,Yes,1,3,6,95.55,3930.6,1.9642857142857082,0
8155-IBNHG,1,2,2,24,13-24m,1,Yes,1,0,3,75.4,1747.85,2.5729166666666714,1
0886-QGENL,1,3,2,27,25-48m,1,No,1,4,6,101.25,2754.45,-0.7666666666666657,1
9547-ITEFG,1,2,2,9,7-12m,1,Yes,1,4,7,102.6,897.75,2.8499999999999943,0
1264-FUHCX,2,2,1,49,49-60m,0,No phone service,1,4,5,56.3,2780.6,-0.4469387755102048,0
7789-CRUVC,1,2,2,61,61m+,1,Yes,1,4,7,94.2,5895.45,-2.4467213114754003,0
6598-KELSS,2,1,1,50,49-60m,0,No phone service,1,3,4,43.05,2208.05,-1.1110000000000042,0
8739-WWKDU,1,3,2,25,25-48m,1,Yes,1,2,5,89.5,2196.15,1.6539999999999964,1
8685-WHQPW,1,1,2,22,13-24m,1,Yes,1,0,3,74.4,1692.6,-2.5363636363636317,1
4745-LSPLO,1,4,3,1,0-6m,1,No,0,0,1,20.5,20.5,0.0,1
8083-YTZES,1,3,2,4,0-6m,1,Yes,1,0,3,74.35,265.35,8.012499999999989,1
7240-FQLHE,1,1,2,18,13-24m,1,Yes,0,3,6,99.75,1836.25,-2.2638888888888857,1
6664-FPDAC,2,3,2,56,49-60m,1,Yes,1,5,8,111.95,6418.9,-2.6732142857142804,1
9972-VAFJJ,2,3,2,53,49-60m,1,No,1,4,6,94.0,4871.45,2.0858490566037773,0
0422-UXFAP,2,3,2,51,49-60m,1,Yes,1,3,6,98.85,4947.55,1.8392156862744997,0
1904-WAJAA,3,3,1,24,13-24m,1,Yes,0,3,6,64.35,1558.65,-0.5937500000000142,0
5130-YPIRV,3,2,1,62,61m+,1,No,1,4,6,72.0,4284.2,2.9000000000000057,0
2843-CQMEG,1,4,1,24,13-24m,1,No,1,1,3,49.7,1218.25,-1.0604166666666615,0
6439-PKTRR,3,3,1,70,61m+,1,Yes,0,5,8,80.7,5617.95,0.44357142857143117,0
5351-QESIO,1,4,1,1,0-6m,0,No phone service,0,0,1,24.2,24.2,0.0,0
0786-VSSUD,1,4,1,16,13-24m,0,No phone service,1,2,3,39.0,679.85,-3.4906250000000014,1
5568-DMXZS,1,3,1,8,7-12m,1,No,1,3,5,65.45,554.45,-3.856250000000003,0
8468-FZTOE,3,3,1,72,61m+,1,No,1,5,7,74.35,5237.4,1.6083333333333343,0
6633-SYEUS,1,1,2,23,13-24m,1,No,0,3,5,83.2,2032.3,-5.160869565217382,0
6447-GORXK,1,2,1,31,25-48m,0,No phone service,0,0,1,25.0,789.2,-0.45806451612903487,0
6967-PEJLL,2,3,1,37,25-48m,0,No phone service,1,3,4,40.2,1525.35,-1.0256756756756715,0
3976-BWUCK,1,2,2,30,25-48m,1,Yes,1,3,6,94.1,2804.45,0.6183333333333394,1
5981-ZVXOT,2,3,2,35,25-48m,1,Yes,1,5,8,108.35,3726.15,1.8885714285714243,0
1684-FLBGS,1,2,1,23,13-24m,1,Yes,1,3,6,69.5,1652.1,-2.330434782608691,0
1389-WNUIB,2,1,1,20,13-24m,1,Yes,0,3,6,76.0,1588.75,-3.4375,0
0376-OIWME,1,3,2,36,25-48m,1,No,1,3,5,93.6,3366.05,0.09861111111109722,0
3585-ISXZP,1,1,2,8,7-12m,1,Yes,0,2,5,95.65,778.1,-1.6124999999999972,1
0218-QNVAS,2,1,2,71,61m+,1,Yes,0,3,6,100.55,7113.75,0.35633802816900584,0
6583-QGCSI,1,3,2,50,49-60m,1,Yes,1,2,5,88.05,4367.35,0.7029999999999887,1
0804-YGEQV,2,1,3,43,25-48m,1,Yes,1,0,2,24.45,993.15,1.3534883720930218,0
7164-BPTUT,3,4,1,57,49-60m,1,Yes,0,6,9,89.55,5012.35,1.6140350877192873,0
4174-LPGTI,2,1,1,41,25-48m,1,No,1,3,5,66.5,2728.6,-0.051219512195118,1
2523-EWWZL,1,3,2,27,25-48m,1,No,1,1,3,76.1,2093.4,-1.4333333333333371,0
0928-XUTSN,1,3,2,13,13-24m,1,No,1,1,3,80.5,1011.8,2.6692307692307793,0
2108-XWMPY,1,4,1,3,0-6m,0,No phone service,1,2,3,35.45,106.85,-0.1666666666666643,1
0052-YNYOT,2,3,3,67,61m+,1,No,0,0,1,20.55,1343.4,0.4992537313432841,0
6304-IJFSQ,1,4,1,3,0-6m,1,No,1,1,3,49.9,130.1,6.533333333333331,1
9586-JGQKH,3,1,2,64,61m+,1,Yes,1,4,7,105.4,6794.75,-0.7679687499999943,0
4501-VCPFK,1,3,1,26,25-48m,0,No phone service,0,2,3,35.75,1022.5,-3.57692307692308,0
6075-SLNIL,1,2,2,38,25-48m,1,Yes,1,3,6,95.1,3691.2,-2.036842105263162,0
9347-AERRL,2,2,3,23,13-24m,1,No,0,0,1,19.3,486.2,-1.8391304347826072,0
0093-XWZFY,1,2,2,40,25-48m,1,Yes,1,4,7,104.5,4036.85,3.5787499999999994,1
2274-XUATA,3,1,1,72,61m+,0,No phone service,1,6,7,63.1,4685.55,-1.9770833333333329,0
1980-KXVPM,1,2,2,3,0-6m,1,Yes,1,0,3,75.05,256.25,-10.366666666666674,1
7703-ZEKEF,1,3,2,23,13-24m,1,Yes,1,1,4,81.0,1917.1,-2.3521739130434725,1
0723-DRCLG,1,3,2,1,0-6m,1,Yes,1,0,3,74.45,74.45,0.0,1
5482-NUPNA,1,4,1,4,0-6m,1,No,1,3,5,60.4,272.15,-7.637499999999996,1
6691-CCIHA,3,3,1,62,61m+,1,Yes,1,5,8,84.95,5150.55,1.876612903225805,0
1685-BQULA,1,1,2,40,25-48m,1,Yes,1,3,6,93.4,3756.4,-0.5099999999999909,0
9053-EJUNL,1,3,2,41,25-48m,1,Yes,1,2,5,89.2,3645.75,0.27926829268292863,0
0666-UXTJO,1,2,2,34,25-48m,1,No,1,2,4,85.2,2874.45,0.6573529411764838,0
1471-GIQKQ,1,3,1,1,0-6m,1,No,0,1,3,49.95,49.95,0.0,0
4807-IZYOZ,3,1,3,51,49-60m,1,No,0,0,1,20.65,1020.75,0.6352941176470566,0
1122-JWTJW,1,4,2,1,0-6m,1,No,1,0,2,70.65,70.65,0.0,1
9710-NJERN,3,4,3,39,25-48m,1,No,0,0,1,20.15,826.0,-1.0294871794871803,0
9837-FWLCH,1,3,3,12,7-12m,1,No,1,0,1,19.2,239.0,-0.7166666666666686,0
1699-HPSBG,2,3,1,12,7-12m,1,No,1,2,4,59.8,727.8,-0.8500000000000014,1
7203-OYKCT,2,3,2,72,61m+,1,Yes,1,4,7,104.95,7544.3,0.1680555555555543,0
1035-IPQPU,1,3,2,63,61m+,1,Yes,1,4,7,103.5,6479.4,0.6523809523809518,0
7398-LXGYX,1,2,2,44,25-48m,1,Yes,1,2,5,84.8,3626.35,2.382954545454538,0
2823-LKABH,1,1,2,18,13-24m,1,Yes,1,3,6,95.05,1679.4,1.7499999999999858,0
8775-CEBBJ,1,1,1,9,7-12m,1,No,1,0,2,44.2,403.35,-0.6166666666666671,1
0550-DCXLH,1,4,1,13,13-24m,1,No,0,4,6,73.35,931.55,1.6923076923076934,0
9281-CEDRU,3,1,1,68,61m+,1,No,0,3,5,64.1,4326.25,0.47867647058822627,0
2235-DWLJU,1,3,1,6,0-6m,0,No phone service,1,2,3,44.4,263.05,0.55833333333333,0
0871-OPBXW,1,4,3,2,0-6m,1,No,1,0,1,20.05,39.25,0.4250000000000007,0
3605-JISKB,2,2,1,55,49-60m,1,Yes,0,2,5,60.0,3316.1,-0.2927272727272694,0
6894-LFHLY,1,3,2,1,0-6m,1,Yes,1,0,3,75.75,75.75,0.0,1
9767-FFLEM,1,2,2,38,25-48m,1,No,1,0,2,69.5,2625.25,0.41447368421052033,0
0639-TSIQW,1,2,2,67,61m+,1,Yes,1,4,7,102.95,6886.25,0.1701492537313527,1
8456-QDAVC,1,1,2,19,13-24m,1,No,1,1,3,78.7,1495.1,0.010526315789476826,0
7750-EYXWZ,2,3,1,12,7-12m,0,No phone service,0,5,6,60.65,743.3,-1.2916666666666643,0
2569-WGERO,3,1,3,72,61m+,1,No,1,0,1,21.15,1419.4,1.43611111111111,0
6840-RESVB,2,4,1,24,13-24m,1,Yes,1,5,8,84.8,1990.5,1.8624999999999972,0
2234-XADUH,2,2,2,72,61m+,1,Yes,1,4,7,103.2,7362.9,0.9375000000000142,0
4801-JZAZL,1,3,1,11,7-12m,0,No phone service,1,1,2,29.6,346.45,-1.8954545454545446,0
8361-LTMKD,1,4,2,4,0-6m,1,Yes,1,0,3,74.4,306.6,-2.25,1
3186-AJIEK,3,1,2,66,61m+,1,No,1,5,7,105.65,6844.5,1.9454545454545524,0
